rank,project_name,project_code,legacy_ocms_code,State,agency,original_cost,expenditure,physical_progress,project_age_months,overrun_probability,risk_score,risk_level
1,Aruna Medium Irrigation Project,Department of water resources-MH - II,701391,Maharashtra,Department of water resources-MH - II,210.45,1734.71,98.1,195.0,98.96652,98.96652,CRITICAL
2,Madhya Ganga canal Phase-II,Irrigation & Water Resources-UP,701408,Uttar Pradesh,Irrigation & Water Resources-UP,1060.67,4575.74,82.39,216.0,98.58697,98.58697,CRITICAL
3,Durgapur - Haldia Pipeline [Section-3B of JHBDPL Project],Ministry of Petroleum & Natural Gas,617302,West Bengal,Ministry of Petroleum & Natural Gas,1740.0,2363.6,94.7,109.0,98.47451,98.47451,CRITICAL
4,Solan - Kaithlighat Section of NH-22 Now NH-5 from Km. 106.139 to Km.129.05,National Highways Authority of India [NHAI],619003,Himachal Pradesh,National Highways Authority of India [NHAI],881.74,652.04,90.11,89.0,98.431,98.431,CRITICAL
5,Delhi-Amritsar-Katra Expressway Phase-I Pkg-I from Jussur Kheri on NH-KMP Expressway to Junction with Rohtak-Panipat road NH-709 near Rukhi Paani village Km 0000 to Km 34000,National Highways Authority of India [NHAI],618482,Haryana,National Highways Authority of India [NHAI],1866.49,1081.52,99.91,52.0,98.36126,98.36126,CRITICAL
6,4L of Dwarka-Khambaliya-Devariya section from km 203.500 to km 176.500 and from km 171.800 to km 125.000 of NH-151A,National Highways Authority of India [NHAI],619137,Gujarat,National Highways Authority of India [NHAI],1024.69,882.1,100.0,74.0,98.333305,98.333305,CRITICAL
7,Nerchowk km 190.000 to Pandoh including Pandoh bypass km221.305,National Highways Authority of India [NHAI],618850,Himachal Pradesh,National Highways Authority of India [NHAI],1464.12,848.66,100.0,99.0,98.148865,98.148865,CRITICAL
8,Ahmedabad - Dholera Pkg III from km. 48.52 to km. 71.06 [Vejallka Village - Start of DSIR zone],National Highways Authority of India [NHAI],618503,Gujarat,National Highways Authority of India [NHAI],1034.04,955.74,100.0,57.0,98.14387,98.14387,CRITICAL
9,Delhi-Amritsar-Katra Expressway Phase-I Pkg-II from Junction with Rohtak-Panipat road NH-709 near Rukhi Paani village to Junction with Jind-Panipat road NH-352A near Gangana village Km 34000 to Km 60800,National Highways Authority of India [NHAI],618483,Haryana,National Highways Authority of India [NHAI],1533.87,971.07,99.89,51.0,97.92322,97.92322,CRITICAL
10,Dhaulasidh Hydro Electric Project [66 MW],Satluj Jal Vidyut Nigam [SJVN] Thermal Limited,602582,Himachal Pradesh,Satluj Jal Vidyut Nigam [SJVN] Thermal Limited,687.97,1107.31,77.51,59.0,97.857086,97.857086,CRITICAL
11,Four Laning of Una to Kodinar from km. 180.478 to km. 221.610 Package-V,National Highways Authority of India [NHAI],619145,Gujarat,National Highways Authority of India [NHAI],877.71,630.51,100.0,110.0,97.79695,97.79695,CRITICAL
12,Bakhtiyarpur Km 153.300 to Mokama Km 197.900,National Highways Authority of India [NHAI],619152,Bihar,National Highways Authority of India [NHAI],1182.94,843.24,99.95,106.0,97.71602,97.71602,CRITICAL
13,4L of Jind-Gohana road Package-1 from km. 0.00 to km. 40.601 of NH-352 A under NHO,National Highways Authority of India [NHAI],619092,Haryana,National Highways Authority of India [NHAI],994.22,623.68,99.97,69.0,97.65504,97.65504,CRITICAL
14,Kochi - Koottanad - Bangalore - Mangalore Pipeline Phase-II,Ministry of Petroleum & Natural Gas,701228,"Multi-States
(Karnataka,
Kerala, Tamil
Nadu)",Ministry of Petroleum & Natural Gas,2915.0,4790.3,96.6,202.0,97.50206,97.50206,CRITICAL
15,Ahmednagar - Beed - Parli - Vaijnath New Broad Gauge Line Railway Project [261.3 km],Central Railway [CR] - II,705356,Maharashtra,Central Railway [CR] - II,2538.67,5180.78,98.0,282.0,97.33736,97.33736,CRITICAL
16,Third Line [new] between Kazipet - Balharshah with electrification [201.04 Km],South Central Railway [SCR] - II,705613,"Multi-States
(Maharashtra,
Telangana)",South Central Railway [SCR] - II,2595.0,4141.26,94.7,114.0,97.3237,97.3237,CRITICAL
17,Establishment of new GMC Porbandar,"Medical Education, Ministry of Health and Family Welfare",707050,Gujarat,"Medical Education, Ministry of Health and Family Welfare",325.0,934.64,78.0,42.0,97.26213,97.26213,CRITICAL
18,Lower Pedhi Project,Department of water resources-MH - II,701396,Maharashtra,Department of water resources-MH - II,255.97,1516.11,65.0,216.0,97.07458,97.07458,CRITICAL
19,Delhi-Vadodara Greenfield Alignment NH-148N Pkg-27 Ch.729.700 to Ch.756.052,National Highways Authority of India [NHAI],619197,Gujarat,National Highways Authority of India [NHAI],1185.69,991.08,97.0,50.0,97.06196,97.06196,CRITICAL
20,BRT Tiger Reserve Boundary Km.287.500 to Bangalore Section Km.458.420 of NH- 209 in Karnataka,National Highways Authority of India [NHAI],619150,Karnataka,National Highways Authority of India [NHAI],2082.69,730.43,99.7,104.0,96.9777,96.9777,CRITICAL
21,Rehabilitation and Up-gradation of existing road to 2L PS from End of Hamirpur Bypass near Chilbahal to Bhangbar section from Km. 138.295 to Km.175.270 of NH- 88 Pkg-IV,National Highways Authority of India [NHAI],618888,Himachal Pradesh,National Highways Authority of India [NHAI],1146.19,293.43,91.35,36.0,96.94707,96.94707,CRITICAL
22,Doubling of Daund Manmad Line [247.6 km],Central Railway,705504,Maharashtra,Central Railway,2081.27,3077.28,92.0,109.0,96.80835,96.80835,CRITICAL
23,Vadodara Mumbai Expressway Gandeva to Ena Phase IB - Pkg VII [Km 190.00 to Km 217.500],National Highways Authority of India [NHAI],618465,Gujarat,National Highways Authority of India [NHAI],1710.3,2158.87,97.05,53.0,96.56698,96.56698,CRITICAL
24,8L of Dwarka Expressway Pkg-II RuB near Dwarka Sector 21-DL/HR Border from 5.300 Km.to 9.500 Km. of NH-248BB,National Highways Authority of India [NHAI],619090,Delhi,National Highways Authority of India [NHAI],2067.67,1909.28,100.0,78.0,96.47684,96.47684,CRITICAL
25,Sardar Gouthu Latchanna Thotapalli Barrage Project,Water Resources-AP,400100,Andhra Pradesh,Water Resources-AP,353.05,872.65,95.88,243.0,96.43814,96.43814,CRITICAL
26,Tapovan-Vishnugad HEP [4x130 MW],National Thermal Power Corporation [NTPC],602185,Uttarakhand,National Thermal Power Corporation [NTPC],2978.0,7715.24,77.0,233.0,96.18132,96.18132,CRITICAL
27,Loha-Waranga Section of NH-361 from km 187.800 to km 244.369,National Highways Authority of India [NHAI],618653,Maharashtra,National Highways Authority of India [NHAI],1236.08,899.6,96.2,85.0,96.17951,96.17951,CRITICAL
28,Ahmedabad - Dholera Pkg IV from km. 71.06 to km. 109.019 [Start of DSIR zone - Adhelai Village],National Highways Authority of India [NHAI],618504,Gujarat,National Highways Authority of India [NHAI],1181.76,1204.33,97.92,52.0,96.1401,96.1401,CRITICAL
29,Subansiri Lower HE Project [2000 MW],National Hydroelectric Power Corporation Limited [NHPC],602096,"Multi-States
(Arunachal
Pradesh, Assam)",National Hydroelectric Power Corporation Limited [NHPC],6285.33,26150.32,97.64,255.0,95.94946,95.94946,CRITICAL
30,Delhi-Vadodara Greenfield Alignment NH-148N Pkg-31 Ch.824920 to Ch.844382 [Junction near Pratap nagar Village - Junction near Dodka Village],National Highways Authority of India [NHAI],618462,Gujarat,National Highways Authority of India [NHAI],1644.85,963.66,100.0,59.0,95.85262,95.85262,CRITICAL
31,"Renigunta, Wadi & Gooty Bypass Railway Project",South Central Railway [SCR] - II,705610,"Multi-States
(Andhra Pradesh,
Karnataka)",South Central Railway [SCR] - II,302.0,635.72,89.03,120.0,95.83946,95.83946,CRITICAL
32,Nardave Medium Irrigation Project,Department of water resources-MH - II,701398,Maharashtra,Department of water resources-MH - II,211.46,626.06,72.59,204.0,95.83139,95.83139,CRITICAL
33,Establishment of new GMC Gangtok,"Medical Education, Ministry of Health and Family Welfare",707039,Sikkim,"Medical Education, Ministry of Health and Family Welfare",250.0,666.21,92.0,88.0,95.565414,95.565414,CRITICAL
34,Vadodara Mumbai Expressway Ena -Kim Phase IB - Pkg VI [Km 217.500 to Km 254.430],National Highways Authority of India [NHAI],618464,Gujarat,National Highways Authority of India [NHAI],2271.86,2574.42,98.9,52.0,95.53284,95.53284,CRITICAL
35,New Railway Line between Ginigera and Raichur [165.57 km],South Western Railway [SWR] - II,705434,Karnataka,South Western Railway [SWR] - II,2565.0,2293.26,70.0,203.0,95.479126,95.479126,CRITICAL
36,Manoharabad-Kothapalli New Rail Line [151 km],South Central Railway [SCR] - II,705437,Telangana,South Central Railway [SCR] - II,1160.0,3040.86,72.01,111.0,95.44975,95.44975,CRITICAL
37,Trivandrum- Kanyakumari,Southern Railway [SR] - I,705635,"Multi-States
(Kerala, Tamil
Nadu)",Southern Railway [SR] - I,1432.0,2909.77,56.0,121.0,95.28546,95.28546,CRITICAL
38,4L of Phagwara - Hoshiarpur,National Highways Authority of India [NHAI],618786,Punjab,National Highways Authority of India [NHAI],1196.38,160.92,13.97,13.0,95.26725,95.26725,CRITICAL
39,"Dallirajhara - Rowghat New Rail Line Project, Phase-I",Rail Vikas Nigam Limited,617374,Chhattisgarh,Rail Vikas Nigam Limited,1516.45,2124.32,98.0,197.0,95.22267,95.22267,CRITICAL
40,4L Kodinar - Veraval Package VI from km. 222.400 to km. 230.00 Kodinar Bypass of NH-8E NH 51 new,National Highways Authority of India [NHAI],618834,Gujarat,National Highways Authority of India [NHAI],162.73,174.82,100.0,48.0,95.21205,95.21205,CRITICAL
41,Ahmedabad - Dholera Pkg I from km. 0.00 to km. 22.00 [Sardar Patel Ring Road - Sindhrej Village],National Highways Authority of India [NHAI],618501,Gujarat,National Highways Authority of India [NHAI],1298.0,1012.45,100.0,51.0,95.17984,95.17984,CRITICAL
42,Srikakulam Angul Gas Pipeline Project,Ministry of Petroleum & Natural Gas,701343,"Multi-States
(Andhra Pradesh,
Odisha)",Ministry of Petroleum & Natural Gas,2658.34,2315.2,97.6,79.0,95.16576,95.16576,CRITICAL
43,Chakur Loha Section of NH-361 from km 114.600 to km 187.80,National Highways Authority of India [NHAI],618652,Maharashtra,National Highways Authority of India [NHAI],1241.38,785.13,100.0,85.0,95.01521,95.01521,CRITICAL
44,Six Laning of Vijayawada Bypass from Gollapudi to Chinnakakani in Vijayawada - Gundugolanu Section from km. 30.00 to km. 47.881 Pkg-IV,National Highways Authority of India [NHAI],618527,Andhra Pradesh,National Highways Authority of India [NHAI],1194.57,853.14,99.92,57.0,94.98045,94.98045,CRITICAL
45,Ahmedabad Metro Rail Project [Phase-I],Gujarat Metro Rail Corporation Limited [GMRCL],702639,Gujarat,Gujarat Metro Rail Corporation Limited [GMRCL],10773.0,12520.65,99.99,134.0,94.97286,94.97286,CRITICAL
46,Indiramma Flood Flow Canal Project,Irrigation and CAD-TG,400103,Telangana,Irrigation and CAD-TG,1331.3,4491.08,92.0,243.0,94.92881,94.92881,CRITICAL
47,Kanupur Irrigation Project,Irrigation and CAD-TG,701404,Odisha,Irrigation and CAD-TG,989.43,2804.16,79.5,267.0,94.83183,94.83183,CRITICAL
48,Sardar Sarovar Project,"Narmada and Water Resources, Water Supply and Kalpsar Department-GJ",701372,Gujarat,"Narmada and Water Resources, Water Supply and Kalpsar Department-GJ",20718.17,31860.86,93.7,360.0,94.76991,94.76991,CRITICAL
49,Delhi-Vadodara Greenfield Alignment NH-148N Pkg-28 Ch.756052 to Ch.781282,National Highways Authority of India [NHAI],618460,Gujarat,National Highways Authority of India [NHAI],1263.38,865.87,100.0,53.0,94.73344,94.73344,CRITICAL
50,Dwarka Expressway Pkg-III Delhi/HR Border to Start of RoB Gurugram,National Highways Authority of India [NHAI],618577,"Multi-States (Delhi,
Haryana)",National Highways Authority of India [NHAI],2228.26,991.43,100.0,89.0,94.61806,94.61806,CRITICAL
51,"Fatuha-Islampur incl. MM for extn.of NL from Neora to Daniawan , Daniawan to Biharsharif, Biharsharif to Barbigha , Barbigha to Shekhpura",East Central Railway [ECR] - I,705373,Bihar,East Central Railway [ECR] - I,1473.0,2641.14,98.0,289.0,94.47878,94.47878,CRITICAL
52,Four Laning of Angul to Sambalpur from Km.112.000 to Km.265.000,National Highways Authority of India [NHAI],619118,Odisha,National Highways Authority of India [NHAI],2510.04,1194.15,99.98,109.0,94.32489,94.32489,CRITICAL
53,Vadodara Mumbai Expressway Kim to Ankleshwar Phase IA - Pkg V,National Highways Authority of India [NHAI],618463,Gujarat,National Highways Authority of India [NHAI],1324.84,1248.75,91.34,77.0,94.3186,94.3186,CRITICAL
54,Gosikhurd Project,Department of water resources-MH - II,701386,Maharashtra,Department of water resources-MH - II,7196.47,14339.36,72.65,216.0,94.30315,94.30315,CRITICAL
55,Challakere to Hariyur section from km 358.500 to km 414.205 of NH-150 A,National Highways Authority of India [NHAI],618698,Karnataka,National Highways Authority of India [NHAI],1167.52,843.6,99.5,63.0,94.26587,94.26587,CRITICAL
56,Hassan km 184.912 to Maranahally km 230.060 of NH - 75 in Karnataka,National Highways Authority of India [NHAI],619117,Karnataka,National Highways Authority of India [NHAI],1021.57,697.83,97.8,109.0,94.264275,94.264275,CRITICAL
57,Delhi-Amritsar-Katra Expressway Phase-I Spur-III from Junction with Amritsar- Jalandhar road NH-3 near Bhishambarpura to Junction with Amritsar-Anjala road NH- 354 near Amritsar Airport [Km 71000 to Km 99000 of Amritsar connectivity],National Highways Authority of India [NHAI],619200,Punjab,National Highways Authority of India [NHAI],1641.75,1007.55,32.47,41.0,94.25781,94.25781,CRITICAL
58,Rajiv Bhima Lift Irrigation Scheme,Irrigation and CAD-TG,701406,Telangana,Irrigation and CAD-TG,1402.0,1839.76,100.0,219.0,94.24773,94.24773,CRITICAL
59,Polavaram Irrigation Project,Water Resources-AP,701415,Andhra Pradesh,Water Resources-AP,10151.04,26674.77,86.14,197.0,94.21635,94.21635,CRITICAL
60,4L of HP/Punjab Border - Mo from km. 11.00 to km. 42.00 of Old NH-20 New NH-154 Package-IA,National Highways Authority of India [NHAI],619153,Himachal Pradesh,National Highways Authority of India [NHAI],1002.11,537.04,60.06,47.0,94.167725,94.167725,CRITICAL
61,Dwarka Expressway from Km -0.600 to Km 5.300 - Pkg-I Shivmurti Chowk-RuB near Dwarka Sector 21,National Highways Authority of India [NHAI],619202,Delhi,National Highways Authority of India [NHAI],2144.67,3097.34,98.8,67.0,94.099205,94.099205,CRITICAL
62,Jaynagar-Narahia Section km 156.500 to km 219.945 Lot-III,MoRTH,618007,Bihar,MoRTH,553.3,0.0,99.0,119.0,93.99279,93.99279,CRITICAL
63,Delhi-Vadodara Greenfield Alignment NH-148N Pkg-14 Ch. 388.420 to Ch. 419.000 [Junction with NH- 76 to Junction with NH-12 near village Ummedpura],National Highways Authority of India [NHAI],618456,Rajasthan,National Highways Authority of India [NHAI],1119.35,975.7,99.8,59.0,93.957825,93.957825,CRITICAL
64,Gundlakamma project,Water Resources-AP,400101,Andhra Pradesh,Water Resources-AP,397.41,619.46,98.3,252.0,93.952,93.952,CRITICAL
65,Khurda-Bolangir New Broad Gauge Rail Link [301km],East Coast Railway [ECoR] - II,705358,Odisha,East Coast Railway [ECoR] - II,3792.0,5671.96,92.0,301.0,93.93323,93.93323,CRITICAL
66,4L of Bhavnagar - Talaja Package-I from Km. 6.945 to Km. 54.990 of Old NH-8E,National Highways Authority of India [NHAI],619148,Gujarat,National Highways Authority of India [NHAI],1185.66,53.18,100.0,110.0,93.844154,93.844154,CRITICAL
67,"Subernarekha Project, Odisha","Department of Water Resources, River Development & GR",701402,Odisha,"Department of Water Resources, River Development & GR",3055.88,8060.82,95.5,339.0,93.83356,93.83356,CRITICAL
68,Development of 6L UER II [Package - I] NH-1 Near Bakoli till Karala Kanjhawala Road from km. 0.70 to km.15.00,National Highways Authority of India [NHAI],618509,Delhi,National Highways Authority of India [NHAI],2089.94,1803.73,99.99,54.0,93.8145,93.8145,CRITICAL
69,Gohana - Sonipat PKG-2,National Highways Authority of India [NHAI],618580,Haryana,National Highways Authority of India [NHAI],1275.31,734.08,97.86,69.0,93.55918,93.55918,CRITICAL
70,Kodinar - Veraval Package VI from km. 221.610 to km. 263.00 of NH-8E & km. 120.900 to km. 121.150 of NH-8D,National Highways Authority of India [NHAI],618833,Gujarat,National Highways Authority of India [NHAI],894.01,457.05,98.79,98.0,93.482506,93.482506,CRITICAL
71,Integrated Anandpur Barrage Project,Water Resources-OR,603945,Odisha,Water Resources-OR,567.03,2776.23,62.85,339.0,93.34996,93.34996,CRITICAL
72,4L of Bal Works of Mahuva to Kagvadar from 100.450 Km. to 140.470 Km. of NH-8E Pkg- III,National Highways Authority of India [NHAI],619147,Gujarat,National Highways Authority of India [NHAI],603.08,624.41,99.71,61.0,93.34202,93.34202,CRITICAL
73,6L of Anandapuram Pendurthi Anakapalli Section from km. 681.000 to km. 731.780 of NH-16,National Highways Authority of India [NHAI],618579,Andhra Pradesh,National Highways Authority of India [NHAI],2527.0,994.53,100.0,87.0,93.31397,93.31397,CRITICAL
74,4L of Hubli - Hospet Section of NH-63 from Km 128.850 to Km 272.571,National Highways Authority of India [NHAI],619121,Karnataka,National Highways Authority of India [NHAI],2531.99,1360.9,99.65,109.0,93.275116,93.275116,CRITICAL
75,Sardar Sarovar CADWM Project,"Narmada and Water Resources, Water Supply and Kalpsar Department-GJ",400097,Gujarat,"Narmada and Water Resources, Water Supply and Kalpsar Department-GJ",5021.76,4956.98,90.3,108.0,93.263176,93.263176,CRITICAL
76,Vadodara Mumbai Expressway Phase II - Pkg XII [Km. 50.700 to Km. 77.000] Masvan - Ganjad,National Highways Authority of India [NHAI],619198,Maharashtra,National Highways Authority of India [NHAI],1711.38,979.26,99.38,49.0,93.2239,93.2239,CRITICAL
77,Expansion of Alumina Refinery Plant with addition of 5th Stream having capacity enhancement of 1.0 Million Tonee Per Annum,National Aluminium Company Limited [NALCO],400141,Odisha,National Aluminium Company Limited [NALCO],4103.0,4887.6,94.2,108.0,93.19253,93.19253,CRITICAL
78,Sitamarhi-Jaynagar Section km 79.400 to km 156.500 Lot-II,MoRTH,618006,Bihar,MoRTH,369.77,0.0,98.78,118.0,93.07688,93.07688,CRITICAL
79,4L of Kodad Design Km 0.00/Existing Km 185.00 of NH-65 to Khammam Design Km 31.800/Existing Km 29.400 of NH-365A,National Highways Authority of India [NHAI],618945,Telangana,National Highways Authority of India [NHAI],1149.17,787.84,99.98,51.0,93.06814,93.06814,CRITICAL
80,Umagaon-Saharsa Package-IV Koshi Bridge & approach Road - Bheja-Bakaur,NHAI,618953,Bihar,NHAI,1199.58,1120.87,89.23,74.0,93.04098,93.04098,CRITICAL
81,2L PS of Majhauli to Charout section from km. 0.00 to km. 63.655,NHAI,618955,Bihar,NHAI,638.29,622.86,99.66,77.0,93.03641,93.03641,CRITICAL
82,6L of Chiloda-Naroda section from Km. 540.595 to Km. 555.595 of NH-8Package-VII,National Highways Authority of India [NHAI],619067,Gujarat,National Highways Authority of India [NHAI],356.6,103.23,100.0,107.0,92.93559,92.93559,CRITICAL
83,Ahmedabad - Dholera Pkg II from km. 22.00 to km. 48.52 [Sindhrej Village - Vejallka Village],National Highways Authority of India [NHAI],618502,Gujarat,National Highways Authority of India [NHAI],1415.34,1354.93,100.0,51.0,92.88236,92.88236,CRITICAL
84,Sanchore - Santalpur from km 99.000 - km 130.073 of NH-754K AJ-RGBS-Package-4,National Highways Authority of India [NHAI],618615,Gujarat,National Highways Authority of India [NHAI],778.15,663.38,99.7,61.0,92.88219,92.88219,CRITICAL
85,Ramganjmandi-Bhopal New Line Project [276.50 km],West Central Railway [WCR] - II,705481,"Multi-States
(Madhya Pradesh,
Rajasthan)",West Central Railway [WCR] - II,3032.0,4139.87,81.0,258.0,92.868355,92.868355,CRITICAL
86,"4L of Bhangbar Near Ranital to Kangra Bypass Section of Old NH-88 New NH- 303,503 up to Intersection with NH-154 from Km 175.270 to Km 193.400 Pkg-VB",National Highways Authority of India [NHAI],618889,Himachal Pradesh,National Highways Authority of India [NHAI],1322.95,824.55,97.45,40.0,92.79097,92.79097,CRITICAL
87,4/6 Laning of Raipur-Simga Pkg-I from km. 0.00 to km. 48.58,National Highways Authority of India [NHAI],619103,Chhattisgarh,National Highways Authority of India [NHAI],1096.52,107.31,100.0,120.0,92.7628,92.7628,CRITICAL
88,Thalassery Mahe Bypass Km 170.600 to Km 189.200 of NH-17New NH-66 in Kerala,National Highways Authority of India [NHAI],619097,"Multi-States
(Kerala,
Puducherry)",National Highways Authority of India [NHAI],1181.12,710.24,100.0,100.0,92.6977,92.6977,CRITICAL
89,Establishment of new GMC Panchmahal,"Medical Education, Ministry of Health and Family Welfare",707049,Gujarat,"Medical Education, Ministry of Health and Family Welfare",325.0,455.34,87.5,43.0,92.659485,92.659485,CRITICAL
90,Pandoh bypass 221.305 to Takoli 242.000 of NH-21 in the state of Himachal Pradesh,National Highways Authority of India [NHAI],618851,Himachal Pradesh,National Highways Authority of India [NHAI],3419.95,1923.0,95.62,97.0,92.59693,92.59693,CRITICAL
91,4L Sundar Nagar Bypass from Km.173.900 to Km.179.600 of NH-21,National Highways Authority of India [NHAI],618852,Himachal Pradesh,National Highways Authority of India [NHAI],191.11,182.17,100.0,46.0,92.56922,92.56922,CRITICAL
92,Maheshkunt -Saharsa-Purnea Pkg II,National Highways Authority of India [NHAI],618903,Bihar,National Highways Authority of India [NHAI],1028.28,831.69,91.03,88.0,92.49724,92.49724,CRITICAL
93,Delhi-Amritsar-Katra Expressway Phase-I Pkg-III from Junction with Jind-Panipat road NH-352A near Gangana village to Junction with Jind-Karnal road NH-709A near Alewa village Km 60800 to Km 91400,National Highways Authority of India [NHAI],618484,Haryana,National Highways Authority of India [NHAI],1606.27,631.62,79.08,52.0,92.38415,92.38415,CRITICAL
94,Relining of Rajasthan feeder and Sirhind Feeder canal,Department of Water Resources-PB,701410,Punjab,Department of Water Resources-PB,1441.26,2222.34,90.0,96.0,92.22514,92.22514,CRITICAL
95,Tarsod - Fagne section of NH-6,National Highways Authority of India [NHAI],618638,Maharashtra,National Highways Authority of India [NHAI],2267.99,990.0,98.84,87.0,92.077866,92.077866,CRITICAL
96,6L Greenfield Varanasi-Ranchi-Kolkata Highway from junction with Chandauli- Chainpur Road near Khainti village to junction with Bhabhua-Adhaura road near Palka village from Km. 27.000 to Km. 54.000 Pkg-2,National Highways Authority of India [NHAI],618726,Bihar,National Highways Authority of India [NHAI],1240.93,103.25,14.08,6.0,91.95699,91.95699,CRITICAL
97,6L of Badakumari - Karki Section from Km 179.000 to km 226.500 of NH-130-CD Package OD-3,National Highways Authority of India [NHAI],619109,Odisha,National Highways Authority of India [NHAI],1101.76,645.61,99.7,48.0,91.87566,91.87566,CRITICAL
98,Vishnugad Pipalkoti Hydro Electric Project [444 MW],THDC India Limited,602195,Uttarakhand,THDC India Limited,3860.35,5429.35,80.0,147.0,91.87533,91.87533,CRITICAL
99,Aunta - Simaria including Ganga Bridge,National Highways Authority of India [NHAI],618839,Bihar,National Highways Authority of India [NHAI],1309.47,812.81,100.0,92.0,91.837,91.837,CRITICAL
100,"Subernarekha Multipurpose Project, Jharkhand",Department of Water Resources-JH,701376,Jharkhand,Department of Water Resources-JH,3807.77,5999.8,70.0,171.0,91.753494,91.753494,CRITICAL
101,Permanent rectification of 3 nos. of black spots in project Highway NH-27 of U.P border - Dewapur - Kotwa section from Km.360.915 to km.440.000 Total Length of 79.085 Km of NH-27& Permanent rectification of 5 nos. of black spots of project Highway NH-27 of Kotwa - Mehsi - Muzaffarpur Section from km.440.000 to km.520.000 Total length 80.00Km,National Highways Authority of India [NHAI],618571,Bihar,National Highways Authority of India [NHAI],227.25,224.1,80.46,28.0,91.75153,91.75153,CRITICAL
102,Tarakeshwar-Bishnupur New Line [82.47 km],Eastern Railway [ER] - I,400273,West Bengal,Eastern Railway [ER] - I,1189.0,1390.59,96.9,218.0,91.7022,91.7022,CRITICAL
103,4L of Haridwar-Nagina section from km. 0.00 to km. 71.614 of NH-74,National Highways Authority of India [NHAI],619217,"Multi-States (Uttar
Pradesh,
Uttarakhand)",National Highways Authority of India [NHAI],1659.12,822.5,97.64,99.0,91.68261,91.68261,CRITICAL
104,3rd Line Manmad - Jalgaon [160 Kilometres],Central Railway [CR] - II,705506,Maharashtra,Central Railway [CR] - II,1035.16,1865.44,100.0,96.0,91.64368,91.64368,CRITICAL
105,Doubling of Hatia [Ranchi]-Bondamunda Rail Line - 159 km,South Eastern Railway - JH,705628,"Multi-States
(Jharkhand,
Odisha)",South Eastern Railway - JH,3029.0,2629.17,92.0,110.0,91.52674,91.52674,CRITICAL
106,Hospet-Hubli-Vasco da Gama Line Electrification Project,RVNL,706950,"Multi-States (Goa,
Karnataka)",RVNL,744.49,1163.14,99.65,95.0,91.47963,91.47963,CRITICAL
107,Waghur Project,Department of water resources-MH - II,701383,Maharashtra,Department of water resources-MH - II,1058.99,1557.82,89.57,360.0,91.47934,91.47934,CRITICAL
108,6L Greenfield Varanasi-Ranchi-Kolkata Highway from junction with Bhabhua-Adhaura road in Bhairopur village to Konki village From KM. 54.000 to KM. 90.000Pkg-3,National Highways Authority of India [NHAI],618727,Bihar,National Highways Authority of India [NHAI],1576.94,123.3,16.0,6.0,91.473045,91.473045,CRITICAL
109,Sri Ram Sagar Project Stage - II,Irrigation and CAD-TG,400102,Telangana,Irrigation and CAD-TG,736.13,971.47,97.0,252.0,91.469765,91.469765,CRITICAL
110,Nidagatta-Mysore Pkg II,National Highways Authority of India [NHAI],619120,Karnataka,National Highways Authority of India [NHAI],2919.8,2279.05,99.19,76.0,91.28918,91.28918,CRITICAL
111,Jharsuguda-Bilaspur Fourth Railway Line [206 km],SECR,705616,"Multi-States
(Chhattisgarh,
Odisha)",SECR,2140.0,2260.48,97.0,115.0,91.230515,91.230515,CRITICAL
112,4L of Kathlighat to Shakral Village from Km 128.835 to Km 146.300 of NH- 5 Shimla Bypass - Pkg I,National Highways Authority of India [NHAI],618921,Himachal Pradesh,National Highways Authority of India [NHAI],1703.48,980.87,54.0,36.0,91.17838,91.17838,CRITICAL
113,Sheohar-Sitamarhi Section km 40.000 to 79.400 km Lot-I,MoRTH,618005,Bihar,MoRTH,178.85,0.0,98.65,119.0,91.12319,91.12319,CRITICAL
114,Kozhikode Bypass Calicut Bypass Vengalam Jn. to Ramanattukara Jn.,National Highways Authority of India [NHAI],619098,Kerala,National Highways Authority of India [NHAI],1424.77,1048.92,98.75,62.0,91.03294,91.03294,CRITICAL
115,Bargi Diversion Project Phase - III [km. 104 to km 154],Water Resources-MP,400116,Madhya Pradesh,Water Resources-MP,1229.15,2190.05,81.42,228.0,90.98983,90.98983,CRITICAL
116,4L of Greenfield section from Sirhind to Mohali,National Highways Authority of India [NHAI],618776,Punjab,National Highways Authority of India [NHAI],1237.65,979.97,88.82,35.0,90.95904,90.95904,CRITICAL
117,Moga - Bagha Purana - Bajakhana from km. 0.00 to km. 43.32,National Highways Authority of India [NHAI],618764,Punjab,National Highways Authority of India [NHAI],1032.59,663.72,76.0,40.0,90.956085,90.956085,CRITICAL
118,Kharsia-Dharamjaygarh with Spur line [East Corridor-Phase 1],Indian Railway Construction International Limited [IRCON],400220,Chhattisgarh,Indian Railway Construction International Limited [IRCON],3055.0,2695.19,95.1,147.0,90.91398,90.91398,CRITICAL
119,6L Amritsar-Bathinda Greenfield section from Jn. with Moga Jalandhar road NH-703 near Dharamkot to Jn. with Bhagta Bhai Ka-Bhadaur Road near Dyalpura Bhai Ka from km 39.000 to km 93.000 of NH-754A Pkg-2,National Highways Authority of India [NHAI],619099,Punjab,National Highways Authority of India [NHAI],1801.37,597.42,64.2,22.0,90.813354,90.813354,CRITICAL
120,4/6L of Gurgaon - Pataudi - Rewari from km. 0.00 to km.43.87 of NH-352W,National Highways Authority of India [NHAI],619132,Haryana,National Highways Authority of India [NHAI],1810.04,522.34,72.5,53.0,90.72371,90.72371,CRITICAL
121,Rehabilitation and Upgrading to 2 lanes/2-lane with paved shoulders configuration and strengthening of of Birpur and Bihpur Section from km 0.0 to Km 106 of NH 106 under phase I of National Highways Interconnectivity Improvement Projects NHIIP ICB No. NHIIP-BR-106-7 [NHIIP-BR-106-7],MoRTH,617966,Bihar,MoRTH,780.77,0.04,99.74,114.0,90.69725,90.69725,CRITICAL
122,3rd Line Wardha - Ballarshah [132 Kilometres],Central Railway [CR] - II,705502,Maharashtra,Central Railway [CR] - II,1384.72,1813.52,98.0,112.0,90.68228,90.68228,CRITICAL
123,AIIMS Bibinagar,PMSSY AND Institute of NATIONAL Importance,701171,Telangana,PMSSY AND Institute of NATIONAL Importance,1028.0,989.98,87.21,45.0,90.645805,90.645805,CRITICAL
124,Life Extension of 48 well platforms of Mumbai High & Heera Fields,Oil and Natural Gas Corporation Limited [ONGC],400119,Offshore,Oil and Natural Gas Corporation Limited [ONGC],3190.69,3123.2,90.0,124.0,90.63774,90.63774,CRITICAL
125,Gevra Road-Pendra Road New Railway Line [135 km],Indian Railway Construction International Limited [IRCON],705444,Chhattisgarh,Indian Railway Construction International Limited [IRCON],4970.0,5152.72,82.0,144.0,90.60218,90.60218,CRITICAL
126,6L of Chengala - Neeleshwaram from km. 56.200 to km. 93.468,National Highways Authority of India [NHAI],618595,Kerala,National Highways Authority of India [NHAI],1746.45,943.25,90.18,54.0,90.518654,90.518654,CRITICAL
127,Bhadrak KM 136.500 to Baleshwar KM 199.141,National Highways Authority of India [NHAI],618523,Odisha,National Highways Authority of India [NHAI],844.67,538.51,91.32,85.0,90.50533,90.50533,CRITICAL
128,Rehabilitation and Upgradation to 4L configuration & Strengthening of Sihuni to Rajol from Km 51.000 to Km 72.000 of NH-154 Package-IIA,National Highways Authority of India [NHAI],618878,Himachal Pradesh,National Highways Authority of India [NHAI],696.65,318.08,96.6,31.0,90.47888,90.47888,CRITICAL
129,Doubling of Katni - Singrauli Railway Line [261 km],Indian Railway Construction International Limited [IRCON],705660,Madhya Pradesh,Indian Railway Construction International Limited [IRCON],2445.0,3306.78,81.1,109.0,90.471275,90.471275,CRITICAL
130,6L Korlam-Kantakapalle Section of NH-130CD Road from Km 421.100 to Km 445.100 Pkg-3,National Highways Authority of India [NHAI],618682,Andhra Pradesh,National Highways Authority of India [NHAI],1112.7,822.68,99.26,50.0,90.40216,90.40216,CRITICAL
131,Aligarh-Kanpur Pkg I [Aligarh-Bhadwas],National Highways Authority of India [NHAI],618692,Uttar Pradesh,National Highways Authority of India [NHAI],1226.64,659.17,100.0,86.0,90.38123,90.38123,CRITICAL
132,3rd Line Wardha - Sewagram - Nagpur,Central Railway [CR] - II,705500,Maharashtra,Central Railway [CR] - II,540.02,835.39,88.0,119.0,90.19663,90.19663,CRITICAL
133,2L PS of Hamirpur Bypass from Km 121.175 to Km.138.295 of NH-103&3,National Highways Authority of India [NHAI],618890,Himachal Pradesh,National Highways Authority of India [NHAI],739.39,233.43,92.57,30.0,90.08387,90.08387,CRITICAL
134,Comprehensive Scheme for Strengthening of Transmission and Distribution [T&D] Systems [CSST&DS] in Arunachal Pradesh and Sikkim,Power Grid Corporation of India Limited [POWERGRID],602223,"Multi-States
(Arunachal
Pradesh, Sikkim)",Power Grid Corporation of India Limited [POWERGRID],4754.42,8069.4,83.4,138.0,90.01123,90.01123,CRITICAL
135,Delhi-Amritsar-Katra Expressway Phase-I Pkg-V from Junction with Ambala-Kaithal- Hissar road NH-152 near Kharak Pandwa village to Junction with Patiala-Samana- Patran road SH-10 near Ghagga village Km 120250 to Km 157920,National Highways Authority of India [NHAI],618486,"Multi-States
(Haryana, Punjab)",National Highways Authority of India [NHAI],1741.86,924.51,98.7,47.0,89.99218,89.99218,CRITICAL
136,Doubling of New Bonggigaon to Kamakhya via Goalpara - 176 km,Northeast Frontier Railway [NFR],705572,Assam,Northeast Frontier Railway [NFR],4060.0,3797.35,95.13,115.0,89.98171,89.98171,CRITICAL
137,Vijayawada - Kazipet Byepass line,South Central Railway [SCR] - II,705632,"Multi-States
(Andhra Pradesh,
Telangana)",South Central Railway [SCR] - II,647.0,1242.64,95.01,120.0,89.67668,89.67668,CRITICAL
138,4L of Tumkur-Shimoga Pkg-II from Km 65.195 Karadi to Km 121.900 Banawara of NH-206,National Highways Authority of India [NHAI],619219,Karnataka,National Highways Authority of India [NHAI],1505.85,656.52,99.97,78.0,89.653305,89.653305,CRITICAL
139,4L of Bilaspur to Urga km 0.00 to 70.2 of NH-130A,National Highways Authority of India [NHAI],618639,Chhattisgarh,National Highways Authority of India [NHAI],1855.59,1290.88,94.81,49.0,89.571976,89.571976,CRITICAL
140,Sagauli-Valmiknagar,East Central Railway [ECR] - I,705527,Bihar,East Central Railway [ECR] - I,1216.0,2097.52,92.8,109.0,89.56192,89.56192,CRITICAL
141,Janghai-Pratapgarh- Amethi,CAO/C/II/NR,705588,Uttar Pradesh,CAO/C/II/NR,722.0,1691.52,70.0,109.0,89.50942,89.50942,CRITICAL
142,Delhi-Vadodara Greenfield Alignment NH-148N Pkg-26 Ch.696890 to Ch.726390,National Highways Authority of India [NHAI],618459,Gujarat,National Highways Authority of India [NHAI],1555.2,1084.2,77.2,40.0,89.4915,89.4915,CRITICAL
143,Capacity Expansion of Panipat Refinery from 15 to 25 MMTPA,Ministry of Petroleum & Natural Gas,701289,Haryana,Ministry of Petroleum & Natural Gas,34627.0,27035.45,93.2,62.0,89.31222,89.31222,CRITICAL
144,Luhri Stage-I Hydro Electric Project [210 MW],Satluj Jal Vidyut Nigam [SJVN] Thermal Limited,602593,Himachal Pradesh,Satluj Jal Vidyut Nigam [SJVN] Thermal Limited,1810.56,1924.48,51.32,65.0,89.291855,89.291855,CRITICAL
145,Vadodara Mumbai Expressway Phase II - Pkg XI [Km. 77.000 to Km. 103.400] Ganjad - Talsari,National Highways Authority of India [NHAI],618468,Maharashtra,National Highways Authority of India [NHAI],1524.71,813.35,99.76,47.0,89.28481,89.28481,CRITICAL
146,"Rehabilitation & Upgradation of NH214New NH-216 from Km 34/230 to Km 84/550 Losari to Machavaram Section to two lane with paved shoulder in the state of Andhrapradesh under NHDP-IV through Engineering, Procurement& Construction EPC mode.",MoRTH,618239,Andhra Pradesh,MoRTH,445.22,0.0,98.6,115.0,89.227455,89.227455,CRITICAL
147,Upper Tunga Irrigation Project,Water Resources-KA,701377,Karnataka,Water Resources-KA,770.16,1515.6,99.32,144.0,89.17671,89.17671,CRITICAL
148,Varanasi Gorakhpur Section Packege IV from km. 149.540 to km. 215.160 Mau- Gorakhpur,National Highways Authority of India [NHAI],618893,Uttar Pradesh,National Highways Authority of India [NHAI],2966.63,865.21,97.35,108.0,89.15372,89.15372,CRITICAL
149,4L PS of Ambala Ring Road of New NH-44,National Highways Authority of India [NHAI],619080,Haryana,National Highways Authority of India [NHAI],1093.35,429.79,79.34,30.0,89.15039,89.15039,CRITICAL
150,Cuttack-Angul Section of NH-42 New NH-55 from Km.60.200 to Km. 112.000 Pkg-II in the State of Odisha,National Highways Authority of India [NHAI],619215,Odisha,National Highways Authority of India [NHAI],991.41,499.5,99.66,97.0,89.14227,89.14227,CRITICAL
151,3rd & 4th Railway Line Project from Salegaon to Budhapank via Rajathgarh.,East Coast Railway [ECoR] - II,705515,Odisha,East Coast Railway [ECoR] - II,1173.0,2120.58,89.0,124.0,89.119194,89.119194,CRITICAL
152,Ludhiana- Killa Raipur Railway Doubling Project,Railway,705783,Punjab,Railway,237.64,137.05,57.0,40.0,89.0664,89.0664,CRITICAL
153,Maheshkunt-Saharsa-Purnea Pkg I km 0.00 to km. 90.00 of NH-107,National Highways Authority of India [NHAI],618902,Bihar,National Highways Authority of India [NHAI],662.44,933.08,85.25,76.0,89.04461,89.04461,CRITICAL
154,4L of Addahole Near Gundya to Bantwal Cross section Pkg-02 from Design Km 270.270 to Design km 318.55 including flyover at Kalladka Town including approaches from Km. 311.57 to Km. 313.67 of NH-75 Old NH-48,National Highways Authority of India [NHAI],618702,Karnataka,National Highways Authority of India [NHAI],1660.19,1358.81,94.21,53.0,89.005356,89.005356,CRITICAL
155,"Construction of 200 Bedded ESIC Hospital at Butibori, Nagpur, Maharashtra.",Employee's State Insurance Company [ESIC],612213,Maharashtra,Employee's State Insurance Company [ESIC],194.93,114.39,65.5,44.0,88.84244,88.84244,CRITICAL
156,National Maritime Heritage Complex [NMHC] Phase-I,Indian Port Rail & Ropeway Corporation Ltd. [IPRCL],707215,Gujarat,Indian Port Rail & Ropeway Corporation Ltd. [IPRCL],573.0,614.91,76.12,51.0,88.69812,88.69812,CRITICAL
157,6L Amritsar-Bathinda Greenfield section from village Tiba on NE-5A to Jn. with Moga Jalandhar road NH-703 near Dharamkot from km 0.000 to km 39.000 of NH-754A Pkg-1,National Highways Authority of India [NHAI],618617,Punjab,National Highways Authority of India [NHAI],1229.38,772.73,70.28,41.0,88.697266,88.697266,CRITICAL
158,Delhi-Amritsar-Katra Expressway Phase-I Pkg-VII from Junction with Patiala-Bathinda road NH-7 near Bhawanigarh to Junction with Ludhiana-Malerhkotla SH-11 near Bhogiwal village Km 188830 to km 225770,National Highways Authority of India [NHAI],618487,Punjab,National Highways Authority of India [NHAI],1759.82,1250.45,95.8,45.0,88.64797,88.64797,CRITICAL
159,Kazipet-Vijayawada 3rd line with electrification [220 km],South Central Railway [SCR] - II,705612,"Multi-States
(Andhra Pradesh,
Telangana)",South Central Railway [SCR] - II,1953.0,5178.65,95.01,140.0,88.55884,88.55884,CRITICAL
160,4/6L Greenfield Ludhiana Rupnagar highway from Jn. with NE-5 village near to ManewalLudhiana to Jn. with NH-205 near Bheora Village Rupnagar from Km. 0.00 to Km. 37.7 including spur to Kharar with Ludhiana bypass of NH-205K Pkg-1,National Highways Authority of India [NHAI],619318,Punjab,National Highways Authority of India [NHAI],1368.91,487.99,15.31,40.0,88.51785,88.51785,CRITICAL
161,Kagvadar - Una Package-IV,National Highways Authority of India [NHAI],619146,Gujarat,National Highways Authority of India [NHAI],750.53,363.41,97.93,109.0,88.49562,88.49562,CRITICAL
162,Mumbai Metro Line 3,Mumbai Metro Rail Corporation Limited [MMRC],702637,Maharashtra,Mumbai Metro Rail Corporation Limited [MMRC],23136.0,33526.69,97.79,118.0,88.29217,88.29217,CRITICAL
163,Western Dedicated Freight Corridor,DFCCIL,705237,"Multi-States
(Gujarat, Haryana,
Maharashtra,
Rajasthan, Uttar
Pradesh)",DFCCIL,51101.0,124623.0,96.0,171.0,88.23976,88.23976,CRITICAL
164,4L of 42.000 to km 80.00 of Dodaballapur Bypass to Hoskote section of NH-648 Old NH-207 [Bangalore Ring Road Pkg 2],National Highways Authority of India [NHAI],619073,Karnataka,National Highways Authority of India [NHAI],1317.74,1026.9,99.2,62.0,88.22969,88.22969,CRITICAL
165,Dhangaon - Borgaon section km 81.000 to km 139.000 [Indore - Edlabad Pkg IV],National Highways Authority of India [NHAI],619100,Madhya Pradesh,National Highways Authority of India [NHAI],866.0,638.17,99.8,56.0,88.18472,88.18472,CRITICAL
166,Jalandhar Water Supply Infrastructure Project,Ministry of Housing & Urban Affairs,703021,Punjab,Ministry of Housing & Urban Affairs,258.53,161.02,58.0,68.0,88.11999,88.11999,CRITICAL
167,Narayangarh-Bhadrak 3rd line,South Eastern Railway [SER] - I,705629,"Multi-States
(Odisha, West
Bengal)",South Eastern Railway [SER] - I,2400.0,2655.21,77.0,109.0,88.05287,88.05287,CRITICAL
168,Renigunta - Poyya - Naidupeta km 124.60 to km 183.4 of NH 71,National Highways Authority of India [NHAI],618700,Andhra Pradesh,National Highways Authority of India [NHAI],1863.09,1488.04,98.6,51.0,87.81835,87.81835,CRITICAL
169,Guntur-Guntakal Doubling Project,South Central Railway [SCR] - II,705633,Andhra Pradesh,South Central Railway [SCR] - II,3733.0,5523.6,94.01,101.0,87.520134,87.520134,CRITICAL
170,6L of Hatibena - Badakumari Section from Km 146.50 to km 179.00 of NH-130-CD Package OD-2,National Highways Authority of India [NHAI],619213,Odisha,National Highways Authority of India [NHAI],791.17,727.37,99.95,49.0,87.3611,87.3611,CRITICAL
171,Tumkur-Shimoga Pkg-III from Km 121.900 Banawara to Km 170.415 Bettadahalli of Old NH-206,National Highways Authority of India [NHAI],619220,Karnataka,National Highways Authority of India [NHAI],1444.5,890.55,97.3,61.0,87.32713,87.32713,CRITICAL
172,IISER BERHAMPUR,"Indian Institutes of Science Education and Research, Behrampur",610315,Odisha,"Indian Institutes of Science Education and Research, Behrampur",1229.32,874.09,98.5,79.0,87.142006,87.142006,CRITICAL
173,"New Sinter Plant at BSL, SAIL",Steel Authority of India Limited [SAIL],400174,Jharkhand,Steel Authority of India Limited [SAIL],1034.01,980.24,59.78,126.0,87.10108,87.10108,CRITICAL
174,Umagaon - Saharsa Package - I Combined Umagaon-Kaluahi0.000KM to 21.609Km of NH227LSaharghat-Rahika0.000 Km to 26.130KM of NH227JRahika-Rampatti 0.00 KM to 15.00KM of NH527ABideshwarsthan-Bheja0.000KM to 25.915KM of NH527A.,NHAI,618954,Bihar,NHAI,1473.2,586.95,16.41,15.0,87.063286,87.063286,CRITICAL
175,4L of Siwan- Masrakh section of Ram Janki Marg from Km 230.385 to Km 281.391 of NH-227A,National Highways Authority of India [NHAI],618926,Bihar,National Highways Authority of India [NHAI],1431.36,190.58,10.07,17.0,86.92527,86.92527,CRITICAL
176,"Installation of Multiple Effect Evaporator [MEE] for ETP-1, 2 & 4 of Panipat Refinery and Petrochemical Complex.",MinistryofPetroleumNaturalGas,709783,Haryana,MinistryofPetroleumNaturalGas,165.13,174.93,87.1,64.0,86.825386,86.825386,CRITICAL
177,4L of Rajura-Korpana-Adilabad Road upto M.S. Border from km 32.910 to km 89.090 of NH-353B,National Highways Authority of India [NHAI],618938,"Multi-States
(Maharashtra,
Telangana)",National Highways Authority of India [NHAI],1013.33,630.06,100.0,42.0,86.81549,86.81549,CRITICAL
178,Thoubal Multipurpose Project,Water Resources Department-MN,701400,Manipur,Water Resources Department-MN,1449.44,1837.91,98.9,348.0,86.7987,86.7987,CRITICAL
179,Sivok-Rangpo New Rail Line,Indian Railway Construction International Limited [IRCON],705432,"Multi-States
(Sikkim, West
Bengal)",Indian Railway Construction International Limited [IRCON],7877.0,10770.42,93.0,191.0,86.756,86.756,CRITICAL
180,6L of Jodhpur Romana Bathinda - Mandi Dabwali Punjab Haryana Border section of NH-54 from km. 0.000 to km. 27.400 of NH-54,National Highways Authority of India [NHAI],618610,Punjab,National Highways Authority of India [NHAI],789.26,518.65,99.0,32.0,86.754295,86.754295,CRITICAL
181,Chhapra-Ballia Patch Doubling,North Eastern Railway [NER],705562,"Multi-States
(Bihar, Uttar
Pradesh)",North Eastern Railway [NER],963.0,917.1,95.9,124.0,86.74206,86.74206,CRITICAL
182,4L from Mathura Bypass Start at Existing Km. 154.20 of NH-44 to Gaju Village at Km 32.982 of NH-530B Pkg-IB,National Highways Authority of India [NHAI],618864,Uttar Pradesh,National Highways Authority of India [NHAI],1722.11,1049.87,99.9,37.0,86.68706,86.68706,CRITICAL
183,Installation of FGD for 4x210 & 2x250 MW MTPS U 1-6,Damodar Valley Corporation,602538,West Bengal,Damodar Valley Corporation,1037.0,1133.78,96.0,62.0,86.58209,86.58209,CRITICAL
184,Shivpur-Kathautia New Rail [BG] Line [49 km] [Package II of Tori-Shivpur-Kathautia line],Ministry of Coal,400416,Jharkhand,Ministry of Coal,1799.64,1713.19,71.0,47.0,86.498665,86.498665,CRITICAL
185,4L of Nagpur-Katol Section from Km. 13.00 to Km. 62.900 of NH-353J,National Highways Authority of India [NHAI],618937,Maharashtra,National Highways Authority of India [NHAI],1166.96,971.38,81.54,54.0,86.44086,86.44086,CRITICAL
186,Six Laning of Vijayawada Bypass from Chinna Avutapalli to Gollapudi in Vijayawada - Gundugolanu Section from km. 0.00 to km. 30.00 Pkg-III,National Highways Authority of India [NHAI],619076,Andhra Pradesh,National Highways Authority of India [NHAI],1581.24,934.99,98.2,62.0,86.42201,86.42201,CRITICAL
187,4L of Palma to Gumla from km. 26.00 to km. 89.170 of NH-23,National Highways Authority of India [NHAI],618642,Jharkhand,National Highways Authority of India [NHAI],1882.93,891.94,98.96,48.0,86.23994,86.23994,CRITICAL
188,Davanagere - Haveri of NH-48 Old NH-4 from km. 260.00 to km. 338.923,National Highways Authority of India [NHAI],618518,Karnataka,National Highways Authority of India [NHAI],1454.67,690.56,98.87,99.0,86.221565,86.221565,CRITICAL
189,6L Greenfield Varanasi-Ranchi-Kolkata Highway from Pachmon village to Anarbansalea village From KM. 116000 to KM. 151200 Package-6,National Highways Authority of India [NHAI],618725,Bihar,National Highways Authority of India [NHAI],1915.99,64.59,10.38,7.0,86.15643,86.15643,CRITICAL
190,Itarsi - Nagpur Third Railway Line [280 km],Central Railway [CR] - II,705507,"Multi-States
(Madhya Pradesh,
Maharashtra)",Central Railway [CR] - II,2449.91,2155.76,55.0,115.0,86.13433,86.13433,CRITICAL
191,Construction of Bangalore Metro Rail Project Phase 2.,Bengaluru Metro Rail,702635,Karnataka,Bengaluru Metro Rail,26405.14,29802.97,95.5,122.0,86.12733,86.12733,CRITICAL
192,4L of Munger Mirzachauki section from Munger to Kharia village junction from Km 69520 to Km 95580 Pkg-1,NHAI,619289,Bihar,NHAI,1659.81,506.33,78.09,49.0,86.10957,86.10957,CRITICAL
193,4L of Munger Mirzachauki section from start of existing Bhagalpur bypass to Rasulpur from Km 125000 to Km 157350 Pkg-3,NHAI,619305,Bihar,NHAI,1769.5,574.08,75.04,48.0,86.10827,86.10827,CRITICAL
194,Delhi-Amritsar-Katra Expressway Phase-I Pkg-XI from Junction with Jalandhar - Kapurthala road NH-703A near khojewal village to Junction with Amritsar-Mehta- SriHargobindpur-Tanda road NH-503A near SriHargobindpur Km 319400 to km 362420,National Highways Authority of India [NHAI],618491,Punjab,National Highways Authority of India [NHAI],2175.35,941.19,43.45,41.0,86.08741,86.08741,CRITICAL
195,Burhwal Gonda 3rd line,North Eastern Railway [NER],705567,Uttar Pradesh,North Eastern Railway [NER],1016.0,1050.11,88.4,81.0,86.08026,86.08026,CRITICAL
196,4L of Sannur to Bikarnakatte section from Km 691.350 to Km 736.362 of NH-169 Karkala - Mangalore Package-III,National Highways Authority of India [NHAI],618896,Karnataka,National Highways Authority of India [NHAI],1386.41,973.31,70.22,42.0,86.07426,86.07426,CRITICAL
197,4L of Bal Works of Talaja - Mahuva from 54.990 km. to 100.450 km. of Old NH-8E Package-II,National Highways Authority of India [NHAI],618835,Gujarat,National Highways Authority of India [NHAI],698.4,418.41,100.0,61.0,85.97896,85.97896,CRITICAL
198,4th Line Wardha - Nagpur [78.7 Kilometres],Central Railway [CR] - II,705505,Maharashtra,Central Railway [CR] - II,637.95,1047.02,88.0,95.0,85.94434,85.94434,CRITICAL
199,BharatNet,Department of Telecommunications [DoT],706775,PAN India,Department of Telecommunications [DoT],61109.0,46431.54,82.4,174.0,85.8915,85.8915,CRITICAL
200,Solapur-tuljapur-Osmanabad,Central Railway,705735,Maharashtra,Central Railway,904.92,1216.56,12.0,28.0,85.660904,85.660904,CRITICAL
201,6L Access Controlled Ludhiana-Bathinda Greenfield highway from Jn. with Amritsar- Bathanda Greenfield Road NH-754A near Rampura Phul to Jn. with Moga-Barnala Road NH-703 near village Tallewal from Km 0.0 to Km 30.3 of NH-754AD Pkg-1,National Highways Authority of India [NHAI],618647,Punjab,National Highways Authority of India [NHAI],906.51,490.17,81.5,31.0,85.6107,85.6107,CRITICAL
202,"Construction of Permanent Campus of Central University of Himachal Pradesh at Dehra, District - Kangra, [H.P.] on Engineering. Procurement and Construction [EPC Mode 1] Basis.","Central University, Himachal Pradesh",612894,Himachal Pradesh,"Central University, Himachal Pradesh",251.98,223.21,85.0,44.0,85.575775,85.575775,CRITICAL
203,4/6L Greenfield LudhianaRupnagar highway from Jn. with NE-5 village near to ManewalLudhiana to Jn. with NH-205 near Bheora Village Rupnagar from Km 66.0 to Km 91.0 i/c spur to Kharar from Km 0.0 to Km 19.5 with Ludhiana bypass of NH-205K Pkg-3,National Highways Authority of India [NHAI],618785,Punjab,National Highways Authority of India [NHAI],1501.02,992.99,78.6,38.0,85.39645,85.39645,CRITICAL
204,Rammam-III HEPP [3x40 MW],National Thermal Power Corporation [NTPC],602184,West Bengal,National Thermal Power Corporation [NTPC],1381.84,1568.56,55.06,139.0,85.325035,85.325035,CRITICAL
205,Multi Product Pipeline from Irugur to Devangonthi,"Department of Water Resources, River Development & GR",400301,"Multi-States
(Karnataka, Tamil
Nadu)","Department of Water Resources, River Development & GR",678.0,1118.26,82.6,161.0,85.25658,85.25658,CRITICAL
206,4L of Sethiyathope -Cholapuram section from Km. 65.960 to Km. 116.440 section of NH45 C Pkg-II,National Highways Authority of India [NHAI],618897,Tamil Nadu,National Highways Authority of India [NHAI],2356.19,1011.39,100.0,92.0,85.21622,85.21622,CRITICAL
207,Start of Karur Bypass - Dindigul from km. 292.600 to km. 305.600 Contract Package No. NS2/BOT/TN-4,National Highways Authority of India [NHAI],619084,Tamil Nadu,National Highways Authority of India [NHAI],461.54,42.28,100.0,234.0,85.18793,85.18793,CRITICAL
208,Baramati Lonand New Line Project,Central Railway,705357,Maharashtra,Central Railway,138.48,1007.49,60.0,325.0,85.073296,85.073296,CRITICAL
209,Nadikudi - Srikalahasti New Line,South Central Railway [SCR] - II,400298,Andhra Pradesh,South Central Railway [SCR] - II,2312.0,3069.35,55.01,112.0,85.01298,85.01298,CRITICAL
210,Byrnihat-Shillong New Rail Line- 108 km,Northeast Frontier Railway [NFR],705396,Meghalaya,Northeast Frontier Railway [NFR],8324.28,266.12,2.04,193.0,84.998436,84.998436,CRITICAL
211,4L of Amritsar-Ghoman - Tanda - Una Section from Km 8.270 to Km 54.000 of NH- 503A Package-I,National Highways Authority of India [NHAI],618906,Punjab,National Highways Authority of India [NHAI],857.91,517.34,67.1,46.0,84.95396,84.95396,CRITICAL
212,4 Laning of Duburi Chandikhole from km 388.376 to km 428.074 Pkg-III,National Highways Authority of India [NHAI],619158,Odisha,National Highways Authority of India [NHAI],789.0,572.09,86.0,74.0,84.94736,84.94736,CRITICAL
213,Bhatni-Aurnihar with electrification excluding Indara-Mau,RVNL - I,705780,Uttar Pradesh,RVNL - I,2529.0,2164.72,96.5,109.0,84.886,84.886,CRITICAL
214,Ghatampur Thermal Power Plant 3 X 660 MW,NLC India Limited [NLCIL],400259,Uttar Pradesh,NLC India Limited [NLCIL],17237.8,21237.52,95.68,116.0,84.79748,84.79748,CRITICAL
215,Thumbipadi-Namakkal from km. 180.00 to km. 248.625 Package No. NS-2/BOT/TN- 02,National Highways Authority of India [NHAI],619083,Tamil Nadu,National Highways Authority of India [NHAI],255.53,206.64,100.0,236.0,84.78531,84.78531,CRITICAL
216,"Indian Oil Technology Development and Deployment Centre at R&D Campus-II, Faridabad",Ministry of Petroleum & Natural Gas,604853,Haryana,Ministry of Petroleum & Natural Gas,2281.94,1879.93,65.0,82.0,84.6813,84.6813,CRITICAL
217,Dharamjaigarh-Korba,Railway,400203,Chhattisgarh,Railway,1686.22,625.77,43.5,109.0,84.66652,84.66652,CRITICAL
218,Delhi-Amritsar-Katra Expressway Phase-I Pkg-IX from Junction with Ludhiana-Moga road NH-5 near Mullanpur Dakha to Junction with Jalandhar - Moga road NH-703 near Kang Sahibu village Km 260860 to km 303900,National Highways Authority of India [NHAI],618489,Punjab,National Highways Authority of India [NHAI],1851.47,1348.9,73.26,45.0,84.57869,84.57869,CRITICAL
219,Vadodara Mumbai Expressway Phase II - Pkg XIII [Km. 26.582 to Km. 50.700] Shirsad - Masvan,National Highways Authority of India [NHAI],618469,Maharashtra,National Highways Authority of India [NHAI],3536.9,1792.74,90.86,50.0,84.56473,84.56473,CRITICAL
220,"Pakal Dul [Drangdhuran] Hydroelectric Project, 1000 MW",National Hydroelectric Power Corporation Limited [NHPC],602525,"Jammu and
Kashmir",National Hydroelectric Power Corporation Limited [NHPC],8112.12,9114.12,80.5,98.0,84.467575,84.467575,CRITICAL
221,CONSTRUCTION OF 300 BEDDED HOSPITAL AT HARIDWAR,Employee's State Insurance Company [ESIC],612259,Uttarakhand,Employee's State Insurance Company [ESIC],102.4,334.86,84.0,52.0,84.439224,84.439224,CRITICAL
222,4L of Munger Mirzachauki section from Km 95580 to Km 125000 Pkg-2,NHAI,619306,Bihar,NHAI,1020.84,478.11,93.13,49.0,84.33384,84.33384,CRITICAL
223,Cuttack-Angul Section of NH-42 New NH-55 from km 0.400 to km 60.200 Pkg-I in the State of Odisha,National Highways Authority of India [NHAI],619119,Odisha,National Highways Authority of India [NHAI],999.32,512.79,99.0,99.0,84.296165,84.296165,CRITICAL
224,Construction of twin tube tunnels on Jammu Kashmir Ring Road NH-244A Between Design Ch. 50600 to 51700 and design Ch. 53535 to 55700 on EPC mode under residual NHDP component of Bharatmala Pariyojna,National Highways Authority of India [NHAI],618549,"Jammu and
Kashmir",National Highways Authority of India [NHAI],242.65,655.27,83.87,34.0,84.22833,84.22833,CRITICAL
225,NMDC Slurry Pipeline Project Phase-1,National Mineral Development Corporation Limited [NMDC],706811,Chhattisgarh,National Mineral Development Corporation Limited [NMDC],2907.0,3607.64,94.1,67.0,84.17673,84.17673,CRITICAL
226,AIIMS Majra Rewari Haryana,PMSSY AND Institute of NATIONAL Importance,701173,Haryana,PMSSY AND Institute of NATIONAL Importance,1299.0,651.42,57.2,86.0,84.168076,84.168076,CRITICAL
227,Poly Butadiene Rubber plant at Panipat,Indian Oil Corporation Limited [IOCL],611917,Haryana,Indian Oil Corporation Limited [IOCL],1459.0,1473.41,85.9,49.0,84.16447,84.16447,CRITICAL
228,Construction of Approach Road to Rail-cum- Road Bridge across river Ganga at Munger Ghat NH-333 B,NHAI,619301,Bihar,NHAI,537.88,200.58,99.99,88.0,84.16172,84.16172,CRITICAL
229,Delhi-Amritsar-Katra Expressway Phase-II Pkg-XVI Existing Jakh Vijaypur-Kunjwani section of NH-44 including spur Connectivity to Jammu Airport NH-144A [Km 503500 to km 514500],National Highways Authority of India [NHAI],618496,"Jammu and
Kashmir",National Highways Authority of India [NHAI],1821.72,1174.58,94.14,43.0,84.15703,84.15703,CRITICAL
230,Deogarh near Dhandhaniya-Rajasthan/Gujarat Border Phase-I AJ/DRGB-Package-6,National Highways Authority of India [NHAI],618612,Rajasthan,National Highways Authority of India [NHAI],846.59,676.17,100.0,56.0,84.12221,84.12221,CRITICAL
231,Dhamra Haldia Pipeline Project,Ministry of Petroleum & Natural Gas,701344,"Multi-States
(Odisha, West
Bengal)",Ministry of Petroleum & Natural Gas,1030.65,916.9,93.7,73.0,84.112175,84.112175,CRITICAL
232,MHN TCPP PGC BGC Project [MTPBP],Ministry of Petroleum & Natural Gas,709848,Offshore,Ministry of Petroleum & Natural Gas,2329.45,1613.16,92.7,46.0,83.994606,83.994606,CRITICAL
233,Karnal ring road Lot-4/Pkg-1,National Highways Authority of India [NHAI],619201,Haryana,National Highways Authority of India [NHAI],1741.45,461.25,91.61,32.0,83.93878,83.93878,CRITICAL
234,Development of Surface Facilities for production and evacuation of Crude Oil and Natural Gas from Nadua and East Khagorija,Ministry of Petroleum & Natural Gas,604863,Assam,Ministry of Petroleum & Natural Gas,682.9,598.62,94.3,99.0,83.85977,83.85977,CRITICAL
235,Development of 6L Greenfield Jalandhar Bypass starting from Kahlwan NH-03 ending at Kang Sahbu NH-703 via Sarmastpur NH-44 - Madara NH-03 - Khajurla NH-44,National Highways Authority of India [NHAI],618552,Punjab,National Highways Authority of India [NHAI],1754.84,800.1,48.2,39.0,83.67453,83.67453,CRITICAL
236,Mangloor to Telangana Maharashtra Border,National Highways Authority of India [NHAI],618624,"Multi-States
(Maharashtra,
Telangana)",National Highways Authority of India [NHAI],1082.65,180.13,96.02,84.0,83.665726,83.665726,CRITICAL
237,"New line Dahod-Indore via Sardarpur, Jabuwa and Dhar",Western Railway [WR] - II,705453,"Multi-States
(Gujarat, Madhya
Pradesh)",Western Railway [WR] - II,456.07,4157.76,55.0,166.0,83.572754,83.572754,CRITICAL
238,6L Greenfield Varanasi- Ranchi- Kolkata Highway from junction with NH-320 in Lepo village to Kamlapur villageJH/WB border from km 358.500 to km 387.200 Pkg -13,National Highways Authority of India [NHAI],618734,"Multi-States
(Jharkhand, West
Bengal)",National Highways Authority of India [NHAI],1154.49,90.87,17.22,7.0,83.5356,83.5356,CRITICAL
239,4L of Bettadahalli- Shivamogga section from Km.170.415 to km. 226.750 of NH-206 Tumkur- Shivamogga Pkg-IV,National Highways Authority of India [NHAI],618887,Karnataka,National Highways Authority of India [NHAI],2082.98,865.7,82.88,54.0,83.301025,83.301025,CRITICAL
240,Patratu Thermal Power Station Expansion Project Phase-I [3x800 MW],National Thermal Power Corporation [NTPC],400261,Jharkhand,National Thermal Power Corporation [NTPC],18668.0,18690.0,88.74,101.0,83.29178,83.29178,CRITICAL
241,"Replacement and revamping of pipeline projects in oil jetty area, Kandla",Deendayal Port Trust [DPT],701570,Gujarat,Deendayal Port Trust [DPT],171.0,149.5,91.0,55.0,83.18645,83.18645,CRITICAL
242,4 Laning of Talcher to end of Kamakhyanagar Bypass km 8.844 - km 15.725 of NH- 149 and km 301.875 - km 335.946 of NH-53 Pkg-I,National Highways Authority of India [NHAI],619157,Odisha,National Highways Authority of India [NHAI],795.18,402.98,99.0,86.0,83.16968,83.16968,CRITICAL
243,Establishment of new GMC Chaibasa [Singhbhum],"Medical Education, Ministry of Health and Family Welfare",707022,Jharkhand,"Medical Education, Ministry of Health and Family Welfare",250.0,64.0,57.0,37.0,83.064415,83.064415,CRITICAL
244,J. Chokka Rao Devadula Lift Irrigation Scheme,Irrigation and CAD-TG,701405,Telangana,Irrigation and CAD-TG,8200.71,4784.54,87.7,240.0,82.93553,82.93553,CRITICAL
245,Purna Barrage-2 [Ner Dhamana] Medium Irrigation Project,Department of water resources-MH - II,400109,Maharashtra,Department of water resources-MH - II,848.07,690.49,69.63,96.0,82.91537,82.91537,CRITICAL
246,6L of Dhanara - Hatibena Section from Km 124.611 to km 146.50 of NH-130-CD Package OD-1,National Highways Authority of India [NHAI],618676,"Multi-States
(Chhattisgarh,
Odisha)",National Highways Authority of India [NHAI],477.76,297.98,99.95,49.0,82.780334,82.780334,CRITICAL
247,Vadodara Mumbai Expressway Phase II - Pkg XIV [Km. 3.000 to Km. 20.200 of Spur] Shirsad - Akloli,National Highways Authority of India [NHAI],618470,Maharashtra,National Highways Authority of India [NHAI],2058.79,629.88,86.0,41.0,82.70559,82.70559,CRITICAL
248,Doubling of Kirandul-Jagdalpur Line [150 km],East Coast Railway [ECoR] - II,400291,Chhattisgarh,East Coast Railway [ECoR] - II,1589.0,1656.54,97.6,157.0,82.69624,82.69624,CRITICAL
249,Indore - Harda Pkg-III [Nanasa to Pidgaon Section from km 95.000 to km 142.445],National Highways Authority of India [NHAI],618695,Madhya Pradesh,National Highways Authority of India [NHAI],1146.22,626.01,98.21,54.0,82.681786,82.681786,CRITICAL
250,4L Ambala - Kalaamb from Km. -0.800 to Km. 33.015 of old NH-72,National Highways Authority of India [NHAI],618935,"Multi-States
(Haryana, Punjab)",National Highways Authority of India [NHAI],1183.7,452.48,100.0,34.0,82.66606,82.66606,CRITICAL
251,Gaya-Hisua-Rajgir-Nalanda-Biharsharif section km0.00 to 92.935 NH-82,MoRTH,617961,Bihar,MoRTH,1408.85,0.0,97.0,113.0,82.50195,82.50195,CRITICAL
252,NORTH EASTERN REGION POWER SYSTEM IMPROVEMENT PROJECT [NERPSIP],Power Grid Corporation of India Limited [POWERGRID],607709,"Multi-States
(Assam, Manipur,
Meghalaya,
Mizoram,
Nagaland, Tripura)",Power Grid Corporation of India Limited [POWERGRID],5111.33,5577.75,98.5,121.0,82.38647,82.38647,CRITICAL
253,4L of Ormanjhi-Gola section from Km 81.450 to Km 53.600 of NH- 320BPKG-II,National Highways Authority of India [NHAI],618644,Jharkhand,National Highways Authority of India [NHAI],1214.93,837.8,86.57,34.0,82.33282,82.33282,CRITICAL
254,Urmodi Irrigation Project,Department of water resources-MH - II,400105,Maharashtra,Department of water resources-MH - II,580.79,713.46,76.22,96.0,82.27683,82.27683,CRITICAL
255,Akshardham - DL/UP Border Pkg-01,National Highways Authority of India [NHAI],619122,"Multi-States (Delhi,
Uttar Pradesh)",National Highways Authority of India [NHAI],1479.22,1343.18,100.0,46.0,82.200424,82.200424,CRITICAL
256,Satara Km 725.000 to Pune Km 865.350 of NH - 4 New NH - 48 in Maharashtra,National Highways Authority of India [NHAI],619069,Maharashtra,National Highways Authority of India [NHAI],361.72,64.35,99.05,186.0,82.19759,82.19759,CRITICAL
257,Madurai- Tuticorin New Line,Ministry of Railways,705489,Tamil Nadu,Ministry of Railways,601.43,641.26,0.0,115.0,82.11339,82.11339,CRITICAL
258,Vadodara Mumbai Expressway Phase II - Pkg XV [Km. 20.200 to Km. 43.000 of Spur] Akloli - Amne,National Highways Authority of India [NHAI],618471,Maharashtra,National Highways Authority of India [NHAI],2610.88,621.7,91.5,41.0,82.09448,82.09448,CRITICAL
259,Nandigama Bypass and Kanchikacherla bypass,National Highways Authority of India [NHAI],618629,Andhra Pradesh,National Highways Authority of India [NHAI],416.07,110.65,98.47,97.0,82.00461,82.00461,CRITICAL
260,Mumbai Urban Transport Project [MUTP] - PHASE II,Mumbai Rail Vikas Corporation Ltd.[MRVC],706779,Maharashtra,Mumbai Rail Vikas Corporation Ltd.[MRVC],8087.0,7504.75,90.0,216.0,81.94802,81.94802,CRITICAL
261,Khammam-Devarapalle Pkg I [4L Access Controlled Greenfield from Thallampadu village to Somavaram village Design Chainage 0000 to 33604],National Highways Authority of India [NHAI],618746,Telangana,National Highways Authority of India [NHAI],797.36,635.3,95.8,42.0,81.863144,81.863144,CRITICAL
262,Khammam-Devarapalle Pkg IV [4L Access Controlled Greenfield from Recherla village to Gurvaygudem village Design Chainage 105236 to 132664],National Highways Authority of India [NHAI],618748,Andhra Pradesh,National Highways Authority of India [NHAI],569.37,355.88,100.0,43.0,81.84498,81.84498,CRITICAL
263,Sangariya near Chautala-Rasisar near Bikaner section of NH-754K Phase-I AJ/SR- Package-7,National Highways Authority of India [NHAI],618611,Rajasthan,National Highways Authority of India [NHAI],520.63,426.0,100.0,58.0,81.80587,81.80587,CRITICAL
264,Construction of Ring Road Kanpur from Ch. 32.090 to Ch.51.200 Transganaga to Sathara Package-II B,National Highways Authority of India [NHAI],618539,Uttar Pradesh,National Highways Authority of India [NHAI],1089.41,38.74,13.67,13.0,81.6958,81.6958,CRITICAL
265,Khammam-Devarapalle Pkg V [4L Access Controlled Greenfield from Gurvaygudem village to Devarapalle village Design Chainage 132664 to 162126,National Highways Authority of India [NHAI],618749,Andhra Pradesh,National Highways Authority of India [NHAI],711.94,422.97,99.66,43.0,81.63801,81.63801,CRITICAL
266,6L Amritsar-Bathinda Greenfield section from Jn. with Bhagta Bhai Ka-Bhadaur Road near Dyalpura Bhai Ka to Jn. with Mandi Dabwali Bathinda Road on NH-54 near Sangat Kalan from km 93.000 to km 154.866 of NH-754A Pkg-3,National Highways Authority of India [NHAI],618618,Punjab,National Highways Authority of India [NHAI],2029.17,513.42,72.0,22.0,81.6279,81.6279,CRITICAL
267,Kelo Irrigation Project,Water Resources-CT,400111,Chhattisgarh,Water Resources-CT,459.97,618.85,72.0,216.0,81.36614,81.36614,CRITICAL
268,4L of Madanapalle to Pileru Section from Km 0.000 to Km 55.900 of NH-71Package-I,National Highways Authority of India [NHAI],618778,Andhra Pradesh,National Highways Authority of India [NHAI],1877.47,1145.97,94.9,39.0,81.33621,81.33621,CRITICAL
269,Thorapalli - Agraharam - Jittandahalli Section from km 23.350 to km 60.100 [Hosur to Dhamrapuri Pkg-2],National Highways Authority of India [NHAI],619094,Tamil Nadu,National Highways Authority of India [NHAI],1243.57,623.59,82.56,52.0,81.285805,81.285805,CRITICAL
270,6L Aluru - Jakkuva Section of NH-130CD Road from km 365.033 to km 396.800 Pkg. 1,National Highways Authority of India [NHAI],618681,"Multi-States
(Andhra Pradesh,
Odisha)",National Highways Authority of India [NHAI],1216.12,683.05,96.23,49.0,81.26052,81.26052,CRITICAL
271,4L Tumkur-Shimoga Pkg-I from Mallasandra to Karadi village of NH-206 from Km. 12.300 to Km. 65.195,National Highways Authority of India [NHAI],619218,Karnataka,National Highways Authority of India [NHAI],1364.14,552.09,100.0,78.0,81.188385,81.188385,CRITICAL
272,Salem - Ulundurpet section from km 0.313 to km 136.670 of NH-68,National Highways Authority of India [NHAI],618943,Tamil Nadu,National Highways Authority of India [NHAI],861.23,137.29,100.0,219.0,81.08663,81.08663,CRITICAL
273,"Guwahati Refinery Expansion [1.0 to 1.2 MMTPA] along with installation of CRU, Guwahati Refinery",Ministry of Petroleum & Natural Gas,607701,Assam,Ministry of Petroleum & Natural Gas,412.3,457.64,94.9,59.0,81.076935,81.076935,CRITICAL
274,Establishment of new GMC Jamui,"Medical Education, Ministry of Health and Family Welfare",707020,Bihar,"Medical Education, Ministry of Health and Family Welfare",250.0,102.21,50.0,42.0,80.94455,80.94455,CRITICAL
275,Barhi-Koderma Section of NH31 km 0.00 - km 27.5,National Highways Authority of India [NHAI],618863,Jharkhand,National Highways Authority of India [NHAI],662.44,478.57,98.5,77.0,80.816666,80.816666,CRITICAL
276,Mahabalipuram - Pondicherry Pkg-II [Mugaiyur to Marakkanam],National Highways Authority of India [NHAI],619130,Tamil Nadu,National Highways Authority of India [NHAI],1116.13,531.32,53.41,28.0,80.71915,80.71915,CRITICAL
277,Jiribam-Imphal new line project,Northeast Frontier Railway [NFR],705391,Manipur,Northeast Frontier Railway [NFR],14323.0,16020.78,72.1,220.0,80.642685,80.642685,CRITICAL
278,Pipli Bhavnagar-Package 1 from km 136.025 to km 169.328,National Highways Authority of India [NHAI],618699,Gujarat,National Highways Authority of India [NHAI],819.14,188.7,100.0,86.0,80.610054,80.610054,CRITICAL
279,4L of Bamni - Rajura - Warur - Devada upto M.S. Border of NH - 930D from km 19.000 to km 51.985,National Highways Authority of India [NHAI],618941,"Multi-States
(Maharashtra,
Telangana)",National Highways Authority of India [NHAI],968.05,599.67,68.15,25.0,80.576836,80.576836,CRITICAL
280,Hyderabad - Maneguda,National Highways Authority of India [NHAI],618944,Telangana,National Highways Authority of India [NHAI],958.86,193.26,15.78,17.0,80.380264,80.380264,CRITICAL
281,Barauni Refinery Capacity Expansion from 6.0 to 9.0 MMTPA,Ministry of Petroleum & Natural Gas,701324,Bihar,Ministry of Petroleum & Natural Gas,14810.0,12872.04,90.9,75.0,80.33294,80.33294,CRITICAL
282,Daman Upside Development Project,Oil and Natural Gas Corporation Limited [ONGC],709839,Offshore,Oil and Natural Gas Corporation Limited [ONGC],4144.41,6136.43,99.9,46.0,80.19438,80.19438,CRITICAL
283,3rd Line Kalyan - Kasara [67.35 Kilometres],Central Railway,705498,Maharashtra,Central Railway,792.89,1077.37,73.0,127.0,80.080124,80.080124,CRITICAL
284,4L of Beas-Mehta-Batala-Dera Baba Nanak from intersection with Jalandhar-Amritsar Highway NH-3 near Beas till start of Batala Bypass near Village Acchhal from Km. 0.000 to Km. 31.300 Pkg-1,National Highways Authority of India [NHAI],618809,Punjab,National Highways Authority of India [NHAI],809.51,499.54,65.99,34.0,79.98487,79.98487,CRITICAL
285,Hariharganj to Parwa Mode section from km 23.284 to km 57.049 of NH-98,National Highways Authority of India [NHAI],618951,"Multi-States
(Bihar, Jharkhand)",National Highways Authority of India [NHAI],1125.78,609.94,91.3,49.0,79.92701,79.92701,CRITICAL
286,6L Greenfield Kaliagura Baunsaguar Section of NH-130-CD Road from km 249000 to km 293000 Package OD-5,National Highways Authority of India [NHAI],618677,Odisha,National Highways Authority of India [NHAI],1539.75,981.3,94.81,47.0,79.90432,79.90432,CRITICAL
287,CONSTRUCTION OF PERMANENT CAMPUS FOR IIT PALAKKAD UNDER PHASE 1A,INDIAN INSTITUTE OF TECHNOLOGY PALAKKAD,606431,Kerala,INDIAN INSTITUTE OF TECHNOLOGY PALAKKAD,1006.45,680.69,86.0,73.0,79.688614,79.688614,CRITICAL
288,Hajipur-Sagauli New line,East Central Railway [ECR] - I,705366,Bihar,East Central Railway [ECR] - I,2067.0,2084.14,75.3,258.0,79.673,79.673,CRITICAL
289,4L of existing 2/4L stretch from Lonand to Dive Ghat Km 166.400 to Km 220.900 of Mohol Alandi section of NH-965 Pkg - V,National Highways Authority of India [NHAI],619209,Maharashtra,National Highways Authority of India [NHAI],1709.56,1125.89,98.52,47.0,79.67157,79.67157,CRITICAL
290,4-L of Rajamunda to Barkote Section of NH-23 from km. 287.200 to km. 337.185,National Highways Authority of India [NHAI],618913,Odisha,National Highways Authority of India [NHAI],609.63,114.77,96.52,88.0,79.63511,79.63511,CRITICAL
291,Bal. Works of Fagne Km. 510.000 to Maharashtra/Gujarat Border Km. 650.794,National Highways Authority of India [NHAI],618637,"Multi-States
(Gujarat,
Maharashtra)",National Highways Authority of India [NHAI],1654.07,1356.95,97.66,67.0,79.57225,79.57225,CRITICAL
292,4L of Karimnagar-Warangal section from km 49.500 to km 117.820 of NH-563,National Highways Authority of India [NHAI],618765,Telangana,National Highways Authority of India [NHAI],2146.86,961.92,92.4,33.0,79.534775,79.534775,CRITICAL
293,2L PS of JH / WB Border km. 70.524 - Purulia km.84.400 & Purulia km. 94.30 - Chandil Junction with NH-33 km. 153.705 of Old NH-32,National Highways Authority of India [NHAI],618909,"Multi-States
(Jharkhand, West
Bengal)",National Highways Authority of India [NHAI],1652.4,749.26,97.4,76.0,79.32485,79.32485,CRITICAL
294,Construction of new road at the missing link portion of NH-81 along approved alignment between Harishchandrapur and Eastern approach of Kalindri Bridge from Km 46.550 to Km 59.697 in the district of Malda. Job No-081-WB-2015-16/400,MoRTH,617960,West Bengal,MoRTH,271.17,209.23,84.6,113.0,79.22031,79.22031,CRITICAL
295,Establishment of new GMC Koderma,"Medical Education, Ministry of Health and Family Welfare",707021,Jharkhand,"Medical Education, Ministry of Health and Family Welfare",250.0,270.0,40.0,26.0,78.98867,78.98867,CRITICAL
296,4L from Km 219.600 Khajuri to Km 260.483 Wyndhamganj on NH-75 Sec-V,National Highways Authority of India [NHAI],618828,"Multi-States
(Jharkhand, Uttar
Pradesh)",National Highways Authority of India [NHAI],1436.49,830.18,92.02,31.0,78.79613,78.79613,CRITICAL
297,Establishment of Permanent campus Phase 1 of IIM Sirmaur,"Indian Institute of Management, Sirmaur",602099,Himachal Pradesh,"Indian Institute of Management, Sirmaur",392.51,336.71,97.5,68.0,78.788414,78.788414,CRITICAL
298,Delhi-Amritsar-Katra Expressway Phase-I Pkg-VIII from Junction with Ludhiana- Malerkotla SH-11 near Bhogiwal village to Junction with Ludhiana-Moga road NH-5 near Mullanpur Dakha Km 225770 to km 260860,National Highways Authority of India [NHAI],618488,Punjab,National Highways Authority of India [NHAI],1895.74,751.95,31.08,37.0,78.75571,78.75571,CRITICAL
299,Balance work of Panikoili Rimoli Section of new NH-20 from Km 0.00 to Km. 163.000,National Highways Authority of India [NHAI],618819,Odisha,National Highways Authority of India [NHAI],183.03,89.36,99.0,61.0,78.71605,78.71605,CRITICAL
300,6L of Perole Nileshwar town to Taliparamba from Km 94.248 to Km 134.650 of NH-66,National Highways Authority of India [NHAI],619206,Kerala,National Highways Authority of India [NHAI],3041.65,1007.02,86.65,54.0,78.652245,78.652245,CRITICAL
301,4L PS from Ch. 94.030 in Jabugam Village to Ch. 132.320 in Dhamasiya Village of NH-56 Pkg-III,National Highways Authority of India [NHAI],618930,Gujarat,National Highways Authority of India [NHAI],1188.46,79.04,13.98,5.0,78.57983,78.57983,CRITICAL
302,Delhi-Amritsar-Katra Expressway Phase-I Pkg-IV from Junction with Jind-Karnal road NH-709A near Alewa village to Junction with Ambala-Kaithal-Hissar road NH-152 near Kharak Pandwa village Km 91400 to Km 120250,National Highways Authority of India [NHAI],618485,Haryana,National Highways Authority of India [NHAI],1306.95,563.2,76.13,52.0,78.468895,78.468895,CRITICAL
303,Phase II extension of MRTS from Velachery to St Thomas Mount,Ministry of Railways,400280,Tamil Nadu,Ministry of Railways,734.0,486.53,99.9,209.0,78.442276,78.442276,CRITICAL
304,4L/2L PS of Govindpur Raiganj - Chas - WB border section of from km. 0.00 to km. 56.889 of Old NH-32,National Highways Authority of India [NHAI],619104,"Multi-States
(Jharkhand, West
Bengal)",National Highways Authority of India [NHAI],1139.65,6.64,99.84,100.0,78.418335,78.418335,CRITICAL
305,6-laning of km 9.900 to km 19/948 Aramgarh to Shamshabad Section of Hyderabad- Bangalore section of NH-44 Under NHO EPC basis in the state of Telangana,MoRTH,617913,Telangana,MoRTH,283.15,480.38,92.62,95.0,78.41167,78.41167,CRITICAL
306,Bakhtiyarpur-Rajauli Pkg-III from km. 101.630 to km.152.520,National Highways Authority of India [NHAI],618862,Bihar,National Highways Authority of India [NHAI],2156.22,1668.28,99.14,52.0,78.41128,78.41128,CRITICAL
307,Rangit-IV HE Project [120 MW] executed by Jal Power Corporation Ltd. [JPCL] - A wholly owned subsidiary of NHPC Ltd. acquired through NCLT,National Hydroelectric Power Corporation Limited [NHPC],605156,Sikkim,National Hydroelectric Power Corporation Limited [NHPC],938.29,1625.93,96.53,56.0,78.26109,78.26109,CRITICAL
308,Koderma-Tilaiya New Line,East Central Railway [ECR] - I,705375,"Multi-States
(Bihar, Jharkhand)",East Central Railway [ECR] - I,1626.0,2215.44,95.5,289.0,78.18919,78.18919,CRITICAL
309,Establishment of new GMC Kapurthala,"Medical Education, Ministry of Health and Family Welfare",707069,Punjab,"Medical Education, Ministry of Health and Family Welfare",325.0,0.0,0.0,-15.0,78.17607,78.17607,CRITICAL
310,Bargi Diversion Project Phase - IV [km. 154 to km 197],Water Resources-MP,400115,Madhya Pradesh,Water Resources-MP,751.03,814.02,75.0,207.0,78.15395,78.15395,CRITICAL
311,Bangalore-Nidagatta Pkg. I,National Highways Authority of India [NHAI],618706,Karnataka,National Highways Authority of India [NHAI],3496.01,604.66,99.19,83.0,77.917404,77.917404,CRITICAL
312,"Construction of Balance Work of 4-Laning of the Section from Jhanji to Demow of NH- 37 Old from Km 490.800 to Km 501.800 11.000 Km, under SARDP- NE under EPC Mode in the state of Assam Pkg-I Road Works",NHIDCL,618441,Assam,NHIDCL,467.79,72.13,0.0,18.0,77.87779,77.87779,CRITICAL
313,Chhapra - Hajipur from km. 143.200 to km. 209.200,National Highways Authority of India [NHAI],618904,Bihar,National Highways Authority of India [NHAI],2127.86,98.07,89.81,183.0,77.74324,77.74324,CRITICAL
314,Miyagam-Karjan-Dabhoi-Samlaya [GC],Western Railway [WR] - II,705458,Gujarat,Western Railway [WR] - II,483.88,716.47,45.0,111.0,77.72172,77.72172,CRITICAL
315,6L Greenfield Kandili - Aluru Section of NH-130-CD Road from km 342500 to km 365033 Package-OD-8,National Highways Authority of India [NHAI],618680,Odisha,National Highways Authority of India [NHAI],1492.74,1032.78,97.47,42.0,77.71248,77.71248,CRITICAL
316,"Construction of Balance Work of 4-Laning of the Section from Jhanji to Demow of NH- 37 Old from Km 501.800 to Km 514.800 13.000 Km, under SARDP- NE under EPC Mode in the state of Assam Pkg-II Road Works",NHIDCL,619013,Assam,NHIDCL,508.76,58.12,47.34,18.0,77.6716,77.6716,CRITICAL
317,"Mughalsarai-Allahabad, 3rd line",North Central Railway,705772,Uttar Pradesh,North Central Railway,2649.0,1930.12,71.0,121.0,77.63393,77.63393,CRITICAL
318,Balance work - WB-10 Gandak Bridge Km 402.00 to Km 440.00 Devanpur - Kotwa,National Highways Authority of India [NHAI],618569,Bihar,National Highways Authority of India [NHAI],210.05,116.29,64.05,45.0,77.58469,77.58469,CRITICAL
319,Guwahati Airport New Integrated Terminal Building Construction Project,706724,N04000083,Assam,Adani Airport Holdings Limited,1712.0,2627.39,98.0,97.0,77.503654,77.503654,CRITICAL
320,6L Access Controlled Greenfield Highway of Julekal village to Dinnedevarapadu village from Km 242.200 to Km 280.400 Pkg-2,National Highways Authority of India [NHAI],619212,"Multi-States
(Andhra Pradesh,
Telangana)",National Highways Authority of India [NHAI],1227.57,524.04,65.24,39.0,77.406136,77.406136,CRITICAL
321,6L of Taliparamba to Muzhappilangad from Km 134.650 to Km 170.6 of NH-66,National Highways Authority of India [NHAI],618596,Kerala,National Highways Authority of India [NHAI],2714.6,1040.02,82.87,53.0,77.35409,77.35409,CRITICAL
322,Ratlam-Mhow-Khandwa-Akola Gauge Conversion,Western Railway [WR] - II,705457,"Multi-States
(Madhya Pradesh,
Maharashtra)",Western Railway [WR] - II,1656.25,4606.71,83.0,193.0,77.350716,77.350716,CRITICAL
323,Barwa Adda Km. 398.240 to Panagarh Km. 521.120,National Highways Authority of India [NHAI],618533,"Multi-States
(Jharkhand, West
Bengal)",National Highways Authority of India [NHAI],1560.39,91.41,100.0,144.0,77.2983,77.2983,CRITICAL
324,4L of Basukinath- Deoghar Section of NH-114A,National Highways Authority of India [NHAI],618949,Jharkhand,National Highways Authority of India [NHAI],1444.94,648.92,86.44,28.0,77.25713,77.25713,CRITICAL
325,Construction of Major Bridge at Km.180.865 across river Krishna on NH 167 Hagari Jadcherla section,MoRTH,617989,Karnataka,MoRTH,157.32,103.33,68.0,83.0,77.05054,77.05054,CRITICAL
326,Start of Kollam Bypass - Kadambattukonam,National Highways Authority of India [NHAI],619207,Kerala,National Highways Authority of India [NHAI],2641.37,891.4,81.8,42.0,76.97499,76.97499,CRITICAL
327,6L Access Controlled Highway from DND Maharani Bagh - Jn. with Jaitpur - Pushta Road of NH-148NA from km. 0.00 to km. 9.00 in NCR,National Highways Authority of India [NHAI],618578,Delhi,National Highways Authority of India [NHAI],1467.44,1615.84,98.25,51.0,76.94123,76.94123,CRITICAL
328,Six Laning of KT/KL Border Thalapaddy -Chengala from Km. 17.200 to Km. 57.20,National Highways Authority of India [NHAI],619205,"Multi-States
(Karnataka,
Kerala)",National Highways Authority of India [NHAI],1981.07,1060.49,99.2,53.0,76.73483,76.73483,CRITICAL
329,4L of NH-80 from km 215.00 to km 260.00 Mirza Chauki to Farkka Pkg-I,National Highways Authority of India [NHAI],618947,Jharkhand,National Highways Authority of India [NHAI],1504.8,804.61,91.83,52.0,76.71784,76.71784,CRITICAL
330,Tuticorin - Tirunelveli from km. 0.00 to km. 47.250,National Highways Authority of India [NHAI],618773,Tamil Nadu,National Highways Authority of India [NHAI],449.85,1.17,100.0,192.0,76.62027,76.62027,CRITICAL
331,Belgaum-Khanapur Pkg I Km 0.000-Km 30.800 of NH-4A,National Highways Authority of India [NHAI],619164,Karnataka,National Highways Authority of India [NHAI],1214.3,497.43,72.77,85.0,76.59399,76.59399,CRITICAL
332,Shahpur Kandi Dam Project,Department of Water Resources-PB,701411,Punjab,Department of Water Resources-PB,2285.81,2201.94,88.0,96.0,76.59186,76.59186,CRITICAL
333,6L Greenfield Baunsaguar - Baraja Section of NH-130-CD Road from km 293000 to km 338500 Package OD-6,National Highways Authority of India [NHAI],618678,Odisha,National Highways Authority of India [NHAI],1265.59,874.99,98.96,46.0,76.55018,76.55018,CRITICAL
334,6L Access Controlled Ludhiana-Bathinda Greenfield highway from Jn. with Moga- Barnala Road NH-703 near village Tallewal to Jn. with Delhi-Katra Expressway NE-5 near Ludhiana village Ballowal from Km 30.300 to Km 75.543 of NH-754AD Pkg-2,National Highways Authority of India [NHAI],619105,Punjab,National Highways Authority of India [NHAI],1555.13,195.79,20.09,7.0,76.5244,76.5244,CRITICAL
335,Construction of Rudrapur Bypass Section from Km. 0.000 to 20.640 in the state of Uttar Pradesh & Uttarakhand,National Highways Authority of India [NHAI],618912,"Multi-States (Uttar
Pradesh,
Uttarakhand)",National Highways Authority of India [NHAI],1051.73,665.1,99.1,27.0,76.3833,76.3833,CRITICAL
336,"Balance work of Six Laning of Shamlaji-Motachiloda from Km. 401.200 to Km.494.410 section Design Chainage Km.447.385 to Km 540.595, Length- 93.210 Km of old NH-8 NH-48 in the state of Gujarat on single Percentage Item Rate Contract",National Highways Authority of India [NHAI],618507,Gujarat,National Highways Authority of India [NHAI],466.8,553.93,84.15,20.0,76.371956,76.371956,CRITICAL
337,4L Greenfield Jalbhera Shahbad section from km. 0.000 to km. 22.850 of NH-152G,National Highways Authority of India [NHAI],618788,Haryana,National Highways Authority of India [NHAI],927.22,367.54,87.05,34.0,76.34421,76.34421,CRITICAL
338,Tanot -Ramgarh-Bhadasar-Jaisalmer NH-68 and BhadasarMokal-Sarkaritala up to Pakisthan Border NH-968 Pkg-BM/5,National Highways Authority of India [NHAI],618796,Rajasthan,National Highways Authority of India [NHAI],828.58,405.43,100.0,84.0,76.20985,76.20985,CRITICAL
339,6 laning of Balance Work of Chennai - Tada from km. 21.40 to km. 54.40,National Highways Authority of India [NHAI],619077,"Multi-States
(Andhra Pradesh,
Tamil Nadu)",National Highways Authority of India [NHAI],464.62,182.82,100.0,97.0,76.126144,76.126144,CRITICAL
340,4L Bhiwani-Hansi road section of NH-148B,National Highways Authority of India [NHAI],618792,Haryana,National Highways Authority of India [NHAI],1330.23,440.38,99.5,28.0,75.89399,75.89399,CRITICAL
341,4L PS Mydukur - Badvel from Km 585.820 to Km 630.960 of NH-67,National Highways Authority of India [NHAI],618759,Andhra Pradesh,National Highways Authority of India [NHAI],1063.57,502.6,90.4,31.0,75.69261,75.69261,CRITICAL
342,Vadodara Mumbai Expressway Phase II - Pkg XVII [Km. 69.800 to Km. 79.783 of Spur] Bhoj - Morbe,National Highways Authority of India [NHAI],618473,Maharashtra,National Highways Authority of India [NHAI],2208.68,827.11,84.25,39.0,75.64466,75.64466,CRITICAL
343,Delhi-Amritsar-Katra Expressway Phase-II Pkg-XV [Junction with Hiranagar Road near village Gurha Baildaran to Junction with Jammu Ring Road NH-244A near Jakh village from Km 468100 to Km 503250],National Highways Authority of India [NHAI],618494,"Jammu and
Kashmir",National Highways Authority of India [NHAI],2714.95,1653.54,88.87,43.0,75.60832,75.60832,CRITICAL
344,4/6L of Spur to Haridwar Greenfield from Km. 0.000 to Km. 50.70,National Highways Authority of India [NHAI],618969,"Multi-States (Uttar
Pradesh,
Uttarakhand)",National Highways Authority of India [NHAI],2155.95,1469.55,91.5,38.0,75.60151,75.60151,CRITICAL
345,"Construction of Balance Work of 4-Laning of the Section from Jhanji to Demow of NH- 37 Old from Km 514.800 to Km 534.800 20.000 Km, under SARDP- NE under EPC Mode in the state of Assam Pkg-III Road Works",NHIDCL,619060,Assam,NHIDCL,344.71,46.37,62.9,18.0,75.57555,75.57555,CRITICAL
346,DMRTS Phase - IV [3 Priority Corridors],Delhi Metro Rail Corporation Limited [DMRC],702632,Delhi,Delhi Metro Rail Corporation Limited [DMRC],24948.65,20350.75,80.56,81.0,75.55457,75.55457,CRITICAL
347,4L Prayagraj Greenfield By-pass from design Km 50860 near Nibi Kala Uperhar to design Km 64763 on NH-19 near Khodaypur Kasgaon including Interchange loop at NH-19,National Highways Authority of India [NHAI],618959,Uttar Pradesh,National Highways Authority of India [NHAI],1017.99,406.6,100.0,28.0,75.50119,75.50119,CRITICAL
348,Rehabilitation and Up gradation from 4 to 8 laning of Chandikhole Paradip Section of NH-53 Old NH 5A from Km 18.00 to Km 39.00 in the State of Odisha on HAM mode Package-2,National Highways Authority of India [NHAI],618821,Odisha,National Highways Authority of India [NHAI],920.47,412.89,91.0,28.0,75.446106,75.446106,CRITICAL
349,4L Greenfield Alignment of Shivrampur to Ramnagar from Km. 55.002 to Km. 109.300 of NH 119 D Pkg-II,National Highways Authority of India [NHAI],618740,Bihar,National Highways Authority of India [NHAI],1494.31,264.72,43.6,33.0,75.21826,75.21826,CRITICAL
350,Kanpur Metro Rail Project,Uttar Pradesh metro rail corporation [UPMRC],702628,Uttar Pradesh,Uttar Pradesh metro rail corporation [UPMRC],11076.48,9101.15,80.9,77.0,75.217094,75.217094,CRITICAL
351,Hosur to Dhamrapuri Pkg-1 [Neraluru - Thorapalli Agraharam],National Highways Authority of India [NHAI],618581,"Multi-States
(Karnataka, Tamil
Nadu)",National Highways Authority of India [NHAI],1757.27,927.75,78.7,42.0,75.19381,75.19381,CRITICAL
352,Buxar Thermal Power Project [1320 MW],Satluj Jal Vidyut Nigam [SJVN] Thermal Limited,602579,Bihar,Satluj Jal Vidyut Nigam [SJVN] Thermal Limited,10439.09,13370.07,94.33,82.0,74.88143,74.88143,CRITICAL
353,Kiru HE Project,National Hydroelectric Power Corporation Limited [NHPC],602532,"Jammu and
Kashmir",National Hydroelectric Power Corporation Limited [NHPC],4287.59,3733.26,83.46,74.0,74.863525,74.863525,CRITICAL
354,Mahabalipuram - Pondicherry Pkg-I [Mamallapuram to Mugaiyur],National Highways Authority of India [NHAI],619129,Tamil Nadu,National Highways Authority of India [NHAI],1360.54,575.41,58.65,47.0,74.801346,74.801346,CRITICAL
355,Paradip-Numaligarh Crude Oil Pipeline [PNCPL] & Crude Oil Import Terminal [COIT] at Paradip,Ministry of Petroleum & Natural Gas,701349,"Multi-States
(Assam, Bihar,
Jharkhand,
Odisha, West
Bengal)",Ministry of Petroleum & Natural Gas,10228.0,10912.42,92.4,87.0,74.58285,74.58285,CRITICAL
356,4L Access Controlled Greenfield Section Mancherial Warangal from Puttapaka village at Design Ch. 35.300 Km to Pangidipalle village at Design Ch. 72.350 KmPackage-II,National Highways Authority of India [NHAI],618812,Telangana,National Highways Authority of India [NHAI],1129.33,78.94,6.3,10.0,74.55949,74.55949,CRITICAL
357,Rehabilitation and Up gradation from 4 to 8 laning of Chandikhole Paradip Section of NH-53 Old NH 5A from Km.39.000 to Km.60.00 Package-3,National Highways Authority of India [NHAI],618820,Odisha,National Highways Authority of India [NHAI],861.84,383.65,91.0,28.0,74.39653,74.39653,CRITICAL
358,North Koel Reservoir Project,"Department of Water Resources, River Development & GR",701412,"Multi-States
(Bihar, Jharkhand)","Department of Water Resources, River Development & GR",1622.27,172.97,38.0,63.0,74.35713,74.35713,CRITICAL
359,4L from Gaju Village at Km. 32.982 to Devinagar Bypass End at Km. 208.000 of NH- 530B Pkg-1C.,National Highways Authority of India [NHAI],618865,Uttar Pradesh,National Highways Authority of India [NHAI],1384.79,823.04,99.99,39.0,74.169365,74.169365,CRITICAL
360,Rehabilitation and Upgradation to 2-lane/Intermediate lane configuration of Ashyari- Shri Kyari Section km 50.000 to km 75.000 of NH-707 in the state of Himachal Pradesh under Green National Highways Corridor Project GNHCP with the loan assistance of World Bank on EPC mode.,MoRTH,618050,Himachal Pradesh,MoRTH,345.89,146.64,98.16,55.0,74.077835,74.077835,CRITICAL
361,Joka-BBD Bag new metro project,RVNL - II,705730,West Bengal,RVNL - II,4835.0,4932.47,51.0,192.0,74.063774,74.063774,CRITICAL
362,Baiyyappanahalli - Hosur Doubling Project [48 km],Karnataka Rail Infrastructure Development Company Limited [K-RIDE],703586,"Multi-States
(Karnataka, Tamil
Nadu)",Karnataka Rail Infrastructure Development Company Limited [K-RIDE],498.7,698.51,88.0,86.0,73.77162,73.77162,CRITICAL
363,Wardha - Yavatmal Nanded Railway Line Project,Central Railways,705497,Maharashtra,Central Railways,3445.34,3608.59,47.0,156.0,73.74863,73.74863,CRITICAL
364,Kalyan Station Precinct Imporvement Project,ministry of housing and urban affairs,701991,Maharashtra,ministry of housing and urban affairs,600.0,492.82,82.0,69.0,73.67582,73.67582,CRITICAL
365,Vadodara Mumbai Expressway Phase II - Pkg XVI [Km. 43.000 to Km. 69.800 of Spur] Amne - Bhoj,National Highways Authority of India [NHAI],618472,Maharashtra,National Highways Authority of India [NHAI],4051.8,905.74,90.7,41.0,73.46488,73.46488,CRITICAL
366,4L of Fazilka to Abohar section of NH-07 including construction of Greenfield Abohar & Fazilka Bypasses,National Highways Authority of India [NHAI],618793,Punjab,National Highways Authority of India [NHAI],1409.88,569.17,60.0,24.0,73.1508,73.1508,CRITICAL
367,Vadodara Mumbai Expressway Talsari to Karvad Phase IB - Pkg X [Km 103.400 to Km 128.000],National Highways Authority of India [NHAI],619064,"Multi-States
(Dadra & Nagar
Haveli and Daman
& Diu, Gujarat,
Maharashtra)",National Highways Authority of India [NHAI],1909.74,671.46,36.23,49.0,73.031204,73.031204,CRITICAL
368,Chandigarh-Baddi New Rail Line- 36 km,Northen Railway [NR],705424,"Multi-States
(Haryana,
Himachal Pradesh)",Northen Railway [NR],1540.0,590.11,43.0,98.0,72.80951,72.80951,CRITICAL
369,4L of Munger Mirzachauki section from Km 157350 to Km 193931 Pkg-4,NHAI,619307,"Multi-States
(Bihar, Jharkhand)",NHAI,1376.56,493.65,91.16,44.0,72.78936,72.78936,CRITICAL
370,PRP-VIII Group B [NH & BS Asset],Ministry of Petroleum & Natural Gas,709849,Offshore,Ministry of Petroleum & Natural Gas,2379.84,2654.5,97.6,22.0,72.725876,72.725876,CRITICAL
371,6L of Kumarajapet to Veera Kaveri Raja Puram from km 43.800 to km 61.380 of NH- 716B Pkg-II,National Highways Authority of India [NHAI],618772,"Multi-States
(Andhra Pradesh,
Tamil Nadu)",National Highways Authority of India [NHAI],702.52,370.57,97.75,30.0,72.613525,72.613525,CRITICAL
372,Nagapattinam-Tiruturaipundi and Karaikal-Peralam New Line,Ministry of Railways,400223,"Multi-States
(Puducherry, Tamil
Nadu)",Ministry of Railways,713.0,635.3,80.0,87.0,72.53839,72.53839,CRITICAL
373,4L of Purulia Bypass section from Km 84.030 to Km 94.345 of NH-32,National Highways Authority of India [NHAI],618910,West Bengal,National Highways Authority of India [NHAI],557.55,468.78,94.12,50.0,72.445526,72.445526,CRITICAL
374,Wardha-Nanded Via Yavatmal New BG Line,Central Railway [CR] - II,400271,Maharashtra,Central Railway [CR] - II,3445.0,3002.93,50.0,216.0,72.3298,72.3298,CRITICAL
375,4 laning of Champa - Korba from km 0.00 to km 38.2,National Highways Authority of India [NHAI],618957,Chhattisgarh,National Highways Authority of India [NHAI],1002.33,780.84,98.75,51.0,72.28725,72.28725,CRITICAL
376,Aligarh -Daud Khan Flyover Construction & 3rd Railway Line Project,CAO/C/NCR,705774,Uttar Pradesh,CAO/C/NCR,758.0,484.51,83.0,67.0,72.25337,72.25337,CRITICAL
377,Sunni Dam Hydro Electric Project [382 MW],Satluj Jal Vidyut Nigam [SJVN] Thermal Limited,611586,Himachal Pradesh,Satluj Jal Vidyut Nigam [SJVN] Thermal Limited,2614.51,1083.85,33.98,39.0,72.14746,72.14746,CRITICAL
378,Bijnor-Kotawali,National Highways Authority of India [NHAI],618925,Uttar Pradesh,National Highways Authority of India [NHAI],300.58,264.54,96.53,53.0,72.114105,72.114105,CRITICAL
379,4L of km 0.00 to km 42.00 of Dobbaspet to Doddaballapura Bypass section of NH-648 old NH-207] [Bangalore Ring Road Pkg 1],National Highways Authority of India [NHAI],618520,Karnataka,National Highways Authority of India [NHAI],1438.74,1051.89,99.2,60.0,71.99523,71.99523,CRITICAL
380,Bakhtiyarpur-Rajauli Pkg-II from km. 54.405 to km.101.630,National Highways Authority of India [NHAI],618861,Bihar,National Highways Authority of India [NHAI],897.45,897.09,97.85,60.0,71.95663,71.95663,CRITICAL
381,4L from Km 147.450 Bhogu to Km 196.870 Sankha on NH-75 Sec-III,National Highways Authority of India [NHAI],618830,Jharkhand,National Highways Authority of India [NHAI],1517.87,991.9,76.95,29.0,71.92022,71.92022,CRITICAL
382,Widening & Strenghteningof section from Bharthana chowk to Kodarkoot km.0.00 to km.40.00 of NH-91-A on EPC mode,MoRTH,618063,Uttar Pradesh,MoRTH,262.37,112.46,92.0,37.0,71.208885,71.208885,CRITICAL
383,Up-gradation of Dhoraji-Jamkandorna-Kalavad Section of NH-927D from Design Chainage km 0/00 to km 58/115 to Two lane with PS configuration in the State of Gujarat on EPC,MoRTH,617906,Gujarat,MoRTH,246.6,0.0,35.0,15.0,71.03118,71.03118,CRITICAL
384,Umagaon-Saharsa Package-V Bakaur-Parsarma-Bangaon-Bariyahi & Spur to Mahishi,NHAI,619166,Bihar,NHAI,768.35,410.55,99.4,28.0,70.90183,70.90183,CRITICAL
385,Satna-Rewa Railway Line Doubling Project,West Central Railway [WCR] - II,705659,Madhya Pradesh,West Central Railway [WCR] - II,500.0,566.56,86.0,104.0,70.84837,70.84837,CRITICAL
386,Simaria Km. 206.050 to Khagaria Km. 266.282,National Highways Authority of India [NHAI],618840,Bihar,National Highways Authority of India [NHAI],664.02,351.77,97.67,114.0,70.711296,70.711296,CRITICAL
387,Dibang Multipurpose Project,National Hydroelectric Power Corporation Limited [NHPC],602182,Arunachal Pradesh,National Hydroelectric Power Corporation Limited [NHPC],31876.39,4593.04,17.43,38.0,70.53771,70.53771,CRITICAL
388,Rehabilitation and upgradation Umaria to Shahdol section of NH-78 from Existing Km. 68/4 to Km. 142/2 to 2LPS including construction of Birshinghpur and Shahdol Bypass on EPC mode under NHDP-IVA,MoRTH,617911,Madhya Pradesh,MoRTH,511.83,0.0,94.5,128.0,70.39595,70.39595,CRITICAL
389,Delhi-Amritsar-Katra Expressway Phase-II Pkg-XIV from Junction with Pathankot- Gurdaspur road NH-54 near Balsua to Junction with Hiranagar Road near village Gurha Baildaran km 423500 to km 468100,National Highways Authority of India [NHAI],619066,"Multi-States
(Jammu and
Kashmir, Punjab)",National Highways Authority of India [NHAI],3044.02,1551.33,83.6,43.0,70.365364,70.365364,CRITICAL
390,4L Access Controlled Greenfield Highway section on NH-163G Khammam Vijayawada from V. Venkatayapalem village at Design Ch. 220.480 Km to BrahmanapalliK village at Design Ch. 250.400 Km Package-I.,National Highways Authority of India [NHAI],618817,Telangana,National Highways Authority of India [NHAI],973.45,227.62,42.15,13.0,70.35428,70.35428,CRITICAL
391,Redevelopment of Linch Field,Oil and Natural Gas Corporation Limited [ONGC],400169,Gujarat,Oil and Natural Gas Corporation Limited [ONGC],631.03,612.97,90.0,60.0,70.21415,70.21415,CRITICAL
392,"Andheri Residential Towers, Mumbai",Ministry of Petroleum & Natural Gas,604833,Maharashtra,Ministry of Petroleum & Natural Gas,281.35,270.49,79.5,106.0,69.95925,69.95925,HIGH
393,Sanchore - Santalpur from km 67.000 - km 99.000 of NH-754K AJ-RGBS-Package-3,National Highways Authority of India [NHAI],618614,Gujarat,National Highways Authority of India [NHAI],752.3,569.43,99.0,56.0,69.93457,69.93457,HIGH
394,4L Greenfield spur from Delhi-Vadodara Greenfield expressway near Bandikui to Jaipur,National Highways Authority of India [NHAI],619063,Rajasthan,National Highways Authority of India [NHAI],1636.15,1205.29,100.0,41.0,69.84317,69.84317,HIGH
395,Kante - Wakad section of NH-66 4L PS from Km.281/300 to 332/200,MoRTH,617948,Maharashtra,MoRTH,1117.75,287.96,90.14,101.0,69.74805,69.74805,HIGH
396,Construction/Up gradation of Existing road to 2 Lane with Paved Shoulder including Geometric Improvement from Ranipool to Pakyong Balance work from Km 2.000 to 16.167 of NH-717-A on EPC basis under SARDP-NE Phase A in the State of Sikkim,NHIDCL,618426,Sikkim,NHIDCL,264.84,0.0,85.15,39.0,69.37036,69.37036,HIGH
397,4L Mitigation Measure structures on CH/MH Border to Wainganga Bridge Section of NH-6 New NH-53,National Highways Authority of India [NHAI],618588,Maharashtra,National Highways Authority of India [NHAI],540.24,464.26,99.79,53.0,69.2623,69.2623,HIGH
398,6L Greenfield Kanpur - Lucknow Expressway Pkg II from km. 28.500 to km. 73.744,National Highways Authority of India [NHAI],618498,Uttar Pradesh,National Highways Authority of India [NHAI],2471.56,1178.84,99.8,41.0,68.771225,68.771225,HIGH
399,Construction of four laning of Bakarpur- Manikpur road section starting from village Chitarsenpur km 0000 and terminating at SH-74 near Manikpur 38814 at NH-139W under Bharatmalapariyona,National Highways Authority of India [NHAI],618790,Bihar,National Highways Authority of India [NHAI],1422.37,273.52,41.0,18.0,68.68505,68.68505,HIGH
400,6L access control Greenfield highway of Vill-Khyawari to Vill-Latifpur at Saharanpur Bypass from Km. 82.000 to Km. 119.790 Pkg-4,National Highways Authority of India [NHAI],618968,Uttar Pradesh,National Highways Authority of India [NHAI],1428.19,1220.87,97.5,43.0,68.50061,68.50061,HIGH
401,Bangalore/TN border to Hoskote,National Highways Authority of India [NHAI],619072,Karnataka,National Highways Authority of India [NHAI],1181.68,799.84,94.72,38.0,68.380486,68.380486,HIGH
402,Arawali Kante section of NH-17New NH-66 4L PS from Km.241/300 to 281/300,MoRTH,617947,Maharashtra,MoRTH,1006.99,0.0,80.06,101.0,68.09457,68.09457,HIGH
403,4L PS from Mandlem Existing Km. 38.000/Design Km.30.600 to Atmakur Existing Km.73.000/Design Km 66.115 of NH340C Package2,National Highways Authority of India [NHAI],618919,Andhra Pradesh,National Highways Authority of India [NHAI],887.28,374.39,99.94,29.0,68.039,68.039,HIGH
404,"4 lanning of Aligarh Palwal section from km 0.00 to km 46.39 package -1 from khereshwar junction-kurana of NH33D , including khair & jattari bypass in the state of UP on HAM mode",National Highways Authority of India [NHAI],618690,Uttar Pradesh,National Highways Authority of India [NHAI],1663.38,534.65,15.75,13.0,68.035065,68.035065,HIGH
405,"Construction of 2-lane with Paved shoulder of Kohima-Bypass Road connecting NH- 39 New NH-02, NH150New NH-02, NH7-61 New NH-29 and NH-39 New NH-02 from Design km 21.000 to km 32.268 [Design length11.268 km] in the state of Nagaland Under SARDP-NE on EPC Mode Package- 3",NHIDCL,618291,Nagaland,NHIDCL,159.85,84.22,37.38,34.0,67.72484,67.72484,HIGH
406,Gadag-Wadi New Railway Line [257 km],South Western Railway [SWR] - II,705490,Karnataka,South Western Railway [SWR] - II,2842.0,1539.51,34.5,104.0,67.64337,67.64337,HIGH
407,"Phase 1B - Construction of Academic Block, Hostel, Residential Tower, Directors Residence and External Development works at National Institute of Technology, Delhi Campus on Engineering, Procurement and Construction basis",National Institute of Technology Delhi,612851,Delhi,National Institute of Technology Delhi,333.49,321.76,99.72,41.0,67.615166,67.615166,HIGH
408,Khammam-Devarapalle Pkg III [4L Access Controlled Greenfield from Chintagudem village to Recherla village Design Chainage 63117 to 105236],National Highways Authority of India [NHAI],618747,"Multi-States
(Andhra Pradesh,
Telangana)",National Highways Authority of India [NHAI],829.5,518.85,98.82,43.0,67.60343,67.60343,HIGH
409,4L PS Divided Carriageway from Patan Near Rajpur to Gojariya From Km 52.000 to Km 128.940 of NH-68,National Highways Authority of India [NHAI],618901,Gujarat,National Highways Authority of India [NHAI],1181.34,876.25,84.7,37.0,67.42554,67.42554,HIGH
410,Construction of 4L Connector from Delhi Meerut Expressway Km 50.000 of Pkg IV to Km 8.520 of NH-235 Pkg-5,National Highways Authority of India [NHAI],618500,Uttar Pradesh,National Highways Authority of India [NHAI],1081.39,419.14,76.0,49.0,67.424255,67.424255,HIGH
411,Rehabilitation and upgradation of NH-221 from km 121/0 to 165/0 Rudrampur to Bhadrachalam section to two lane with paved shoulder under NHDPIV in the state of Telangana through EPC mode,MoRTH,619193,Telangana,MoRTH,295.47,375.14,82.76,134.0,67.3208,67.3208,HIGH
412,Vizianagaram - Titlagarh 3rd line [272 Km including By - pass line of 7.68 KM],RVNL - II,400253,"Multi-States
(Andhra Pradesh,
Odisha)",RVNL - II,4803.0,6211.43,97.0,113.0,67.09834,67.09834,HIGH
413,"Construction of 200 bedded ESIC Hospital with 62 Nos Staff quarters , Beltola",Employee's State Insurance Company [ESIC],612201,Assam,Employee's State Insurance Company [ESIC],143.23,130.08,98.0,54.0,66.90247,66.90247,HIGH
414,Establishment of new GMC Pithoragarh,"Medical Education, Ministry of Health and Family Welfare",707087,Uttarakhand,"Medical Education, Ministry of Health and Family Welfare",325.0,325.08,84.0,36.0,66.631386,66.631386,HIGH
415,4L Greenfield Alignment of Amas to Shivrampur from 0.000 Km. to 55.002 Km. of NH 119 D Pkg-I,National Highways Authority of India [NHAI],618739,Bihar,National Highways Authority of India [NHAI],1390.92,341.86,45.35,37.0,66.537796,66.537796,HIGH
416,Construction of Balance works of Major Bridge over Middle Strait Creek between Km.106.590 to km108.553 of NH-04 connecting South Andaman & Baratang Island in the Union Territory of Andaman & Nicobar Islands on EPC basis,NHIDCL,619186,"Andaman &
Nicobar",NHIDCL,262.96,0.0,12.64,23.0,66.42294,66.42294,HIGH
417,HP-COAT [Crude to Olefins and Aromatics Technology] demo unit at Visakh Refinery,Hindustan Petroleum Corporation Limited,709752,Andhra Pradesh,Hindustan Petroleum Corporation Limited,160.0,135.52,91.6,55.0,66.38394,66.38394,HIGH
418,Rajasthan Refinery Project,MinistryofPetroleumNaturalGas,701263,Rajasthan,MinistryofPetroleumNaturalGas,43129.0,69202.21,91.9,102.0,65.905045,65.905045,HIGH
419,Haldia Panagarh Pipeline Project,Hindustan Petroleum Corporation Limited,709753,West Bengal,Hindustan Petroleum Corporation Limited,1010.0,846.32,95.0,41.0,65.85477,65.85477,HIGH
420,4L of Moradabad western side spur connecting NH-734 & NH-24 from Km. 0.000 to Km. 33.200 Pkg-I,National Highways Authority of India [NHAI],618929,Uttar Pradesh,National Highways Authority of India [NHAI],1841.92,982.74,76.9,31.0,65.38209,65.38209,HIGH
421,Mobile connectivity in Left Wing Extremism [LWE] affected areas-Phase2,Department of Telecommunications [DoT],701599,"Multi-States
(Andhra Pradesh,
Bihar,
Chhattisgarh,
Jharkhand,
Madhya Pradesh,
Maharashtra,
Odisha,
Telangana, Uttar
Pradesh, West
Bengal)",Department of Telecommunications [DoT],1577.57,701.66,88.0,55.0,65.24703,65.24703,HIGH
422,Amritsar Bypass Pkg III from km. 71.496 to km. 105.158,National Highways Authority of India [NHAI],618795,Punjab,National Highways Authority of India [NHAI],1474.77,866.12,81.05,44.0,64.828995,64.828995,HIGH
423,"Construction of Permanent Campus for IIM Jammu Phase-1 at Jagti, Nagrota, Jammu, J&K","Indian Institute of Management, Jammu",602098,"Jammu and
Kashmir","Indian Institute of Management, Jammu",424.93,484.52,96.0,66.0,64.665436,64.665436,HIGH
424,Rehablitation in Junavadaj Area Smart City Project,ministry of housing and urban affairs,701719,Gujarat,ministry of housing and urban affairs,539.0,599.76,98.5,118.0,64.52164,64.52164,HIGH
425,Development of Chiloda - Gandhinagar- Sarkhej ofNH-147 Package -II,MoRTH,617977,Gujarat,MoRTH,211.28,0.0,99.55,89.0,64.50398,64.50398,HIGH
426,Construction of four lane highway with paved shoulder from Km.74.700 to Km.112.950 of NH-731A i/c Yamuna Bridge on HAM in the state of Uttar Pradesh.,MoRTH,618164,Uttar Pradesh,MoRTH,1141.67,0.0,85.0,22.0,64.346985,64.346985,HIGH
427,Murkongselek-Pasighat,Northeast Frontier Railway [NFR] - II,705401,"Multi-States
(Arunachal
Pradesh, Assam)",Northeast Frontier Railway [NFR] - II,435.0,853.0,68.0,37.0,63.916283,63.916283,HIGH
428,Multi tracking of Son Nagar-Andal 374.53 rkm & 814.38 tkm,East Central Railway [ECR] - I,616699,"Multi-States
(Bihar, Jharkhand)",East Central Railway [ECR] - I,12333.57,816.82,17.5,32.0,63.772995,63.772995,HIGH
429,Green Building Development Project,ministry of housing and urban affairs,701766,Uttarakhand,ministry of housing and urban affairs,150.97,54.01,40.0,80.0,63.616096,63.616096,HIGH
430,6L access control Greenfield highway of Vill-Lohadda to Vill-Karaunda Mahajan from Km. 27.000 to Km. 56.500 Pkg-2,National Highways Authority of India [NHAI],618970,Uttar Pradesh,National Highways Authority of India [NHAI],1335.45,1016.38,92.89,43.0,63.267284,63.267284,HIGH
431,"Construction of 4/6 lane Highway of Southern Bareilly Bypass, starting at Ch. 237000 of NH 530 near Jhumka chauraha, Dhantiya village and ending at Ch. 267000 of NH 30 near Invertis University including Trumpet Interchange",National Highways Authority of India [NHAI],618869,Uttar Pradesh,National Highways Authority of India [NHAI],1122.02,129.68,10.21,4.0,62.766075,62.766075,HIGH
432,Ara - Mohania Pkg-II,National Highways Authority of India [NHAI],618774,Bihar,National Highways Authority of India [NHAI],984.63,798.12,100.0,63.0,62.760483,62.760483,HIGH
433,"Improvement and Up-gradation to two Lane with Paved Shoulder/Four Lane configuration from existing Km 130.000 to Km 191.000 design km 131.500 to Km 188.735, Design length 57.235 Km of NH-227A near Barhalganj to Mehrauna Ghat in the state of Uttar Pradesh on Hybrid Annuity Model HAM basis",MoRTH,618252,Uttar Pradesh,MoRTH,974.19,0.82,48.0,17.0,62.75397,62.75397,HIGH
434,CBR 9 MMTPA Project,Chennai Petroleum Corporation Limited [CPCL],604795,Tamil Nadu,Chennai Petroleum Corporation Limited [CPCL],31580.0,1570.83,10.2,55.0,62.523716,62.523716,HIGH
435,Jogbani-Biratnagar New Rail Line project,Indian Railway Construction International Limited [IRCON],705450,Bihar,Indian Railway Construction International Limited [IRCON],402.0,369.28,86.26,183.0,62.502605,62.502605,HIGH
436,Construction of New Double Tier 4L Elevated Corridor from Chennai Port to Maduravoyal in Chennai District from km -0.342 to Km 20.593 and Package IV from Km 14.185 to Km 20.593,National Highways Authority of India [NHAI],619045,Tamil Nadu,National Highways Authority of India [NHAI],1205.4,62.01,7.91,29.0,62.365692,62.365692,HIGH
437,AIIMS Kashmir at Awantipora Jammu & Kashmir,PMSSY AND Institute of NATIONAL Importance,701167,"Jammu and
Kashmir",PMSSY AND Institute of NATIONAL Importance,1828.0,1545.05,76.0,85.0,62.306797,62.306797,HIGH
438,Widening with additional 3L abetting Chhapra Bypass Section of NH-19 from Km. 143.200 to Km. 159.255 Pkg-1,National Highways Authority of India [NHAI],618905,Bihar,National Highways Authority of India [NHAI],470.5,243.02,68.87,20.0,62.04725,62.04725,HIGH
439,Conversion of Partially Excavated Escape Tunnel to Uni-Directional 2L Tunnelincluding construction of cross passages and approach roads on either side of the tunnel from Km 12.732 to Km 14.568 of Kiratpur to Nerchowk Section of NH-21,National Highways Authority of India [NHAI],618849,Chhattisgarh,National Highways Authority of India [NHAI],444.21,394.65,100.0,43.0,61.978104,61.978104,HIGH
440,"Construction of Bypass to Madurai Achambathu Viratipathu in between km 6/850 10/382 of NH 49 Extn New NH 85 including Land Acquisition on Engineering, Procurement & Construction EPC basis Contract under NH O Annual Plan 2021-22 in the state of Tamil Nadu job No.NH-49 Extn New NH 85 - TN-2021-22-997",MoRTH,617962,Tamil Nadu,MoRTH,238.97,119.33,93.0,19.0,61.705666,61.705666,HIGH
441,4L of Urga - Pathalgaon from Km. 70.200 to km. 157.745 of NH-130A,National Highways Authority of India [NHAI],618640,Chhattisgarh,National Highways Authority of India [NHAI],2261.3,939.34,72.77,26.0,61.516537,61.516537,HIGH
442,4L of Mehgama - Hansdiha from km. 41.900 to km. 93.000 of NH -133A Pkg-II,National Highways Authority of India [NHAI],618946,Jharkhand,National Highways Authority of India [NHAI],1479.72,878.2,99.5,35.0,61.46554,61.46554,HIGH
443,6L of Ambala-Chandigarh greenfield section from Km. 0.000 to Km. 25.000 with 4L spur to Lalru from Km. 0.000 to Km. 5.828 & spur to PR-7 road from Km. 0.000 to Km. 11.157,National Highways Authority of India [NHAI],619134,"Multi-States
(Haryana, Punjab)",National Highways Authority of India [NHAI],1641.66,552.95,80.65,30.0,61.167854,61.167854,HIGH
444,4L Access Controlled Greenfield Highway section on NH-163G Khammam Vijayawada from BrahmanapalliK village at Design Ch. 250.400 Km to Remidicherla village at Design Ch. 280.200 KmPackage-II,National Highways Authority of India [NHAI],619143,"Multi-States
(Andhra Pradesh,
Telangana)",National Highways Authority of India [NHAI],826.01,69.29,22.08,13.0,61.036556,61.036556,HIGH
445,"Construction of 2-Lane with paved shoulder of Kohima-Bypass Road connecting NH- 39New NH-02, NH-150New NH-02, NH-61New NH-29 and NH-39New NH-02 from design Km 0.00 to Km 10.500 in the State of Nagaland under SARDP-NE on EPC Mode Package-1 -Balance work",NHIDCL,618293,Nagaland,NHIDCL,232.29,12.48,25.61,29.0,61.01659,61.01659,HIGH
446,4L PS bijni to mandi section from Km 202.815 to Km 208.000 of NH-20 New NH-154 of Pathankot-Mandi Package-VB,National Highways Authority of India [NHAI],618881,Himachal Pradesh,National Highways Authority of India [NHAI],1113.02,335.79,27.8,13.0,60.99158,60.99158,HIGH
447,Baranagar-Barrackpore and Dakshineshwar- Construction of Metro Railway,RVNL - II,706777,West Bengal,RVNL - II,2298.0,393.02,17.0,193.0,60.970295,60.970295,HIGH
448,Kashedi ghat tunnel NH-66 [Bhogaon Khurd - Kashedi section] 4 lanes under NHDP on EPC mode,MoRTH,617944,Maharashtra,MoRTH,680.43,0.0,98.37,90.0,60.95214,60.95214,HIGH
449,Delhi-Amritsar-Katra Expressway Phase-I Pkg-X from Jn. with Jalandhar - Moga road NH-703 to Jn. with Jalandhar-Kapurthala road NH-703A and to Jn. with Kapurthala - Sultanpur Lodhi road NH-703A km 000 to km 24000 to Amritsar connectivity,National Highways Authority of India [NHAI],618490,Punjab,National Highways Authority of India [NHAI],2177.54,1004.28,62.99,45.0,60.94708,60.94708,HIGH
450,"Improvement and Up-Gradation of Existing Road to 4L PS from Km 123.650 to 175.080, from Start of Shahabad Bypass to End of Hardoi bypass of NH 731 Pkg-2B",National Highways Authority of India [NHAI],618856,Uttar Pradesh,National Highways Authority of India [NHAI],1101.79,346.55,63.51,29.0,60.596443,60.596443,HIGH
451,ALL India Institute of Medical Sciences-AIIMS Madurai,PMSSY AND Institute of NATIONAL Importance,701168,Tamil Nadu,PMSSY AND Institute of NATIONAL Importance,1264.0,485.02,48.0,88.0,60.532814,60.532814,HIGH
452,"Construction of four-lane elevated viaduct from km.4634 to km.6345 on NH-24A including Retaining wall, service lane, at grade road and improvement of junctions, on EPC mode",MoRTH,618008,Uttar Pradesh,MoRTH,185.09,175.09,100.0,49.0,60.44659,60.44659,HIGH
453,Construction of Trumpet Interchange Connecting Bangalore Chennai Expressway km.261705 to km. 262800 with Maduravoyal to Walajapet Section of NH 48 near Sriperumbudur Toll Plaza at km. 35700,National Highways Authority of India [NHAI],618480,Tamil Nadu,National Highways Authority of India [NHAI],162.55,43.1,24.13,26.0,60.354465,60.354465,HIGH
454,"Balance works of four lane from km 43.950 Thiruvallur Bypass to km 61.470 Veppampattu Bypass passing through Thannerkulam, Thozur and Sevapet Bypass 17.520 kms of Tirupathi- Tiruttani- Chennai section of NH 205",National Highways Authority of India [NHAI],619222,Tamil Nadu,National Highways Authority of India [NHAI],467.99,450.86,97.92,43.0,60.293682,60.293682,HIGH
455,Rehabilitation and Up-gradation of Thimmapuram to Gurajanapalli section from Km 26/150 to Km 41/161 of NH - 214 New NH - 216 to two lane with paved shoulder in the state of Andhra Pradesh under NHDP-IV,MoRTH,618238,Andhra Pradesh,MoRTH,350.61,233.92,98.2,111.0,60.282715,60.282715,HIGH
456,"Nabinagar Super Thermal Power Project, Stage-II [3x800 MW]",National Thermal Power Corporation [NTPC],619051,Bihar,National Thermal Power Corporation [NTPC],29948.0,2676.55,10.17,13.0,60.16247,60.16247,HIGH
457,Rehabilitation and upgradation to four lane road from km 70.500 to km 78.600 of NH- 92 under EPC mode in the State of Uttar Pradesh,MoRTH,617963,Uttar Pradesh,MoRTH,296.02,0.0,35.0,15.0,60.15728,60.15728,HIGH
458,"Construction of 4-lane flyover at Amberpet-X road, Hyderabad on NH-202 in the State of Telangana",MoRTH,618001,Telangana,MoRTH,216.53,154.05,92.1,58.0,60.022175,60.022175,HIGH
459,Khammam-Devarapalle Pkg II [4L Access Controlled Greenfield from Somavaram village to Chintagudem village Design Chainage 33604 to 63117],National Highways Authority of India [NHAI],619128,Telangana,National Highways Authority of India [NHAI],615.78,431.67,98.02,43.0,59.733383,59.733383,HIGH
460,Trichy 135.800 to Karur 218.000 section of NH-67 - Trichy Bypass,National Highways Authority of India [NHAI],618743,Tamil Nadu,National Highways Authority of India [NHAI],876.88,66.59,100.0,225.0,59.58108,59.58108,HIGH
461,6L Minor Bridge Paloli Palam at km. 203.160 & Major Bridge Morad at km. 204.895 and allied works,National Highways Authority of India [NHAI],618598,Kerala,National Highways Authority of India [NHAI],210.0,77.9,100.0,64.0,59.545654,59.545654,HIGH
462,Goa / Karnataka Km.93.700 to Kundapur Km.283.30,National Highways Authority of India [NHAI],619096,Karnataka,National Highways Authority of India [NHAI],1644.92,329.44,97.8,145.0,59.523678,59.523678,HIGH
463,Nimach-Badi Sadri New Rail Line Project,Western Railway [WR] - II,705764,"Multi-States
(Madhya Pradesh,
Rajasthan)",Western Railway [WR] - II,495.0,261.69,60.0,55.0,59.45056,59.45056,HIGH
464,Doubling of Kottavalasa-Koraput Rail Line [189 KM],East Coast Railway [ECoR] - II,705512,"Multi-States
(Andhra Pradesh,
Odisha)",East Coast Railway [ECoR] - II,2500.0,2163.97,73.0,123.0,59.260605,59.260605,HIGH
465,Tubed Coal Mine,Damodar Valley Corporation,400192,Jharkhand,Damodar Valley Corporation,1581.0,601.03,36.0,114.0,58.971004,58.971004,HIGH
466,Redevelopment of Santhal Field [Onshore-Mehsana Asset],Oil and Natural Gas Corporation Limited [ONGC],400167,Gujarat,Oil and Natural Gas Corporation Limited [ONGC],1162.56,1152.51,95.9,110.0,58.923275,58.923275,HIGH
467,6L Access Controlled Greenfield Highway of Nandinne village to Julekal village from Km 202.900 to Km 242.200 Pkg-1,National Highways Authority of India [NHAI],618632,"Multi-States
(Karnataka,
Telangana)",National Highways Authority of India [NHAI],972.06,408.4,90.13,39.0,58.654057,58.654057,HIGH
468,Development of 4L Road from Samarlakota to Achampeta Junction as part of Kakinada Port Connectivity to NH-16 Rajanagaram Junction in East Godavari District,National Highways Authority of India [NHAI],618803,Andhra Pradesh,National Highways Authority of India [NHAI],645.63,595.09,90.5,32.0,58.48369,58.48369,HIGH
469,Araria Supaul New BG Line,East Central Railway [ECR] - I,705368,Bihar,East Central Railway [ECR] - I,1605.0,1711.89,46.7,205.0,58.46066,58.46066,HIGH
470,"Upgradation of Keonchi - Ratanpur Road of NH 45 Package-I, from design chainage km 237.860 to km 273.200 of length 35.340 km to two lane with paved shoulders under Corridor scheme on EPC mode in the state of Chhattisgarh.",MoRTH,618015,Chhattisgarh,MoRTH,225.41,63.38,55.0,21.0,58.255535,58.255535,HIGH
471,Construction of Additional Tankages and Allied Facilities at JNPT Terminal,MinistryofPetroleumNaturalGas,709780,Maharashtra,MinistryofPetroleumNaturalGas,341.43,300.5,70.9,48.0,57.850636,57.850636,HIGH
472,Construction of missing link from Birhu to Lathiani from Km 35/550 Design chainage Km 0.000 to Km 42/800 Design Chainage Km 8.153on NH-503A including Lathiani Bridge on back water of Govindsagar and its approaches in Himachal Pradesh.,MoRTH,618253,Himachal Pradesh,MoRTH,870.95,0.0,0.0,1.0,57.595093,57.595093,HIGH
473,Rajnandgaon - Nagpur [Kalumna] Third Railway Line [228.30 km],South East Central Railway [SECR] - II,705617,"Multi-States
(Chhattisgarh,
Maharashtra)",South East Central Railway [SECR] - II,3545.0,3639.58,96.0,112.0,57.444183,57.444183,HIGH
474,Numaligarh Refinery Expansion Project,Ministry of Petroleum & Natural Gas,604791,Assam,Ministry of Petroleum & Natural Gas,12366.0,19522.33,84.6,69.0,57.441788,57.441788,HIGH
475,4L of Ratnagiri - Kolhapur section of NH-166 from km 0.000 to km 19.769 and km 31.000 to km 67.140 Pkg I,National Highways Authority of India [NHAI],619149,Maharashtra,National Highways Authority of India [NHAI],1774.03,749.83,93.75,41.0,57.381256,57.381256,HIGH
476,4L Poanta SahebMednipur from Km. 435.65 to km. 458.65 of NH-07Pkg-1,NHAI,619291,"Multi-States
(Himachal
Pradesh,
Uttarakhand)",NHAI,524.54,253.88,94.25,35.0,57.28407,57.28407,HIGH
477,Talcher-Bimlagarh New Railway Line,East Coast Railway [ECoR] - II,705359,Odisha,East Coast Railway [ECoR] - II,1928.0,2120.08,56.0,256.0,56.982086,56.982086,HIGH
478,Yeshvanthpur - Channasandra Doubling Project [21.70 Km],Karnataka Rail Infrastructure Development Company Limited [K-RIDE],703585,Karnataka,Karnataka Rail Infrastructure Development Company Limited [K-RIDE],314.1,171.0,56.5,78.0,56.976364,56.976364,HIGH
479,Augmentation/Revamping of Facilities at existing Guwahati Terminal at Betkuchi,MinistryofPetroleumNaturalGas,709776,Assam,MinistryofPetroleumNaturalGas,277.0,226.36,81.2,48.0,56.946236,56.946236,HIGH
480,4L Greenfield Alignment from Kalyanapur to Tal Dashraha of NH-119D Pkg-III,NHAI,618741,Bihar,NHAI,1857.58,416.74,32.17,38.0,56.918983,56.918983,HIGH
481,4L of existing Beas Baba Bakala - Dera Baba Nanak Section from start of Batala Bypass till intersection with Ajnala Gurdaspur Highway NH 354 near Dera Baba Nanak from Km. 31.300 to Km. 69.100 with Additional batala Bypass Pkg-II,National Highways Authority of India [NHAI],618810,Punjab,National Highways Authority of India [NHAI],1003.38,590.84,78.99,34.0,56.33935,56.33935,HIGH
482,4L Access Controlled Greenfield Highway section on NH163G Warangal-Khammam from Oorugonda village in Hanamkonda District at Design Ch. 112.240 Km to Venkatpur village in Warangal District at Design Ch. 150.240 KmPackage-I,National Highways Authority of India [NHAI],618814,Telangana,National Highways Authority of India [NHAI],1142.6,65.67,0.0,10.0,55.418907,55.418907,HIGH
483,Indore - Harda Pkg-II [Raghavgarh to Nanasa from km. 29.30 to km. 92.30],National Highways Authority of India [NHAI],619114,Madhya Pradesh,National Highways Authority of India [NHAI],1081.51,356.17,40.25,25.0,55.347816,55.347816,HIGH
484,Pottangi Bauxite Mines Project,National Aluminium Company Limited [NALCO],400299,Odisha,National Aluminium Company Limited [NALCO],1381.0,770.08,52.1,95.0,54.840504,54.840504,HIGH
485,6L of Agra Bypass Northern connecting Km. 174.500 of NH-2 new NH-19 to Km. 141.000 of Yamuna Expressways,National Highways Authority of India [NHAI],618553,Uttar Pradesh,National Highways Authority of India [NHAI],957.62,758.4,99.7,38.0,54.713303,54.713303,HIGH
486,Saturation 4G mobile coverage of Uncovered Villages through USOF,Department of Telecommunications [DoT],400013,PAN India,Department of Telecommunications [DoT],26316.0,9791.8,84.0,45.0,54.52349,54.52349,HIGH
487,Up-gradation to two lane with paved shoulder configuration of NH-354 Section Arifkes- Ferozepur-Muktsar-Malaut from Km 201.500 to Km 212.500 & Km 229.690 to Km 269.960 and strengthening of existing pavement from Km 212.500 to Km 229.690 excluding Km 218.500 to 223.690 of NH-354 on EPC Mode in the State of Punjab. Job No. NH-354-PB-2020-21-532,MoRTH,618024,Punjab,MoRTH,263.19,0.0,83.0,30.0,54.388382,54.388382,HIGH
488,4L from km 0.000 to 42.040 Bhopal Ratnaigiri Tiraha to Vidisha Morikodi,National Highways Authority of India [NHAI],618661,Madhya Pradesh,National Highways Authority of India [NHAI],1032.3,44.78,8.96,5.0,54.379612,54.379612,HIGH
489,Balance work of 4L of NarimbangloJatinga Junction- Harangajoroad section from Km 0.000 to Km 49.230 of NH-27,NHAI,619089,Assam,NHAI,1909.98,1307.33,93.08,39.0,54.332428,54.332428,HIGH
490,Boridand - Ambikapur Doubling Line Project,South East Central Railway [SECR] - II,706854,Chhattisgarh,South East Central Railway [SECR] - II,1376.0,258.97,27.0,48.0,54.20775,54.20775,HIGH
491,KG-DWN-98/2 Cluster - II Development Project - NELP Block,Oil and Natural Gas Corporation Limited [ONGC],400120,Andhra Pradesh,Oil and Natural Gas Corporation Limited [ONGC],34012.0,33006.7,96.5,121.0,54.01233,54.01233,HIGH
492,4 Laning with PS of Pathrapalli-Katghora km 53.3 to km 92.6 Pkg-II of Bilaspur Kathghora,National Highways Authority of India [NHAI],619167,Chhattisgarh,National Highways Authority of India [NHAI],865.1,587.68,93.1,64.0,53.90079,53.90079,HIGH
493,"Development of Dholera International Greenfield Airport , Gujarat",701126,N04000099,Gujarat,Airport Authority of India [AAI],1305.0,896.82,82.0,45.0,53.84466,53.84466,HIGH
494,Construction & Upgradation of existing road to 2-lane with paved shoulder from km27.200 End of Rongli bypass to km37.600New Rolep Bridge of Rhenok-Menla spur NH-717B on EPC Mode under SARDP-NE Phase-A in Sikkim Pkg-II B,NHIDCL,618449,Sikkim,NHIDCL,230.45,0.0,80.46,66.0,53.807278,53.807278,HIGH
495,Indore - Edlabad Pkg-II [Tejajinagar to Balwara],National Highways Authority of India [NHAI],618621,Madhya Pradesh,National Highways Authority of India [NHAI],1162.8,527.99,84.8,39.0,53.565292,53.565292,HIGH
496,2L PS of Hinotiya-Mehulwa section of NH-346 from Km. 27.000 to Km 75.700 Vidisha Mehulwa-Talbehat Pkg-II Section of NH- 346,National Highways Authority of India [NHAI],618751,Madhya Pradesh,National Highways Authority of India [NHAI],581.65,243.28,69.04,31.0,53.563507,53.563507,HIGH
497,Bodhre - Dhule,National Highways Authority of India [NHAI],618693,Maharashtra,National Highways Authority of India [NHAI],1344.78,791.69,97.69,51.0,53.131073,53.131073,HIGH
498,Hospet - Chitradurga from km. 299.00 to km. 418.750,National Highways Authority of India [NHAI],619144,Karnataka,National Highways Authority of India [NHAI],1519.72,36.36,100.0,122.0,53.118015,53.118015,HIGH
499,Mumbai Nagpur Jharsuguda Pipeline Project,Ministry of Petroleum & Natural Gas,701354,"Multi-States
(Chhattisgarh,
Madhya Pradesh,
Maharashtra,
Odisha)",Ministry of Petroleum & Natural Gas,7844.25,7070.1,98.9,70.0,53.101463,53.101463,HIGH
500,6L from Belgaum to Sankeshwar Bypass from Km. 515.000 to Km. 555.017 of NH-48 Pkg-I,National Highways Authority of India [NHAI],618515,"Multi-States
(Karnataka,
Maharashtra)",National Highways Authority of India [NHAI],1479.3,1178.11,100.0,42.0,52.888752,52.888752,HIGH
501,4L of Gola-BokaroJaina More section from Km 53.600 to Km 21.110 of NH-320PKG-1,National Highways Authority of India [NHAI],618645,Jharkhand,National Highways Authority of India [NHAI],1007.97,437.79,78.1,34.0,52.886562,52.886562,HIGH
502,4L from km 196.87 Sankha to km 219.6 Khajuri on NH-75 [Rehla / Garhwa Bypass],National Highways Authority of India [NHAI],618829,Jharkhand,National Highways Authority of India [NHAI],1129.48,527.11,93.45,54.0,52.608578,52.608578,HIGH
503,Greenfield connectivity from Govindsar village on Delhi Amritsar Katra Expressway to Talwara village on NH-44 Pathankot by-pass,National Highways Authority of India [NHAI],618551,Punjab,National Highways Authority of India [NHAI],666.81,48.07,24.75,9.0,51.969456,51.969456,HIGH
504,4L of Indore - Boregaon Pkg-III [Balwara to Dhangaon] from km. 42.260 to km. 82.660 of NH347BG & 753L,National Highways Authority of India [NHAI],618622,Madhya Pradesh,National Highways Authority of India [NHAI],1001.69,698.97,89.0,48.0,51.80143,51.80143,HIGH
505,Satna Sewerage Management and Treatment Infrastructure Project,Ministry of Housing & Urban Affairs,702808,Madhya Pradesh,Ministry of Housing & Urban Affairs,191.56,200.32,96.0,112.0,51.357414,51.357414,HIGH
506,Jagdalpur-Koraput,East Coast Railway [ECoR] - II,705511,"Multi-States
(Chhattisgarh,
Odisha)",East Coast Railway [ECoR] - II,1547.0,1379.69,94.46,121.0,51.10821,51.10821,HIGH
507,"500 KTA PDHPP Project, Usar",Ministry of Petroleum & Natural Gas,400168,Maharashtra,Ministry of Petroleum & Natural Gas,8797.0,8003.66,90.7,60.0,51.071907,51.071907,HIGH
508,Kottankulangara- Start of Kollam Bypass,National Highways Authority of India [NHAI],618607,Kerala,National Highways Authority of India [NHAI],2842.14,895.86,73.89,48.0,50.896557,50.896557,HIGH
509,Vadape to Thane from km 539.202 to km 563.000 section of NH-3 new NH-848,National Highways Authority of India [NHAI],619203,Maharashtra,National Highways Authority of India [NHAI],1252.92,482.26,76.6,87.0,50.85963,50.85963,HIGH
510,6L of existing 4L from Gundlapochampally to Bowenpally from km 471.300 to km 481.331 of NH-44,National Highways Authority of India [NHAI],618559,Telangana,National Highways Authority of India [NHAI],521.53,256.53,50.5,44.0,50.625294,50.625294,HIGH
511,6L of Varadharajula to Kumarajapet from km 0.000 to km 43.800 of NH-716B Pkg-I,National Highways Authority of India [NHAI],618771,"Multi-States
(Andhra Pradesh,
Tamil Nadu)",National Highways Authority of India [NHAI],1924.75,947.66,99.19,40.0,50.027805,50.027805,HIGH
512,Petrochemical and Lube Integration Project at Gujarat Refinery,Ministry of Petroleum & Natural Gas,701329,Gujarat,Ministry of Petroleum & Natural Gas,18936.0,13579.35,88.3,67.0,49.95167,49.95167,MEDIUM
513,Construction of 4-lane connectivity to Banbasa ICP at India Nepal border from NH-09 old NH-125 Sitarganj-Tanakpur at Km 40.00 near Jagbuda bridge under Bharatmala Priyojana of NH-109D on EPC mode in the State of Uttarakhand,National Highways Authority of India [NHAI],619142,Uttarakhand,National Highways Authority of India [NHAI],216.97,161.97,75.24,37.0,49.819836,49.819836,MEDIUM
514,Jhansi - Bina Third Railway Line [153 Km],CAO/C/NCR,705598,"Multi-States
(Madhya Pradesh,
Uttar Pradesh)",CAO/C/NCR,2002.0,1939.11,96.0,97.0,49.745758,49.745758,MEDIUM
515,Revamping/ Augmentation of facilities at existing port terminal at Mangalore,Ministry of Petroleum & Natural Gas,709774,Karnataka,Ministry of Petroleum & Natural Gas,463.0,302.1,83.0,51.0,49.30495,49.30495,MEDIUM
516,Lara Super Thermal Power Project Stage-II [2 x 800 MW],National Thermal Power Corporation [NTPC],611930,Chhattisgarh,National Thermal Power Corporation [NTPC],15530.0,4787.3,28.6,32.0,49.016087,49.016087,MEDIUM
517,6L access-controlled highway from Ganeshpur tonear Mohand of Ganeshpur Dehradun section from Km.0 to Km.8.3 of NH-72A Package-1,NHAI,619308,Uttar Pradesh,NHAI,836.24,808.7,98.92,54.0,48.56622,48.56622,MEDIUM
518,Construction & upgradation of existing road to 2-lane with paved shoulder including geometric improvement of sect. from Pedong bypass to Reshi Border km 79.700 to km 96.254 of NH-717A under SARDP-NE-A on EPC as part of Alternate connectivity to Gangtok Lava More-Reshi Border Pkg-VB,NHIDCL,618429,West Bengal,NHIDCL,345.38,395.8,94.71,66.0,47.916622,47.916622,MEDIUM
519,Development to 4/6-lanning of NH-31 New NH-10 with both side service roads from km 569.258 to km 581.030 end of AH-02 project on NH- 31 near Shivmandir to Sevoke Army Cantonment in districts of Darjeeling and Jalpaiguri in the state of West Bengal on EPC Mode Job No. 010/WB/2021-22/490,MoRTH,618227,West Bengal,MoRTH,995.04,456.48,71.03,37.0,47.679287,47.679287,MEDIUM
520,Sattanathapuram to Nagapattinam from Km 123.800 to Km 179.555,National Highways Authority of India [NHAI],618847,"Multi-States
(Puducherry, Tamil
Nadu)",National Highways Authority of India [NHAI],2899.77,1201.6,82.3,66.0,47.155888,47.155888,MEDIUM
521,4L Access Controlled Greenfield Highway Section Mancherial Warangal from Pangidipalle village at Design Ch. 72.350 Km to Oorugonda village at Design Ch. 112.240 KmPackage-III,National Highways Authority of India [NHAI],618811,Telangana,National Highways Authority of India [NHAI],1183.71,83.68,0.0,10.0,47.04205,47.04205,MEDIUM
522,Widening to 2 Lanes with paved shoulders from Km.87/000 to 133/720 Nattukal to Thanau Jn. in Palakkad of NH-966 Old NH-213 on EPC mode Basis under NHO Annual Plan 2016-17 in the state of Kerala,MoRTH,618070,Kerala,MoRTH,294.28,0.0,98.0,104.0,46.710564,46.710564,MEDIUM
523,4L of Najibabad Bypass from Km. 105.423 to Km. 118.373 excluding 2.45 Km. of NH- 74 Bypass of NH-119,National Highways Authority of India [NHAI],619162,Uttar Pradesh,National Highways Authority of India [NHAI],578.02,438.87,100.0,40.0,46.25883,46.25883,MEDIUM
524,4L Bangalore-Chennai Expressway from Km. 230.000 to Km. 261.705 of Kanchepuram to Sriperumbudur Section Phase-III/Package-IV,National Highways Authority of India [NHAI],618481,Tamil Nadu,National Highways Authority of India [NHAI],3605.73,903.19,83.45,45.0,45.984272,45.984272,MEDIUM
525,"Improvement/construction of existing CL-5 Road to NH Intermediate lane specification with hard shoulder from Km 166.000 to 203.77 net Length 37.770 kms of NH-505 Sumdo-Kaza-Gramphoo road in the state of Himachal Pradesh on EPC mode under project Deepak, BRO",MoRTH,618215,Himachal Pradesh,MoRTH,274.36,0.0,22.26,22.0,45.737675,45.737675,MEDIUM
526,Dharampuri-Lonand from km. 117.00 to 166.40 Pkg-IV on Mohol-Alandi Section,National Highways Authority of India [NHAI],619210,Maharashtra,National Highways Authority of India [NHAI],1411.71,1047.19,97.4,55.0,45.437138,45.437138,MEDIUM
527,Realignment of NH-717A from Design Ch.0.00 Km 77.800 of NH-10 to Design Ch.2.00 Km 3.100 of NH-717A with two lane paved shoulder including Major Bridge of 680 m in the State of Sikkim on EPC Mode-COS work,NHIDCL,618428,Sikkim,NHIDCL,264.84,61.11,97.57,60.0,44.959457,44.959457,MEDIUM
528,Transmission Network Expansion in Gujarat to increase its ATC from ISTS Part B,Power Grid Corporation of India Limited [POWERGRID],400005,"Multi-States
(Dadra & Nagar
Haveli and Daman
& Diu, Gujarat,
Maharashtra)",Power Grid Corporation of India Limited [POWERGRID],4546.26,4528.07,99.9,45.0,44.91327,44.91327,MEDIUM
529,Rajkot - Kanalus Doubling Project [111.2 Kms],Western Railway WR - II,706763,Gujarat,Western Railway WR - II,1080.58,952.06,81.0,52.0,44.873043,44.873043,MEDIUM
530,Construction work of 4-laning of Shahganj bypass end to Badi Package-IV of NH-146B from design km 102.000 to design km 142.357 Design length 40.357 km,National Highways Authority of India [NHAI],618963,Madhya Pradesh,National Highways Authority of India [NHAI],784.14,317.58,42.83,13.0,44.86188,44.86188,MEDIUM
531,Construction of 2 laning with Hard shoulder of Peren-Dimapur section on NH 129A from Design Km 146.208 to Km 163.592 Length- 17.384 km in the state of Nagaland on EPC mode under NHO-TSP Package-III,NHIDCL,618413,Nagaland,NHIDCL,177.77,0.0,93.37,34.0,44.842415,44.842415,MEDIUM
532,JAYANT EXPN. [20 TO 38 MTPA],Northern Coalfields Limited [NCL],619032,Madhya Pradesh,Northern Coalfields Limited [NCL],25560.48,126.68,1.32,14.0,44.513706,44.513706,MEDIUM
533,Bridge over Ganga River at d/s of Farraka Barrage including Approaches connecting Farakka-Raiganj,National Highways Authority of India [NHAI],618825,West Bengal,National Highways Authority of India [NHAI],622.04,340.02,96.17,88.0,44.328075,44.328075,MEDIUM
534,Tindivanam-Nagari New Line Project [184.5 km],Ministry of Railways,400275,"Multi-States
(Andhra Pradesh,
Tamil Nadu)",Ministry of Railways,3631.0,1259.7,16.5,210.0,43.996056,43.996056,MEDIUM
535,"Construction of Elevated corridor from Km. 135.650 to 136.300 on 63, from Km. 249 to Km. 250.050 on old NH-4 and from Km. 192.910 to Km. 193.350 on NH-218 from decongestion of traffic in Ranichennamma circle in Hubli city in the state of Karnataka on EPC basis",MoRTH,617935,Karnataka,MoRTH,298.0,167.23,52.0,58.0,43.98389,43.98389,MEDIUM
536,4L of Sahibganj - Manihari Ganga Bridge including Manihari Bypass,National Highways Authority of India [NHAI],618952,"Multi-States
(Bihar, Jharkhand)",National Highways Authority of India [NHAI],1954.77,1820.63,85.17,65.0,43.67961,43.67961,MEDIUM
537,Rehabilitation and Up gradation from 4 to 8 laning of Chandikhole Paradip Section of NH-53 Old NH 5A from Km.60.000 to Km.76.646 Package-4,National Highways Authority of India [NHAI],619181,Odisha,National Highways Authority of India [NHAI],882.45,163.87,32.0,17.0,43.47137,43.47137,MEDIUM
538,4L of Shakral Village to Dhalli Section from Km 146.300 to Km 156.560 Shimla Bypass - Pkg II and Shimla connectivity from Km 0.000 to Km 0.725 of NH-5,National Highways Authority of India [NHAI],618922,Himachal Pradesh,National Highways Authority of India [NHAI],1956.26,1236.15,63.17,25.0,42.866924,42.866924,MEDIUM
539,Construction of alternative highway to Gangtok in Sikkim via Bagrakot -Chuikhim- Nimbong -Kafer-Bakhim-Algarah-Rhenock in the State of West Bengal and from Rhenok-Rorathang-Pakyong along with spur from Aritar-Rolep-Menla in the State of Sikkim from Km 0.00 to Km 13.00 of Bagrakot -Kafer section of NH 717A on EPC Mode under Phase-A of SARDP-NE in the State of West Bengal PKG- IVA,NHIDCL,618430,West Bengal,NHIDCL,402.94,0.0,98.54,78.0,42.86103,42.86103,MEDIUM
540,Rehabilitation and Up gradation from 4 to 8 laning of Chandikhole Paradip Section of NH-53 Old NH 5A from Km.0.00 to Km.18.00Package-1,National Highways Authority of India [NHAI],618822,Odisha,National Highways Authority of India [NHAI],929.91,365.01,92.3,28.0,42.831097,42.831097,MEDIUM
541,Bangalore Chennai Expressway Phase-II Pkg-III from km.127.000 to Km 156.000 Bangarupalem to Gudipala section,National Highways Authority of India [NHAI],618476,Andhra Pradesh,National Highways Authority of India [NHAI],1407.33,689.49,99.46,42.0,42.73141,42.73141,MEDIUM
542,Widening and up-gradation to 2-lane with paved shoulder configuration and geometric improvements from km 298.00 to km 339.00 on Aizawl-Tuipang section under JICA ODA Loan assistance Phase-I Package-7,NHIDCL,618382,Mizoram,NHIDCL,605.76,0.01,100.0,66.0,42.638935,42.638935,MEDIUM
543,4L Behsuma at Km 39.250 Ex. Km 39240 To Bijnor at Km 78.810 Ex. Km 86590 Design Length 39.560 Km of NH-119 Pkg-II,National Highways Authority of India [NHAI],618923,Uttar Pradesh,National Highways Authority of India [NHAI],2158.2,694.43,65.21,23.0,42.399536,42.399536,MEDIUM
544,Kadur - Chickamagalur - Sakleshpur [93km],South Western Railway [SWR] - II,705492,Karnataka,South Western Railway [SWR] - II,825.0,774.11,84.2,113.0,42.363934,42.363934,MEDIUM
545,4L of Baramati to Indapur Pkg-II from km. 41.400 to km. 84.550 of NH-965G Saint Tukaram Marg,National Highways Authority of India [NHAI],619163,Maharashtra,National Highways Authority of India [NHAI],1471.32,927.1,86.2,55.0,41.819798,41.819798,MEDIUM
546,4L Access Controlled Greenfield Highway section on NH-163G Warangal-Khammam from Venkatpur village in Warangal District at Design Ch. 150.240 Km to Thallasenkesa village in Mahabubabed District at Design Ch. 189.650 kmPackage-II,National Highways Authority of India [NHAI],618815,Telangana,National Highways Authority of India [NHAI],1092.88,304.89,65.68,24.0,41.755543,41.755543,MEDIUM
547,6L of MH/KN Border Nimbal Village to KN/TS Border Singnodi Village from Km. 26.000 to Km. 97.000 in Gulbarga of NH-150C Pkg-II,National Highways Authority of India [NHAI],618630,Karnataka,National Highways Authority of India [NHAI],2355.56,868.81,76.12,40.0,41.579117,41.579117,MEDIUM
548,Expansion of Malanjkhand Copper Project,Hindustan Copper Limited [HCL],400426,Madhya Pradesh,Hindustan Copper Limited [HCL],1856.36,965.07,84.87,132.0,41.43049,41.43049,MEDIUM
549,6L access controlled Greenfield highway of Junction of EPE Vill.-Mavikalan to Vill.- Lohadda from Km. 0.000 to Km. 27.000 Pkg-1,National Highways Authority of India [NHAI],619168,Uttar Pradesh,National Highways Authority of India [NHAI],1602.48,1215.04,99.11,43.0,41.40164,41.40164,MEDIUM
550,2L PS of Raebareli - Jagdishpur with 4L Jagdishpur Bypass Spur,National Highways Authority of India [NHAI],618854,Uttar Pradesh,National Highways Authority of India [NHAI],706.41,515.53,97.2,51.0,41.069992,41.069992,MEDIUM
551,4L of Madurai Ring Road Phase 1 [Vadipatti-Thamrapatti] from km 0.00 - km 29.960,National Highways Authority of India [NHAI],618563,Tamil Nadu,National Highways Authority of India [NHAI],900.05,669.19,97.8,73.0,40.853386,40.853386,MEDIUM
552,Thanamcherla-Jamandlapally 2LPS,National Highways Authority of India [NHAI],619165,Telangana,National Highways Authority of India [NHAI],177.18,8.31,100.0,145.0,40.771656,40.771656,MEDIUM
553,Gudha-Thatha Mithri Construction of Railway Track Project,North Western Railway [NWR],705752,Rajasthan,North Western Railway [NWR],819.48,400.92,94.0,84.0,40.71796,40.71796,MEDIUM
554,"Upgradation to 4L PS from Bhimasar, Junction of NH-41 to Anjar- Bhuj upto Airport Junction from Km 0.000 to Km 65.478 of NH-341",National Highways Authority of India [NHAI],618787,Gujarat,National Highways Authority of India [NHAI],1373.06,834.0,96.0,39.0,39.780403,39.780403,MEDIUM
555,Jhansi Water Supply Infrastructure Phase-II Project,Ministry of Housing & Urban Affairs,702949,Uttar Pradesh,Ministry of Housing & Urban Affairs,561.74,500.04,95.0,82.0,39.709137,39.709137,MEDIUM
556,6L of Kodugallur to Edapppally section from km 397.750 to km 423.780 of NH - 66 old NH-17,National Highways Authority of India [NHAI],618603,Kerala,National Highways Authority of India [NHAI],3465.82,768.14,64.93,42.0,39.677464,39.677464,MEDIUM
557,Construction of Four Lane Highway from Ghazipur- Ballia-UP/Bihar State Border Greenfield section of NH-31 Package II [from Shahapur km 42.500 to Pindari km 78.150] on EPC Mode in the state of Uttar Pradesh.,National Highways Authority of India [NHAI],618884,Uttar Pradesh,National Highways Authority of India [NHAI],1493.65,705.07,95.5,30.0,39.361706,39.361706,MEDIUM
558,Delhi-Amritsar-Katra Expressway Phase-I Pkg-XII from Junction with Amritsar-Mehta- SriHargobindpur-Tanda road NH-503A near SriHargobindpur to Junction with Pathankot-Gurdaspur road NH-54 near Gurdaspur Km 362420 to km 397700,National Highways Authority of India [NHAI],618492,Punjab,National Highways Authority of India [NHAI],1734.18,470.92,27.05,27.0,39.33796,39.33796,MEDIUM
559,Widening to two lane with paved shoulders from Km 0/0 to 64/020 Pamarru to Akiveedu,MoRTH,617985,Andhra Pradesh,MoRTH,529.54,0.0,69.62,53.0,39.257748,39.257748,MEDIUM
560,Itarsi Km. 63.000 to Betul Km. 137.000 of NH-69 in Madhya Pradesh,National Highways Authority of India [NHAI],618762,Madhya Pradesh,National Highways Authority of India [NHAI],950.27,397.17,100.0,98.0,38.703396,38.703396,MEDIUM
561,Dindigul Bypass - Samyanallore from km. 373.275 to km. 426.00,National Highways Authority of India [NHAI],618562,Tamil Nadu,National Highways Authority of India [NHAI],579.0,1.4,100.0,237.0,38.325783,38.325783,MEDIUM
562,6L Greenfield Varanasi-Ranchi-Kolkata Highway from Anarbansalea village to Sagrampur village From KM. 151200 to KM. 184700Package-7,National Highways Authority of India [NHAI],618724,"Multi-States
(Bihar, Jharkhand)",National Highways Authority of India [NHAI],1719.2,64.54,17.1,9.0,38.17477,38.17477,MEDIUM
563,Establishment of new GMC Hoshiarpur,"Medical Education, Ministry of Health and Family Welfare",707070,Punjab,"Medical Education, Ministry of Health and Family Welfare",325.0,1.0,1.0,1.0,37.812458,37.812458,MEDIUM
564,Widening/Development of Existing NH-85 from Km 0.000 to Km 124.636 section to 2L/LPS section in the state of Kerala on EPC Mode under Bharatmala Pariyojana,National Highways Authority of India [NHAI],618708,Kerala,National Highways Authority of India [NHAI],1187.47,631.69,52.71,34.0,37.743782,37.743782,MEDIUM
565,BINA KAKRI AMALGAMATION EXPANS,Northern Coalfields Limited [NCL],400369,"Multi-States
(Madhya Pradesh,
Uttar Pradesh)",Northern Coalfields Limited [NCL],836.42,835.34,89.9,68.0,37.562138,37.562138,MEDIUM
566,DL/UP Border - EPE Crossing Pkg-02,National Highways Authority of India [NHAI],618710,Uttar Pradesh,National Highways Authority of India [NHAI],2002.79,1732.92,100.0,59.0,37.086304,37.086304,MEDIUM
567,300 MW SPP part of 510 MW CPSU scheme,NLC India Limited [NLCIL],612819,Rajasthan,NLC India Limited [NLCIL],1813.0,1753.07,100.0,37.0,37.085514,37.085514,MEDIUM
568,2.0 MTPA BHOJUDIH NLW WASHERY,Ministry of Coal,611016,West Bengal,Ministry of Coal,384.57,363.14,97.6,85.0,37.04403,37.04403,MEDIUM
569,"4L of Km.165.092 to Km.171.855 North Bound and from Km.166.895 to Km.173.638 South Bound, excl. certain reaches of North Bound and South Bound of Ramban to Banihal Pkg-III of Old NH-1A New NH-44",National Highways Authority of India [NHAI],618545,"Jammu and
Kashmir",National Highways Authority of India [NHAI],614.48,257.32,42.8,50.0,37.00458,37.00458,MEDIUM
570,Rehabilitation and Upgradation of Chorma - Bairgania Section of National Highway No 227F to 2 lane with paved shoulders from Design Ch.0.000 to Ch. 34.566,National Highways Authority of India [NHAI],619136,Bihar,National Highways Authority of India [NHAI],610.78,328.56,99.5,26.0,36.70734,36.70734,MEDIUM
571,Varanasi Ring Road Pkg-II connecting Sandaha Village km 11.70 / NH-29 with Revasa Village km 818.80 / NH-2,National Highways Authority of India [NHAI],618529,Uttar Pradesh,National Highways Authority of India [NHAI],1991.71,1008.02,94.79,86.0,36.59053,36.59053,MEDIUM
572,4L of Bal. works of Patna - Gaya -Dobhi Pkg-III from km. 83.00 to km. 127.217 of Old NH-83,National Highways Authority of India [NHAI],618916,Bihar,National Highways Authority of India [NHAI],1077.46,774.78,92.0,65.0,36.534878,36.534878,MEDIUM
573,Bangalore Chennai Expressway Phase-III Package I Gudipala to Walajajhpet from Km 156.000 to Km 180.000,National Highways Authority of India [NHAI],618477,"Multi-States
(Andhra Pradesh,
Tamil Nadu)",National Highways Authority of India [NHAI],1481.87,711.04,99.02,47.0,36.381866,36.381866,MEDIUM
574,Rehabilitation and Upgradation to 2L PS configuration & Strengthening of Padhar to Bijni section from Km 180.000 to Km 202.815 of NH-154 Pkg-VA,National Highways Authority of India [NHAI],618879,Himachal Pradesh,National Highways Authority of India [NHAI],930.86,339.37,92.01,17.0,36.31636,36.31636,MEDIUM
575,Tunnel at Khambataki Ghat Section and its approaches from existing Km. 771.730 to existing Km. 782.000,National Highways Authority of India [NHAI],618512,Maharashtra,National Highways Authority of India [NHAI],907.03,538.76,87.27,86.0,36.26361,36.26361,MEDIUM
576,Integrated Multi Modal Logistics Hub at Nangal Chaudhary in Haryana - Other Trunk Infrastructure Development Phase 1,National Highways & Infrastructure Development Corporation Ltd. [NHIDCL],707410,Haryana,National Highways & Infrastructure Development Corporation Ltd. [NHIDCL],763.0,430.0,60.0,52.0,36.19512,36.19512,MEDIUM
577,6L Kantakapalle Sabbavaram Section of NH-130CD Road from Km 445.100 to Km 464.662 Pkg-4,National Highways Authority of India [NHAI],619112,Andhra Pradesh,National Highways Authority of India [NHAI],1012.57,568.13,81.06,42.0,36.09695,36.09695,MEDIUM
578,6L of Aurangabad to Bihar-Jharkhand border Chordaha section from km. 209.827 to Km. 249.525 of NH-19 PKG-02,National Highways Authority of India [NHAI],618532,"Multi-States
(Bihar, Jharkhand)",National Highways Authority of India [NHAI],1822.46,605.5,97.92,49.0,36.05402,36.05402,MEDIUM
579,Widening to four lane with paved shoulder from Design Km.49.200 to Km.89.285 of NH-731B on EPC mode in the state of Uttar Pradesh,MoRTH,618168,Uttar Pradesh,MoRTH,917.91,128.0,56.0,27.0,35.69974,35.69974,MEDIUM
580,6L of Bhubaneswar - Jagatpur - Chandikhole Section of NH-16,National Highways Authority of India [NHAI],619075,Odisha,National Highways Authority of India [NHAI],639.3,52.23,97.48,172.0,35.52735,35.52735,MEDIUM
581,Six Laning of Bihar - Jharkhand Border Chordaha - Gorhar section of NH-2 from km 249.525 to km 320.810,National Highways Authority of India [NHAI],619078,"Multi-States
(Bihar, Jharkhand)",National Highways Authority of India [NHAI],1772.7,562.76,78.0,82.0,35.466057,35.466057,MEDIUM
582,Poondiyankuppam Km.67.000 to Sattanathapuram Km.123.800,National Highways Authority of India [NHAI],618846,Tamil Nadu,National Highways Authority of India [NHAI],2565.63,1084.43,99.8,51.0,35.01289,35.01289,MEDIUM
583,Redevelopment of Sobhasan Complex,Oil and Natural Gas Corporation Limited [ONGC],400087,Gujarat,Oil and Natural Gas Corporation Limited [ONGC],885.63,990.06,87.5,56.0,34.961746,34.961746,MEDIUM
584,Upgradation and reconstruction of Dindori - Mandla Section of NH 543 from Km 77100 Design to Km 170580 Design Total length 93.48km to Two lane with paved shoulder configuration along with One time improvement in 04 nos of bypassed built-up areas in a total length of 7.23 km in the state of Madhya Pradesh on EPC mode,MoRTH,618043,Madhya Pradesh,MoRTH,492.12,0.0,87.5,27.0,34.595238,34.595238,MEDIUM
585,Rampur Dumra-Tal-Rajendrapul Additional Bridge and Railway Line Doubling,Indian Railway Construction International Limited [IRCON],706759,Bihar,Indian Railway Construction International Limited [IRCON],2373.64,1610.45,98.5,107.0,34.466805,34.466805,MEDIUM
586,Deogarh near Dhandhaniya-Rajasthan/Gujarat Border Phase-I AJ/DRGB-Package-7,National Highways Authority of India [NHAI],618613,Rajasthan,National Highways Authority of India [NHAI],662.08,508.83,99.2,57.0,34.28332,34.28332,MEDIUM
587,Raising of speed to 160 kmph/200 kmph on existing New Delhi-Mumbai route incl. Vadodara-Ahmedabad,PCE/WR,705793,"Multi-States (Delhi,
Gujarat, Madhya
Pradesh,
Maharashtra,
Rajasthan)",PCE/WR,6806.44,9480.86,66.32,79.0,34.035107,34.035107,MEDIUM
588,Jigaon Irrigation Project,Department of water resources-MH - II,400112,Maharashtra,Department of water resources-MH - II,7222.95,10516.63,92.0,96.0,33.977104,33.977104,MEDIUM
589,6L of Aurangabad to Bihar-Jharkhand border Chordaha section from km. 180.000 to km. 209.827 of NH-2 PKG-01,National Highways Authority of India [NHAI],618531,"Multi-States
(Bihar, Jharkhand)",National Highways Authority of India [NHAI],1054.46,110.8,20.88,16.0,33.858307,33.858307,MEDIUM
590,4L Elevated Highway and at grade improvements at Gopalganj Town from Km. 384.000 to Km. 386.750 on NH-27,National Highways Authority of India [NHAI],618570,Bihar,National Highways Authority of India [NHAI],325.57,225.44,99.78,49.0,33.547966,33.547966,MEDIUM
591,Bodwad Parisar Sinchan Yojna,Department of Water Resources-MH,617422,Maharashtra,Department of Water Resources-MH,1923.81,1949.56,49.5,111.0,33.08998,33.08998,MEDIUM
592,4/6L of Bangalore - Pune Section of bypass connecting Dharwad - Hubli from km. 403.80 to km. 433.20,National Highways Authority of India [NHAI],618517,Karnataka,National Highways Authority of India [NHAI],1135.39,732.44,82.89,37.0,32.864883,32.864883,MEDIUM
593,Jagadhari - Tajewala from Km -0.175 to 32.337 km of NH-344,National Highways Authority of India [NHAI],618936,Haryana,National Highways Authority of India [NHAI],1269.5,679.31,63.0,38.0,32.792168,32.792168,MEDIUM
594,Kallagam km.38.700 to Meensurutti Km.98.433 of NH-227 in Tamil Nadu,National Highways Authority of India [NHAI],618899,Tamil Nadu,National Highways Authority of India [NHAI],1499.12,682.68,100.0,84.0,32.752094,32.752094,MEDIUM
595,Gomoh - Flyover for DN trains,East Central Railway [ECR] - I,705765,Jharkhand,East Central Railway [ECR] - I,686.0,631.52,66.5,99.0,32.710438,32.710438,MEDIUM
596,Rewas Port Project,Reliance Industries Ltd,400382,Maharashtra,Reliance Industries Ltd,6000.0,5999.89,88.0,75.0,32.696915,32.696915,MEDIUM
597,North Region Video Surveillance Project,RCIL,705298,PAN India,RCIL,274.39,0.0,48.0,36.0,32.604313,32.604313,MEDIUM
598,Bangalore Chennai Expressway Phase-II Pkg-II from km.96.000 to Km 127.000 Baireddypalle to Bangarupalem section,National Highways Authority of India [NHAI],618475,Andhra Pradesh,National Highways Authority of India [NHAI],2548.04,1226.85,92.14,34.0,32.309074,32.309074,MEDIUM
599,Noapara-Barasat via Bimanbandar - Construction of Metro railway [18 km],"Metro Railway, Kolkata",706776,West Bengal,"Metro Railway, Kolkata",4830.0,3258.95,32.0,193.0,31.944025,31.944025,MEDIUM
600,4L of Sagar - Mohari from Km.8 to Km.50 Pkg-I,National Highways Authority of India [NHAI],618665,Madhya Pradesh,National Highways Authority of India [NHAI],790.78,454.77,98.64,48.0,31.64877,31.64877,MEDIUM
601,Viluppuram Km.0.000 to Puducherry Km.29.000,National Highways Authority of India [NHAI],618844,"Multi-States
(Puducherry, Tamil
Nadu)",National Highways Authority of India [NHAI],1358.31,524.82,98.32,53.0,30.972872,30.972872,MEDIUM
602,Transmission System for Kurnool Wind Energy Zone/ Solar Energy Zone Part-A and Part-B,Power Grid Corporation of India Limited [POWERGRID],900808,"Multi-States
(Andhra Pradesh,
Telangana)",Power Grid Corporation of India Limited [POWERGRID],3546.94,3532.75,99.69,37.0,30.964521,30.964521,MEDIUM
603,4L of Bal. works of Patna - Gaya -Dobhi Pkg-II from km. 39.00 to km. 83.00 of Old NH- 83,National Highways Authority of India [NHAI],618915,Bihar,National Highways Authority of India [NHAI],1637.29,728.91,89.01,65.0,30.762486,30.762486,MEDIUM
604,Rehabilitation & Upgradation of Road from Km 0.00 to Km 18.600 Total length-18.600 km of Kumarghat-Kailashahar section on NH-208 to 2-lane with Paved shoulder on EPC bais under NHO,NHIDCL,618386,Tripura,NHIDCL,277.5,0.0,0.0,69.0,30.749357,30.749357,MEDIUM
605,"4L twin tube tunnel including approaches from Digdol to Khuni Nallah North Bound connecting with existing major bridge on NB and South Bound connecting with Tunnel T4 ,Single tube tunnel of Ramban to Banihal Pkg-II of Old NH-1A New NH-44",National Highways Authority of India [NHAI],618544,"Jammu and
Kashmir",National Highways Authority of India [NHAI],1401.87,989.45,87.1,50.0,30.462795,30.462795,MEDIUM
606,4L of Vadugapatti to Therkuvenganallur Rajapalyam section from km 36.000 to km 71.600 of NH-744,National Highways Authority of India [NHAI],618745,Tamil Nadu,National Highways Authority of India [NHAI],1317.6,926.56,99.98,36.0,30.18409,30.18409,MEDIUM
607,INTEGRATED LAKHANPUR-BELPAHAR-,Mahanadi Coalfields Limited [MCL],400187,Odisha,Mahanadi Coalfields Limited [MCL],2434.75,2002.75,79.05,95.0,29.721132,29.721132,LOW
608,PCMC To Nigdi- Extension Of North South Corridor Of Phase-1,Maharashtra Metro Rail Corporation Limited [MMRCL],617225,Maharashtra,Maharashtra Metro Rail Corporation Limited [MMRCL],910.18,269.74,41.58,30.0,29.684263,29.684263,LOW
609,Sulwade-Jamphal-Kanoli Lift Irrigation Scheme,Department of water resources-MH - II,400107,Maharashtra,Department of water resources-MH - II,2407.67,2779.38,80.54,86.0,29.44806,29.44806,LOW
610,Nangal Dam-Talwara New Broad Gauge Line [84 KM] and Taking Over Siding Mukerian-Talwara [29 KM],Northen Railway [NR],705410,"Multi-States
(Himachal
Pradesh, Punjab)",Northen Railway [NR],2018.0,2384.29,84.0,491.0,29.335503,29.335503,LOW
611,Widening to 6L of Existing 4L Jetpur - Gondal - Rajkot Section from Km. 117.600 to Km. 185.00 on NH-27,National Highways Authority of India [NHAI],619087,Gujarat,National Highways Authority of India [NHAI],2070.44,914.03,69.66,31.0,29.248222,29.248222,LOW
612,4L Access Controlled Greenfield Section Mancherial Warangal from Narva village at Design Ch. 3.834 Km to Puttapaka village at Design Ch. 35.300 Km Package-I,National Highways Authority of India [NHAI],618813,Telangana,National Highways Authority of India [NHAI],1127.9,110.86,9.0,16.0,28.970545,28.970545,LOW
613,4L of Channarayapatna Bypass and Hassan Bypass with structures in Devihalli - Hassan section,National Highways Authority of India [NHAI],619214,Karnataka,National Highways Authority of India [NHAI],688.0,586.06,82.34,63.0,28.854073,28.854073,LOW
614,"Lalitpur-Satna, Rewa-Singrauli & Mahoba-Khajuraho",North Central Railway,705480,Madhya Pradesh,North Central Railway,8914.0,6806.95,74.0,337.0,28.82317,28.82317,LOW
615,Delhi-Vadodara Greenfield Alignment NH-148N Pkg-10 Ch. 292.950 to Ch. 319.400 [End of Interchange on NH-166 near village Mui to Hardeoganj village near Indergarh],National Highways Authority of India [NHAI],618457,Rajasthan,National Highways Authority of India [NHAI],1272.97,1091.66,95.25,59.0,28.713194,28.713194,LOW
616,Rehabilitation and Upgradation to 2-lane configuration of Karnohal- Kalwahn Section km 181.00 to 208.950 of NH-70 in the State of Himachal Pradesh under Green National Highways Corridor Project GNHCP with the loan assistance of World Bank on EPC mode.Package-2,MoRTH,618232,Himachal Pradesh,MoRTH,251.62,74.12,55.85,29.0,28.582197,28.582197,LOW
617,Kashedi to Parshuram Ghat section of NH-66 from Km 161/600 - Km 205/400 - 4L PS,MoRTH,617946,Maharashtra,MoRTH,1142.62,0.0,97.5,98.0,28.347189,28.347189,LOW
618,4L Spur of Meerut-Garh-Mukteshwar section connecting NH-119 and NH-58 bypassing Meerut Town of NH 709 A,National Highways Authority of India [NHAI],618761,Uttar Pradesh,National Highways Authority of India [NHAI],991.89,815.91,95.22,38.0,28.203163,28.203163,LOW
619,6L from Sankeshwar Bypass to MH-KNT Border from Km. 555.017 to Km. 592.853 of NH-48 Pkg-II,National Highways Authority of India [NHAI],618516,"Multi-States
(Karnataka,
Maharashtra)",National Highways Authority of India [NHAI],1388.7,1130.54,83.5,42.0,28.184319,28.184319,LOW
620,Construction of 4/6 Laning from existing Km 159.400 of NH-36 to existing Km 102.500 of NH-39 and upto end point of Assam portion [Design Km 118.050 to design Km 132.375] Total New Alignment length of 14.325 Km of Daboka -Dimapur Section Dimapur Bypass in the state of Assam under SARDP-NE 'Phase-A' on EPC mode Assam Portion,NHIDCL,618330,Assam,NHIDCL,511.02,647.21,100.0,77.0,28.034681,28.034681,LOW
621,DHULE [BORVIHIR] - NARDANA NEW LINE [50.60 KMS],Central Railway,400019,Maharashtra,Central Railway,492.76,519.29,25.0,36.0,28.009972,28.009972,LOW
622,6L of Kagal-Satara section from Km 592.500 to Km 658.000 of NH-48 Pkg-I,National Highways Authority of India [NHAI],618513,Maharashtra,National Highways Authority of India [NHAI],2111.95,631.63,49.88,39.0,27.863459,27.863459,LOW
623,Belakeri Port to Kumta - Sirsi road from km 0.00 - km 4.265 of Belekeri Port Road Link Rd. and km 4.965 - km 60.00 of SH-69,National Highways Authority of India [NHAI],618799,Karnataka,National Highways Authority of India [NHAI],456.79,436.72,91.65,64.0,27.735743,27.735743,LOW
624,Thuravoor Thekku-Paravoor,National Highways Authority of India [NHAI],618605,Kerala,National Highways Authority of India [NHAI],2878.97,2120.87,78.28,49.0,27.709991,27.709991,LOW
625,Widening of existing Single lane / Intermediate lane road to 2 lane from Km 101 to Km 125 of NH 61,MoRTH,617886,Nagaland,MoRTH,252.2,0.0,44.46,22.0,27.68088,27.68088,LOW
626,Upgradation to two lane with paved Shoulder Configuaration from Km. 0/00 to 47/000 of NH 351 Mahuva to Badhada section in the State of Gujarat,MoRTH,618022,Gujarat,MoRTH,173.06,22.53,67.0,26.0,27.6093,27.6093,LOW
627,4L of Bareilly-Pilibhit-Sitarganj from Km. 0.000 to Km. 32.500 of NH-30 Pkg-1,National Highways Authority of India [NHAI],618782,Uttar Pradesh,National Highways Authority of India [NHAI],1394.14,561.53,58.86,25.0,27.528614,27.528614,LOW
628,Karaipettai to Walajapet from Km 71.015 to 107.091,National Highways Authority of India [NHAI],618521,Tamil Nadu,National Highways Authority of India [NHAI],766.51,439.37,93.55,86.0,27.00069,27.00069,LOW
629,Widening to Two with Paved shoulders from Km 59.500 to Km 132.033 of Manneguda- Ravunapally section of NH-163 Erstwhile SH-4 in the State of Telangana on EPC mode under NH O Annual Plan 2016-17,MoRTH,617981,Telangana,MoRTH,359.0,0.0,99.92,107.0,26.962639,26.962639,LOW
630,Delhi Amritsar Katra Expressway Phase-II Pkg XVIII Development and Upgradation of Four lane Access Control Expressway from Design Chainage KM 530.00 to KM 545.300 Sidhra to Domel Section of NH-44,National Highways Authority of India [NHAI],618497,"Jammu and
Kashmir",National Highways Authority of India [NHAI],975.38,564.21,62.41,29.0,26.959955,26.959955,LOW
631,Muzaffarpur-Sugauli,East Central Railway [ECR] - I,705528,Bihar,East Central Railway [ECR] - I,1586.0,1494.93,99.0,109.0,26.912025,26.912025,LOW
632,City Gas Distribution Maharashtra Natural Gas Limited,Ministry of Petroleum & Natural Gas,701338,"Multi-States
(Karnataka,
Maharashtra)",Ministry of Petroleum & Natural Gas,5535.0,4230.6,47.0,243.0,26.896301,26.896301,LOW
633,Construction of a new 4-lane major bridge across river Kosi at Phulaut including Rehabilitation and upgradation of existing Birpur and Bihpur section of NH-106 from km 106.000 to km 136.000 to 2-lane with paved shoulders in the State of Bihar on EPC mode,MoRTH,618234,Bihar,MoRTH,1478.4,823.93,94.2,58.0,26.854683,26.854683,LOW
634,4L of Sonauli - Gorakhpur,National Highways Authority of India [NHAI],618798,Uttar Pradesh,National Highways Authority of India [NHAI],2555.5,1247.39,84.0,37.0,26.840582,26.840582,LOW
635,Construction of Four Lane Highway from Ghazipur- Ballia-UP/Bihar State Border Greenfield section of NH-31 Package IV [from Buxur Spur of length km 17.270 on EPC Mode in the state of Uttar Pradesh.,National Highways Authority of India [NHAI],618885,Uttar Pradesh,National Highways Authority of India [NHAI],617.88,235.64,83.88,34.0,26.757315,26.757315,LOW
636,New Mundra Panipat Crude Oil Pipeline,Ministry of Petroleum & Natural Gas,400078,"Multi-States
(Gujarat, Haryana,
Rajasthan)",Ministry of Petroleum & Natural Gas,9028.0,7160.82,91.4,52.0,26.727808,26.727808,LOW
637,"Construction of Terminal Building & Associated works at Leh Airport, Ladakh",400010,N04000078,Ladakh,Airport Authority of India [AAI],480.0,501.81,78.9,91.0,26.710182,26.710182,LOW
638,Puducherry Km.29.000 to Poondiyankuppam Km.67.000,National Highways Authority of India [NHAI],618845,"Multi-States
(Puducherry, Tamil
Nadu)",National Highways Authority of India [NHAI],1588.4,405.48,98.75,53.0,26.646841,26.646841,LOW
639,Tetlia-Byrnihat New Railway Line,Northeast Frontier Railway [NFR],705394,"Multi-States
(Assam,
Meghalaya)",Northeast Frontier Railway [NFR],1304.62,1254.47,86.16,229.0,26.62071,26.62071,LOW
640,"Construction of Sikkim University Campus Phase-I Package-II at Yangang, South Sikkim",Sikkim University,609736,Sikkim,Sikkim University,314.06,292.0,95.0,51.0,26.616516,26.616516,LOW
641,Old Pipe Line Replacement [OPRP] Group-A,Oil and Natural Gas Corporation Limited [ONGC],709841,Gujarat,Oil and Natural Gas Corporation Limited [ONGC],173.03,164.86,93.5,57.0,26.200613,26.200613,LOW
642,KHARAGPUR-ADITYAPUR THIRD RAIL LINE- 132 KM,RVNL - I,705668,"Multi-States
(Jharkhand, West
Bengal)",RVNL - I,3250.0,3287.18,97.5,99.0,26.068214,26.068214,LOW
643,Establishment of new GMC Rudrapur,"Medical Education, Ministry of Health and Family Welfare",707086,Uttarakhand,"Medical Education, Ministry of Health and Family Welfare",325.0,272.0,60.0,26.0,25.974476,25.974476,LOW
644,Katni Grade Separator/Bye Pass,Indian Railway Construction International Limited [IRCON],705661,Madhya Pradesh,Indian Railway Construction International Limited [IRCON],1248.0,1817.51,95.0,103.0,25.919134,25.919134,LOW
645,Rehabilitation and upgradation to 2-lane with paved sholuders configuration of Miranpur Katra to radhaita section of NH-730CKm.114.000 to Km 137.250pakage-III in state of Uttar Pradesh undergreen national Highway Corridor ProjectGNHCP with the loan assistance of world Bank on EPC mode.,MoRTH,618265,Uttar Pradesh,MoRTH,172.5,0.0,89.0,45.0,25.660334,25.660334,LOW
646,6L of Veera Kaveri Raja Puram to Pondavakkam from km 61.380 to km 96.040 of NH 716B Pkg-III,National Highways Authority of India [NHAI],618634,"Multi-States
(Andhra Pradesh,
Tamil Nadu)",National Highways Authority of India [NHAI],1439.77,734.85,98.89,39.0,25.632122,25.632122,LOW
647,Upgradation and 4L of Haridwar Bypass from Km 0.000 Km 188.100 of NH-58 to Km. 15.100 Km 5.100 of NH 74 PKg-1,National Highways Authority of India [NHAI],619155,Uttarakhand,National Highways Authority of India [NHAI],1602.89,588.94,76.74,42.0,25.584866,25.584866,LOW
648,Koraput - Singapur Railway Doubling,East Coast Railway [ECoR] - II,705513,Odisha,East Coast Railway [ECoR] - II,2362.0,1962.43,74.6,124.0,25.483051,25.483051,LOW
649,Delhi-Vadodara Greenfield Alignment NH-148N Pkg-15 Ch. 419.000 to Ch.427.300 [Junction with NH-12 near village Ummedpura to Major bridge over Takli river near Nayagaon Jageer village],National Highways Authority of India [NHAI],618458,Rajasthan,National Highways Authority of India [NHAI],1854.68,1386.51,93.44,57.0,25.4051,25.4051,LOW
650,4L Medinipur to Ballupur from Km. 458.65 to Km. 487.65 of NH-07Pkg-2,NHAI,619292,Uttarakhand,NHAI,1092.9,715.36,93.9,38.0,25.319757,25.319757,LOW
651,Mehsana-Bhatinda & Bhatinda-Jammu Natural Gas Pipeline,Ministry of Petroleum & Natural Gas,701330,"Multi-States
(Gujarat, Haryana,
Punjab,
Rajasthan)",Ministry of Petroleum & Natural Gas,7392.0,6354.05,90.2,177.0,25.212414,25.212414,LOW
652,6L of Azhiyur-Vengalam from km. 189.200 to km. 230.400 of NH-66,National Highways Authority of India [NHAI],618597,Kerala,National Highways Authority of India [NHAI],3205.77,776.8,60.07,54.0,25.116264,25.116264,LOW
653,Rehabilitation and Upgradation to 2-lane configuration of Kalwahn-Mandi Section km 208.950 to 250.592 of NH-70 in the State of Himachal Pradesh under Green National Highways Corridor Project GNHCP with the loan assistance of World Bank on EPC mode.Package-3,MoRTH,618230,Himachal Pradesh,MoRTH,314.32,0.0,67.92,42.0,25.094604,25.094604,LOW
654,Amritsarairport Junction - Ramdas from km. 100.835 to km. 139.813 Pkg - IV,National Highways Authority of India [NHAI],618794,Punjab,National Highways Authority of India [NHAI],524.88,387.07,96.0,49.0,25.06575,25.06575,LOW
655,Rehabilitation and Up-gradation to 4L configuration & Strengthening of Thanpuri to Paror section from Km 85.135 to Km 100.840 of NH-154 Pkg-IIC,National Highways Authority of India [NHAI],618880,Himachal Pradesh,National Highways Authority of India [NHAI],815.68,200.36,51.56,25.0,25.056967,25.056967,LOW
656,"Construction of Balance Work of 4-Laning of the Section from Jhanji to Demow of NH- 37 Old from Km 490.800 to Km 534.800, under SARDP- NE on EPC Mode in the state of Assam Pkg- IV Structures & Toll Plaza",NHIDCL,618440,Assam,NHIDCL,187.09,0.0,0.0,18.0,24.892431,24.892431,LOW
657,Ethylene Cracker Project at Bina Refinery including downstream Petrochemical Plants and expansion of Refinery,MinistryofPetroleumNaturalGas,709798,Madhya Pradesh,MinistryofPetroleumNaturalGas,43367.0,4802.7,25.5,35.0,24.791761,24.791761,LOW
658,Bangalore Chennai Expressway Phase-III Package II Walajahpet to Arakkonam from Km 180.000 to Km 204.500,National Highways Authority of India [NHAI],618478,Tamil Nadu,National Highways Authority of India [NHAI],1106.65,590.04,93.04,45.0,24.781319,24.781319,LOW
659,i 4L Vidisha to Hinotiya from km 0.000 to Km 27.000 Vidisha Mehulwa-Talbehat Pkg- I Section of NH- 346 and ii 4L Vidisha to Morikori from Km 39.000 to 59.476 section of NH-146,National Highways Authority of India [NHAI],618663,Madhya Pradesh,National Highways Authority of India [NHAI],1003.87,384.59,83.34,28.0,24.697254,24.697254,LOW
660,6L of MH/KN Border Nimbal Village to KN/TS Border Singnodi Village from Km. 162.5 to Km. 203.100 in Raichur of NH-150C Pkg-IV,National Highways Authority of India [NHAI],618631,"Multi-States
(Karnataka,
Telangana)",National Highways Authority of India [NHAI],1499.73,829.47,99.51,41.0,24.663473,24.663473,LOW
661,Construction of alternative highway to Gangtok in Sikkim via Bagrakot -Chuikhim- Nimbong -Kafer-Bakhim-Algarah-Rhenock in the State of West Bengal and from Rhenok-Rorathang-Pakyong along with spur from Aritar-Rolep-Menla in the State of Sikkim from Km 13.00 to Km 25.60 of Bagrakot -Kafer section of NH 717A on EPC Mode under Phase-A of SARDP-NE in the State of West Bengal PKG- IVB,NHIDCL,618431,West Bengal,NHIDCL,295.97,0.39,96.91,66.0,24.661371,24.661371,LOW
662,4L of Galgalia - Bahadurganj section from Km 0.000 to Km 49.000 Package-I of NH327E,National Highways Authority of India [NHAI],618582,Bihar,National Highways Authority of India [NHAI],1282.97,599.36,100.0,51.0,24.385214,24.385214,LOW
663,UKNI DEEP OC MINE -COST PLUS,Western Coalfields Limited [WCL],616044,Maharashtra,Western Coalfields Limited [WCL],237.06,166.87,93.51,87.0,24.237476,24.237476,LOW
664,4L of Pileru to Kalur Section from Km 55.900 to Km 92.800 & Km 94.500 to Km 95.717 of NH-71Package-II,National Highways Authority of India [NHAI],618777,Andhra Pradesh,National Highways Authority of India [NHAI],1877.47,246.22,98.84,30.0,24.097616,24.097616,LOW
665,Rebuilding of Coke Oven Battery No.7 & 8 at Bhilai Steel Plant,Steel Authority of India Limited [SAIL],617256,Chhattisgarh,Steel Authority of India Limited [SAIL],884.1,601.25,89.99,27.0,24.070404,24.070404,LOW
666,Gauge Conversion of Kendri-Dhamtari including Abhanpur - Rajim Branch line 67.20 Kms - 2nd Material Modification to Raipur Titlagarh doubling.,SECR,602792,Chhattisgarh,SECR,1171.0,404.58,100.0,59.0,23.983202,23.983202,LOW
667,Jammu-Akhnoor Road Pkg-I,NHIDCL,618407,"Jammu and
Kashmir",NHIDCL,245.3,82.06,68.07,39.0,23.95065,23.95065,LOW
668,Bhadrak-Nergundi Third Line,East Coast Railway [ECoR] - II,705510,Odisha,East Coast Railway [ECoR] - II,1284.0,1352.81,95.0,132.0,23.861252,23.861252,LOW
669,Indore - Gujarat / MP Border from km. Km 9.500 to Km 171.000 of NH-59 in MP,National Highways Authority of India [NHAI],618625,Madhya Pradesh,National Highways Authority of India [NHAI],1175.0,14.04,99.93,188.0,23.735653,23.735653,LOW
670,Installation of new Biturox Unit along with allied facilities at Gujarat Refinery,MinistryofPetroleumNaturalGas,709778,Gujarat,MinistryofPetroleumNaturalGas,328.29,214.63,84.1,51.0,23.6919,23.6919,LOW
671,Balance work of 4L of Nauradehi Sanctuary de-scoped stretch of Hiran River to Sindoor River from Km. 66.00 to 130.00 NH-12 New NH-45,National Highways Authority of India [NHAI],618701,Madhya Pradesh,National Highways Authority of India [NHAI],178.18,142.2,57.14,57.0,23.585169,23.585169,LOW
672,"Improvement and Up-Gradation of Existing Road to 4L PS from Km 229.070 to 260.800, End of Hardoi District to Lucknow Ring road of NH 731 Pkg-4",National Highways Authority of India [NHAI],618859,Uttar Pradesh,National Highways Authority of India [NHAI],575.66,371.82,99.33,42.0,23.358871,23.358871,LOW
673,Kalinarayanpur-Krishnanagar Doubling Alongwith Krishnanagar - Chapra New Line And Naihati-Ranaghat 3rd Line.,Eastern Railway [ER] - I,400247,West Bengal,Eastern Railway [ER] - I,1000.0,1065.08,74.5,245.0,23.345682,23.345682,LOW
674,Modasa-Shamlaji Road Railway Line Project,Western Railway WR - II,706757,Gujarat,Western Railway WR - II,262.0,383.67,64.0,216.0,23.16471,23.16471,LOW
675,4 Laning of NH-544D from Km 0.000 to km 37.000 of Anantapur- Muchukota section Pkg-1,National Highways Authority of India [NHAI],618826,Andhra Pradesh,National Highways Authority of India [NHAI],907.76,448.53,91.4,33.0,22.900074,22.900074,LOW
676,6L with access control provision Saharanpur bypass to Ganeshpur section from 13.89 Km to 41.820 Km of Delhi- Dehradun Economic Corridor package-2,National Highways Authority of India [NHAI],618711,"Multi-States (Uttar
Pradesh,
Uttarakhand)",National Highways Authority of India [NHAI],796.65,499.88,99.29,41.0,22.885708,22.885708,LOW
677,"Construction of Screening Plant-II for Donimalai and Kumaraswamy Iron Ore Mining Complex of NMDC Limited at Ballari Dt, Karnataka.",National Mineral Development Corporation Limited [NMDC],400121,Karnataka,National Mineral Development Corporation Limited [NMDC],1043.63,609.8,63.1,22.0,22.856274,22.856274,LOW
678,Establishment of new GMC Mahasamund,"Medical Education, Ministry of Health and Family Welfare",707045,Chhattisgarh,"Medical Education, Ministry of Health and Family Welfare",325.0,321.5,82.0,30.0,22.76154,22.76154,LOW
679,Construction of Four Lane Highway from Ghazipur- Ballia-UP/Bihar State Border Greenfield section of NH-31 Package III [from Pindari km 78.150 to Rawalganj Bypass Km 117.120] on EPC Mode in the state of Uttar Pradesh.,National Highways Authority of India [NHAI],619154,"Multi-States
(Bihar, Uttar
Pradesh)",National Highways Authority of India [NHAI],1493.5,540.0,78.15,32.0,22.734144,22.734144,LOW
680,Melur - Pilayarpatti - Karaikudi from km 99.920 of NH 38 to km 12.9 of NH 383 Ext.,National Highways Authority of India [NHAI],618756,Tamil Nadu,National Highways Authority of India [NHAI],1103.86,774.36,92.15,73.0,22.729202,22.729202,LOW
681,Development of 6L of Jhanki Sargi Section Road from km 0.000 to km 42.800 of NH- 130CD Pkg-CG-1,National Highways Authority of India [NHAI],618673,Chhattisgarh,National Highways Authority of India [NHAI],1368.19,654.33,98.39,43.0,22.713713,22.713713,LOW
682,Gwalior - Seopurkala with extension to Kota [Gauge Conversion],North Central Railway,705419,"Multi-States
(Madhya Pradesh,
Rajasthan)",North Central Railway,2913.0,2213.55,92.0,93.0,22.529932,22.529932,LOW
683,Rehabilitation and upgradation to two lane with paved shoulders from Km 0/000 to 72/6 of NH-365 Nakrekal to Tanamcherla section under NHDP IV in the state of Telangana under EPC mode,MoRTH,618026,Telangana,MoRTH,605.08,585.2,99.9,101.0,22.51826,22.51826,LOW
684,GEVRA OC [70 MTY],South Eastern Coalfields Limited [SECL],400424,Chhattisgarh,South Eastern Coalfields Limited [SECL],11816.4,6905.46,78.48,121.0,22.424526,22.424526,LOW
685,Chhota Udaipur - Dhar New Line Project [157 km],Western Railway [WR] - II,705454,"Multi-States
(Gujarat, Madhya
Pradesh)",Western Railway [WR] - II,1794.0,1819.63,80.3,147.0,22.393429,22.393429,LOW
686,Dhanbad Water Supply Infrastructure Project,Ministry of Housing & Urban Affairs,702741,Jharkhand,Ministry of Housing & Urban Affairs,216.55,129.16,76.0,88.0,22.325329,22.325329,LOW
687,Rayadurg-Tumkur via Kalyandurg New Line [207 km],South Western Railway [SWR] - II,705494,"Multi-States
(Andhra Pradesh,
Karnataka)",South Western Railway [SWR] - II,2496.0,1898.7,72.0,189.0,22.311106,22.311106,LOW
688,"Improvement and Up-Gradation of Existing Road to 4L PS from Km 88.750 to 123.650, from Start of Shahjahanpur Bypass to start of Shahabad bypass of NH 731Pkg.-2A",National Highways Authority of India [NHAI],618858,Uttar Pradesh,National Highways Authority of India [NHAI],955.34,269.0,64.2,27.0,22.27032,22.27032,LOW
689,Strengthening of existing 4L Ayodhya Bypass Section from design Km. 121 600 to Km. 144020 of NH 28 New NH 27Pkg-3,NHAI,618565,Uttar Pradesh,NHAI,526.45,259.66,81.85,31.0,22.230906,22.230906,LOW
690,"Modernization of Chennai Airport, Phase II, Part 2",611602,-,Tamil Nadu,Airport Authority of India [AAI],1207.0,289.5,38.0,34.0,22.224405,22.224405,LOW
691,Six Laning of Varanasi to Aurangabad from km. 786.00 to km. 978.40 of Old NH-2,National Highways Authority of India [NHAI],618530,"Multi-States
(Bihar, Uttar
Pradesh)",National Highways Authority of India [NHAI],3241.56,1248.48,95.58,175.0,22.145601,22.145601,LOW
692,Gosikhurd CADWM Project,Department of water resources-MH - II,400095,Maharashtra,Department of water resources-MH - II,743.73,459.06,53.93,108.0,22.115942,22.115942,LOW
693,Construction of Four Lane Highway form Ghazipur- Ballia-UP/Bihar State Border Greenfield section of NH-31 Package I [from Hridaipur km 0.000 to Shahapur km 42.500] on EPC Mode in the state of Uttar Pradesh.,National Highways Authority of India [NHAI],618883,Uttar Pradesh,National Highways Authority of India [NHAI],1706.47,844.84,99.11,33.0,22.115494,22.115494,LOW
694,Tezpur University Projects,Tezpur University,606112,Assam,Tezpur University,153.71,137.84,97.7,58.0,21.992186,21.992186,LOW
695,Indore - Harda Pkg-I [Indore to Raghav Garh from km. 0.25 to km. 26.903],National Highways Authority of India [NHAI],618694,Madhya Pradesh,National Highways Authority of India [NHAI],1011.29,416.8,91.73,41.0,21.947435,21.947435,LOW
696,4L Elevated Section and at-grade improvements at Begusarai town Simaria - Khagaria section from Km. 221.047 to Km. 225.302 of NH-31,National Highways Authority of India [NHAI],618841,Bihar,National Highways Authority of India [NHAI],491.04,342.96,93.88,46.0,21.936058,21.936058,LOW
697,TRANSMISSION SYSTEM FOR EVACUATION OF POWER FROM POTENTIAL RENEWABLE ENERGY ZONE IN KHAVDA AREA OF GUJARAT UNDER PHASE-V [8 GW] PART A [SPV Name POWERGRID West Central Transmission Limited],Power Grid Corporation of India Limited [POWERGRID],615347,"Multi-States
(Gujarat,
Maharashtra)",Power Grid Corporation of India Limited [POWERGRID],24819.0,2481.9,9.67,17.0,21.880974,21.880974,LOW
698,NLC Talabira Thermal Power Project,NLC India Limited [NLCIL],400231,Odisha,NLC India Limited [NLCIL],27212.96,3454.06,2.1,27.0,21.738592,21.738592,LOW
699,6L of Ramanatukkara Junction to start of Valanchery bypass section of NH-66,National Highways Authority of India [NHAI],618599,Kerala,National Highways Authority of India [NHAI],4924.11,1815.81,99.75,51.0,21.659637,21.659637,LOW
700,4L Green Field Northern East side Gorakhpur Bypass 26.616 Kms starting from NH- 29E Chainage 83.308 and end at NH-28 Chainage 285.100,National Highways Authority of India [NHAI],618566,Uttar Pradesh,National Highways Authority of India [NHAI],1973.98,955.14,68.95,27.0,21.631798,21.631798,LOW
701,AIIMS Rajkot,PMSSY AND Institute of NATIONAL Importance,701170,Gujarat,PMSSY AND Institute of NATIONAL Importance,1195.0,775.6,93.7,87.0,21.485882,21.485882,LOW
702,6L of Kappirikkad to Thalikulam section from km 335.85 to km 369.015 of NH - 66 old NH-17,National Highways Authority of India [NHAI],618601,Kerala,National Highways Authority of India [NHAI],4225.59,708.02,88.2,43.0,21.453657,21.453657,LOW
703,Improvement of Geometrics of Kalkallu to Gundla Pochanpalli from Km 454.00 to Km 471.00 of NH-44,National Highways Authority of India [NHAI],618558,Telangana,National Highways Authority of India [NHAI],955.49,427.43,35.96,39.0,21.440647,21.440647,LOW
704,Development of 6L of Basanwahi Marangpuri Section from km 99.500 to km 124.661 of NH-130-CD,National Highways Authority of India [NHAI],618675,Chhattisgarh,National Highways Authority of India [NHAI],1307.16,456.22,63.66,30.0,21.420269,21.420269,LOW
705,Chengapalli km 102.035 to Neelambur Km144.680 and Madukkarai Km 170.880 to Walayar K183.010 Package No. NS-2/BOT/TN-08,National Highways Authority of India [NHAI],619086,Tamil Nadu,National Highways Authority of India [NHAI],852.0,5.09,100.0,187.0,21.399746,21.399746,LOW
706,4- Laning of Mohari to Satai Ghat section NH-934 from Km 50300 to Km 89875 Total length 39.575 km Package-2 in the State of Madhya Pradesh on EPC Mode,National Highways Authority of India [NHAI],618666,Madhya Pradesh,National Highways Authority of India [NHAI],710.92,431.99,87.65,20.0,21.34306,21.34306,LOW
707,Rehabilitation and upgradation to 2-lane with paved sholuders configuration of Bewar- naer Karri village section Km0.00 to Km30.00 Pakage-I of NH-92 in state of Uttar Pradesh undergreen national Highway Corridor Project GNHCP with the loan assistance of world Bank on EPC mode.,MoRTH,618240,Uttar Pradesh,MoRTH,236.47,0.0,90.0,43.0,21.274559,21.274559,LOW
708,6L of Valanchery bypass to Kappirikkad of NH 66 from km. 298500 to km 335850,National Highways Authority of India [NHAI],618600,Kerala,National Highways Authority of India [NHAI],4023.94,1497.69,98.84,51.0,21.218466,21.218466,LOW
709,Improvement/Widening to 2-L with Paved Shoulder/ 4-Laning of NH-40 section from Km 151330 to Km 163400 design Km 63.530 to Km 71.520 including Dawki Bridge of length 368 m between Shillong-Dawki under JICA ODA Loan assistance Phase-II Pkg- 5 -Balance work,NHIDCL,618374,Meghalaya,NHIDCL,284.21,0.0,38.77,23.0,21.15341,21.15341,LOW
710,4L of Bahadurganj Araria section from Km 49.000 to Km 94.000 Package-II of NH- 327E,National Highways Authority of India [NHAI],618583,Bihar,National Highways Authority of India [NHAI],1358.77,713.95,100.0,51.0,21.134743,21.134743,LOW
711,4L Greenfield a Malout bypass from ch. Km 44.500 to ch. Km 35.500 on NH-07 and Ch. Km 0.000 to Km 6.984 on NH-09 bMandi Dabwali Bypass from Ch. 38.450 Km to Km 27.910 Pkg-02,National Highways Authority of India [NHAI],618760,"Multi-States
(Haryana, Punjab)",National Highways Authority of India [NHAI],646.42,549.2,98.0,40.0,21.096703,21.096703,LOW
712,4 Laning of NH-544D from Km 37.000 to km 69.000 of Muchukota- Bugga section Pkg-2,National Highways Authority of India [NHAI],618827,Andhra Pradesh,National Highways Authority of India [NHAI],1097.57,356.89,70.68,32.0,20.953794,20.953794,LOW
713,"HEFA projects on development of student hostels, playgrounds, departmental buildings, class room complex and other campus facilities in IIT Kharagpur","Indian Institute of Technology, Kharagpur",609019,West Bengal,"Indian Institute of Technology, Kharagpur",500.0,415.35,96.0,84.0,20.83785,20.83785,LOW
714,6L of Gundugolanu Design km 1023.280 to Kalaparru Design km 1050.680 of NH-5 New NH-16,National Highways Authority of India [NHAI],618526,Andhra Pradesh,National Highways Authority of India [NHAI],665.59,512.09,95.73,75.0,20.831411,20.831411,LOW
715,Four Laning of Chettikulam to Natham section of NH-785,National Highways Authority of India [NHAI],619131,Tamil Nadu,National Highways Authority of India [NHAI],837.61,169.31,99.75,89.0,20.768389,20.768389,LOW
716,Tumkur-Chitradurga,National Highways Authority of India [NHAI],619070,Karnataka,National Highways Authority of India [NHAI],839.0,8.42,100.0,178.0,20.694193,20.694193,LOW
717,6L Jakkuva Korlam Section of NH-130CD Road from km 396.800 to km 421.100 Pkg 2,National Highways Authority of India [NHAI],619111,Andhra Pradesh,National Highways Authority of India [NHAI],840.51,549.56,99.32,49.0,20.629951,20.629951,LOW
718,Four Laning of Trichy - Dindigul from km. 333.00 to km. 421.273 of NH-45,National Highways Authority of India [NHAI],618874,Tamil Nadu,National Highways Authority of India [NHAI],1003.11,9.43,100.0,219.0,20.518793,20.518793,LOW
719,Tumkur-Chitradurga-Davangere New Rail Line Project [191 km],South Western Railway [SWR] - II,705496,Karnataka,South Western Railway [SWR] - II,1876.0,563.37,15.5,111.0,20.393253,20.393253,LOW
720,"Construction of Field Gas Gathering Station at Baghjan area for collection, processing & transportation of natural Gas to be produced from Baghjan Field",Ministry of Petroleum & Natural Gas,616858,Assam,Ministry of Petroleum & Natural Gas,430.76,346.97,92.4,64.0,20.326267,20.326267,LOW
721,2L NH-1 from km 8.660 to km 33.775 Sumbal to Wayul to 4L dual carriageway NH standard as part of Srinagar Ring Road PhaseII [Design Ch. 41.907 to Ch. 66.609],National Highways Authority of India [NHAI],618547,"Jammu and
Kashmir",National Highways Authority of India [NHAI],961.0,412.37,48.8,28.0,20.310257,20.310257,LOW
722,Nimach-Ratlam Doubling [133 Km],Western Railway [WR] - II,705933,Madhya Pradesh,Western Railway [WR] - II,1095.88,1284.91,94.0,54.0,20.123753,20.123753,LOW
723,"Construction of Permanent Campus of Indian Institute of Management [IIM] Amritsar, Punjab, Phase-I","Indian intitue of Management, Amritsar",605292,Punjab,"Indian intitue of Management, Amritsar",348.31,293.1,91.7,69.0,20.103796,20.103796,LOW
724,Pollution Abatement works for River Ganga at Hooghly Chinsurah- Municipal Town Interception & Diversion with STP,National Mission for Clean Ganga,616604,West Bengal,National Mission for Clean Ganga,154.73,96.17,93.0,52.0,19.85476,19.85476,LOW
725,Dallirajhra- Rowghat New Railway Line - Phase I [95 km],Rail Vikas Nigam Limited,705433,Chhattisgarh,Rail Vikas Nigam Limited,1628.0,1440.85,82.0,196.0,19.840366,19.840366,LOW
726,BHARATPUR RE-ORGANIZATION OCP,Mahanadi Coalfields Limited [MCL],400392,Odisha,Mahanadi Coalfields Limited [MCL],2838.86,1711.38,52.0,89.0,19.830742,19.830742,LOW
727,Integrated Para Xylene [PX] and Purified Terephthalic Acid [PTA] Project at Paradip Refinery,Ministry of Petroleum & Natural Gas,604859,Odisha,Ministry of Petroleum & Natural Gas,13805.0,8450.45,93.9,69.0,19.567106,19.567106,LOW
728,NIGAHI EXPANSION [15 TO 25 MTP,Northern Coalfields Limited [NCL],400321,Madhya Pradesh,Northern Coalfields Limited [NCL],1729.68,929.02,48.76,65.0,19.52914,19.52914,LOW
729,6L of Thalikulam to Kodugallur section from km 369.015 to km 397.850 of NH - 66 old NH-17,National Highways Authority of India [NHAI],618602,Kerala,National Highways Authority of India [NHAI],4302.06,772.89,84.18,43.0,19.50796,19.50796,LOW
730,Railway Manufacturing Unit,RVNL - II,617409,Telangana,RVNL - II,521.36,491.87,90.0,38.0,19.329935,19.329935,LOW
731,Kandla Gorakhpur LPG Pipeline,Ministry of Petroleum & Natural Gas,400012,"Multi-States
(Gujarat, Madhya
Pradesh, Uttar
Pradesh)",Ministry of Petroleum & Natural Gas,10088.0,8529.58,95.2,88.0,19.077559,19.077559,LOW
732,Provision of 4G based Mobile Services in Uncovered Villages and National Highways of Meghalaya,Department of Telecommunications,701598,Meghalaya,Department of Telecommunications,971.96,232.79,99.84,67.0,18.96128,18.96128,LOW
733,4L of Madathukulam - Pollachi from km. 74.38 to km. 116.95 of old NH-209 New NH- 83,National Highways Authority of India [NHAI],618894,Tamil Nadu,National Highways Authority of India [NHAI],1772.13,499.6,91.84,64.0,18.755981,18.755981,LOW
734,Jarapada- Budhapank with flyover at Talcher road 3rd and 4th Line,East Coast Railway [ECoR] - II,705514,Odisha,East Coast Railway [ECoR] - II,1000.0,455.8,59.0,124.0,18.588747,18.588747,LOW
735,Sabarmati Setting up of Maintenance Facilities for Train Sets Phase ii,Western Railway [WR] - II,611979,Gujarat,Western Railway [WR] - II,250.0,181.53,88.0,36.0,18.560436,18.560436,LOW
736,Interception & Diversion with Rehabilitation of sewerage scheme at Agra under Hybrid annuity based PPP model-Namami Gange Programme,National Mission for Clean Ganga,616594,Uttar Pradesh,National Mission for Clean Ganga,842.25,208.64,80.0,36.0,18.534283,18.534283,LOW
737,4L of Indora Chowk to Pachpaoli and Agrasen Chowk - Ashoka Chowk,National Highways Authority of India [NHAI],618557,Maharashtra,National Highways Authority of India [NHAI],1038.84,658.44,81.77,33.0,18.389456,18.389456,LOW
738,"Construction of New Domestic Terminal Building [Phase-I and II] and other allied structures at JPNI Airport, Patna",701101,N04000082,Bihar,Airport Authority of India [AAI],1216.9,1200.67,98.22,90.0,18.358921,18.358921,LOW
739,"Raghunathpur Thermal Power Station Phase II [2X660 MW] at Raghunathpur, Purulia, West Bengal",Damodar Valley Corporation,400062,West Bengal,Damodar Valley Corporation,17673.0,1950.25,9.4,14.0,18.320272,18.320272,LOW
740,6-laning of Krishnagiri Km.0.000 to Walajahpet Km.148.300 section on NH-46 under NHDP-V,National Highways Authority of India [NHAI],619074,Tamil Nadu,National Highways Authority of India [NHAI],1673.17,269.61,99.99,178.0,18.316029,18.316029,LOW
741,Durg-Raipur Bypass Section Package - 1 from km. 0.00 to km. 44.50 near Tendesara to near Khatti Village,National Highways Authority of India [NHAI],618589,Chhattisgarh,National Highways Authority of India [NHAI],1828.0,690.27,69.87,33.0,18.238592,18.238592,LOW
742,Widening to two/four lane with paved shoulder from Km.180.600 to Km.223.000 of NH-63 on Nizamabad-Jagadalpur road on EPC mode under NHO in the state of Telangana.,MoRTH,617936,Telangana,MoRTH,253.99,0.0,100.0,109.0,18.232405,18.232405,LOW
743,Tumkur - Nelamangala 6L,National Highways Authority of India [NHAI],619071,Karnataka,National Highways Authority of India [NHAI],2032.15,580.01,59.83,44.0,18.191103,18.191103,LOW
744,4L PS under NH configuration of Manikpur-Sahebganj of NH-139W,National Highways Authority of India [NHAI],618791,Bihar,National Highways Authority of India [NHAI],1538.76,95.18,17.16,3.0,18.188885,18.188885,LOW
745,"502 Aspirational District Scheme in Four states - Bihar, Madhya Pradesh, Rajastha and Uttar Pradesh",Department of Telecommunications [DoT],704495,"Multi-States
(Bihar, Madhya
Pradesh,
Rajasthan, Uttar
Pradesh)",Department of Telecommunications [DoT],421.65,152.96,99.0,61.0,18.180754,18.180754,LOW
746,JAGANNATHPUR OC RCE PROJECT,South Eastern Coalfields Limited [SECL],613800,Chhattisgarh,South Eastern Coalfields Limited [SECL],459.49,276.8,96.15,117.0,18.002758,18.002758,LOW
747,Banaras Hindu University [ Kayakalp of Institute of Medical Sciences],Banaras Hindu University,606479,Uttar Pradesh,Banaras Hindu University,246.0,207.02,99.0,70.0,17.94968,17.94968,LOW
748,SCREENING PLANT-III AT KIRANDUL,National Mineral Development Corporation Limited [NMDC],709826,Chhattisgarh,National Mineral Development Corporation Limited [NMDC],2718.84,1524.61,82.17,54.0,17.848557,17.848557,LOW
749,Kurnool Coach Midlife Rehabilitation Project,South Central Railway [SCR] - II,705253,Andhra Pradesh,South Central Railway [SCR] - II,563.0,949.34,75.0,141.0,17.814924,17.814924,LOW
750,"Additional works 2VUPs, MR-10 junction flyover and underpass in Six lane Indore- Dewas section of NH-52 in the state of Madhya Pradesh on EPC Mode",National Highways Authority of India [NHAI],618620,Madhya Pradesh,National Highways Authority of India [NHAI],207.77,122.83,76.77,39.0,17.803167,17.803167,LOW
751,"Upgradation of Keonchi - Ratanpur Road of NH 45 Package-II, from design chainage km 278.75 to km 321.348 of length 42.598 km to two lane with paved shoulders under Corridor scheme on EPC mode in the state of Chhattisgarh.",MoRTH,618017,Chhattisgarh,MoRTH,286.0,78.67,60.0,21.0,17.729033,17.729033,LOW
752,Six laning with both sides Service Road of Ayodhya Bypass from Design Km 0000 near Ashram Tiraha on NH-46 to Km 16439 end at Ratnagiri Tiraha on Nh-146,National Highways Authority of India [NHAI],618966,Madhya Pradesh,National Highways Authority of India [NHAI],1123.17,94.69,15.72,8.0,17.71422,17.71422,LOW
753,Construction of left out portion of Agra Inner Ring Road connecting village Deori to NH-44 village Bad from Km. 0.000 to Km. 7.772,National Highways Authority of India [NHAI],618554,Uttar Pradesh,National Highways Authority of India [NHAI],879.26,623.64,91.7,37.0,17.686625,17.686625,LOW
754,4L PS from near Hemmige Village Periyapatna - Hassan Road Jn. to near Hunsur - KR Nagar Jn section from Km. 144.900 to Km. 169.000 of NH-275 Pkg. III,National Highways Authority of India [NHAI],618870,Karnataka,National Highways Authority of India [NHAI],883.62,61.05,20.1,12.0,17.625008,17.625008,LOW
755,"Improvement/construction of existing CL-5 Road to NH Intermediate lane specification with hard shoulder from Km 133.000 to 166.000 net Length 33.000 kms of NH-505 Sumdo-Kaza-Gramphoo road in the state of Himachal Pradesh on EPC mode under project Deepak, BRO",MoRTH,618216,Himachal Pradesh,MoRTH,230.55,15.16,23.24,33.0,17.482529,17.482529,LOW
756,AMALGAMATED YEKONA I & YEKONA,Western Coalfields Limited [WCL],400177,Maharashtra,Western Coalfields Limited [WCL],727.28,563.25,80.77,128.0,17.426115,17.426115,LOW
757,BLOCK B EXPANSION [3.5 TO 8.0,Northern Coalfields Limited [NCL],400162,Madhya Pradesh,Northern Coalfields Limited [NCL],998.71,518.17,50.0,81.0,17.310469,17.310469,LOW
758,4L Ring road/bypass around Srinagar city from km 0.000 to km 42.100 Phase-I,National Highways Authority of India [NHAI],618541,"Jammu and
Kashmir",National Highways Authority of India [NHAI],2919.96,1770.97,87.0,56.0,17.30066,17.30066,LOW
759,Rehabilitation and Up-gradation of Pasarlapudi to Dhindi section from Km 105/170 to Km 126/510 of NH -214 New NH -216 to two lane with paved shoulder in the state of Andhra Pradesh under NHDP-IV,MoRTH,618237,Andhra Pradesh,MoRTH,263.45,151.56,98.4,103.0,17.222063,17.222063,LOW
760,Bagalkot-Kudachi New Railway Line [142 km],South Western Railway [SWR] - II,705495,Karnataka,South Western Railway [SWR] - II,1378.0,797.87,36.0,161.0,17.062637,17.062637,LOW
761,Widening to Two lane with Paved shoulders from km.40/410 to 84/037 of Thirumanlagiri-- Suryapet Section of NH-365B earstwhile section of SH-16,MoRTH,618142,Telangana,MoRTH,244.54,0.0,99.96,107.0,17.054146,17.054146,LOW
762,Hostel blocks & dining hall block,"Indian Institute of Technology, Mandi",612128,Himachal Pradesh,"Indian Institute of Technology, Mandi",166.66,122.26,82.0,25.0,16.91856,16.91856,LOW
763,Rehabilitation and Up-gradation of Dhindi - Digamarru section from Km 126/510 to Km 135/740 of NH -214New NH -216 and digamarru -Losari section from Km 0/000 tp Km 34/230 of NH-214 ANew Nh-216 to two lane with paved shoulder in the state of AP- NH,MoRTH,618236,Andhra Pradesh,MoRTH,316.06,220.75,100.0,119.0,16.829092,16.829092,LOW
764,Samastipur-Darbhanga Doubling Railway Project,East Central Railway [ECR] - I,705526,Bihar,East Central Railway [ECR] - I,519.0,401.84,97.0,124.0,16.821012,16.821012,LOW
765,Barabanki-Malhaur 3rd & 4th Railway Line Project,Ministry of Railways,705782,Uttar Pradesh,Ministry of Railways,407.0,409.54,77.0,108.0,16.763472,16.763472,LOW
766,Construction of 4 Nos Grade separtor between km. 281.000 to km. 307.600 km. 286.400 kumhari km. 299.000 Transport Nagar km. 302.000 Power House km. 304.000 Chandra Moura Chowk to km. 305.000 supeia of NH-53 old NH-06 Raipur - Durg 4 Lane on EPC mode in the state of chhattisgarh job NO. NH-53old NH-06 CG- 2017-18-56,MoRTH,617919,Chhattisgarh,MoRTH,349.03,0.0,97.9,87.0,16.654522,16.654522,LOW
767,North East Gas Grid,Ministry of Petroleum & Natural Gas,701346,"Multi-States
(Arunachal
Pradesh, Assam,
Manipur,
Meghalaya,
Mizoram,
Nagaland, Sikkim,
Tripura, West
Bengal)",Ministry of Petroleum & Natural Gas,9265.0,6877.97,87.6,72.0,16.632236,16.632236,LOW
768,4L Boregaon Buzurg to Shahpur Pkg I of Boregaon Buzurg to Muktainagar of NH 753L,National Highways Authority of India [NHAI],618623,Madhya Pradesh,National Highways Authority of India [NHAI],1504.37,501.44,86.2,26.0,16.62678,16.62678,LOW
769,4L of Budhni to Shahganj Bypass End Package-III of NH-146B from Km. 73.750 to Km. 102.000,National Highways Authority of India [NHAI],618962,Madhya Pradesh,National Highways Authority of India [NHAI],1102.97,65.45,18.4,8.0,16.435123,16.435123,LOW
770,Interception and Diversion and STP works in Bhagalpur under Hybrid annuity based PPP mode-Namami Gange Programme,National Mission for Clean Ganga,616600,Bihar,National Mission for Clean Ganga,413.29,126.67,97.0,49.0,16.28787,16.28787,LOW
771,"Provision of 4G based mobile services in 7,287 uncovered villages of 44 Aspirational District across 5 states of Andhra Pradesh, Chhattisgarh, Jharkhand, Maharashtra & Odisha",Department of Telecommunications [DoT],701602,"Multi-States
(Andhra Pradesh,
Chhattisgarh,
Jharkhand,
Maharashtra,
Odisha)",Department of Telecommunications [DoT],3685.0,1457.51,83.0,47.0,16.124817,16.124817,LOW
772,Bangalore Ring Road STRR-NH-948A- Package-I of Phase-III from Belagondapalli TN to TN/KNT border from km 144.480 to 179.969,National Highways Authority of India [NHAI],618519,"Multi-States
(Karnataka, Tamil
Nadu)",National Highways Authority of India [NHAI],1260.74,611.1,75.76,35.0,16.10075,16.10075,LOW
773,"Upgradation & Extension of ESIC Hospital and Construction of PG Hostel / Staff Housing for ESIC Hospital at Andheri, Mumbai",Employee's State Insurance Company [ESIC],616691,Maharashtra,Employee's State Insurance Company [ESIC],260.13,216.46,89.0,202.0,16.086487,16.086487,LOW
774,Bangalore Chennai Expressway Phase-III Package III Arakkonam to Kancheepuram from Km 204.500 to Km 230.000,National Highways Authority of India [NHAI],618479,Tamil Nadu,National Highways Authority of India [NHAI],1525.1,360.29,53.56,44.0,15.99969,15.99969,LOW
775,Rehabilitation and upgradation to 2 lane / 2 lane with paved shoulder configuration for design chainage km 107.347 to km 129.208 & km 133.878 to km 138.570 existing chainage km 110.000 to km 133.020 & km 137.330 to km 142.028 and land slide treatment at existing km 138.500 Design chainage km 134.970 of NH -94 on EPC mode under improvement to NH connectivity to Chardham in the state of Uttarakhand.,MoRTH,618214,Uttarakhand,MoRTH,346.5,0.0,100.0,87.0,15.9517765,15.9517765,LOW
776,Construction of Balance work of 2-Lane with PS of Joram Koloriang Road from existing Km122.600 to km138.00 [Design Km108.724 to Km123.714] in Arunachal Pradesh on EPC Mode under SARDP-NE Pkg-7,NHIDCL,618433,Arunachal Pradesh,NHIDCL,184.89,0.0,99.69,66.0,15.945601,15.945601,LOW
777,4-Laning of Jamugurihat to end of Biswanath Chariali By-Pass from Km 182.000 to Km 208.000 of NH-52 on EPC mode in state of Assam under SARDP-NE,NHIDCL,618436,Assam,NHIDCL,599.0,405.02,100.0,112.0,15.939206,15.939206,LOW
778,Augmentation and Strenghthning of Urban Water Supply Phase 1 - SAAP 3,Ministry of Housing & Urban Affairs,702746,Jharkhand,Ministry of Housing & Urban Affairs,278.28,186.5,81.0,88.0,15.913192,15.913192,LOW
779,SETTING UP OF PHYSICAL INFRASTRUCTURE FOR THE NATIONAL INSTITUTE OF COMMUNICATION FINANCE [NICF] AT GHITORNI,National Communication Academy - Finance [Erstwhile NICF],709859,Delhi,National Communication Academy - Finance [Erstwhile NICF],248.2,237.39,98.0,96.0,15.867728,15.867728,LOW
780,"Construction of 26 VUPs, Major Bridge, Service Road etc. on Lalitpur-Sagar- Lakhnadon section of NH-44 NS",National Highways Authority of India [NHAI],618556,"Multi-States
(Madhya Pradesh,
Uttar Pradesh)",National Highways Authority of India [NHAI],665.91,507.56,95.19,25.0,15.824798,15.824798,LOW
781,Construction of Balurghat-Hilli new BG Line,Northeast Frontier Railway [NFR],612096,West Bengal,Northeast Frontier Railway [NFR],1209.0,491.05,16.0,184.0,15.771162,15.771162,LOW
782,4L of Kishanganj - Bahadurganj section from Km. 0.000 to Km. 23.649 & interchange at Start Point Length - 1.200 Km of NH-27,National Highways Authority of India [NHAI],618584,"Multi-States
(Bihar, West
Bengal)",National Highways Authority of India [NHAI],962.84,60.94,9.21,4.0,15.746861,15.746861,LOW
783,4L of left-over works including additional structures from Kerala/Tamil Nadu border to Kanyakumari Section from Km 43.0 to Km 96.174 of NH66,National Highways Authority of India [NHAI],618608,Tamil Nadu,National Highways Authority of India [NHAI],1564.23,907.2,76.1,32.0,15.742548,15.742548,LOW
784,Construction of Balance work for 2-lane with hard shoulder of Peren- Dimapur section on NH-129A from Design Km 126.775 to Km 146.208 Length 19.433 Km in the state of Nagaland on EPC mode under NHO-TSP Package-II,NHIDCL,618414,Nagaland,NHIDCL,258.52,60.72,96.53,31.0,15.725665,15.725665,LOW
785,4L of Karwar Km. 281.980 of NH-62 Nagaur road to Dangiyavas of Jodhpur Ring Road Pkg-II,National Highways Authority of India [NHAI],618838,Rajasthan,National Highways Authority of India [NHAI],736.75,400.17,99.0,44.0,15.719941,15.719941,LOW
786,Aroor-Thuravoor Thekku,National Highways Authority of India [NHAI],618604,Kerala,National Highways Authority of India [NHAI],2429.52,1760.92,83.93,38.0,15.685892,15.685892,LOW
787,Kalyan-Dombivali Water Supply Infrastructure Project,Ministry of Housing & Urban Affairs,702833,Maharashtra,Ministry of Housing & Urban Affairs,194.2,136.56,75.0,79.0,15.6811905,15.6811905,LOW
788,"Singrauli Super Thermal Power Project, Stage-III [2x800 MW]",National Thermal Power Corporation [NTPC],612142,Uttar Pradesh,National Thermal Power Corporation [NTPC],17195.0,3306.21,19.8,25.0,15.6627,15.6627,LOW
789,Construction and Developement of National Institute of Technology Meghalaya Permanent Campus at Sohra,"National Institute of Technology, Meghalaya",612885,Meghalaya,"National Institute of Technology, Meghalaya",494.52,368.98,95.0,139.0,15.649708,15.649708,LOW
790,Construction of Greenfield Connectivity to Jewar International Airport from DND- Faridabad-Ballabhgarh Bypass KMP Link - Spur to Delhi Mumbai Expressway,National Highways Authority of India [NHAI],619068,"Multi-States
(Haryana, Uttar
Pradesh)",National Highways Authority of India [NHAI],2920.69,1024.9,69.77,34.0,15.632324,15.632324,LOW
791,4L Spur of Panipat - Shamli connecting NH-709AD Panipat Shamli Muzaffarnagar and NH-709A Karnal Meerut bypassing Shamli district UP,National Highways Authority of India [NHAI],618770,Uttar Pradesh,National Highways Authority of India [NHAI],516.16,232.93,74.23,42.0,15.624113,15.624113,LOW
792,Construction of four lane access controlled highway from Chillakuru cross road to Turpu KanupurPart 1 of Package - II km 0.000 131.500 of NH - 16 to km 23.770 on New NH-516W including sixlane flyover and approaches on NH-16 length km 1.050 and six lane access controlled from TurpuKanupur to Port South Gate Part 2 of Package - II km 23.770 to km 35.015 on New NH-516W inthe state of Andhra Pradesh on HAM Mode under Bharatmala Pariyojana Phase I,National Highways Authority of India [NHAI],619141,Andhra Pradesh,National Highways Authority of India [NHAI],864.2,305.43,50.17,28.0,15.561591,15.561591,LOW
793,4L of Chandesara to Khedakhajuriya from Km. 0.000 to - 750 & Km 0.000 to km 41.400 of NH-148NG Pkg-I,National Highways Authority of India [NHAI],618735,Madhya Pradesh,National Highways Authority of India [NHAI],909.84,436.44,99.0,43.0,15.51182,15.51182,LOW
794,Rehabilitation and upgradation of NH-167 from design km 113.900 to 154.479 Mallepally Haliya section to two lane with paved shoulders on EPC mode in the stte of Telangana,MoRTH,617994,Telangana,MoRTH,294.13,239.25,88.22,94.0,15.4399605,15.4399605,LOW
795,"Widening 2 lane to 4-lane from KM 92/320 to Km 115/320 Vav Chokdi-Satlasana to to Vrundavan Chokdi, Kheralu on NH-58 in the State of Gujarat.",MoRTH,617928,Gujarat,MoRTH,151.13,0.0,98.0,25.0,15.382287,15.382287,LOW
796,Rehabilitation and up-gradation and completion of balance work of section from Km 155.00 to Km 181.00 End of Jarwa to Rangat of NH -4 Total length 26 Km to Intermediate Lane/2-lane with hard shoulders in the UT of A&N Islands on EPC basis - Package-III.B Balance work,NHIDCL,619185,"Andaman &
Nicobar",NHIDCL,183.56,0.0,47.28,23.0,15.363882,15.363882,LOW
797,4G Services by BSNL,Department of Telecommunications [DoT],701593,PAN India,Department of Telecommunications [DoT],28466.0,8471.19,98.23,65.0,15.320494,15.320494,LOW
798,Construction & Widening Including Augustmuni Bypass Ch-16.545 to Ch - 19.890 to 2L/PS from Km 16.545-Km 33.130 & 45.980 -57.975 Augustmuni to Kund & Guptkashi to Sitapur on NH 109 in UK,MoRTH,617968,Uttarakhand,MoRTH,418.89,422.72,95.0,98.0,15.310456,15.310456,LOW
799,Goa Airport Terminal Building Extension Project,701105,N04000095,Goa,Airport Authority of India [AAI],255.69,156.7,100.0,76.0,15.289686,15.289686,LOW
800,Widening to two lane with paved shoulders from Km 0/000 to Km 79/300 of Kalwakurthy - Kollapur section of NH-167K in the state of Telangana under annual plan 2021-22 on EPC mode under NHO.,MoRTH,618104,Telangana,MoRTH,886.69,573.13,85.66,33.0,15.238187,15.238187,LOW
801,"Restoration of Gas Terminal, Phase-I [Part-A], Hazira",Oil and Natural Gas Corporation Limited [ONGC],709840,Gujarat,Oil and Natural Gas Corporation Limited [ONGC],249.43,210.5,97.1,47.0,15.144752,15.144752,LOW
802,Rehabilitation and Upgradation to 2-lane configuration of Hamirpur-Karnohal Section km 141.00 to 181.00 of NH-70 in the State of Himachal Pradesh under Green National Highways Corridor Project GNHCP with the loan assistance of World Bank on EPC mode.Package-1,MoRTH,618231,Himachal Pradesh,MoRTH,371.93,198.34,91.49,46.0,15.136268,15.136268,LOW
803,Mumbai Urban Transport Project Phase-III,Mumbai Rail Vikas Corporation Ltd.[MRVC],706781,Maharashtra,Mumbai Rail Vikas Corporation Ltd.[MRVC],10947.0,6609.95,75.0,112.0,15.132642,15.132642,LOW
804,4L of Greenfield Alignment from Km. 47.000 to Km. 89.210 of Balbhadarpur to Bela Nawda Section of NH-119D,NHAI,619127,Bihar,NHAI,2185.75,373.63,24.67,25.0,15.094773,15.094773,LOW
805,Dedicated Test Track for RDSO /Phase-II Project,North Western Railway [NWR],706836,Rajasthan,North Western Railway [NWR],466.42,533.9,98.0,51.0,15.060024,15.060024,LOW
806,Bangalore Chennai Expressway Phase-II Pkg-I from km.71.000 to Km 96.000 Bethamangala in the state of Karnataka to Byreddypalli,National Highways Authority of India [NHAI],619199,"Multi-States
(Andhra Pradesh,
Karnataka)",National Highways Authority of India [NHAI],1410.01,241.41,98.47,42.0,15.00707,15.00707,LOW
807,Khurda Road - Balangir Electrification of Railway Track Project,Ministry of Railways,706898,Odisha,Ministry of Railways,267.61,0.0,0.0,79.0,14.979754,14.979754,LOW
808,Outer Ring Road of Jabalpur Town from NH45 to Kushner Pkg-3,National Highways Authority of India [NHAI],618685,Madhya Pradesh,National Highways Authority of India [NHAI],911.24,495.48,77.0,25.0,14.949242,14.949242,LOW
809,Establishment of NIT Puducherry Permanent Campus [Phase-I and Phase-II],"National Institute of Technology, Puducherry",612877,Puducherry,"National Institute of Technology, Puducherry",618.34,543.74,98.5,153.0,14.905262,14.905262,LOW
810,Dedicated Port road to Krishnapatnam Port Package-I from Km. 0.000 to Km. 18.000,National Highways Authority of India [NHAI],618804,Andhra Pradesh,National Highways Authority of India [NHAI],348.72,184.68,77.93,88.0,14.903472,14.903472,LOW
811,Rehabilitation and up-gradation to 2 lane with paved shoulder from existing chainage km 49150 to km 64535 Design chainage km 46.450 to km 55.800 including construction of Sungal Tunnel Total length of Tunnel 2.79 km under 13 TF on Akhnoor-Poonch road NH-144A under Project Sampark BRO in the UT of Jammu & Kashmir on EPC mode Package-II Job no NH-144A-J&K-2019-20-78,MoRTH,618224,"Jammu and
Kashmir",MoRTH,796.97,432.45,92.01,56.0,14.839242,14.839242,LOW
812,Barauni-Bachwara [16 km] - 3rd & 4th line incl. Barauni yard remodelling [32 km],East Central Railway [ECR] - I,706860,Bihar,East Central Railway [ECR] - I,645.0,47.53,56.7,8.0,14.704432,14.704432,LOW
813,"4L Greenfield Road connecting North and South industrial cluster of Khandaleru Creek near Krishnapatnam port at Thamminapatnam to Mollur from Km 0.0 to Km 16.046, Part I & 6L extension of dedicated port road of NH-67 Km 18.0 to Km 19.3, Part II",National Highways Authority of India [NHAI],618807,Andhra Pradesh,National Highways Authority of India [NHAI],609.43,505.16,78.62,31.0,14.652679,14.652679,LOW
814,4 -Laning of MP/UP Border to Kabarai section of NH-34&35 from km 197.000 to km 242.991 Length 45.991 Km Sagar-Kabrai Package-5 under Bharat Mala Pariyojana EC in MP & UP on HAM,National Highways Authority of India [NHAI],618669,Uttar Pradesh,National Highways Authority of India [NHAI],1632.93,322.5,50.25,14.0,14.610963,14.610963,LOW
815,Implementation of Transmission Systems in the State of Jharkhand consisting of 400/220/132/33 kV transmission lines and substations under Jharkhand Consultancy Project,Power Grid Corporation of India Limited [POWERGRID],617326,Jharkhand,Power Grid Corporation of India Limited [POWERGRID],1842.25,1648.05,96.0,170.0,14.564671,14.564671,LOW
816,Construction of 6 lane Indore western bypass from km 0000 to Km 34000 Pkg -l in the State of Madhya Pradesh on Hybrid Annuity Mode under NHO,National Highways Authority of India [NHAI],618932,Madhya Pradesh,National Highways Authority of India [NHAI],1534.7,307.46,10.07,3.0,14.494369,14.494369,LOW
817,Establishment of new GMC Rajgarh,"Medical Education, Ministry of Health and Family Welfare",707058,Madhya Pradesh,"Medical Education, Ministry of Health and Family Welfare",325.0,178.0,84.0,41.0,14.421746,14.421746,LOW
818,2L PS of Najibabad Kotdwar section from 112.575 to Km. 138.635 of NH 119,National Highways Authority of India [NHAI],618924,Uttar Pradesh,National Highways Authority of India [NHAI],188.87,33.37,50.44,25.0,14.376677,14.376677,LOW
819,Rehabilitation & Upgradation of existing road to 2-lane with paved shoulder including geometric improvement of section from start of Rabangla km33.600 to km58.840 under SARDP-NE Phase A Pkg- IV,NHIDCL,618450,Sikkim,NHIDCL,292.8,1.91,65.1,66.0,14.333004,14.333004,LOW
820,Sewerage Management Scheme Part-3 Implementation,Ministry of Housing & Urban Affairs,702734,Haryana,Ministry of Housing & Urban Affairs,278.01,228.49,88.0,101.0,14.282483,14.282483,LOW
821,"Koderma Thermal Power Station Phase II [2X800 MW] At Koderma, Jharkhand",Damodar Valley Corporation,611509,Jharkhand,Damodar Valley Corporation,14358.0,1890.03,11.0,17.0,14.278028,14.278028,LOW
822,4L of Left-Over Works of Hospet-Bellary -Karnataka/AP border from Km.280.080 Dec.Ch. to Km.375450Des.Ch. of NH-63 New-67,National Highways Authority of India [NHAI],618709,Karnataka,National Highways Authority of India [NHAI],1340.15,897.67,91.45,35.0,14.229706,14.229706,LOW
823,MUMBAI CENTRAL VIRAR VADODARA AHMEDABAAD TRAIN PROTECTION SYSTEM 500 RKM,Western Railway,611452,"Multi-States
(Gujarat,
Maharashtra)",Western Railway,311.0,263.42,93.0,37.0,14.2061825,14.2061825,LOW
824,"Construction of 200 Bedded [Upgradable to 500 Bedded including 50 beds of SST] ESIC Hospital at Bibewadi, Pune",Employee's State Insurance Company [ESIC],612188,Maharashtra,Employee's State Insurance Company [ESIC],429.25,341.9,78.0,37.0,14.1982765,14.1982765,LOW
825,Siliguri Marketing Terminal [SMT] Capacity Augmentation Project,Ministry of Petroleum & Natural Gas,617837,West Bengal,Ministry of Petroleum & Natural Gas,484.0,310.0,87.9,53.0,14.154631,14.154631,LOW
826,Improving the Alignment of Thoppur Ghat Section from Km 158.500 to Km 165.100 in Dharmapuri - Salem Section of NH-44,National Highways Authority of India [NHAI],618561,Tamil Nadu,National Highways Authority of India [NHAI],904.99,165.29,35.62,13.0,14.107922,14.107922,LOW
827,Rehabilitation and upgradation of New NH 544DD from design Chainage Km. 56/000 to 102/20 of Kalyandrg - Molakalmuru Section,MoRTH,618194,Andhra Pradesh,MoRTH,294.13,312.39,98.52,92.0,14.100547,14.100547,LOW
828,Shirur-Kharda section from 55937 km to 114486 km to 2LPS/4L,MoRTH,618173,Maharashtra,MoRTH,381.77,0.0,83.93,106.0,14.079004,14.079004,LOW
829,"Planning, Engineering, Supply, Installation, Testing, Commissioning, Integration & Annual Maintenance of 4G mobile network at 1 Lakh sites on PAN India basis including Mumbai & Delhi LSA on turnkey basis under Phase IX.2 Project.",BSNL,709857,PAN India,BSNL,24544.55,8472.04,98.23,34.0,13.942395,13.942395,LOW
830,Singrauli Sewerage Management and Treatment Infrastructure Project,Ministry of Housing & Urban Affairs,702810,Madhya Pradesh,Ministry of Housing & Urban Affairs,402.01,357.68,90.0,101.0,13.860366,13.860366,LOW
831,"Construction of 2-lane with hard shoulders of Merangkong-Tamlu-Mon road Wakching Twon portion on EPC basis from existing Chainage Km 59000 to Km 73640 [Design Km. 59000 to Km, 72450] Design length - 13.450 Km under SARDP-NE package-V Balance work",NHIDCL,618422,Nagaland,NHIDCL,161.73,14.12,99.5,31.0,13.642272,13.642272,LOW
832,Construction of 2-Lane with paved shoulder of Kohima-Bypass Road connecting New NH-02 and New NH-29 from Design Km 10.500 to design Km 21.000 [Design Length- 10.500 km] including TUNNEL of 500m at Ch. 11.000 in the state of Nagaland Under SARDP-NE on EPC Mode Package-2,NHIDCL,618292,Nagaland,NHIDCL,277.44,192.45,69.82,66.0,13.611863,13.611863,LOW
833,Bangalore-Whitefield-Bangalore City-Krishnarajapuram [23.08 km] - Quadrupling,South Western Railway [SWR] - II,705663,Karnataka,South Western Railway [SWR] - II,493.0,318.39,85.5,46.0,13.580296,13.580296,LOW
834,Satara to Mhaswad,MoRTH,618153,Maharashtra,MoRTH,653.46,7.33,98.08,104.0,13.563903,13.563903,LOW
835,"Sewer Networks, SPS and STP at Hajipur",National Mission for Clean Ganga,616616,Bihar,National Mission for Clean Ganga,305.19,346.46,95.0,97.0,13.553682,13.553682,LOW
836,"Rehabilitation and up-gradation of section to Intermediate/2-Lane with hard shoulder from Km 107.760 to Km 129.445 After Middle strait to Humphrey, Km 130.600 to Km 138.00 After Humphrey to Kadamtala & Km 155.00 to Km 181.0 End of Jarwa to Rangat of NH-04 in UT of A&N on EPC Package-IIIA",NHIDCL,619184,"Andaman &
Nicobar",NHIDCL,207.45,0.0,78.01,25.0,13.515478,13.515478,LOW
837,BAROUD OC EXPANSION [3.0-10.0M,South Eastern Coalfields Limited [SECL],400149,Chhattisgarh,South Eastern Coalfields Limited [SECL],2309.8,993.79,55.95,68.0,13.479108,13.479108,LOW
838,Construction & Upgradation of existing road to 2-lane with paved shoulder from New Rolep Bridge at km 37.600 to Chochenpheri at km 52.00 in the section of Rongli to Chochenpheri of NH 717B Pkg-II C,NHIDCL,618446,Sikkim,NHIDCL,493.42,0.0,77.07,59.0,13.413904,13.413904,LOW
839,Bagodara Solar Power Project,Satluj Jal Vidyut Nigam [SJVN] Thermal Limited,709747,Gujarat,Satluj Jal Vidyut Nigam [SJVN] Thermal Limited,339.35,370.0,51.86,59.0,13.380403,13.380403,LOW
840,Delhi-Amritsar-Katra Expressway Phase-I Spur-I from Jn. with Kapurthala - Sultanpur Lodhi Road NH-703A near Isharwal village to Jn. with Kapurthala - Tarn Taran road NH-703AA near Goinwal Sahib [Km 24000 to Km 41000 of Amritsar connectivity],National Highways Authority of India [NHAI],618493,Punjab,National Highways Authority of India [NHAI],2165.23,396.24,31.77,36.0,13.358005,13.358005,LOW
841,Mumbai-Ahmedabad High Speed Rail Project- 508 km,National High Speed Rail Corporation [NHSRC],705728,"Multi-States
(Dadra & Nagar
Haveli and Daman
& Diu, Gujarat,
Maharashtra)",National High Speed Rail Corporation [NHSRC],108000.0,90501.89,59.86,103.0,13.310444,13.310444,LOW
842,Bhiwani - Dobh Bahali Doubling Project [42.30 Km],North Western Railway [NWR],611884,Haryana,North Western Railway [NWR],471.0,263.12,72.0,38.0,13.301619,13.301619,LOW
843,4L of Haridwar Nagina section Design Ch. LME from km 13.829 to km 17.110 & km 26.077 to km 27.508 and Design Ch. RME from km 13.839 to km 17.120 & km 26.078 to km 27.509 of EUP mitigation measures on NH74,National Highways Authority of India [NHAI],618875,Uttarakhand,National Highways Authority of India [NHAI],183.92,102.18,70.42,44.0,13.285366,13.285366,LOW
844,"Construction of 200 bed ESI Hospital at Bommasandra, Karnataka",Employee's State Insurance Company [ESIC],612745,Karnataka,Employee's State Insurance Company [ESIC],278.0,68.23,23.0,18.0,13.269274,13.269274,LOW
845,6L of Pondavakkam to Kannigaipair from km 96.040 to km 116.100 of NH 716B Pkg- IV,National Highways Authority of India [NHAI],618635,Tamil Nadu,National Highways Authority of India [NHAI],1359.81,335.27,37.44,39.0,13.115184,13.115184,LOW
846,Construction of New Integrated Terminal Building and associated works including apron to park 3 code E type of aircraft or 6 code C type of aircraft at Vijayawada Airport.,701107,N04000091,Andhra Pradesh,Airport Authority of India [AAI],611.8,523.14,87.2,67.0,13.108487,13.108487,LOW
847,Kalyanikhani Opencast Project,Singareni Collieries Company Limited [SCCL],615858,Telangana,Singareni Collieries Company Limited [SCCL],384.32,291.01,75.0,107.0,13.073351,13.073351,LOW
848,6L of Gonde Km. 439.038 to Pimpri Sado Km. 459.905 section of NH-848 Old NH-3,National Highways Authority of India [NHAI],618585,Maharashtra,National Highways Authority of India [NHAI],856.93,123.7,31.5,18.0,13.0456,13.0456,LOW
849,Rehabilitation and upgradation to 2 lane with paved shoulder from existing chainage Km 30.053 to Km 49.150 design chainage Km 30.000 to Km 46.450 including Kandi Tunnel under 31 BRTF on Akhnoor-Poonch Road NH-144A Under Project Sampark in the UT of Jammu & Kashmir EPC modePackage-I Job no NH-144A-J&K-2020-21-83.,MoRTH,618226,"Jammu and
Kashmir",MoRTH,272.49,157.74,94.0,41.0,13.036277,13.036277,LOW
850,Additional Campus of NITPatna,NIT Patna,606013,Bihar,NIT Patna,499.21,449.96,98.5,44.0,13.018936,13.018936,LOW
851,Establishment of NIT Nagaland,NIT Nagaland,613013,Nagaland,NIT Nagaland,275.63,263.25,98.0,136.0,13.013831,13.013831,LOW
852,Transmission system for evacuation of power from REZ in Rajasthan 20 GW under Phase-III part H,Power Grid Corporation of India Limited [POWERGRID],611948,Rajasthan,Power Grid Corporation of India Limited [POWERGRID],1910.0,1851.81,98.33,30.0,12.956566,12.956566,LOW
853,6L Elevated Kona Expressway from Km. 0.145 to Km. 7.337 of NH-117,National Highways Authority of India [NHAI],618808,West Bengal,National Highways Authority of India [NHAI],1212.56,302.61,37.35,22.0,12.936666,12.936666,LOW
854,Hospet - Tinaighat - Vasco Rail Doubling Project,RVNL - II,705650,"Multi-States (Goa,
Karnataka)",RVNL - II,5060.0,5304.19,86.13,165.0,12.896861,12.896861,LOW
855,Akkalkot MH/KN border New Greenfield corridor from Km 512.000 to Km 548.400 of NH-150C part of Akkalkot KN/TS Border section Package XIV,National Highways Authority of India [NHAI],618636,"Multi-States
(Karnataka,
Maharashtra)",National Highways Authority of India [NHAI],1370.75,275.76,47.0,18.0,12.895306,12.895306,LOW
856,Pachwara South Coal Block,NLC India Limited [NLCIL],400142,Jharkhand,NLC India Limited [NLCIL],2242.9,1365.83,87.0,77.0,12.835075,12.835075,LOW
857,DINESH[MAKARDHOKRA-III] OC,Western Coalfields Limited [WCL],400178,Maharashtra,Western Coalfields Limited [WCL],822.88,652.67,40.54,74.0,12.774044,12.774044,LOW
858,Patiala Water Supply Infrastructure Part-2 Project,Ministry of Housing & Urban Affairs,703057,Punjab,Ministry of Housing & Urban Affairs,287.0,213.64,99.0,68.0,12.764192,12.764192,LOW
859,Kudali Irrigation Project,"Department of Water Resources, River Development & GR",701399,Chhattisgarh,"Department of Water Resources, River Development & GR",382.29,249.06,86.31,196.0,12.740337,12.740337,LOW
860,Jharsuguda-Barpali-Sardega Ph II Works- Rail Connectivity for Coal Loading Bulb at Barpali.,South Eastern Railway [SER] - I,400006,Odisha,South Eastern Railway [SER] - I,808.99,701.15,38.0,54.0,12.721629,12.721629,LOW
861,Rehabilitation and upgradation to 2 lane with paved shoulder from existing chainage Km 166.100 to Km 192.98 design chainage Km 146.700 to Km 162.800 including construction of Bhimber Gali Tunnel Total Length of Tunnel 1.100 Km under 31 BRTF on Akhnoor-Poonch Roads on EPC mode NH-144A Package-VII,MoRTH,618221,"Jammu and
Kashmir",MoRTH,734.64,0.0,45.41,21.0,12.704751,12.704751,LOW
862,Development of 6L Sargi Basanwahi Section from km 42.800 to km 99.500 of NH- 130CD Pkg-CG-2,National Highways Authority of India [NHAI],618674,Chhattisgarh,National Highways Authority of India [NHAI],1470.73,756.05,99.0,39.0,12.635918,12.635918,LOW
863,Surat Metro Rail Project,Gujarat Metro Rail Corporation Limited [GMRCL],702630,Gujarat,Gujarat Metro Rail Corporation Limited [GMRCL],12020.32,8929.65,79.5,84.0,12.610319,12.610319,LOW
864,"Construction of 100 Bedded ESI Hospital at Duburi, Odisha.",Employee's State Insurance Company [ESIC],612513,Odisha,Employee's State Insurance Company [ESIC],164.6,16.4,7.2,14.0,12.6083555,12.6083555,LOW
865,"Construction of permanent campus of Central University of Gujarat at Village kundhela, Dist. Vadodara, Gujarat.",Central University of Gujarat,612916,Gujarat,Central University of Gujarat,490.63,335.08,85.0,62.0,12.594217,12.594217,LOW
866,Balance works of 4L Panvel Indapur section of NH66 old NH17 from km 42.300 kasu to km 84.600 Indapur,National Highways Authority of India [NHAI],619095,Maharashtra,National Highways Authority of India [NHAI],546.44,420.38,81.63,41.0,12.552921,12.552921,LOW
867,Development of Jharia CBM Block [Phase-1],Oil and Natural Gas Corporation Limited [ONGC],610984,Jharkhand,Oil and Natural Gas Corporation Limited [ONGC],431.0,261.97,65.3,77.0,12.537331,12.537331,LOW
868,6L access Controlled Greenfield Highway from Adhoya Musalmana to Sadopur section of Shamli -Ambala Package-III Design Ch. Form km 84.400 to km 121.786,National Highways Authority of India [NHAI],619216,"Multi-States
(Haryana, Punjab)",National Highways Authority of India [NHAI],1491.72,644.11,71.11,35.0,12.532549,12.532549,LOW
869,Establishment of new GMC Kanker,"Medical Education, Ministry of Health and Family Welfare",707046,Chhattisgarh,"Medical Education, Ministry of Health and Family Welfare",325.0,35.0,59.0,19.0,12.48845,12.48845,LOW
870,Indaram Opencast Project,Singareni Collieries Company Limited [SCCL],615861,Telangana,Singareni Collieries Company Limited [SCCL],424.81,406.81,81.0,40.0,12.488033,12.488033,LOW
871,Kamalapuram to Oddanchatram from km. 0.00 to km. 35.822,National Highways Authority of India [NHAI],618895,Tamil Nadu,National Highways Authority of India [NHAI],1319.42,417.69,91.93,63.0,12.431337,12.431337,LOW
872,4L of Moradabad-Thakurdwara-Kashipur Section from Km. 0.000 to Km. 38.77 of NH- 734 Pkg-II,National Highways Authority of India [NHAI],618927,Uttar Pradesh,National Highways Authority of India [NHAI],2006.82,878.74,47.51,25.0,12.386084,12.386084,LOW
873,Construction of Ring Road around Kanpur from Ch.23.325 to Ch.32.090 Chaudhariya to Transganga Package-IIA,National Highways Authority of India [NHAI],618540,Uttar Pradesh,National Highways Authority of India [NHAI],1089.41,190.16,42.85,5.0,12.358978,12.358978,LOW
874,2G Ethanol Biorefinery at Bathinda,Hindustan Petroleum Corporation Limited [HPCL],400171,Punjab,Hindustan Petroleum Corporation Limited [HPCL],1421.46,1263.61,95.8,71.0,12.333735,12.333735,LOW
875,MOONIDIH XV SEAM UG,BCCL,400425,Jharkhand,Bharat Coking Coal Limited (BCCL),1230.27,709.81,82.45,176.0,12.297002,12.297002,LOW
876,Rehabilitation and upgradation to 2-lane with paved sholuders configuration of Bewar- Allahaganj- section of NH-730C Km.0.000 to Km 52.770 pakage-I in state of Uttar Pradesh undergreen national Highway Corridor Project GNHCP with the loan assistance of world Bank on EPC mode.,MoRTH,618266,Uttar Pradesh,MoRTH,325.24,0.0,98.0,41.0,12.287302,12.287302,LOW
877,Improvement and upgradation to two lane with paved shoulder configuration from existing km 90.00 to 130.00 Design length 39.15 of NH-227A near Sikriganj to Barhalganj in the State of UP on EPC Mode.,MoRTH,618111,Uttar Pradesh,MoRTH,403.36,0.0,94.0,28.0,12.234104,12.234104,LOW
878,Widening to 2/4 Lane with paved shoulders from Km 182.120 to Km 227.600 of NH 167 on Haggari-Jadcherla Road on EPC mode under NHO in the state of Telangana,MoRTH,617996,Telangana,MoRTH,298.0,234.7,95.6,110.0,12.190812,12.190812,LOW
879,Up-gradation to 2-lane with Paved Shoulder from Km 12.850 to Km20.300 of 7.450Km length on Goha-Khellani section and a link road to Goha village of 2.016 km on NH- 244 in UT of Jammu and Kashmir on EPC Mode Pkg-1,NHIDCL,618394,"Jammu and
Kashmir",NHIDCL,228.39,163.81,94.26,66.0,12.164288,12.164288,LOW
880,3L Major Bridge over River Brahmani at Km. 401.250 Duburi - Chandikhole Section of NH-200 New NH -53,National Highways Authority of India [NHAI],618908,Odisha,National Highways Authority of India [NHAI],153.61,73.59,38.0,44.0,12.144373,12.144373,LOW
881,Construction of Additional Structures including Approaches in Vadodara Surat Section of NH48 between existing Km. 108.000 to Km. 250.000,National Highways Authority of India [NHAI],618508,Gujarat,National Highways Authority of India [NHAI],907.39,345.87,46.39,15.0,12.064513,12.064513,LOW
882,6L Greenfield Varanasi-Ranchi-Kolkata Highway from junction with NH-19 & Varanasi Ring Road near Rewasa village to junction with Chandauli-Chainpur road near Khainti village from Km. 0.000 to Km. 27.000 - Pkg-1,National Highways Authority of India [NHAI],618728,"Multi-States
(Bihar, Uttar
Pradesh)",National Highways Authority of India [NHAI],1433.39,373.57,38.92,17.0,12.047317,12.047317,LOW
883,Katihar Kumedpur & Katihar Mukuria BG Doubling Project,Northeast Frontier Railway [NFR],617245,"Multi-States
(Bihar, West
Bengal)",Northeast Frontier Railway [NFR],942.64,611.19,65.0,44.0,12.005245,12.005245,LOW
884,Sarsam - Kothari of NH-161A - 2L PS from Km.33/00 to 90/00,MoRTH,618090,Maharashtra,MoRTH,545.64,0.0,97.25,106.0,11.998547,11.998547,LOW
885,Deepening and Optimization of Inner Harbour facilities including development of Western Dock on BOT basis to handle Cape size vessels,Paradip Port Trust [PPT],701574,Odisha,Paradip Port Trust [PPT],3004.63,2117.12,70.0,39.0,11.98431,11.98431,LOW
886,Outer Ring Road of Jabalpur Town from Barela to Manegaon Pkg-1,National Highways Authority of India [NHAI],618687,Madhya Pradesh,National Highways Authority of India [NHAI],652.33,468.6,88.0,37.0,11.981724,11.981724,LOW
887,"Construction of six lane Flyover at Katraj junction at Km, 3/880 of NH 548-DD Vadgaon - Katraj - Kondhwa - Mantarwadi Chowk - Loni Kalbhor - Theur Phata - Lonikand Road in Pune Dist of the State of Maharashtra. On Engineering Procurement and construction EPC Basis mode L.1.326 Km,",MoRTH,619042,Maharashtra,MoRTH,163.51,0.0,80.57,49.0,11.946148,11.946148,LOW
888,"Improvement & Up-gradation of NH-734 Section of Moradabad-Thakurdwara Kashipur including Moradabad & Kashipur Bypasse Package-III Kashipur Bypass Length 14.490 Km., Starts from Ch. 38770 and ends at Ch. 53260 existing Ch. 05560",National Highways Authority of India [NHAI],618928,"Multi-States (Uttar
Pradesh,
Uttarakhand)",National Highways Authority of India [NHAI],936.12,332.92,44.14,25.0,11.914989,11.914989,LOW
889,Outer Ring Road of Jabalpur Town from Manegaon to NH-45 Pkg-2,National Highways Authority of India [NHAI],618684,Madhya Pradesh,National Highways Authority of India [NHAI],917.26,492.01,74.56,25.0,11.898213,11.898213,LOW
890,Guwahati-Dibrugarh via Tinsukia & Simaluguri-Dibrugarh,Central Organisation for Railway Electrification [CORE],706922,Assam,Central Organisation for Railway Electrification [CORE],890.36,391.73,89.0,91.0,11.842418,11.842418,LOW
891,4L PS from near Yalachahalli village KR Nagara - Yelawala Road junction to Srirangapatna Bypass Near Paschima Vahini from km 195.550 to Km 214.535 of NH- 275 Pkg-V,National Highways Authority of India [NHAI],618873,Karnataka,National Highways Authority of India [NHAI],1272.71,97.43,13.05,12.0,11.821507,11.821507,LOW
892,"Improvement and up-gradation of NH-227B 84 Kosi Parikrama Marg PackageV, from Design Km.140.960 Patranga to Km.160.200 Bahuvan Madar Majha on EPC mode in the State of Uttar Pradesh",MoRTH,618114,Uttar Pradesh,MoRTH,1192.33,0.0,0.0,2.0,11.787193,11.787193,LOW
893,Dimapur [Dhansiri]-Sukhobi Kohima [Zubza] NL [82.5 Km],Northeast Frontier Railway [NFR] - II,705392,"Multi-States
(Assam,
Nagaland)",Northeast Frontier Railway [NFR] - II,6663.0,6282.3,43.0,122.0,11.774981,11.774981,LOW
894,Berkhedi to Godpehra on NH-44 Sagar link road,National Highways Authority of India [NHAI],618664,Madhya Pradesh,National Highways Authority of India [NHAI],524.84,368.56,88.0,41.0,11.745568,11.745568,LOW
895,6L Elevated Kanpur - Lucknow Exeressway Pkg-1 from Km. 10980 to Km. 28500,National Highways Authority of India [NHAI],618499,Uttar Pradesh,National Highways Authority of India [NHAI],1972.94,766.29,94.14,38.0,11.699494,11.699494,LOW
896,"Improvement and Up-Gradation of Existing Road to 2/4L PS from Km 40.000 to 88.750, start of Khutar bypass to start of Shahjahanpur bypass of NH 731Pkg-I",National Highways Authority of India [NHAI],618855,Uttar Pradesh,National Highways Authority of India [NHAI],838.68,560.48,99.2,38.0,11.644013,11.644013,LOW
897,Construction of 4-lane green field highway from Km. 35.000 to Km. 49.155 of NH- 731A with paved shoulders on Hybrid Annuity Mode in the state of Uttar Pradesh,MoRTH,618166,Uttar Pradesh,MoRTH,697.66,0.04,99.0,30.0,11.6137085,11.6137085,LOW
898,Construction of 2-lane road of Potin to Pangin section of NH-13 from Km 163.59 to Km 206.66 Package-5 on EPC Mode in the State of Arunachal Pradesh under Arunachal Pradesh Package of Roads and Highways of SARDP-NE [Job No SARDP-NE/P- P/Pkg-A/NH-13/Ar.Pr./PWD/2018-19/116],MoRTH,617892,Arunachal Pradesh,MoRTH,450.65,308.61,96.61,65.0,11.518787,11.518787,LOW
899,4 Lane with PS from Des. Ch 43.800 to Des. Ch. 89.900 of Belgaum-Hungund- Raichur Section of NH-748A Package-2,National Highways Authority of India [NHAI],618651,Karnataka,National Highways Authority of India [NHAI],1427.88,444.62,42.04,13.0,11.489871,11.489871,LOW
900,Construction of New 4-Lane Bridge Parallel to existing Vikramashila Setufrom km 8920 to Km 13375including approach road 35m Naugachhia side &53 m Bhagalpur sideacross River Ganga on newly declared NH-131B at Bhagalpur in the State of Bihar,MoRTH,618246,Bihar,MoRTH,1110.23,0.0,49.78,35.0,11.447268,11.447268,LOW
901,4L Ismailabad to Ambala Section of NH-152 Lot-4/Package-1,National Highways Authority of India [NHAI],619093,"Multi-States
(Haryana, Punjab)",National Highways Authority of India [NHAI],609.32,169.1,70.83,28.0,11.446018,11.446018,LOW
902,6L Access Controlled Greenfield Highway from Kavulakuntla Ch. 196000 to Narayanmpet Ch. 203500Package-09,National Highways Authority of India [NHAI],618718,Andhra Pradesh,National Highways Authority of India [NHAI],1092.18,178.93,36.0,14.0,11.422511,11.422511,LOW
903,Two laning with paved shoulders of Paderu to GundigudaSection of NH 516E,MoRTH,618259,Andhra Pradesh,MoRTH,222.61,122.52,100.0,61.0,11.390369,11.390369,LOW
904,KHADIA EXPANSION [10 TO 16 MTP,Northern Coalfields Limited [NCL],615183,"Multi-States
(Madhya Pradesh,
Uttar Pradesh)",Northern Coalfields Limited [NCL],491.67,276.75,55.57,58.0,11.279438,11.279438,LOW
905,Lalitpur-Birari with flyover at Lalitpur- 16 Km,North Central Railway,705766,Uttar Pradesh,North Central Railway,304.44,255.32,86.0,101.0,11.273353,11.273353,LOW
906,"Construction of 6-lane Greenfield corridor from Ramnagar to Kacchi Dargah NH-119D from Km 109700 to Km 122300, including widening of the existing NH-31 from Km 196700 to Km 198600, as part of the Amas-Darbhanga.",National Highways Authority of India [NHAI],618742,Bihar,National Highways Authority of India [NHAI],1113.46,1.31,0.0,0.0,11.248035,11.248035,LOW
907,"Gadarwara Super Thermal Power Project, Stage-II [2x800 MW]",National Thermal Power Corporation [NTPC],618976,Madhya Pradesh,National Thermal Power Corporation [NTPC],20446.0,1721.18,7.5,11.0,11.151547,11.151547,LOW
908,Balance work of 2L PS from Km 30.800 to Km 70.800 and 2L with Rigid Carriageway from Km 70.800 to km 84.120 of Khanapur- KA/GOA Border section of NH-4A,National Highways Authority of India [NHAI],618942,"Multi-States (Goa,
Karnataka)",National Highways Authority of India [NHAI],226.76,109.78,82.45,41.0,11.139061,11.139061,LOW
909,"Rehabilitation and up-gradation of NH-167 from Km 14/900 to Km70/000 Design Ch. 14/900 to 69/700 Chintakunta to Adoni section to two lane with paved shoulders in the State of Andhra Pradesh under Corridor Approach through Engineering, Procurement",MoRTH,617991,Andhra Pradesh,MoRTH,290.15,140.23,91.9,107.0,11.096821,11.096821,LOW
910,Sakri -Hasanpur [via Harnagar - Kusheshwar Asthan] New Railway line,East Central Railway [ECR] - I,400254,Bihar,East Central Railway [ECR] - I,735.2,589.37,84.2,344.0,11.091107,11.091107,LOW
911,Rehabilitation and Upgradation to Two lanes with Paved Shoulders configuration and Strengthening from Km 175.00 to Km 196.00 Gumkhal to Satpuli of NH-119 New NH- 534 in the State of Uttarakhand under NHO Annual Plan 2021-22 under EPC mode,MoRTH,618040,Uttarakhand,MoRTH,452.81,0.0,42.0,15.0,11.084018,11.084018,LOW
912,Strengthening and widening of existing 2 lane road to two lane paved shoulder from km 7.750 to 26.542 & km. 32.093 to 45.786 of NH-130 on EPC mode in the state of chhattisgarh.job No. 130-CG-2017-18-348,MoRTH,617973,Chhattisgarh,MoRTH,188.8,102.56,97.0,83.0,11.025785,11.025785,LOW
913,JHANJRA EXPANSION UG,Eastern Coal Fields Limited [ECL],400312,West Bengal,Eastern Coal Fields Limited [ECL],1210.12,619.6,45.48,72.0,10.967414,10.967414,LOW
914,Construction of 2-lane with hard shoulder of Kohima - Jessami road on NH-29 Old NH- 150 from existing Km 30.474 Near Kidwema road Chakahabama to existing Km 53.220 Near Kikruma Village Design Km 29.60 to Km 51.50 Design length-21.90 Km in the state of Nagaland Under Bharatmala Pariyojna on EPC Mode under NHO Package-II -Balance work,NHIDCL,618297,Nagaland,NHIDCL,355.79,0.0,40.88,27.0,10.945639,10.945639,LOW
915,Solapur Sewerage Management Infrastructure Project,Ministry of Housing & Urban Affairs,702854,Maharashtra,Ministry of Housing & Urban Affairs,180.24,172.22,98.0,96.0,10.934972,10.934972,LOW
916,Paithan - Shirur section 2LPS Km 0.0 to 55.00,MoRTH,618172,Maharashtra,MoRTH,341.8,0.0,82.0,106.0,10.917226,10.917226,LOW
917,Taranga Hill-Abu Road via Ambaji,North Western Railway [NWR],400022,"Multi-States
(Gujarat,
Rajasthan)",North Western Railway [NWR],2798.0,2439.32,37.0,45.0,10.8894415,10.8894415,LOW
918,Jal Marg Vikas Project,Inland Waterways Authority of India [IWAI],701565,"Multi-States
(Bihar, Jharkhand,
Uttar Pradesh,
West Bengal)",Inland Waterways Authority of India [IWAI],5369.18,3990.06,81.2,98.0,10.76221,10.76221,LOW
919,SOURCING OF BAUXITE ARRANGEMENT FOR 5TH STREAM ALUMINA REFINERY FROM SOUTH BLOCK MINING LEASE OF PANCHPATMAILI MINES,National Aluminium Company Limited [NALCO],709831,Odisha,National Aluminium Company Limited [NALCO],483.0,446.16,92.35,77.0,10.740745,10.740745,LOW
920,4L Shahpur to Muktainagar from Km. 186.000 to km 216.278 of NH 753L Pkg II of Boregaon Buzurg to Muktainagar,National Highways Authority of India [NHAI],619101,"Multi-States
(Madhya Pradesh,
Maharashtra)",National Highways Authority of India [NHAI],784.35,299.09,64.0,25.0,10.710363,10.710363,LOW
921,4 Lane with PS from Des. Ch 228.500 to Des. Ch. 273.400 of Belgaum-Hungund- Raichur Section of NH 748 A Package-6,National Highways Authority of India [NHAI],618649,Karnataka,National Highways Authority of India [NHAI],1246.15,241.66,45.8,17.0,10.703536,10.703536,LOW
922,Construction Bangalore Metro Rail Project Phase-2A & 2B,Bengaluru Metro Rail,702665,Karnataka,Bengaluru Metro Rail,14788.1,10276.44,65.0,87.0,10.675949,10.675949,LOW
923,Rehabilitation and up-gradation to 2-lane configuration of Bageshwar to Kangarchina road from km 129.600 to Km 161.600 Existing Chainage 136.00 to Km 169.00 of NH- 309Ain the State of Uttarakhand Package-IV under NHO Annual Plan 2021-22,MoRTH,618119,Uttarakhand,MoRTH,472.23,0.0,60.0,20.0,10.670507,10.670507,LOW
924,Rehabilitation and Upgradation of road Rishikesh Dharasu Old NH-94 with 2-lane with paved shoulder from km 76.000 to km 110.000 Design Chainage from km 74.733 to km 107.347 32.614 km including construction of Kamand re-alignment from existing Chainage Km 105.200 to Km 108.600 design chainage Km 103.436 to Km 105.949 - total length 2513 mtrs and land slide treatment work between design chainage Km 73.800 to Km 74.00 200m on EPC mode under improvement to NH connectivity to Chardham in,MoRTH,618213,Uttarakhand,MoRTH,273.76,0.0,96.46,87.0,10.626625,10.626625,LOW
925,Two laning with paved shoulders of Gondiguda to Araku uptoBhallaguda section of NH 516E,MoRTH,618258,Andhra Pradesh,MoRTH,296.66,237.52,91.5,55.0,10.591344,10.591344,LOW
926,6L Access Controlled Greenfield Highway from Odulapalle Ch. 72000 to Nallacheruvu- palli Ch. 96300 of [NH-544G]Package-4,National Highways Authority of India [NHAI],618715,Andhra Pradesh,National Highways Authority of India [NHAI],1058.9,377.77,73.93,26.0,10.559594,10.559594,LOW
927,Construction of Balance work of 2-Lane with PS of Joram-Koloriang Road NH-713 on EPC basis from Design Km 44.989 to Km 61.547 Existing Km 50.050 to Km 70.000 in the state of Arunachal Pradesh under SARDP-NE Pkg-3,NHIDCL,618432,Arunachal Pradesh,NHIDCL,228.72,0.0,99.52,66.0,10.50081,10.50081,LOW
928,"Kalol Redevelopment Project, Ahmedabad Asset",Oil and Natural Gas Corporation Limited [ONGC],709842,Gujarat,Oil and Natural Gas Corporation Limited [ONGC],1487.41,940.5,64.0,44.0,10.496172,10.496172,LOW
929,Guhagar - Rampur - 2L-PS - km 0/00 Guhagar to 26/230 Rampur and 40/00 Mirjoli to 53/600 Sati on NH-166E,MoRTH,618097,Maharashtra,MoRTH,407.2,0.0,91.89,106.0,10.490902,10.490902,LOW
930,Rehabilitation and Upgradation to 2-lane with paved shoulders configuration of Koyyuru to Chaprathipalem section Km 120000 to Km 165500 of NH-516E in the State of Andhra Pradesh under Green National Highways Corridor Project GNHCP with the loan assistance of World Bank on EPC mode,MoRTH,618257,Andhra Pradesh,MoRTH,349.29,242.02,100.0,45.0,10.468538,10.468538,LOW
931,Muzaffarpur Storm Water Drainage Phase-I Project,Ministry of Housing & Urban Affairs,702699,Bihar,Ministry of Housing & Urban Affairs,158.78,135.72,84.0,86.0,10.401888,10.401888,LOW
932,4L of near Satai Ghat to Chowka section of NH-34 from D. Ch. 89.875 to D. Ch. 145.000 Package-3,National Highways Authority of India [NHAI],618667,Madhya Pradesh,National Highways Authority of India [NHAI],1005.59,111.76,20.84,6.0,10.392791,10.392791,LOW
933,Widening & strengthening of existing carriageway in 2 lane with paved shoulders from km 25/0 to 59/2 design Ch km 25.467 to 59.200 of NH - 353C on EPC mode in the state of Telangana,MoRTH,618132,Telangana,MoRTH,206.13,152.77,98.57,94.0,10.368927,10.368927,LOW
934,Estimate for Improvement to two lane with paved shoulder from Ramnagar to Roseda from km 3.500 to 43.000 of NH 527 E on EPC mode in State of Bihar,MoRTH,618146,Bihar,MoRTH,495.16,0.0,33.0,18.0,10.357584,10.357584,LOW
935,Reconstruction of existing 2 L/IL to 2L with paved shoulder from existing km 52.200 to 92.880 of NH-,MoRTH,617970,Uttarakhand,MoRTH,282.08,166.13,100.0,106.0,10.354599,10.354599,LOW
936,"Rehabilitation and Up gradation to 2-lane with paved shoulder of Keifang Section Economic Corridor of NH-06 from Existing Chainage Km 30050 Keifang to Km 50360 Keifang, Design Chainage Km 27400 to Km 45040 PkgIII in the State of Mizoram under Bharatmala Pariyojna on EPC Mode Seling-Dulte - III",NHIDCL,618343,Mizoram,NHIDCL,292.23,0.0,0.0,69.0,10.3307295,10.3307295,LOW
937,Paravoor-Kottankulangara,National Highways Authority of India [NHAI],618606,Kerala,National Highways Authority of India [NHAI],3273.61,1226.55,71.2,44.0,10.314395,10.314395,LOW
938,4L of Thirumangalam to Vadugapatti section from km 0.000 to km 36.000 of NH-744,National Highways Authority of India [NHAI],618744,Tamil Nadu,National Highways Authority of India [NHAI],1076.97,679.48,95.41,38.0,10.244077,10.244077,LOW
939,Construction of 2-Laning with Paved Shoulder of New Greenfield Alignment From Helipad near Menla at Km 82000 to Menla at Km 94030 of Rhenock-Menla Spur NH- 717B Package-IIIB on EPC Basis under SARDP-NE Phase 'A' in the State of Sikkim.,NHIDCL,618447,Sikkim,NHIDCL,410.6,0.0,81.83,62.0,10.211173,10.211173,LOW
940,Rehabilitation and upgradation from Km 22300 to 58635 of MudireddyPalle to Kadapa/Nellore Border via porumamilla Section of NH 167 Two Lane with paved Shoulder in,MoRTH,618103,Andhra Pradesh,MoRTH,279.29,155.02,88.25,18.0,10.210124,10.210124,LOW
941,Pen to Khopoli 2LPS,MoRTH,618094,Maharashtra,MoRTH,369.39,323.75,86.3,94.0,10.185686,10.185686,LOW
942,Belgavi Improvement in Sewerage System Project,Ministry of Housing & Urban Affairs,702760,Karnataka,Ministry of Housing & Urban Affairs,162.73,79.5,80.0,114.0,10.173078,10.173078,LOW
943,Bhanupalli-Bilaspur-Beri New Railway Line Project,RVNL - II,705428,"Multi-States
(Himachal
Pradesh, Punjab)",RVNL - II,13447.0,7558.16,63.0,132.0,10.172886,10.172886,LOW
944,"Improvement of existing road to 2 laning with Hard Shoulders of Maram -Peren section Package-1A, length- 22.340Km from Design Chainage 0.000 km to 22.340 km on NH-129A in the State of Manipur on EPC mode",NHIDCL,618416,Manipur,NHIDCL,226.32,179.09,74.58,58.0,10.143038,10.143038,LOW
945,Mumbai Urban Transport Project [MUTP] Phase-IIIA,Mumbai Rail Vikas Corporation Ltd.[MRVC],706780,Maharashtra,Mumbai Rail Vikas Corporation Ltd.[MRVC],33690.0,3577.36,22.0,84.0,10.133175,10.133175,LOW
946,2.5 MTPA PATHERDIH NLW WASHERY,Ministry of Coal,611017,Jharkhand,Ministry of Coal,334.27,162.75,51.81,120.0,10.089501,10.089501,LOW
947,Laying of POL Pipelines in Common Corridor for proposed grass root terminal at Vallur [Chennai],Ministry of Petroleum & Natural Gas,400043,Tamil Nadu,Ministry of Petroleum & Natural Gas,829.0,350.21,76.2,51.0,10.089151,10.089151,LOW
948,4L PS from near Hunsur - KR Nagar Junction to near Yalachahalli village KR Nagara - Yelawala Road Junction fcrom Km 169.000 to Km 195.550 of NH-275 Pkg-IV,National Highways Authority of India [NHAI],618872,Karnataka,National Highways Authority of India [NHAI],1062.76,93.08,14.85,12.0,10.048971,10.048971,LOW
949,Construction of Basti Ring Road Phase-I with 4L configuration for Basti City in the state of Uttar Pradesh on HAM mode,MoRTH,618243,Uttar Pradesh,MoRTH,1138.72,0.0,27.0,10.0,10.025745,10.025745,LOW
950,4-laning of Pilibhit - Sitarganj from Km. 32.500 to Km. 70.800 Pkg-2 of NH-30,National Highways Authority of India [NHAI],618783,"Multi-States (Uttar
Pradesh,
Uttarakhand)",National Highways Authority of India [NHAI],1471.19,416.11,35.2,25.0,9.999291,9.999291,LOW
951,Improvement and Widening of National Highway No. 127B Darugiri - Songsak - Williamnagar Junction Section to two lane with paved shoulder from design Km 0000 to Km 36635 Design length 36.635 Km existing Km 112000 to Km 151060 of NH-1278 under Bharatmala Pariyojana Lot-1 Pkg-1B Meghalaya portion,NHIDCL,618294,Meghalaya,NHIDCL,801.07,64.53,24.13,7.0,9.945507,9.945507,LOW
952,6L Access Controlled Greenfield Highway from Mallapalle Ch. 176000 to Kavulakuntla Ch. 196000 Package-08,National Highways Authority of India [NHAI],618719,Andhra Pradesh,National Highways Authority of India [NHAI],909.02,257.58,56.01,26.0,9.90689,9.90689,LOW
953,Outer Ring Road of Jabalpur Town from Kushner to Amjhar Road including Airport Connectivity Pkg-IV,National Highways Authority of India [NHAI],618686,Madhya Pradesh,National Highways Authority of India [NHAI],612.94,327.15,76.1,25.0,9.865967,9.865967,LOW
954,Sahjanwa-Dohrighat,North Eastern Railway [NER],400205,Uttar Pradesh,North Eastern Railway [NER],1319.75,492.3,4.0,109.0,9.852741,9.852741,LOW
955,4L Elevated corridor of Kalimandir-Dimna Chowk-Baliguma Jamshedpur Section of NH-33 New NH-18 from km 241940 to km 251961 Length 10.021 km,National Highways Authority of India [NHAI],618736,Jharkhand,National Highways Authority of India [NHAI],936.26,281.39,43.21,19.0,9.835025,9.835025,LOW
956,Upgradation to Two-lane with paved shoulder of Hanumangarh to Kenchiyan section from Km 0.000existing chainage-Km 23.200 to Km 49.605existing chainage-Km 74.645 of NH-54 in the State of Rajasthan on EPC mode.,MoRTH,618069,Rajasthan,MoRTH,334.64,0.0,68.0,18.0,9.831752,9.831752,LOW
957,"City Gas Distribution Projects at Lakhimpur Kheri , Sitapur, Bahraich, Shravasti,Balrampur, Siddharth Nagar & Maharajganj districts",Bharat Petroleum Corporation Limited [BPCL],709795,Uttar Pradesh,Bharat Petroleum Corporation Limited [BPCL],16654.0,713.77,17.9,40.0,9.820992,9.820992,LOW
958,RAJRAPPA RCE OCP,Ministry of Coal,400160,Jharkhand,Ministry of Coal,510.85,488.71,78.25,196.0,9.8090315,9.8090315,LOW
959,Chennai Metro Rail Phase-II Development Project,Chennai Metro Rail Limited [CMRL],702668,Tamil Nadu,Chennai Metro Rail Limited [CMRL],63246.0,33129.33,52.55,65.0,9.798126,9.798126,LOW
960,Balance works in AP Portion and punch list items in TN & AP portion of NH-205,National Highways Authority of India [NHAI],619160,Andhra Pradesh,National Highways Authority of India [NHAI],166.52,98.26,100.0,33.0,9.726928,9.726928,LOW
961,"CGD Project in Banka, Dumka, Godda, Jamtara, Pakur, Sahibganj GA ID 11A.02",Hindustan Petroleum Corporation Limited,709757,"Multi-States
(Bihar, Jharkhand)",Hindustan Petroleum Corporation Limited,1377.0,375.17,37.0,46.0,9.713134,9.713134,LOW
962,Patna Metro Rail Project,Patna Metro Rail Corporation Ltd. [PMRCL],702627,Bihar,Patna Metro Rail Corporation Ltd. [PMRCL],13365.77,5197.09,50.0,86.0,9.704234,9.704234,LOW
963,Construction of 2-Lane with hard shoulders of Merangkong-Tamlu-Mon MTM Road from existing Km 20.456 to Km 41.065 Design Km. 20 to Km. 40.0 Design Length- 20.000 Km in the State of Nagaland under SARDP-NE Phase-A Pkg-2 Balance work,NHIDCL,618423,Nagaland,NHIDCL,215.79,28.64,100.0,32.0,9.640412,9.640412,LOW
964,4L of Ratnagiri - Kolhapur section from km 112.340 to km 145.300 of NH-166 PkgIII,National Highways Authority of India [NHAI],618837,Maharashtra,National Highways Authority of India [NHAI],1939.23,458.94,66.45,35.0,9.637266,9.637266,LOW
965,6L of MH/KN Border Nimbal Village to KN/TS Border Singnodi Village from Km. 97.000 to Km. 162.500 in Yadgir of NH-150C Pkg-III,National Highways Authority of India [NHAI],619211,Karnataka,National Highways Authority of India [NHAI],2104.7,779.81,73.9,36.0,9.628714,9.628714,LOW
966,6L access Controlled Greenfield Highway from Gogwan Jalalpur Shamli to Ranipur Barsi Saharanpur of Shamli -Ambala section Package-I Design Ch. Form km 00.600 to km 45.500,National Highways Authority of India [NHAI],618722,Uttar Pradesh,National Highways Authority of India [NHAI],1843.59,685.93,58.9,35.0,9.564255,9.564255,LOW
967,Mhaswad to Tembhurni section of NH-548C - 2L PS,MoRTH,618152,Maharashtra,MoRTH,488.6,0.0,96.19,104.0,9.5363,9.5363,LOW
968,Widening to Two Lane with Paved Shoulders from Km 67.000 to Km 114.425 of Kalwakurthy- Mallapally Section of NH 167 Erstwhile section of SH 18 in the State of Telangana on EPC mode under NH O Annual Plan 2016-17,MoRTH,617995,Telangana,MoRTH,300.0,175.1,99.2,107.0,9.461457,9.461457,LOW
969,"SITC of ATM Automation System and ASMGCS [Including SMR & MLAT] for Mumbai, Navi Mumbai, Jewar [earlier MOPA, without ASMGCS], HIAL & BIAL",611570,-,"Multi-States
(Karnataka,
Maharashtra,
Telangana, Uttar
Pradesh)",Airport Authority of India [AAI],500.48,381.2,78.0,42.0,9.382089,9.382089,LOW
970,Dum Dum Airport-New Garia via Rajarhat-Construction of Metro Railway,RVNL - II,400277,West Bengal,RVNL - II,8964.0,8621.5,86.6,174.0,9.314914,9.314914,LOW
971,Construction of 6-lane bridge on Ganga on NH-96 and its approaches in Phaphamau Allahabad on EPC mode,MoRTH,618233,Uttar Pradesh,MoRTH,1948.25,0.0,87.91,62.0,9.311799,9.311799,LOW
972,Construction of 2 lane with paved shoulder of Kund Bypass from Design Km 35.130 to Km 47.700 existing Km 33.130 to Km 41.260 of NH-109 in the State of Uttarakhand,MoRTH,617929,Uttarakhand,MoRTH,247.41,110.98,73.5,95.0,9.27189,9.27189,LOW
973,"6L Standalone Flyovers at Raha, Demow, Borghat, Kathiatali junctions and ROB at Jagiroad on stretches of NH 36 and NH 27",National Highways Authority of India [NHAI],618576,Assam,National Highways Authority of India [NHAI],280.75,211.79,99.04,40.0,9.23131,9.23131,LOW
974,4/6L Southern Ayodhya Bypass from Km 5.000 to Km 37.172 starting near Km. 112.540 and ending at Km. 153.281 of NH-27,NHAI,618568,Uttar Pradesh,NHAI,2541.13,265.58,35.14,13.0,9.170261,9.170261,LOW
975,Kochi Metro Rail Phase 2 Development Project,CSPCC Projects,702664,Kerala,CSPCC Projects,1957.05,746.33,36.17,41.0,9.030497,9.030497,LOW
976,"Construction of Balance Work of 4-Laning of NH-37 Section between End of Moran Bypass to Bogibeel junction near Lapetketa Km. 561.700-Km. 580.875 under SARDP- NE, Phase 'A' in the State of Assam on EPC mode Pkg-I Road works & Toll Plaza",NHIDCL,618437,Assam,NHIDCL,274.34,90.6,100.0,19.0,9.012974,9.012974,LOW
977,4L of Ratnagiri - Kolhapur section from km 67.140 to km 112.340 of NH-166 Pkg II,National Highways Authority of India [NHAI],618836,Maharashtra,National Highways Authority of India [NHAI],1985.38,389.68,79.18,35.0,8.994387,8.994387,LOW
978,Up-gradation to four lane/ Two lane with paved shoulders configuration of Kalyan - Murbad - Malshej Ghat - Nirmal Road NH- 61 km 15/200 to Km 38/00 and from Km. 58/00 to Km 84/00 Design length 48.58 km of NH-61 on EPC Mode in Thane District in the state of Maharashtra,MoRTH,617933,Maharashtra,MoRTH,984.07,0.0,100.0,25.0,8.949743,8.949743,LOW
979,Widening/Improvement of existing 2-Lane road to 4-Lane Divided Highway from Sekmai to Nilakuthi section of Imphal-Kohima Road Design Chainage from Km 297700 to Km 308729 of NH-39 New NH-02 in state of Manipur on EPC mode Pkg-5B,NHIDCL,618298,Manipur,NHIDCL,211.7,227.95,90.96,57.0,8.929917,8.929917,LOW
980,Widening/Improvement to 2-lane with earthen shoulder of Yaingangpokpi - Finch corner road section of NH-202 from Km 0.000 to Km 16.900 of NH-202 in the state of Manipur on EPC mode Package-1,NHIDCL,618303,Manipur,NHIDCL,222.77,0.0,88.85,69.0,8.909198,8.909198,LOW
981,Improvement/Up-gradation of existing 2-Lane Road to 4-Lane Divided Highway from Daili to Kuraopokpi section of Imphal-Kohima road NH-02 Design Chainage from Km 274610 to Km 287000 in the state of Manipur on EPC mode Pkg-4B,NHIDCL,618299,Manipur,NHIDCL,268.98,0.0,55.15,16.0,8.908709,8.908709,LOW
982,Construction of 4-lane highway with paved shoulders from Km 49.155 to Km 74.700 of NH-731A on Hybrid Annuity Mode in the state of Uttar Pradesh,MoRTH,618165,Uttar Pradesh,MoRTH,1156.72,0.0,98.0,26.0,8.852647,8.852647,LOW
983,4-Laning of Balance work of Dimapur-Kohima Road from design km 152.490 to km 166.700 Existing km 156.000 to km 172.900 Excluding Dimapur & Kohima Bypass under SARDP-NE Package-III,NHIDCL,618328,Nagaland,NHIDCL,562.98,119.71,82.59,31.0,8.782698,8.782698,LOW
984,Kotapalli - Narasapur New Line,South Central Railway [SCR] - II,705436,Andhra Pradesh,South Central Railway [SCR] - II,2501.0,1417.65,30.01,151.0,8.750228,8.750228,LOW
985,2L/4L of Hoshiarpur to Una section including Hoshiarpur Bypass of NH 503A,National Highways Authority of India [NHAI],618907,"Multi-States
(Himachal
Pradesh, Punjab)",National Highways Authority of India [NHAI],571.34,63.4,24.87,11.0,8.734029,8.734029,LOW
986,Nasratpur to Barasgaon section of NH-61 2L / 4L PS from Km.514/00 to 558/200,MoRTH,617934,Maharashtra,MoRTH,406.54,0.0,95.84,103.0,8.731643,8.731643,LOW
987,6L access Controlled Greenfield Highway from Ranipur Barsi to Adhoya Musalmana section of Shamli -Ambala Package-II Design Ch. Form km 45.500 to km 84.400,National Highways Authority of India [NHAI],618723,"Multi-States
(Haryana, Uttar
Pradesh)",National Highways Authority of India [NHAI],1554.21,721.32,74.5,35.0,8.711705,8.711705,LOW
988,4L PS from Kalar Bala Village to Nauni Chowk of NH 205 from Km 41.000 to Km 58.450,National Highways Authority of India [NHAI],618891,Himachal Pradesh,National Highways Authority of India [NHAI],1244.43,80.72,20.95,11.0,8.655686,8.655686,LOW
989,Up-gradation of NH-930 Sherpar to Kohka from Km.67880 to Km.114860 to 2LPS in Chhattisgarh under EPC mode,MoRTH,618064,Chhattisgarh,MoRTH,278.97,201.05,90.0,47.0,8.651988,8.651988,LOW
990,Improvement of Geometrics of Thondupally to Kothur from Km 22.300 to Km 34.14 of NH-44,National Highways Authority of India [NHAI],618560,Telangana,National Highways Authority of India [NHAI],541.58,72.23,17.05,37.0,8.635633,8.635633,LOW
991,4L Greenfield Western Side spur of Rampur-Rudrapur Section from Km 0.000 to Km 13.700 connecting NH-24 to NH-87 bypassing rampur town,National Highways Authority of India [NHAI],618911,Uttar Pradesh,National Highways Authority of India [NHAI],646.27,166.33,63.79,35.0,8.631656,8.631656,LOW
992,Pollution Abatement Works for River Kali Meerut under Meerut Municipality Interception & Diversion with STP,National Mission for Clean Ganga,616605,Uttar Pradesh,National Mission for Clean Ganga,690.71,34.79,51.0,17.0,8.59642,8.59642,LOW
993,6L of Naidupeta Junction - Turpukanupur Section from km 57.046 to km 91.927,National Highways Authority of India [NHAI],619140,Andhra Pradesh,National Highways Authority of India [NHAI],1398.84,297.06,43.4,30.0,8.577543,8.577543,LOW
994,Strengthening of Existing Alignment of Pandharpur Town Part Bypassed Section of NH 965 from KM 36.230 to KM 44.230 from Chh. Shivaji Maharaj Chowk to Wakhari,National Highways Authority of India [NHAI],618628,Maharashtra,National Highways Authority of India [NHAI],150.21,58.75,48.0,29.0,8.565024,8.565024,LOW
995,Construction of ROB and its approaches in lieu of LC No. 10/B/T at Km 307.050 of NH-60.,MoRTH,617931,West Bengal,MoRTH,155.87,0.0,15.7,32.0,8.538693,8.538693,LOW
996,6L Access Controlled Greenfield Highway from Audireddipalle Ch. 160000 to Mallapalle Ch. 176000Package-07,National Highways Authority of India [NHAI],618720,Andhra Pradesh,National Highways Authority of India [NHAI],987.1,297.0,65.77,25.0,8.5332985,8.5332985,LOW
997,4 Lane with PS from Des. Ch 182.300 to Des. Ch. 228.500 of Belgaum-Hungund- Raichur Section of NH 748 A Package-5,National Highways Authority of India [NHAI],619106,Karnataka,National Highways Authority of India [NHAI],1141.88,214.81,33.04,17.0,8.528824,8.528824,LOW
998,Durg-Raipur-Arang Package - 2 from km. 44.50 to km. 92.23 near Khatti Village to near Aurang,National Highways Authority of India [NHAI],618590,Chhattisgarh,National Highways Authority of India [NHAI],1958.9,583.62,68.7,34.0,8.526557,8.526557,LOW
999,Development of New Bijwasan Railway Terminal,Northern Railways,617379,Delhi,Northern Railways,446.21,553.14,80.0,157.0,8.502802,8.502802,LOW
1000,Upgradation & rehabilitation of Service Roads on both sides in urban areas of Pune City on PuneSatara section of NH48,National Highways Authority of India [NHAI],618511,Maharashtra,National Highways Authority of India [NHAI],604.59,44.03,14.7,10.0,8.495417,8.495417,LOW
1001,Talcher Thermal Power Station Stage III [2 x 660 MW] Expansion,National Thermal Power Corporation [NTPC],602961,Odisha,National Thermal Power Corporation [NTPC],11843.75,6454.35,50.2,43.0,8.486383,8.486383,LOW
1002,Construction of Jharsuguda Bypass including Land acqusition on NH-49 from km 258.636 to km 283.300 design chainage 258.636 to km 289.876 under NHO in Annual Plan 2022-23 for the state of Odisha Job No.NH-49-OD-2022-23-655,MoRTH,617922,Odisha,MoRTH,587.1,52.43,21.0,15.0,8.472093,8.472093,LOW
1003,Khagaria-Kusheshwar Asthan [42Km] new line project,East Central Railway [ECR] - I,705364,Bihar,East Central Railway [ECR] - I,614.0,491.2,55.7,328.0,8.417952,8.417952,LOW
1004,"TEESTA-VI HE PROJECT, SIKKIM [500 MW], executed by LANCO TEESTA HYDRO POWER LIMITED [A wholly owned Subsidiary of NHPC LTD. acquired through NCLT]",National Hydroelectric Power Corporation Limited [NHPC],602181,Sikkim,National Hydroelectric Power Corporation Limited [NHPC],5748.04,4356.15,72.51,73.0,8.417542,8.417542,LOW
1005,Widening and Up-gradation to 2-Lane with Paved Shoulder of configuration and geometric improvement from Km 0.000 to Km 16.990 on Chenani Sudhmahadev section of NH-244 in UT of Jammu and Kashmir to be executed on EPC basis,NHIDCL,618397,"Jammu and
Kashmir",NHIDCL,255.9,0.0,0.0,89.0,8.411672,8.411672,LOW
1006,Rehabilitation & upgradation of NH - 167 from design km 187.723 to 234.434 Miryalaguda to Kodad section to two lane with paved shoulder on EPC mode in the state of Telangana,MoRTH,617992,Telangana,MoRTH,322.81,148.48,98.14,91.0,8.391317,8.391317,LOW
1007,Improvement/Widening to 2-Lane with Paved Shoulder between Shillong-Dawki road up to Bangladesh Border from design Km 10.670 to Km 37.550 under JICA ODA Loan assistance Phase-II -Balance Work-Pkg-2,NHIDCL,618376,Meghalaya,NHIDCL,525.67,0.0,49.31,26.0,8.386723,8.386723,LOW
1008,widening to two lane with Paved shoulders from Km.0/970 to Km.40/410 of Jangaon - Thirumal giriof NH- 365B in the state of Telanganaon EPC mode under NHO Annual Plan 2016-17,MoRTH,618143,Telangana,MoRTH,197.0,0.0,92.74,101.0,8.382582,8.382582,LOW
1009,Rehabilitation and up-gradation of road from design km 25.250 to km 36.460 Total lengh 11.210 km of Kailashahar-Kurti Bridge section on NH-208A to 2-lane with paved shoulder on EPC basis under NHO Package-III- Balance Work,NHIDCL,618385,Tripura,NHIDCL,174.43,0.0,41.9,19.0,8.281079,8.281079,LOW
1010,4 Laning of Sandalpur to Nasrullaganj Pkg-1 section of NH-146B Length 43.2 Km.,National Highways Authority of India [NHAI],618964,Madhya Pradesh,National Highways Authority of India [NHAI],1425.98,66.78,8.02,3.0,8.2761135,8.2761135,LOW
1011,"Jaynagar-Bijalpura, incl. extn. Bet, Bijalpura-Bardibas [Nepal]",East Central Railway [ECR] - I,705362,Offshore,East Central Railway [ECR] - I,819.0,580.51,75.0,181.0,8.262789,8.262789,LOW
1012,Construction of Two Lane with paved shoulder highway from Design Ch.0.000 to Ch.49.2OO of NH-731B on EPC Mode,MoRTH,618169,Uttar Pradesh,MoRTH,640.18,239.2,95.98,29.0,8.257307,8.257307,LOW
1013,4L Greenfield Rudhi to Deshgaon Pkg V of Betul-Khandwa/Deshgaon,National Highways Authority of India [NHAI],618654,Madhya Pradesh,National Highways Authority of India [NHAI],521.21,196.17,63.62,30.0,8.250364,8.250364,LOW
1014,Morna [Gureghar] Irrigation Project,"Department of Water Resources, River Development & GR",701395,Uttar Pradesh,"Department of Water Resources, River Development & GR",219.9,115.2,31.5,220.0,8.2060795,8.2060795,LOW
1015,"Widening / Improvement to 4-Lane with Paved Shoulder configuration of existing single lane road from Kachukhana Harichara Paglagaunj to Dhubri - Phulbari Bridge approach Package-II of Srirampur - Dhubri Section of NH-127B from existing Km 28.050 to Km 55.060 Design Km 27.650 to Km 54.154, Design Length26.504 Km under JICA ODA Loan assistance Phase-V [Srirampur - Dhubri Pkg-2]",NHIDCL,618372,Assam,NHIDCL,909.02,638.5,100.0,39.0,8.164262,8.164262,LOW
1016,Rehabilitation and upgradation to 2-lane with paved sholuders configuration of Near Karri village-Etawah section Km30.000 to Km 57.346 Pakage-II of NH-92 in state of Uttar Pradesh undergreen national Highway Corridor ProjectGNHCP with the loan assistance of world Bank on EPC mode.,MoRTH,618229,Uttar Pradesh,MoRTH,211.09,0.0,100.0,44.0,8.131006,8.131006,LOW
1017,Nagpur- Nagbhir Railway Line Gauge Conversion Project,MRIDC,705799,Maharashtra,MRIDC,1400.0,1472.0,80.0,72.0,8.1229925,8.1229925,LOW
1018,Transmission Scheme for Evacuation of power from REZ in Rajasthan [20 GW] under Phase-III Part D Phase I [Sikar Khetri Transmission Ltd],Power Grid Corporation of India Limited [POWERGRID],612132,"Multi-States (Delhi,
Rajasthan)",Power Grid Corporation of India Limited [POWERGRID],2423.0,2035.32,85.45,26.0,8.074481,8.074481,LOW
1019,25.5 MW WIND POWER PROJECT AT KAYATHAR IN TAMILNADU,National Aluminium Company Limited [NALCO],709832,Tamil Nadu,National Aluminium Company Limited [NALCO],166.0,135.0,66.73,100.0,8.025567,8.025567,LOW
1020,Construction of bypass around Chatra Town on NH-22 old NH-99 in the state of Jharkhand under EPC Mode,MoRTH,619005,Jharkhand,MoRTH,235.42,0.0,12.0,3.0,8.010223,8.010223,LOW
1021,Balance work of Construction of Ring Road for Raebareli City on eastern side of NH- 24B Phase-1 on EPC mode.,MoRTH,618009,Uttar Pradesh,MoRTH,319.96,0.0,95.0,66.0,8.007767,8.007767,LOW
1022,6L Flyover including RE Wall approaches with Flexible Pavement in the Elephant Corridor of Angul Sambalpur Section of NH-42 New NH-55 Km.202.533,National Highways Authority of India [NHAI],618704,Odisha,National Highways Authority of India [NHAI],150.86,102.13,99.98,22.0,7.988053,7.988053,LOW
1023,New Delhi- Howrah Speed Booster[160Kmph] Project,PCE/NCR,705794,"Multi-States
(Bihar, Delhi,
Jharkhand, Uttar
Pradesh, West
Bengal)",PCE/NCR,6684.81,127.03,0.0,79.0,7.985069,7.985069,LOW
1024,Widening to two lane with paved shoulders from Km 0/000 to Km 45/946 of Nizampet- Narayankhed-bidar section of NH-161B in the state of Telangana under Annual Plan 2021-22 on EPC mode under NHO,MoRTH,618091,Telangana,MoRTH,512.98,117.6,41.8,26.0,7.920721,7.920721,LOW
1025,Kalai-II Hydro Electric Project [1200 MW],THDC India Limited,619311,Arunachal Pradesh,THDC India Limited,14105.83,187.16,0.0,0.0,7.9179077,7.9179077,LOW
1026,4L of Aurangabad-Paithan,NHAI,618779,Bihar,NHAI,1505.0,305.59,96.5,39.0,7.911083,7.911083,LOW
1027,Widening to 2 -Lane with Paved shoulder of Imphal to Jiribam section of NH-37 from Design Chainage 33.000 km to 66.390 Km Existing Chainage from km 33.395 to km 67.496 on EPC Mode in Manipur PKG-3,NHIDCL,618337,Manipur,NHIDCL,467.0,568.72,86.33,55.0,7.899222,7.899222,LOW
1028,"Construction, Operation & Maintenance of 2-L Bi-directional Silkyara Bend- Barkot Tunnel with escape passage including approaches Tunnel-4.531 & Approach road- 0.328 on Dharasu-Yamunotri section b/w Chainage 25.400km and 51.00km falling along NH-134 Old NH-94 on EPC mode",NHIDCL,618390,Uttarakhand,NHIDCL,1383.78,688.93,70.64,93.0,7.837127,7.837127,LOW
1029,"4L Godibandha to Ballhar Chhak, Ballhar Chhak to Banarpal & Banarpal to Start of Angul bypass at Km.314.130 to Km.321.035 of NH53, at Km.75.200 to Km.84.000 of NH149 & at Km.84.000 to Km.86.100 of NH55",National Highways Authority of India [NHAI],618705,Odisha,National Highways Authority of India [NHAI],973.12,153.23,1.5,2.0,7.8035483,7.8035483,LOW
1030,"Construction of Morena bypass, Ambah bypass & Porsa bypass Totat length 27.16 km Section of NH-552 Ext. to TWo lane with paved shoulder configuration in the state of Madhya Pradesh on EPC mode",MoRTH,618156,Madhya Pradesh,MoRTH,492.66,0.0,69.25,18.0,7.79642,7.79642,LOW
1031,Saryu Nahar CADWM Project,Irrigation & Water Resources-UP,400093,Uttar Pradesh,Irrigation & Water Resources-UP,1672.7,22.24,1.76,108.0,7.7889605,7.7889605,LOW
1032,4-Laning of Itanagar to Bandardewa section of NH-415from km 40430 to km 51735 Package-Bon EPC Mode in the state of Arunachal Pradesh Job NO. 415/Ar. P/2020- 21/031,MoRTH,618033,Arunachal Pradesh,MoRTH,496.47,165.43,51.37,52.0,7.709997,7.709997,LOW
1033,AURANGABAD-ANKAI - DOUBLING PROJECT 98.25 Km,South Central Railway [SCR] - II,611751,Maharashtra,South Central Railway [SCR] - II,960.64,1304.54,2.02,35.0,7.686484,7.686484,LOW
1034,Widening to intermediate/two lane to 2 lane with paved shoulder from Existing chanages Km 112.750 to 142.00 Liingasur to Mudabal cross & from Km. 147.070 to Km. 149.070 Maski city limit of Jewargi Chamrajnagar setion of NH-150A in the state of Karnataka on EPC mode. Job No. NH-150A-KNT-2021-22-951,MoRTH,618087,Karnataka,MoRTH,255.88,179.66,93.0,39.0,7.602673,7.602673,LOW
1035,Construction of Major Bridge Across Sharavathi Backwaters and approches between Ambargodu and Kalasavalli Near Sigandhur in Sagar Taluk on NH 369E in the State of Karnataka on EPC mode.Job No. NH-369E-KNT-2018-19-895 dated 06.03.2019.,MoRTH,618144,Karnataka,MoRTH,423.15,0.0,0.0,76.0,7.5810843,7.5810843,LOW
1036,Rehabilitation and Up-gradation of Nongstoin Wahkaji section of Project Road Km 0000 to Km 43060 to Intermediate Lane with earthern shoulder under SARDP-NE Phase-A in the State of Meghalaya on EPC mode. Job No- SARDP-NE ong-Don- Maw/MG/2020-21/294,MoRTH,617885,Meghalaya,MoRTH,302.88,182.58,99.1,50.0,7.5477524,7.5477524,LOW
1037,Construction of Ring Road around Kanpur from Km.000 to Km. 23.325 Chachendi Sachendi I to Maharajpur Package-I,National Highways Authority of India [NHAI],618537,Uttar Pradesh,National Highways Authority of India [NHAI],1753.75,392.07,55.72,28.0,7.5138936,7.5138936,LOW
1038,6L access controlled Highway from Km 40080 to Km 86513 Mator to Barodameo Section,National Highways Authority of India [NHAI],618757,Rajasthan,National Highways Authority of India [NHAI],2010.2,707.67,37.24,25.0,7.490562,7.490562,LOW
1039,3rd & 4th line between Sarla - Sason [8 km] [PB 73/2023-24/NR],East Coast Railway [ECoR] - II,612834,Odisha,East Coast Railway [ECoR] - II,252.0,117.3,86.0,36.0,7.4595466,7.4595466,LOW
1040,DCU Revamp Project,NRL,709864,Assam,NRL,370.0,281.31,76.3,56.0,7.4557385,7.4557385,LOW
1041,"Improvement of existing road to 2 laning with Hard Shoulders of Maram-Peren section Package-1B, length- 17.660 km from Design Chainage 22.340 km to 40.000 km on NH-129A in the State of Manipur on EPC mode",NHIDCL,618415,Manipur,NHIDCL,188.36,0.0,100.0,58.0,7.4380093,7.4380093,LOW
1042,Balance work of Construction of 2-lane with hard shoulder of Kohima - Jessami road on NH-29 old NH-150 from existing km 98.380 near Chizami vill. to km120.367 Nagaland/Manipur Border [Design km 95.700 to design km 117.200] [Design Length 21.500 km] in the state of Nagaland Under Bharatmala Pariyojna on EPC Mode Package-V under NHO,NHIDCL,618296,Nagaland,NHIDCL,330.8,0.0,93.04,29.0,7.363305,7.363305,LOW
1043,Omkareshwar CADWM Project,Water resource-mp,400096,Madhya Pradesh,Water resource-mp,648.09,208.06,49.78,108.0,7.354214,7.354214,LOW
1044,Outer Ring Road of Jabalpur Town from Amjhar Road including Airport Connectivity to barela Pkg-V,National Highways Authority of India [NHAI],618688,Madhya Pradesh,National Highways Authority of India [NHAI],794.7,69.33,25.12,6.0,7.342606,7.342606,LOW
1045,"Widening & strengthenlng to 2LPS from km 0,000 to 40.000 Dhaugaon- Podamari section of NH 326 in the State of Odisha under Annual Plan 2021.22.",MoRTH,618012,Odisha,MoRTH,186.52,42.83,60.0,26.0,7.329529,7.329529,LOW
1046,"Replacement of Converter Vessels, Trunnion Rings, Support System & Installation of Secondary Emission at Bhilai Steel Plant",Steel Authority of India Limited [SAIL],617255,Chhattisgarh,Steel Authority of India Limited [SAIL],471.83,239.59,67.07,28.0,7.2961016,7.2961016,LOW
1047,4L from Devinagar Bypass End Existing Km. 208.000 of NH 530B/Design Km. 66.000 to Kasganj Bypass End Existing Km.150.100 of NH 530B/ Design Km. 123.100 of NH 530B,National Highways Authority of India [NHAI],618868,Uttar Pradesh,National Highways Authority of India [NHAI],2289.52,486.52,62.48,22.0,7.292704,7.292704,LOW
1048,Bahraich-Shravasti-Balrampur-Siddharthnagar -Santkabir nagar,North Eastern Railway [NER],400204,Uttar Pradesh,North Eastern Railway [NER],4939.78,1055.82,8.9,109.0,7.2879953,7.2879953,LOW
1049,Sewage Treatment Plant 100MLD and Sewerage Network 288 km in Digha-Patna under Hybrid annuity based PPP mode-Namami Gange Programme,National Mission for Clean Ganga,616611,Bihar,National Mission for Clean Ganga,824.0,396.71,57.0,81.0,7.273596,7.273596,LOW
1050,4 Lane Inner Ring Road around Allahabad City Pkg-2 Prayagraj Southern Bypass 43.200 - 50.860,National Highways Authority of India [NHAI],618960,Uttar Pradesh,National Highways Authority of India [NHAI],1377.51,394.66,42.26,28.0,7.2679796,7.2679796,LOW
1051,Transmission Scheme for Solar Energy Zone in Ananthpuram 2500MW and Kurnool 1000MW,Power Grid Corporation of India Limited [POWERGRID],611967,Andhra Pradesh,Power Grid Corporation of India Limited [POWERGRID],823.0,798.31,98.34,31.0,7.205253,7.205253,LOW
1052,Construction of New Double Tier 4L Elevated Corridor from Chennai Port to Maduravoyal in Chennai District from km -0.342 to Km 20.593 and Package III from Km 9.700 to Km 14.185,National Highways Authority of India [NHAI],619139,Tamil Nadu,National Highways Authority of India [NHAI],1299.36,146.74,16.88,29.0,7.190221,7.190221,LOW
1053,Four laning from Dive Ghat Km. 220.900 to Hadapsar Km. 234.150 of Mohol Alandi section Pkg VI of NH-965,National Highways Authority of India [NHAI],618626,Maharashtra,National Highways Authority of India [NHAI],819.52,121.02,62.03,18.0,7.182618,7.182618,LOW
1054,Construction and upgradation of existing road to 2-lane with paved shoulder from existing chainage Km 509.725 to Km 528.000 design chainage Km 490.550 to Km 507.850 of NH-58 new NH-07 Benakuli bend to Mana Village in EPC mode under Chardham Programme in the State of Uttarakhand.,MoRTH,618208,Uttarakhand,MoRTH,180.1,0.0,95.0,77.0,7.136157,7.136157,LOW
1055,Rehabilitation and upgradation of NH 326A from km 0/0 to 41/979 excluding km 2/255 to 3/372 and km 36/820 to 38/275 Odisha border to Narasamapeta to two lane with paved Shoulders in the State of Andhra Pradesh under NHO on EPC Mode,MoRTH,618125,Andhra Pradesh,MoRTH,228.32,44.45,100.0,91.0,7.0575433,7.0575433,LOW
1056,Construction of 4L Flyover from MES College Junction to Bogmalo Junction on NH- 566 from Km. 7.106 to Km. 10.460 and 4L VUP at Queeny Nagar Junction from Km. 3.330 to Km. 4.550,National Highways Authority of India [NHAI],618609,Goa,National Highways Authority of India [NHAI],463.08,127.09,43.75,20.0,7.024491,7.024491,LOW
1057,Transmission system for evacuation of power from REZ in Rajasthan 20 GW under Phase-III part C1,Power Grid Corporation of India Limited [POWERGRID],611949,Rajasthan,Power Grid Corporation of India Limited [POWERGRID],1160.0,1136.8,99.0,30.0,7.010648,7.010648,LOW
1058,"Grass Root Rail-fed Depot at Sekerkote, Agartala as resitement of existing Dharmanagar Depot",Indian Oil Corporation Limited [IOCL],400035,Tripura,Indian Oil Corporation Limited [IOCL],656.0,537.17,97.0,46.0,7.007089,7.007089,LOW
1059,construction of a new 4 lane Parallel to existing MG Setu with its approaces from km 0.00 to km 14.500 across river Ganga on NH-19 at Patna in the state of Bihar.,MoRTH,618228,Bihar,MoRTH,2926.42,0.0,72.51,61.0,6.967435,6.967435,LOW
1060,Widening and Strengthening to 2/4 lane with paved shoulders of Mahabubnagar Chincholi section from Km 0/0 to Km 60/255 of NH-167N in the state of Telangana under Annual plan 2021-22 on EPC modepackage-I under NHO Job No.167N-TS- 2021-22-75,MoRTH,618106,Telangana,MoRTH,703.68,279.58,90.69,39.0,6.867964,6.867964,LOW
1061,4-Laning from Rangagara to Kaliabor Tiniali from km 297.00 to km 315.315 of NH-37 on EPC basis under SARDP-NE in state of Assam,NHIDCL,618435,Assam,NHIDCL,386.51,352.16,97.13,102.0,6.848704,6.848704,LOW
1062,Upgradation and reconstruction of Shahpura-Dindori Section of NH 45 from Km 103.700 Design to Km 164.580 Design including 3 bypasses Total length 60.88km to Two lane with paved shoulder configuration along with One time improvement in 03 nos of bypassed built-up areas in a total length of 12.341 km in the State of Madhya Pradesh on EPC mode,MoRTH,617914,Madhya Pradesh,MoRTH,241.23,0.0,29.09,27.0,6.8473806,6.8473806,LOW
1063,Construction of Precast housing and hostels at IIT Hyderabad,"Indian Institute of Technology, Hyderabad",609996,Telangana,"Indian Institute of Technology, Hyderabad",262.0,213.89,87.44,41.0,6.838561,6.838561,LOW
1064,Transmission Scheme for Integration of Renewable Energy Zone [Phase II] in Koppal II [Phase A&B] and gadag II[Phase A] in Karnataka [POWERGRID KOPPAL GADAG TRANSMISSION LIMITED],Power Grid Corporation of India Limited [POWERGRID],612140,Karnataka,Power Grid Corporation of India Limited [POWERGRID],4445.0,3733.8,86.0,28.0,6.820693,6.820693,LOW
1065,6L Access Controlled Greenfield Highway from Kodur Ch. 0000 to Vanavolu Ch. 24300 of [NH-544G] Package-1,National Highways Authority of India [NHAI],618712,Andhra Pradesh,National Highways Authority of India [NHAI],912.94,333.15,85.01,26.0,6.810388,6.810388,LOW
1066,Improvement/Widening to 2-L with Paved Shoulder/4-L from Km 81740 to Km 93490 design Km 0000 to Km 10670 of NH-40 New NH-106 & 206 section & 4-L from design Km 0.00 to Km 0.930 of NH-44 section between Shillong-Dawki under JICA ODA Loan assistance Phase-II -Balance Work Pkg-1,NHIDCL,618377,Meghalaya,NHIDCL,351.12,0.0,93.06,30.0,6.793124,6.793124,LOW
1067,RAJASTHAN PART I POWER TRANSMISSION LIMITED,Adani Transmission Limited,619025,"Multi-States
(Madhya Pradesh,
Rajasthan, Uttar
Pradesh)",Adani Transmission Limited,25000.0,230.05,2.0,15.0,6.7718005,6.7718005,LOW
1068,"Sewer Network, SPS and STP at Begusarai",National Mission for Clean Ganga,616615,Bihar,National Mission for Clean Ganga,230.06,261.82,97.0,97.0,6.7360153,6.7360153,LOW
1069,Agra Metro Rail Project,Uttar Pradesh metro rail corporation [UPMRC],702629,Uttar Pradesh,Uttar Pradesh metro rail corporation [UPMRC],8379.62,6071.78,69.5,64.0,6.677948,6.677948,LOW
1070,Transmission System for Evacuation of power from Potential RE Zone in Khavda Area of Gujarat under phase IV 7GW-Part E4,Power Grid Corporation of India Limited [POWERGRID],611966,Maharashtra,Power Grid Corporation of India Limited [POWERGRID],224.41,206.45,94.8,29.0,6.6640763,6.6640763,LOW
1071,4L of Dhrol bypass section of NH-151A Approx. length 5.7 Km & widening upto 4 laning of missing link of Amran section of NH-151A Approx. length 6.55 Km from existing Ch. 42000 to 48500 of ongoing Dhrol-Bhadra-Pipaliya section of NH-151A,National Highways Authority of India [NHAI],618616,Gujarat,National Highways Authority of India [NHAI],625.58,113.54,26.0,14.0,6.6532917,6.6532917,LOW
1072,4/6L Access Control Expressway from Design Chainage Km 515.000 to 528.300 Kunjwani to Sidhra Section of NH-44 and from Design Chainage Km 550.900 to Km 566.520 Domel to Katra Section Phase II-Package XVII,National Highways Authority of India [NHAI],618495,"Jammu and
Kashmir",National Highways Authority of India [NHAI],2894.74,810.99,62.0,34.0,6.643842,6.643842,LOW
1073,4L of twin tube tunnel configuration including approaches from Marog to Digdol from Km.154.210 to Km.158.650 North Bound and from Km.155.940 to Km.160.260 South Bound of Ramban to Banihal Pkg-I of Old NH-1A New NH-44,National Highways Authority of India [NHAI],618543,"Jammu and
Kashmir",National Highways Authority of India [NHAI],1912.17,357.42,27.0,44.0,6.6430345,6.6430345,LOW
1074,Establishment of new GMC Korba,"Medical Education, Ministry of Health and Family Welfare",707044,Chhattisgarh,"Medical Education, Ministry of Health and Family Welfare",325.0,177.49,54.0,30.0,6.6428394,6.6428394,LOW
1075,Construction of Ring Road around Kanpur from Ch.68.650 to Ch.93.209 Jarkala to Pakari Package-IV in State of Uttar Pradesh.,National Highways Authority of India [NHAI],618536,Uttar Pradesh,National Highways Authority of India [NHAI],1603.53,196.64,32.83,16.0,6.601674,6.601674,LOW
1076,Construction of two lane with paved shoulder from existing Km.0.000 to Km.55.610 design km. 0.000 to km. 54.048 of NH-124D,MoRTH,618075,Uttar Pradesh,MoRTH,840.93,167.6,64.0,26.0,6.6006684,6.6006684,LOW
1077,Pipeline Network Project Rudrasagar,Ministry of Petroleum & Natural Gas,709847,Assam,Ministry of Petroleum & Natural Gas,481.03,235.37,54.1,39.0,6.5770097,6.5770097,LOW
1078,Construction of Bypass on NH-59 from Km 336/350 to 349/910 13.56 km near Berhampur town including 4-lane RoB in the state of Odisha.,MoRTH,617930,Odisha,MoRTH,196.94,51.16,75.0,49.0,6.5545425,6.5545425,LOW
1079,"Construction of 2-lane with Paved shoulder of Kohima- Bypass Road Connecting NH- 39New NH-02, NH-150New NH-02, NH-61New NH-29, NH-39New NH-02 from Design Km 32.00 to Design Km 43.454Design Length-11.454 Km in the State of Nagaland under SARDP-NE on EPC Mode Package-IV",NHIDCL,618290,Nagaland,NHIDCL,202.36,94.2,45.52,66.0,6.4856744,6.4856744,LOW
1080,Rehabilitation & Upgradation of NH-731A from Km.0.00 to Km.35.00 to 2-lane with paved shoulder under EPC mode,MoRTH,618167,Uttar Pradesh,MoRTH,264.86,0.0,93.0,44.0,6.474919,6.474919,LOW
1081,Widening and up-gradation to 2-lane with paved shoulder configuration and geometric improvements from km 339.00 to km 380.00 Siaha on Aizawl-Tuipang section under JICA ODA Loan assistance Phase-I Package-8,NHIDCL,618383,Mizoram,NHIDCL,637.06,101.89,99.82,73.0,6.449949,6.449949,LOW
1082,Anandnagar - Ghugli via Maharajganj New line 52.7 km,Construction NER,617252,Uttar Pradesh,Construction NER,958.27,635.41,23.8,29.0,6.4421988,6.4421988,LOW
1083,Ara Bypass,National Highways Authority of India [NHAI],618775,Bihar,National Highways Authority of India [NHAI],226.32,1.94,15.93,6.0,6.390174,6.390174,LOW
1084,4-lanning of Gyaraspur to Rahatgarh section of NH-146 from Design Ch. 88361 to Ch 124470 in the state of MP on HAM mode,National Highways Authority of India [NHAI],618672,Madhya Pradesh,National Highways Authority of India [NHAI],903.44,104.59,25.02,5.0,6.364912,6.364912,LOW
1085,Commercial Polymer Flooding Project in Bechraji field,Oil and Natural Gas Corporation Limited [ONGC],709838,Gujarat,Oil and Natural Gas Corporation Limited [ONGC],621.4,222.8,42.0,51.0,6.3369513,6.3369513,LOW
1086,6L Access Controlled Greenfield Highway from Somavarappadu Ch.314.600 to Muppavaram Ch.343240 of [NH-544G] Package-14,National Highways Authority of India [NHAI],619125,Andhra Pradesh,National Highways Authority of India [NHAI],1103.9,197.36,43.16,26.0,6.333832,6.333832,LOW
1087,Widening/Improvement to 2-lane with earthen shoulder of Yaingangpokpi - Finch corner road section of NH-202 from Km 16.900 to Km 30.970 of NH-202 in the state of Manipur on EPC mode Package-2,NHIDCL,618302,Manipur,NHIDCL,256.04,0.0,97.12,69.0,6.30508,6.30508,LOW
1088,Pal Phata Phulambri - Khultabad 2LPS,MoRTH,618177,Maharashtra,MoRTH,227.19,0.0,99.15,94.0,6.276002,6.276002,LOW
1089,Construction of New Double Tier 4L Elevated Corridor from Chennai Port to Maduravoyal in Chennai District from km -0.342 to Km 20.593 and Package II from Km 4.604 to Km 9.700,National Highways Authority of India [NHAI],618800,Tamil Nadu,National Highways Authority of India [NHAI],1616.97,185.63,17.54,29.0,6.222998,6.222998,LOW
1090,"Integrated Command control Center [ICCC] - Construction and Development of Integrated Command Control Center with Security, Surveillance, ITMS, Connecting Port, Ship Service, Smart Solid Waste Management, Smart Public Transport System",ministry of housing and urban affairs,707229,"Andaman &
Nicobar",ministry of housing and urban affairs,209.88,0.0,70.0,53.0,6.2141666,6.2141666,LOW
1091,Rewari - Kathuwas Doubling Project [27.72 Km],North Western Railway [NWR],611861,"Multi-States
(Haryana,
Rajasthan)",North Western Railway [NWR],352.0,315.28,73.0,40.0,6.19184,6.19184,LOW
1092,Widening to 2-lane with paved shoulder from km 0.00 to 44.00 Kuru-Ghaghra section of NH-143A including re-construction of culverts and bridges.,MoRTH,618084,Jharkhand,MoRTH,153.01,84.74,93.0,56.0,6.1548142,6.1548142,LOW
1093,"Construction of 4 lane with paved shoulder from Existing Ch. 14200 to 24320 Design Ch. 14200 to 24400, Ch. 33760 to 42780 Design Ch. 35300 to 44294 & Ch. 43440 to 47020 Design Ch. 44958 to 48500 Delina Flyover including construction of flyover length 1.704 km of total length 22.736 kms in AOR of 760 BRTF on road SRINAGAR BARAMULA URI NH-01 in the UT of Jammu & Kashmir under project BEACON, Border Roads Organization BRO Package-IJob No NH-1-J&K-2022-23-110",MoRTH,618205,"Jammu and
Kashmir",MoRTH,823.46,262.57,83.0,32.0,6.152645,6.152645,LOW
1094,Construction & upgradation of existing road to 2-lane with paved shoulder including geometric improvement of Kafer- Lava More section from km 40.00 to km 61.100 of NH717-A on EPC under SARDP-NE A in state of West Bengal Pkg-VA,NHIDCL,618427,West Bengal,NHIDCL,311.02,6.11,95.6,66.0,6.12401,6.12401,LOW
1095,Construction of 6 lane elevated corridor including its approaches from Km. 629880 to Km. 634470 Design Chainage of NH-16 in Ranasthalam Town portion in the state of Andhra Pradesh on EPC Mode under NHO.,National Highways Authority of India [NHAI],618524,Andhra Pradesh,National Highways Authority of India [NHAI],257.98,46.41,34.5,13.0,6.122783,6.122783,LOW
1096,"Construction & Development of Infrastructural Facilities in the main campus of NIT Uttarakhand at Sumari, Pauri Garhwal",National Institute of Technology Uttarakhand,611963,Uttarakhand,National Institute of Technology Uttarakhand,650.85,345.85,56.0,24.0,6.108048,6.108048,LOW
1097,Construction of 4/6 Laning from Km 132.375 to Km 153.058 Total New Alignment length of 20.683 Km of Daboka-Dimapur Section Dimapur Bypass Nagaland Portion of NH-36 & 39 in the State of Nagaland on EPC basis under PhaseA of SARDP-NE,NHIDCL,618329,Nagaland,NHIDCL,819.39,0.0,0.0,103.0,6.0882525,6.0882525,LOW
1098,SAONER UG MINE -1 EXPANSION 1.,Western Coalfields Limited [WCL],615184,Maharashtra,Western Coalfields Limited [WCL],228.64,150.47,69.33,51.0,6.054543,6.054543,LOW
1099,Harmuty-Murkongselek Branch Line Electrification Project,GM/C/ NFR,706942,Assam,GM/C/ NFR,237.52,0.0,0.0,51.0,6.0526514,6.0526514,LOW
1100,Widening & Strenthening from km132.895 to km 190.15 NH-80,MoRTH,617958,Bihar,MoRTH,566.1,251.12,95.0,41.0,6.051475,6.051475,LOW
1101,6L Access Controlled Greenfield Highway from Polavaram Ch. 260000 to Marripudi Ch. 285500 of [NH-544G]Package-12,National Highways Authority of India [NHAI],619124,Andhra Pradesh,National Highways Authority of India [NHAI],747.29,227.96,69.6,26.0,6.0255566,6.0255566,LOW
1102,Krishnapatnam Node - Phase 1 - Roads and Services Development,National Industrial Corridor Development Corporation,701658,Andhra Pradesh,National Industrial Corridor Development Corporation,2139.44,814.26,39.14,26.0,6.0249624,6.0249624,LOW
1103,SUBHADRA OCP,Mahanadi Coalfields Limited [MCL],400165,Odisha,Mahanadi Coalfields Limited [MCL],1693.81,1329.14,45.57,59.0,6.0166183,6.0166183,LOW
1104,Rehabilitation and upgradation of NH-167 from design km 157.707 to 187.723 design length 30.016 km to two lane with paved shoulders of Alinagar-Miryalaguda Sec on EPC mode in the state of Telangana,MoRTH,617993,Telangana,MoRTH,220.28,0.0,97.74,95.0,5.997592,5.997592,LOW
1105,Wadsa-Gadchiroli,South East Central Railway,705479,Maharashtra,South East Central Railway,1886.0,809.55,66.0,169.0,5.97275,5.97275,LOW
1106,Bangalore Suburban Railway Project,Karnataka Rail Infrastructure Development Company Limited [K-RIDE],705941,Karnataka,Karnataka Rail Infrastructure Development Company Limited [K-RIDE],15767.0,3224.09,19.95,66.0,5.967832,5.967832,LOW
1107,Capacity expansion of Deposit-14 and 14 NMZ at Kirandul,National Mineral Development Corporation Limited [NMDC],615202,Chhattisgarh,National Mineral Development Corporation Limited [NMDC],1700.0,258.41,20.3,45.0,5.928793,5.928793,LOW
1108,Widening/Improvement of existing 2-lane to 4-Lane Divided Highway from Kuraopokpi to Sekmai section of Imphal-Kohima Road Design Ch. km 287.00 to 297.700 of NH-39 New NH-02 in state of Manipur on EPC mode Pkg-5A,NHIDCL,618301,Manipur,NHIDCL,228.97,33.76,48.16,14.0,5.917668,5.917668,LOW
1109,Rehabilitation and up-gradation to 2 lane with paved shoulder from existing chainage km 64535 to km 85385 Design chainage km 55800 to km 74350 under 13 TF on Akhnoor-Poonch road NH-144A under Project Sampark BRO in the UT of Jammu & Kashmir on EPC mode Package-III Job no NH-144A-J&K-2019-20-79,MoRTH,618223,"Jammu and
Kashmir",MoRTH,152.93,75.64,88.94,55.0,5.905964,5.905964,LOW
1110,"Construction of 350 beds + 50 Super Specialty beds ESIC Hospital Sheelanagar, Visakhapatnam, Andhra Pradesh",Employee's State Insurance Company [ESIC],612167,Andhra Pradesh,Employee's State Insurance Company [ESIC],384.27,253.37,88.0,36.0,5.891083,5.891083,LOW
1111,lmprovement and Up-gradation from Km. 73.300 Bikapur to Km.140.960 Patranga of NH-227B 84 Kosi Parikrama Marg to 2LPS along with Parikrama Path,MoRTH,618116,Uttar Pradesh,MoRTH,1679.75,66.99,25.4,3.0,5.8891826,5.8891826,LOW
1112,"CGD Project in Malda, Birbhum, Murshidabad, Dakshin Dinajpur GA ID 11A.03",Hindustan Petroleum Corporation Limited,709758,West Bengal,Hindustan Petroleum Corporation Limited,2628.0,388.06,36.3,46.0,5.8864584,5.8864584,LOW
1113,6L accesscontrolled highway from km 0000 to km 40080 Paniyala to Mator Section of Paniyala-Barodameo ICR,National Highways Authority of India [NHAI],618758,Rajasthan,National Highways Authority of India [NHAI],1764.86,310.12,36.82,19.0,5.875079,5.875079,LOW
1114,Rehabilitation and upgradation to 2 Lane with Paved shoulder of Economic corridor of NH-6 from Design chaiange Km 0.000 to Km 13.510 Package-1 in the state of Mizoram under Bharatmala Pariyojana on EPC mode,NHIDCL,618342,Mizoram,NHIDCL,206.9,0.0,0.0,69.0,5.8714585,5.8714585,LOW
1115,Widening to 2 lane with Paved Shoulders of Medak - Siddipet section from Km 0/0 to km 69/978 of NH-765DG in the State of Telangana under Annual plan 2021-22 on EPC mode,MoRTH,618197,Telangana,MoRTH,882.18,347.73,74.06,39.0,5.834152,5.834152,LOW
1116,"Four Lane Highway from Chandan Nagar Existing Km. 59.025 of NH 530B/Design Km. 179.5000 to Bareilly BypassStartExisting Km. 59.025 of NH 530B/Design Km. 218.000 Section of NH 530B, in the State of Uttar Pradesh on HAM Mode under NH0",National Highways Authority of India [NHAI],618866,Uttar Pradesh,National Highways Authority of India [NHAI],2077.0,223.68,16.01,5.0,5.8223433,5.8223433,LOW
1117,Walajahpet/Ranipet to TN/AP Border Section of from Km.106.800 to Km.133.36 NH-4,National Highways Authority of India [NHAI],618769,"Multi-States
(Andhra Pradesh,
Tamil Nadu)",National Highways Authority of India [NHAI],1338.14,116.15,10.07,7.0,5.8099647,5.8099647,LOW
1118,Borolia Irrigation Project,"Department of Water Resources, River Development & GR",701370,Assam,"Department of Water Resources, River Development & GR",256.16,44.7,55.44,352.0,5.7958426,5.7958426,LOW
1119,Balance work of Rehabilitation and Up-gradation to 2-lane road with paved shoulders configuration for NH- 965DD from Pacharal-Mandangad-Mhapral-Rajewadi Upto Junction of NH-66 Ch-22700 to 75100 Km and Ambadave connector Birth place of Dr. Babasaheb Ambedkar Ch-0000 to 7325 Km length Km 59.725 in the state of Maharashtra on EPC mode. Balance Work,MoRTH,618198,Maharashtra,MoRTH,388.93,0.0,93.0,51.0,5.7936234,5.7936234,LOW
1120,Naini Coal Mine,Singareni Collieries Company Limited [SCCL],615857,Odisha,Singareni Collieries Company Limited [SCCL],494.3,491.33,80.0,73.0,5.781743,5.781743,LOW
1121,4L from Km 55.00 Kuru to Km 95.400 Udaipura on NH-75 Sec-I,National Highways Authority of India [NHAI],618832,Jharkhand,National Highways Authority of India [NHAI],1274.82,41.83,5.0,3.0,5.7675743,5.7675743,LOW
1122,6L Bridge and its approaches across River Ganga as Part of Patna Ring Road NH- 131G starting from Km 8.480 near Sherpur to Km 23.000 near Dighwara,National Highways Authority of India [NHAI],618738,Bihar,National Highways Authority of India [NHAI],6291.69,581.87,19.02,31.0,5.7645593,5.7645593,LOW
1123,Construction and up gradation to 4-Lane of existing two lane with paved shoulder from Hapachara to Tulungia road of NH-117 of existing Km 0.00 to km 14.050 and Design Km 0.000 to km 14.660 under BMP on EPC mode,NHIDCL,618289,Assam,NHIDCL,224.85,204.31,97.76,70.0,5.750306,5.750306,LOW
1124,"Rehabilitation and Up-gradation to 2LPS from Km. 0.000 to Km. 7.800 and Km. 35.400 to Km. 52.345 Design length 24.745 Km., except Bihar portion of NH-727B Tamkuhiraj to Bihar Border and Bihar Border to Majhauli on EPC mode in the State of Uttar Pradesh",MoRTH,618263,Uttar Pradesh,MoRTH,701.02,0.0,81.18,15.0,5.712744,5.712744,LOW
1125,4-Laning of Dhanehari Lailapur / Vairengte section from Existing Chainage km 12920 to km 43000 of NH 306 Design Chainage km 20000 to km 49360 on Silchar - Vairengte Sairang road in the State of Assam under Bharatmala Pariyojna on EPC mode. Project Length 29.360 km under NHO-NE Package-2,NHIDCL,618314,Assam,NHIDCL,1716.21,918.32,79.34,26.0,5.6958046,5.6958046,LOW
1126,Construction of Major Bridge over Baghmati and Lakhandei River along with Approaches from Design km.16.500 to km.21.500,NHAI,618956,Bihar,NHAI,498.97,43.95,20.42,18.0,5.663689,5.663689,LOW
1127,PORDA CHIMTAPANI OCP [10 MTY],South Eastern Coalfields Limited [SECL],400144,Chhattisgarh,South Eastern Coalfields Limited [SECL],2310.12,113.83,11.81,64.0,5.6552563,5.6552563,LOW
1128,"4-Laning of NH-37 Section between Demow to End of Moran Bypass From Km. 534.800 to Km. 561.700 including Emergency Landing Facility ELF under SARDP-NE, Phase 'A' in the State of Assam on EPC mode",NHIDCL,618438,Assam,NHIDCL,385.57,145.89,100.0,39.0,5.6541724,5.6541724,LOW
1129,"Rehabilitation and Upgradation of LB-Nagar to Malkapur section to 6-Lane main carriageway with service roads, drains cum footpath, including VUPs and widening of Minor bridge & road safety provisions from Km. 15/00 to Km 40/00 of NH-65 Old NH-9 under NH O for the year 2020-21 in the state of Telangana on EPC Mode.",MoRTH,617940,Telangana,MoRTH,545.11,273.9,80.59,45.0,5.645834,5.645834,LOW
1130,Balance work of 4L Panvel to Indapur section of NH-66 Old NH- 17 from km 0.000 Panvel to km 42.300 Kasu,National Highways Authority of India [NHAI],618594,Maharashtra,National Highways Authority of India [NHAI],329.82,185.0,96.89,37.0,5.6377096,5.6377096,LOW
1131,Construction of 2-Lane with hard shoulders of Merangkong-Tamlu-Mon Road on EPC Basis from existing road Km. 76.640 to Km 98.065 Design chainage Km. 63.800 to Km. 86.835 Design Length-23.035 Km in the state of Nagaland under SARDP-NE PKG-IV Balance work,NHIDCL,619059,Nagaland,NHIDCL,323.98,70.46,75.05,31.0,5.635883,5.635883,LOW
1132,NATHDWARA- NATHDWARA TOWN NL,North Western Railway [NWR],617408,Rajasthan,North Western Railway [NWR],166.33,109.96,15.0,24.0,5.632319,5.632319,LOW
1133,"Grass-root Terminal at Mirzapur, Uttar Pradesh",Ministry of Petroleum & Natural Gas,604852,Uttar Pradesh,Ministry of Petroleum & Natural Gas,980.45,293.88,75.0,43.0,5.626712,5.626712,LOW
1134,SAAP-3 Water Supply Infrastructure SAAP-3 Project,Ministry of Housing & Urban Affairs,702742,Jharkhand,Ministry of Housing & Urban Affairs,159.31,87.5,67.0,88.0,5.608777,5.608777,LOW
1135,Widening to 2-Lane with Paved shoulder of Imphal to Jiribam section of NH-37 from Design Chainage 15.940 km to 33.120 Km Existing Chainage Km 15.946 to Km 33.395 Total length17.180 Km in the State of Manipur on EPC mode PKG-2 - Balance Works & Rectification works,NHIDCL,618338,Manipur,NHIDCL,195.14,0.0,76.18,13.0,5.601813,5.601813,LOW
1136,Pune raigarh District Border To Mangaon Ch 69000 to 103775 NH-753F,MoRTH,618180,Maharashtra,MoRTH,223.46,0.0,89.08,94.0,5.576988,5.576988,LOW
1137,Yekkambi-Haveri,National Highways Authority of India [NHAI],619138,Karnataka,National Highways Authority of India [NHAI],309.9,82.28,21.12,49.0,5.5737424,5.5737424,LOW
1138,Construction of Amethi bypass Part-II at km.30.050 of NH-931 under EPC mode in the state of Uttar Pradesh,MoRTH,618066,Uttar Pradesh,MoRTH,283.86,24.5,43.0,14.0,5.541831,5.541831,LOW
1139,Improvement of 4L road to 6L road and 4L dedicated Port Roads for the Port connectivity road from Convent junction to Sheelanagar Junction,National Highways Authority of India [NHAI],618806,Andhra Pradesh,National Highways Authority of India [NHAI],685.99,460.16,79.0,26.0,5.5356393,5.5356393,LOW
1140,Widening and Up-gradation to 2- Lane with Paved Shoulder Configuration and geometric improvement from Km. 125. 000 to Km 166 Package-3 on Aizawl Tuipang Section of NH-54 in the State of Mizoram Package-3,NHIDCL,618380,Mizoram,NHIDCL,867.09,159.47,97.51,78.0,5.5148425,5.5148425,LOW
1141,Improvement/construction of existing Class-5 Road to NH Intermediate lane specification with hard shoulder from existing Km 76/340 to 134/940 Design chainage from Km 76/300 to 133/000 net Length 56.700 kms of NH-505 Sumdo-Kaza- Gramphoo road in the state of Himachal Pradesh Package I,MoRTH,618217,Himachal Pradesh,MoRTH,314.67,76.97,60.02,35.0,5.492564,5.492564,LOW
1142,Balance Works for Four laning of Vikravandi to Sethiyathope section from Km 0.0 to Km 65.96 of NH-45C in Tamil Nadu under NHDP Phase-IV on EPC mode,National Highways Authority of India [NHAI],618898,Tamil Nadu,National Highways Authority of India [NHAI],1163.17,166.37,26.7,10.0,5.4820013,5.4820013,LOW
1143,Mira-Bhayandar Water Supply Infrastructure Project,Ministry of Housing & Urban Affairs,702840,Maharashtra,Ministry of Housing & Urban Affairs,204.55,186.13,99.0,92.0,5.4797482,5.4797482,LOW
1144,Up-gradation to Two/Four lane with paved shoulder Configuration of Kondagaon- Narayanpur from design ch. 0.00 - 48.693 Design Length 47.493 Km. 1.20 Km. retained on NH-130D under EPC mode in the State Chhattisgarh.,MoRTH,617971,Chhattisgarh,MoRTH,322.4,1.1,62.0,13.0,5.4775076,5.4775076,LOW
1145,Kadambattukonam-Kazhakuttom,National Highways Authority of India [NHAI],619208,Kerala,National Highways Authority of India [NHAI],3635.64,573.31,44.34,45.0,5.467001,5.467001,LOW
1146,"Transmission Scheme for Solar Energy Zone in Bidar [2500 MW], Karnataka [Bidar Transmission Ltd]",Power Grid Corporation of India Limited [POWERGRID],612138,"Multi-States
(Karnataka,
Telangana)",Power Grid Corporation of India Limited [POWERGRID],1368.0,1190.16,89.46,26.0,5.4550242,5.4550242,LOW
1147,Augmentation of CCKPL and IDPL Pipelines capacity along with setting up of Palakkad TOP,Ministry of Petroleum & Natural Gas,617838,Kerala,Ministry of Petroleum & Natural Gas,1130.0,268.98,36.2,19.0,5.4232965,5.4232965,LOW
1148,Construction of Bypass to NH-114A Connecting NH-333 and NH-133 Deoghar Bypass from design km 0.000 to design Km 49.000,National Highways Authority of India [NHAI],618950,Jharkhand,National Highways Authority of India [NHAI],1565.47,48.97,5.02,3.0,5.408973,5.408973,LOW
1149,Additional Structures on 6LGurgaon-Jaipur Section of NH-48 between KM 42.700 to KM 273.00,National Highways Authority of India [NHAI],618505,"Multi-States
(Haryana,
Rajasthan)",National Highways Authority of India [NHAI],409.64,195.8,87.14,40.0,5.3953977,5.3953977,LOW
1150,Improvement/construction of 2-lane with paved shoulder of Askote Llipulekh road from Tawaghat village to Budhi village design km. 56935 to km 95748 and from end of Tunnel portal to Kali Mandir design km 113828 to km. 133078 [total design length 58.063 km] under project Hirak of BRO in the state of Uttarakhand under Bharatmala Pariyojna on EPC Mode,MoRTH,618211,Uttarakhand,MoRTH,649.6,0.0,29.72,17.0,5.3943033,5.3943033,LOW
1151,4 Lane with PS from Des. Ch 136.100 to Des. Ch. 182.300 of Belgaum-Hungund- Raichur Section of NH-748A Package-4,National Highways Authority of India [NHAI],619107,Karnataka,National Highways Authority of India [NHAI],1311.41,46.41,8.88,7.0,5.3799195,5.3799195,LOW
1152,Up-gradation and strengthening to 2lanePS from Km 95/500 to km 129/775 of Nh 168G Idar-Bhiloda-Samlaji in the state of Gujarat Length 34.275 km,MoRTH,618108,Gujarat,MoRTH,237.28,0.0,63.0,28.0,5.3612003,5.3612003,LOW
1153,Construction of Permanent Campus of Central Tribal University of Andhra Pradesh Phase-1,Central Tribal University of Andhra Pradesh,613008,Andhra Pradesh,Central Tribal University of Andhra Pradesh,305.0,64.25,44.0,28.0,5.3565254,5.3565254,LOW
1154,AIIMS Darbhanga,PMSSY AND Institute of NATIONAL Importance,701172,Bihar,PMSSY AND Institute of NATIONAL Importance,1264.0,0.0,0.0,67.0,5.3561606,5.3561606,LOW
1155,Construction of Ring Road around kanpur from Ch.51.200 to Ch. 68.650 Badarka to Harbanch-Uchti Pkg-III,National Highways Authority of India [NHAI],618538,Uttar Pradesh,National Highways Authority of India [NHAI],1792.68,193.85,22.81,15.0,5.3523583,5.3523583,LOW
1156,Widening to Existing single lane /intermediate lane to 2 lane from Km185.00 to Km 220.00 of NH-61 New NH-02 in the state of Nagaland.,MoRTH,618072,Nagaland,MoRTH,297.25,149.19,100.0,45.0,5.344776,5.344776,LOW
1157,Widening and Strengthening to 4LPS/2LPS from km 0.000 to 35.800 Kuakhia - Mangalpur section of NH 20 in the state of Odisha on Annual Plan 2021-22,MoRTH,617899,Odisha,MoRTH,636.1,292.74,56.11,26.0,5.2791624,5.2791624,LOW
1158,Venkatesh Khani Coal Mine,Singareni Collieries Company Limited [SCCL],615863,Telangana,Singareni Collieries Company Limited [SCCL],484.5,477.14,97.0,70.0,5.2455845,5.2455845,LOW
1159,Kurnool - Setting up facilities for coach midlife rehabilitation workshop,WPO/Patna,611927,Andhra Pradesh,WPO/Patna,560.72,276.66,65.0,102.0,5.2388935,5.2388935,LOW
1160,"Construction of Kasrawad bypass, Selani bypass, Khargone bypass & Bistan bypass Total length. 31.950 km Section of NH-347 C to Two lane with paved shoulder configuration in the State of Madhya Pradesh on EPC mode.",MoRTH,618129,Madhya Pradesh,MoRTH,467.93,0.0,86.03,16.0,5.227413,5.227413,LOW
1161,Tumakuru Node - Phase 1 - Roads and Services Development,National Highways & Infrastructure Development Corporation Ltd. [NHIDCL],701657,Karnataka,National Highways & Infrastructure Development Corporation Ltd. [NHIDCL],1701.81,278.35,23.18,38.0,5.212561,5.212561,LOW
1162,Allahabad division - Aligarh - Harduaganj Flyover,North Central Railway,705918,Uttar Pradesh,North Central Railway,1457.0,400.19,36.0,62.0,5.210793,5.210793,LOW
1163,Hubli-Ankola New Line Project [164.44 km],South Western Railway [SWR] - II,705493,Karnataka,South Western Railway [SWR] - II,5174.0,178.42,4.7,315.0,5.2086654,5.2086654,LOW
1164,4 laning of Aligarh-Palwal Section from Km. 46.390 Design Chainage to Km. 69.110 Terminating at junction EPE Package-II from Kurana- Eastern Peripheral Expressway of NH-334D,National Highways Authority of India [NHAI],618691,"Multi-States
(Haryana, Uttar
Pradesh)",National Highways Authority of India [NHAI],939.17,146.48,7.5,8.0,5.1812344,5.1812344,LOW
1165,Indore Water Supply Infrastructure Project,Ministry of Housing & Urban Affairs,702793,Madhya Pradesh,Ministry of Housing & Urban Affairs,287.17,252.5,99.0,101.0,5.178551,5.178551,LOW
1166,CHITRA EAST OC,Eastern Coal Fields Limited [ECL],400172,Jharkhand,Eastern Coal Fields Limited [ECL],513.99,239.88,53.03,92.0,5.16076,5.16076,LOW
1167,Widening of existing single lane to intermediate lane road from Mokokchung to Chare via Dikhu in the state of Nagaland on EPC mode,MoRTH,618002,Nagaland,MoRTH,192.93,99.65,0.0,34.0,5.1578784,5.1578784,LOW
1168,"Rehabilitation and Up-gradation of Valigonda to Thorrur Section to Two Lane with Paved Shoulders from Km 39.180 to Km 108.300 of NH-930P in the State of Telangana on Engineering, Procurement and Construction EPC Basis",MoRTH,618186,Telangana,MoRTH,549.28,296.89,94.01,40.0,5.140737,5.140737,LOW
1169,Balance Works of 4L of NH-31D from Km. 113.200 to Km. 154.854 Package-II A Ghoshpukur-Salsalabari Section,National Highways Authority of India [NHAI],618574,West Bengal,National Highways Authority of India [NHAI],1818.46,426.06,55.2,16.0,5.1406827,5.1406827,LOW
1170,4L from Km 95.400 Udaipura to Km 147.450 Bhogu on NH-75 Sec-II,National Highways Authority of India [NHAI],618831,Jharkhand,National Highways Authority of India [NHAI],1436.8,200.87,26.6,18.0,5.1393466,5.1393466,LOW
1171,Widening and Reconstruction of existing road to four lane from Km.56400 to Km 120300 i.e. from B.Kothapalli Junction to Gorantla excluding Kadiri Bypass from Km 70200 to Km 77105 of NH 716G in the State of Andhra Pradesh on EPC mode Job no. 742,MoRTH,618161,Andhra Pradesh,MoRTH,839.98,355.56,99.45,31.0,5.102295,5.102295,LOW
1172,construction of Four-Lane of chausa-Buxar Bypass from Km 45.000 to Km 65.915 Package - 2 in the State of Bihar on EPC Mode.,MoRTH,618120,Bihar,MoRTH,1060.16,0.0,0.0,3.0,5.097321,5.097321,LOW
1173,2L with ES of Yagyi - Kalewa section from Milepost 40/0 to Milepost 115/5 in Myanmar,National Highways Authority of India [NHAI],618958,Assam,National Highways Authority of India [NHAI],1200.14,0.0,52.0,95.0,5.094945,5.094945,LOW
1174,Redevelopment of Chhatrapati Shivaji Maharaj Terminus [CSMT] and construction of associated infrastructure,Rail Land Development Authority,613015,Maharashtra,Rail Land Development Authority,1813.0,833.84,23.0,33.0,5.0929146,5.0929146,LOW
1175,Redevelopment of Seven General Pool Residential Accommodation [GPRA] Colonies in Delhi,National Buildings Construction Corporation [NBCC],400188,Delhi,National Buildings Construction Corporation [NBCC],32850.0,13885.72,46.8,95.0,5.057082,5.057082,LOW
1176,4L of Chowka to Kaimaha near MP/UP Border section NH-34 from D. Ch. 145.000 to D. Ch. 197.266 excluding existing Chhatarpur bypass from D. Ch. 160.307 to D. Ch. 168.630 Package-4,National Highways Authority of India [NHAI],618668,"Multi-States
(Madhya Pradesh,
Uttar Pradesh)",National Highways Authority of India [NHAI],996.5,162.84,30.89,7.0,5.0302777,5.0302777,LOW
1177,6L Access Controlled Greenfield Highway from Nallacheruvu palli Ch. 96300 to Yerragudipadu Ch. 129000 of [NH-544G] Package-5,National Highways Authority of India [NHAI],618714,Andhra Pradesh,National Highways Authority of India [NHAI],1253.26,339.28,62.02,26.0,5.0110073,5.0110073,LOW
1178,Allahabad-Bamhrauli Flyover Construction & 4th Railway Line Project,North Central Railway,705771,Uttar Pradesh,North Central Railway,494.0,397.57,78.0,66.0,4.993281,4.993281,LOW
1179,6L Access Controlled Greenfield Highway from Marripudi Ch. 285500 to Somavarappadu Ch. 314600 of [NH-544G] Package-13,National Highways Authority of India [NHAI],619126,Andhra Pradesh,National Highways Authority of India [NHAI],976.41,293.33,73.0,26.0,4.9656506,4.9656506,LOW
1180,"Demolition, Construction and upgradation of ESI Hospital, Kalol, Gujarat from 50 beds to 150 beds.",Employee's State Insurance Company [ESIC],612211,Gujarat,Employee's State Insurance Company [ESIC],205.87,51.74,46.0,30.0,4.9328275,4.9328275,LOW
1181,Upgradatiobn and Rehabilitation of Section of NH 361 F from Parli 00/000 to Gangakhed 30/400 to Two Lanes with paved shoulder / Four lane configurations on EPC mode in the State of Maharashtra.,MoRTH,618136,Maharashtra,MoRTH,224.44,0.0,91.0,50.0,4.889329,4.889329,LOW
1182,Badam Coal Mining project of NTPC,National Thermal Power Corporation [NTPC],603293,Jharkhand,National Thermal Power Corporation [NTPC],502.0,471.08,67.86,79.0,4.871156,4.871156,LOW
1183,"Rehabilitation & Up-gradation from design Km. 0.000 to Km. 69.280 of NH-931 Pratapgarh - Amethi - Gauriganj -Musafirkhana to two lane with paved shoulder on Engineering, Procurement & Construction EpC mode in the State of Uttar Pradesh",MoRTH,618067,Uttar Pradesh,MoRTH,1086.3,0.0,4.0,5.0,4.8692727,4.8692727,LOW
1184,4L Greenfield starting from NH-30 near Saristabad Patna to Nathupur Project end point of Patna-Gaya-Dobhi Section of NH-83,National Highways Authority of India [NHAI],618917,Bihar,National Highways Authority of India [NHAI],488.24,82.7,80.83,25.0,4.855738,4.855738,LOW
1185,POL & LOBS Installations with Receipt Pipelines at Rasayani,Bharat Petroleum Corporation Limited [BPCL],709797,Maharashtra,Bharat Petroleum Corporation Limited [BPCL],2585.0,1288.41,80.6,35.0,4.851845,4.851845,LOW
1186,Construction of 2 -Lane with paved shoulders road from Tamenglong to Mahur in the state of Manipur from km 31.430 at Old Tamenglong to km 43.480 ending near Phelong on EPC Mode Package-3,NHIDCL,618356,Manipur,NHIDCL,234.08,196.29,100.0,58.0,4.851767,4.851767,LOW
1187,Widening and Up-gradation to 2- Lane with Paved Shoulder Configuration and geometric improvement from Km. 166. 000 to Km 208.000 Package-4 on Aizawl Tuipang Section of NH-54 in the State of Mizoram Package-4,NHIDCL,618384,Mizoram,NHIDCL,899.45,191.59,99.88,78.0,4.8444786,4.8444786,LOW
1188,MURAIDIH UG PROJECT,BCCL,613808,Jharkhand,Bharat Coking Coal Limited (BCCL),339.87,191.0,70.47,182.0,4.82744,4.82744,LOW
1189,Coke Drum Structure Package,Ministry of Petroleum & Natural Gas,617836,Assam,Ministry of Petroleum & Natural Gas,635.28,453.66,60.6,40.0,4.8158865,4.8158865,LOW
1190,Reconstruction and widening to 2 lane with paved shoulder from existing chainage km 102000 to km 134950 Design chainage km 90150 to km 116980 including construction of Naushera Tunnel Total length of tunnel 0.700 km under 31 TF on Akhnoor-Poonch road NH-144A in the UT of Jammu & Kashmir under Project Sampark BRO on EPC mode Package-V Job no NH-144A-J&K-2020-21-104,MoRTH,618220,"Jammu and
Kashmir",MoRTH,642.24,0.0,100.0,45.0,4.811104,4.811104,LOW
1191,Construction & up gradation of existing road to 2-Lane with paved shoulder from existing chainage km 468000 to km 489350 Design Chainage km 465150 to km 471500 of NH-07 Old NH-58 including Joshimath bypass on EPC mode in the state of Uttarakhand Length 6.35 km,MoRTH,618209,Uttarakhand,MoRTH,258.85,0.0,35.6,43.0,4.7715425,4.7715425,LOW
1192,Upgradation and Strengthening of Chenani to Nashri Section via Patnitop of NH244 from Km 0.000 to Km 39.100,National Highways Authority of India [NHAI],618967,"Jammu and
Kashmir",National Highways Authority of India [NHAI],295.06,175.81,63.8,20.0,4.727705,4.727705,LOW
1193,Widening to 2 lane with paved shoulded of Jareikela Jharkhand/Odisha Border - Dhabaleswar section from 0/0 to 36/0 of NH-320D in the State of Odisha under Annual Plan 2021-22.,MoRTH,618122,Odisha,MoRTH,172.09,0.0,20.25,18.0,4.68974,4.68974,LOW
1194,Rehabilitation and upgradation of Askot-Lipulekh on EPC Basis for Phase-I Existing Km 72.00 to 107.620 Design Chainage Km 21330 to Km 56935 under Project Hirak of BRO in the state of Uttarakhand under Bharatmala Pariyojna Phase-I on EPC Mode Length-35.605 Km CA No EPC/MORT&H/HRK/01/2021-22,MoRTH,618210,Uttarakhand,MoRTH,603.92,0.0,81.17,52.0,4.65966,4.65966,LOW
1195,6L of Kagal-Satara section from Km 658.000 to Km 725.000 of NH-48 Pkg-II,National Highways Authority of India [NHAI],618514,Maharashtra,National Highways Authority of India [NHAI],2330.71,196.85,73.96,40.0,4.6524467,4.6524467,LOW
1196,Rehabiitation and upgradation from km 121/000 to 154/000 Nakrekal to Mallampally section of NH-365 to 2 lane with paved shoulders in the state of Telangana in the EPC mode,MoRTH,618025,Telangana,MoRTH,192.67,141.81,96.0,94.0,4.616735,4.616735,LOW
1197,Widening to 2 lane with Paved shoulder of lmphal to Jiribam section of NH-37 from Design Ch. from km 169570 Near Nungkao vlllage under Tamenglong District to km 205974 near Jiribam Bridge under Jiribam district under NHO-NE PKG-7,NHIDCL,618333,Manipur,NHIDCL,760.16,414.38,90.52,28.0,4.6166134,4.6166134,LOW
1198,Development to 4-lane with paved shoulder for the road section Talwandi Sabo- Raman road to refinery Road junction with Bathinda Dabwali Road of NH-254 from existing Km 131.600 to Km 155.650 Design Km 131600 to km 155600 in the State of Punjab. Job No NH-254-PB-2022-23-565,MoRTH,618010,Punjab,MoRTH,546.67,0.0,45.0,11.0,4.601148,4.601148,LOW
1199,Coach Production Factory Upgradation Project,CPM/ICF,705244,Tamil Nadu,CPM/ICF,520.0,192.25,0.0,93.0,4.585875,4.585875,LOW
1200,"Earthwork in Formation, Road Work, Construction of Bridges, Blanketing, P. Way Linking works including Supply of P. Way Fittings and Track Ballast in connection with Construction of Railway Siding from Jogighopa Railway Station to MMLP at Jogighopa from Ch. 00 to 3760 on Item Rate basis Package -3, Railway Siding from Jogighopa Railway Station to MMLP",NHIDCL,618454,Assam,NHIDCL,693.97,37.6,93.23,64.0,4.5669208,4.5669208,LOW
1201,Pune Water Supply Infrastructure Project,Ministry of Housing & Urban Affairs,702851,Maharashtra,Ministry of Housing & Urban Affairs,235.95,220.77,95.0,105.0,4.536243,4.536243,LOW
1202,Western Railway Samakhiali Gandhidham Quadrupiling 53 Kms,Western Railway [WR] - II,611974,Gujarat,Western Railway [WR] - II,1430.0,519.4,35.0,32.0,4.536206,4.536206,LOW
1203,"Development to 4-laning of the de-scoped stretches from Km 115.342 to Km 191.700 of NH-34 in Nadia District 3.962 & Murshidabad District 5.538 pertaining to Krishnagar to Berhampore section of NH-34 New NH-12 , in the state of West Bengal under NHO.",National Highways Authority of India [NHAI],618824,West Bengal,National Highways Authority of India [NHAI],201.1,56.95,48.82,21.0,4.536034,4.536034,LOW
1204,Construction of Rudraprayag tunnel of length 900.30 MTR including approaches and one major bridge on river Alaknanda connecting NH-107/old-109 to NH-07old-58 on EPC mode in the state of Uttarakhand.,MoRTH,617967,Uttarakhand,MoRTH,251.88,0.0,99.0,39.0,4.5302367,4.5302367,LOW
1205,NEW BG LINE INTERSECTION [5 NOS] BETWEEN GERATPUR-SANAND & BOTAD-AHMEDABAD [16.51 KM],Western Railway [WR] - II,709813,Gujarat,Western Railway [WR] - II,437.21,117.87,21.0,9.0,4.5156446,4.5156446,LOW
1206,6L Access Controlled Greenfield Highway from Yerragudipadu Ch. 129000 to Audireddipalle Ch. 160000 of [NH 544G] Package-6,National Highways Authority of India [NHAI],618713,Andhra Pradesh,National Highways Authority of India [NHAI],1200.42,218.52,38.41,26.0,4.4821696,4.4821696,LOW
1207,Provision of 4G Mobile Services in Uncovered Villages of Arunachal Pradesh and 2 Districts of Assam,Department of Telecommunications,701597,"Multi-States
(Arunachal
Pradesh, Assam)",Department of Telecommunications,1255.49,332.43,99.43,54.0,4.471242,4.471242,LOW
1208,Construction of New Integrated Passenger Terminal Building at Udaipur Airport,701128,N04000104,Rajasthan,Airport Authority of India [AAI],887.0,523.61,68.71,29.0,4.461747,4.461747,LOW
1209,Up-gradation to 4-lane with Paved Shoulder of Jammu-Akhnoor road section of NH- 144A from Ganesh Vihar Km 6.000 to Khati Chowk Km 26.350 in UT of Jammu and Kashmir on EPC basis Pkg-3A,NHIDCL,618406,"Jammu and
Kashmir",NHIDCL,322.49,0.0,0.0,81.0,4.444975,4.444975,LOW
1210,"Construction of 4 Lane Flyover at Nagpur RTO Chowk To Nagpur University Campus from Ch 2/250 to 5/100 and 4 lane flyover at wadi/midc junction from km 8/360 to km, 10/300 on NH 53 in state of Maharashtra.",MoRTH,617917,Maharashtra,MoRTH,478.83,0.0,95.0,49.0,4.432678,4.432678,LOW
1211,Vijaywada-Gudur 3rd Line,RVNL - II,705648,Andhra Pradesh,RVNL - II,6654.0,6170.32,96.0,96.0,4.4247375,4.4247375,LOW
1212,"Sipat Super Thermal Power Project, Stage-III [1x800 MW]",National Thermal Power Corporation [NTPC],617188,Chhattisgarh,National Thermal Power Corporation [NTPC],9791.0,1619.63,18.91,19.0,4.3857665,4.3857665,LOW
1213,Rehabilitation and upgradation to 2 lane with paved shoulder configuration from km 122.00 Dharasu Bend to km 147.230 Silkyara Bend of NH-94 in the state of Uttarakhand,MoRTH,617975,Uttarakhand,MoRTH,237.79,79.56,100.0,101.0,4.37546,4.37546,LOW
1214,Widening and up-gradation to 2-lane with paved shoulder configuration and geometric improvements from km 250.00 Lunglei to km 298.00 on Aizawl-Tuipang section under JICA ODA Loan assistance Phase-I Package-6,NHIDCL,618381,Mizoram,NHIDCL,768.76,168.78,98.73,76.0,4.333659,4.333659,LOW
1215,50 MW Solar PP Minedout Area,NLC India Limited [NLCIL],615327,Tamil Nadu,NLC India Limited [NLCIL],218.03,169.95,100.0,26.0,4.3282313,4.3282313,LOW
1216,Sewage Treatment Plant 50MLD and Sewerage Network 150 km in Kankarbagh- Patna under Hybrid annuity based PPP mode-Namami Gange Programme,National Mission for Clean Ganga,616612,Bihar,National Mission for Clean Ganga,578.89,171.79,54.0,81.0,4.3251457,4.3251457,LOW
1217,"Creation of Gas Dehydration Facilities, Tripura Asset",Oil and Natural Gas Corporation Limited [ONGC],709837,Tripura,Oil and Natural Gas Corporation Limited [ONGC],209.33,78.98,68.9,49.0,4.299746,4.299746,LOW
1218,Construction of Bhabhua Bypass from Ch. 10800Design Ch. 10800 to Ch. 19860 Design Ch. 18150 and Chand Bypass from Ch. 38060 Design Ch. 36250 to Ch. 40460 Design Ch. 38650 and widening of existing road to 2 - lane with Paved shoulder from Ch. 40460 Design Ch. 38650 to Ch. 46860 Design Ch. 45050 of NH-219 Total length- 16.150 Kmunder EPC mode in the state of Bihar,MoRTH,618004,Bihar,MoRTH,179.86,0.0,0.05,15.0,4.2918105,4.2918105,LOW
1219,NEW MAJRI UG TO OC 3 MTY COST,Western Coalfields Limited [WCL],615188,Maharashtra,Western Coalfields Limited [WCL],402.27,67.11,24.17,43.0,4.2732816,4.2732816,LOW
1220,Anand Vihar-Tilak Bridge 3rd & 4th line,CAO/C/NR,705583,Delhi,CAO/C/NR,667.0,312.74,23.0,157.0,4.264942,4.264942,LOW
1221,BASUNDHARA WEST EXTENSION OPEN,MCL - CIL,615193,Odisha,MCL - CIL,479.15,281.57,67.58,143.0,4.26261,4.26261,LOW
1222,Widening to 2-Lane with Paved Shoulders from Km 116.800 to 149.070Design Changes on Hosadurga - Holalkere Section of NH-173 in the State of Karnataka on EPC mode under Annual Plan 2021-22 Job no. NH-173-KNT-2021-22-946,MoRTH,618000,Karnataka,MoRTH,170.34,106.88,92.65,44.0,4.2559395,4.2559395,LOW
1223,New Suburba Station Development Project,ministry of housing and urban affairs,701745,Maharashtra,ministry of housing and urban affairs,262.76,17.62,6.0,85.0,4.2488074,4.2488074,LOW
1224,Construction of 2 -Lane with paved shoulders road from Tamenglong to Mahur NH- 137 starting from km 80.630 near Mandeu to km 96.870 near Jiri River on EPC Mode Package-6,NHIDCL,618358,Manipur,NHIDCL,311.18,230.69,86.73,53.0,4.2435093,4.2435093,LOW
1225,Beawer Gomti 4LPS from km 58.245 to km 108.600 Pkg-I,MoRTH,617887,Rajasthan,MoRTH,379.23,179.11,99.0,54.0,4.2222667,4.2222667,LOW
1226,AMALGAMATED INDER-KAMPTEE DEEP,Western Coalfields Limited [WCL],616050,Maharashtra,Western Coalfields Limited [WCL],235.9,127.42,98.97,91.0,4.2200933,4.2200933,LOW
1227,Up-gradation of NH-130C Abhanpur to Paund from NH Km. 0000 to KM 40380 to two lane with paved shoulders in the State of Chhattisgarh on EPC mode.,MoRTH,618078,Chhattisgarh,MoRTH,193.16,97.78,85.0,49.0,4.202367,4.202367,LOW
1228,"Redevelopment of Ahmedabad railway station and associated infrastructure on engineering, procurement and construction mode",Rail Land Development Authority,613786,Gujarat,Rail Land Development Authority,2379.0,977.35,31.4,29.0,4.181384,4.181384,LOW
1229,NORTH URIMARI EXPANSION OCP,Ministry of Coal,400151,Jharkhand,Ministry of Coal,778.8,605.7,71.38,57.0,4.1739025,4.1739025,LOW
1230,4TH LINE - DADHAPARA-BELHA [9.2 KM] [PB-72/NR/2022-23],SECR,709817,Chhattisgarh,SECR,169.06,22.52,65.0,23.0,4.1617165,4.1617165,LOW
1231,Corridor Efficiency Improvement including removal of black spots in Lakhanpur - Samba section of NH-44 from Chainage Km. 16.300 to Km. 74.100,National Highways Authority of India [NHAI],618550,"Jammu and
Kashmir",National Highways Authority of India [NHAI],855.74,197.46,74.63,40.0,4.1466594,4.1466594,LOW
1232,Transmission System for Evacuation of power from Rajasthan REZ Ph-IV [Part-1] [Bikaner Complex] Part D [Neemrana Bareilly Transmission Ltd],Power Grid Corporation of India Limited [POWERGRID],612133,"Multi-States
(Rajasthan, Uttar
Pradesh)",Power Grid Corporation of India Limited [POWERGRID],3271.0,2731.28,72.16,28.0,4.144082,4.144082,LOW
1233,Work of Widening/upgradation of 2-Lane with paved shoulder of Sri Muktsar Sahib to Malout road from Km 279.400 to Km 307.060 section of NH-354 in the State of Punjab on EPC mode. Job No. NH-354-PB-2021-22-555,MoRTH,618023,Punjab,MoRTH,152.58,0.0,100.0,30.0,4.1333437,4.1333437,LOW
1234,4L PS from Ch. 179.780 in Bitada/Movi Village to Ch. 208.900 in Nasarpore Village of NH-56 Pkg-V,National Highways Authority of India [NHAI],618931,Gujarat,National Highways Authority of India [NHAI],764.02,25.82,2.6,5.0,4.132684,4.132684,LOW
1235,50 MW Wind Power Project,NLC India Limited [NLCIL],617299,Gujarat,NLC India Limited [NLCIL],383.84,328.56,51.0,27.0,4.124594,4.124594,LOW
1236,4L Kasganj-Badaun Section from Km. 123.100 to Km. 179.500 Pkg-III of NH530B,National Highways Authority of India [NHAI],618867,Uttar Pradesh,National Highways Authority of India [NHAI],2009.11,191.05,28.21,11.0,4.090036,4.090036,LOW
1237,Construction of two lane with paved shoulder Gangtok Bypass Road from Ranipool to Burtuk Ch 0.00 Km to 23.316 L23.316 Km in the State of Sikkim,MoRTH,618071,Sikkim,MoRTH,385.15,0.0,90.0,47.0,4.083141,4.083141,LOW
1238,NILJAI EXPANSION DEEP OCP,Western Coalfields Limited [WCL],615982,Maharashtra,Western Coalfields Limited [WCL],319.75,196.86,79.83,116.0,4.075529,4.075529,LOW
1239,Construction of four lane ROB and its approaches in lieu of existing Level Crossing No. RV-71 at km 435 on NH-217 New NH-353 at Khariar including land acquisition under NHO in Annual Plan 2021-22 for the state of Odisha for F.Y. 2021-22 to F.Y 2033-34,MoRTH,618003,Odisha,MoRTH,154.49,22.32,72.0,34.0,4.056665,4.056665,LOW
1240,"Construction of New Domestic Terminal Building Building and miscellaneous works including maintenance, operations and AICMC at Kadapa Airport",612786,N04000106,Andhra Pradesh,Airport Authority of India [AAI],265.91,129.07,65.0,27.0,4.0474796,4.0474796,LOW
1241,Two laning with paved shoulders of Lambasingi to Paderusection of NH 516E,MoRTH,618255,Andhra Pradesh,MoRTH,361.24,109.5,43.22,29.0,4.038791,4.038791,LOW
1242,Widening to 2 Lane with Hard shoulder of Akegwo-Avangkhu section of NH-202K for Package-III Design Chainage 69875 Km to 106816 Km in the State of Nagaland on EPC mode under NHO-NE,NHIDCL,618365,Nagaland,NHIDCL,497.18,0.0,85.67,32.0,4.0254583,4.0254583,LOW
1243,ADASA UG TO OC MINE,Western Coalfields Limited [WCL],616223,Maharashtra,Western Coalfields Limited [WCL],316.0,209.35,86.49,89.0,3.9954424,3.9954424,LOW
1244,4L of left out existing road section from Lalgopalganj Km 161.450 to Nawabganj Km 180.200 in Prayagraj,National Highways Authority of India [NHAI],618755,"Multi-States
(Rajasthan, Uttar
Pradesh)",National Highways Authority of India [NHAI],159.53,72.27,100.0,12.0,3.9864092,3.9864092,LOW
1245,Construction of New Double Tier 4-lane Elevated Corridor from Chennai Port to Maduravoyal in Chennai District from Km -0342 to Km 20223 Package 1 from Km - 0342 to Km 4604,National Highways Authority of India [NHAI],618801,Tamil Nadu,National Highways Authority of India [NHAI],1388.59,200.25,21.93,29.0,3.9384506,3.9384506,LOW
1246,Widening/Improvement to 4 -Lane with Paved Shoulder from Ch. 88.000km to Ch.99.930 km Design Ch.84.100km to Ch.96.000 km of Sagunbashi forest near Nichinta to starting of Krishnai Bypass Section of Bilasipura Guwahati road NH 17 on EPC Package-7,NHIDCL,618285,Assam,NHIDCL,286.72,186.64,100.0,30.0,3.9255579,3.9255579,LOW
1247,Kwar HE Project,National Hydroelectric Power Corporation Limited [NHPC],605155,"Jammu and
Kashmir",National Hydroelectric Power Corporation Limited [NHPC],4526.12,1569.55,34.21,41.0,3.9236832,3.9236832,LOW
1248,Mathura-Jhansi Third Railway Line [274 Km],RVNL - II,705667,"Multi-States
(Madhya Pradesh,
Rajasthan, Uttar
Pradesh)",RVNL - II,5961.0,5121.42,95.48,97.0,3.9197829,3.9197829,LOW
1249,Four/Six laning of Bhaniyawala-Jollygrant-Rishikesh spur section of NH-07 from Km. 0.000 to Km 19.780,NHAI,619295,Uttarakhand,NHAI,742.43,0.45,0.0,4.0,3.9192762,3.9192762,LOW
1250,Agra Fort-Bandikui Doubling Line Project,CAO/C/NCR,705919,Rajasthan,CAO/C/NCR,1390.0,477.04,54.0,62.0,3.9191227,3.9191227,LOW
1251,Roing-Hunli Road Greenfield Alignment Project,NHIDCL,618434,Arunachal Pradesh,NHIDCL,1718.59,178.83,82.04,97.0,3.8901553,3.8901553,LOW
1252,Balance work of Construction of Two/Four lane with paved shoulder from Km 422.000 to 523.600 Chitradurga to Shivamogga of NH-13 in the state of Kanataka on EPC mode.,MoRTH,618031,Karnataka,MoRTH,516.96,105.08,75.0,52.0,3.8763478,3.8763478,LOW
1253,Kakatiyakhani OC - 2 Project,Singareni Collieries Company Limited [SCCL],615865,Telangana,Singareni Collieries Company Limited [SCCL],442.42,252.26,63.0,103.0,3.8665175,3.8665175,LOW
1254,"Rehabilitation & upgradation of Jamkhed to Sautada Section of NH548 D from km 195.375 to km 208.774, Length 13.399 Km to 2L PS /4L configuration with rigid pavement in the state of Maharashtra on EPC mode.",MoRTH,618154,Maharashtra,MoRTH,157.62,0.0,68.93,39.0,3.8610983,3.8610983,LOW
1255,ATF Pipeline from Jawaharlal Nehru Port Trust to Navi Mumbai International Airport,Indian Oil Corporation Limited [IOCL],709782,Maharashtra,Indian Oil Corporation Limited [IOCL],165.0,101.62,97.8,44.0,3.8482492,3.8482492,LOW
1256,Devgarh Madariya - Nathdwara Gauge Conversion [82.54 Km] part of Marwar - Mavli Gauge Conversion [152 Km],North Western Railway [NWR],611855,Rajasthan,North Western Railway [NWR],968.92,708.25,73.0,39.0,3.8414721,3.8414721,LOW
1257,Bangalore-Satyamanglam New Line Project [260 Km] - Part Hejjala - Chamarajanagar [142 Km],South Western Railway [SWR] - II,705464,Karnataka,South Western Railway [SWR] - II,1382.78,0.0,0.0,-3.0,3.840671,3.840671,LOW
1258,Improvement/Widening to 2-Lane with Paved Shoulder from design Km 45.760 to Km 63.530 between Shillong-Dawki under JICA ODA Loan assistance Phase-II -Balance work Pkg-4,NHIDCL,618375,Meghalaya,NHIDCL,445.51,42.32,49.05,24.0,3.8353152,3.8353152,LOW
1259,Dholpur - Sirmuttra Gauge Conversion,North Central Railway,705482,Rajasthan,North Central Railway,747.0,491.95,49.5,72.0,3.8129191,3.8129191,LOW
1260,"Improvement and up-gradation of NH-227B 84 Kosi Parikrama Marg Package III, from Km.47.800 Gosaiganj to Km.73.300 Bikapur in the State of Uttar Pradesh on EPC basis.",MoRTH,618113,Uttar Pradesh,MoRTH,587.97,37.42,28.0,11.0,3.8126621,3.8126621,LOW
1261,Indore Metro Rail Project,Madhya Pradesh Metro Rail Co Limited [MPMRCL],702626,Madhya Pradesh,Madhya Pradesh Metro Rail Co Limited [MPMRCL],7500.8,4923.05,64.15,89.0,3.7845902,3.7845902,LOW
1262,"Rehabilitation and upgradation of Salon - Jais - Jagdishpur Road section of NH-931A, from design Chainage km 0.000 to km 5.740 to four lane divided carriageway and from design Chainage km 5.740 to km 53.500 to two lane with paved Total length km 53.500 along with One time improvement in 04 no's of realigned/bypassed built-up areas in a total length of 9.732 km in the state of Uttar Pradesh on EPC mode",MoRTH,618187,Uttar Pradesh,MoRTH,947.15,0.0,4.0,6.0,3.7804608,3.7804608,LOW
1263,Development of New Civil Enclave and associated works at Darbhanga Airport,612194,N04000112,Bihar,Airport Authority of India [AAI],911.66,374.49,65.0,21.0,3.7558548,3.7558548,LOW
1264,TIKAK EXTENSION OCP,MIS MoCoal Integration Logins,615820,Assam,MIS MoCoal Integration Logins,159.77,111.47,88.18,45.0,3.7424471,3.7424471,LOW
1265,Mobile connectivity in Left Wing Extremism [LWE] affected areas-Phase 1 Upgradation,Department of Telecommunications [DoT],617413,"Multi-States
(Andhra Pradesh,
Bihar,
Chhattisgarh,
Jharkhand,
Madhya Pradesh,
Maharashtra,
Odisha,
Telangana, Uttar
Pradesh, West
Bengal)",Department of Telecommunications [DoT],1884.6,376.8,98.0,23.0,3.7398052,3.7398052,LOW
1266,Widening & Strengthening of Existing 2LPS to 4 lane PS from Km 150000 to Km 159000 and Km 165400 to Km 186000 of NH-163 old NH-202 under NH O for the year 2020-21 on EPC Mode in the state of Telangana.,MoRTH,617983,Telangana,MoRTH,317.19,175.26,87.0,45.0,3.7193313,3.7193313,LOW
1267,Construction of 2-Laning with Paved Shoulder of New Greenfield Alignment From Chochenpheri at Km 52000 to Helipad near Menla at Km 82000 of Rhenock-Menla Spur NH-717B Package-IIIA on EPC Basis under SARDP-NE Phase 'A' in the State of Sikkim.,NHIDCL,618448,Sikkim,NHIDCL,816.79,32.28,60.88,64.0,3.7188082,3.7188082,LOW
1268,Rehabilitation & Widening work for 2 Lane with Paved Shoulder of Existing NH-80 from km 70.15 to Km 121.025 of Munger-Suttanganj -BhagatpurMirzachowki section on EPC Mode in the State of Bihar.,MoRTH,617959,Bihar,MoRTH,477.54,311.39,95.66,38.0,3.7170677,3.7170677,LOW
1269,"4L Elevated Corridor and at-grade improvements from Design Ch0000 to Design Ch 19870 of Danapur Bihta Section, Design Ch0000 to Design Ch0231 connecting the existing RoB near Danapur station ,1.35 Km ramps and at-grade improvements to 4- lane section on Danapur side and Upgradation of existing Two lane carriageway to Four Lane carriageway from Design Ch19870 to Design Ch23500 of Bihta - Koilwar section",National Highways Authority of India [NHAI],618914,Bihar,National Highways Authority of India [NHAI],4432.97,1371.21,54.99,25.0,3.7169561,3.7169561,LOW
1270,"Sainthia, Sitarampur, Mughalsarai, Allahabad & Etawah - Bypass Line Project",Eastern Railway [ER] - I,602797,"Multi-States (Uttar
Pradesh, West
Bengal)",Eastern Railway [ER] - I,461.64,291.24,31.85,100.0,3.6892705,3.6892705,LOW
1271,BALARAM EXPANSION OCP,Mahanadi Coalfields Limited [MCL],400183,Odisha,Mahanadi Coalfields Limited [MCL],3504.21,958.0,57.15,68.0,3.685297,3.685297,LOW
1272,Installation of Bitumen Manufacturing Unit along with allied facilities at Barauni Refinery,MinistryofPetroleumNaturalGas,709777,Bihar,MinistryofPetroleumNaturalGas,389.35,115.69,60.8,51.0,3.6744933,3.6744933,LOW
1273,"Mariani-Jorhat, Tinsukia-Dangri and Makum -TirapTrack Electrification Project",GM/C/ NFR,706940,Assam,GM/C/ NFR,183.99,0.0,0.0,51.0,3.6732304,3.6732304,LOW
1274,Up-gradation to 2-lane with Paved Shoulder from Km 20.300 to Km 29.030 of 8.730 Km length on Goha-Khellani section on NH-244 in UT of Jammu and Kashmir on EPC Mode Package II,NHIDCL,618398,"Jammu and
Kashmir",NHIDCL,210.79,174.92,96.95,66.0,3.6652744,3.6652744,LOW
1275,Thane Integral Ring Metro Rail Project,Maharashtra Metro Rail Corporation Limited [MMRCL],617327,Maharashtra,Maharashtra Metro Rail Corporation Limited [MMRCL],12200.1,81.63,8.25,19.0,3.6642325,3.6642325,LOW
1276,Brundamal-Jharsuguda- flyover connection for joining downline,East Coast Railway [ECoR] - II,400232,Odisha,East Coast Railway [ECoR] - II,297.0,232.73,56.0,147.0,3.6528692,3.6528692,LOW
1277,Jhansi-Khairar-Manikpur & Khirar-Bhimsen,North Central Railway,705608,"Multi-States
(Madhya Pradesh,
Uttar Pradesh)",North Central Railway,4330.0,2895.52,68.0,84.0,3.6251795,3.6251795,LOW
1278,Rehabilitation and upgradation from km 51.600 to km 75.700 of NH-321G Nuhkhas to Etah section to two lane with paved shoulder configuration under EPC mode in the State of Uttar Pradesh,MoRTH,618124,Uttar Pradesh,MoRTH,343.54,75.71,65.0,26.0,3.6176226,3.6176226,LOW
1279,Doubling of Lingaraj SILO connectivity of NTPC line and augmentation of NTPC exchange yard and NTPC Block Cabin.,East Coast Railway [ECoR] - II,400047,Odisha,East Coast Railway [ECoR] - II,210.0,39.31,52.0,46.0,3.5998492,3.5998492,LOW
1280,Power System Upgradation Project,Mangalore Refinary and Petrochemicals Limited,612790,Karnataka,Mangalore Refinary and Petrochemicals Limited,385.0,260.92,82.5,30.0,3.5854113,3.5854113,LOW
1281,Construction of Balrampur bypass with 2L flexible pavement configuration from km.223.000 of NH-330 to km.328.300 of NH-730 under EPC mode,MoRTH,618054,Uttar Pradesh,MoRTH,515.69,104.56,46.0,20.0,3.5407326,3.5407326,LOW
1282,Widening and Up-gradation to 2- Lane with Paved Shoulder Configuration and geometric improvement from Km. 208. 000 to Km 250.000 Package-5 on Aizawl Tuipang Section of NH-54 in the State of Mizoram Package-5,NHIDCL,618379,Mizoram,NHIDCL,752.89,125.62,95.35,78.0,3.5355344,3.5355344,LOW
1283,City Gas Distribution Projects at Alipurduar and Cooch Behar,Bharat Petroleum Corporation Limited [BPCL],709791,West Bengal,Bharat Petroleum Corporation Limited [BPCL],1017.0,227.8,43.6,40.0,3.5343556,3.5343556,LOW
1284,Widening and strengthening of existing 2-lane to 2- lane with paved shoulders from km 159/0 to 165/4 and 186/0 to 215/0 of NH-163 on EPC mode int the state of Telangana,MoRTH,617982,Telangana,MoRTH,230.03,0.0,0.0,94.0,3.530621,3.530621,LOW
1285,Proposed 6 nos Road Over Bridge [ROB] at different locations under MCL Talcher Under Deposit Scheme.,East Coast Railway [ECoR] - II,400045,Odisha,East Coast Railway [ECoR] - II,168.32,69.85,82.0,45.0,3.518402,3.518402,LOW
1286,"Revamping of SV Stations, Gas Terminal & Kribhco Terminal",Oil and Natural Gas Corporation Limited [ONGC],709845,Gujarat,Oil and Natural Gas Corporation Limited [ONGC],837.34,445.89,67.7,41.0,3.517313,3.517313,LOW
1287,Widening & Upgradation to four lane configuration from Km.34.900 Bhadohi to km.73.134 Jaunpur of NH-135A on EPC mode,MoRTH,618082,Uttar Pradesh,MoRTH,395.62,0.0,94.0,41.0,3.5133693,3.5133693,LOW
1288,Construction of Permanent Campus of National Institute of Technology Arunachal Pradesh,"National Institute of Technology, Arunachal Pradesh",612898,Arunachal Pradesh,"National Institute of Technology, Arunachal Pradesh",592.61,551.3,80.0,157.0,3.500473,3.500473,LOW
1289,HP TDAE Unit in Mumbai Refinery,Hindustan Petroleum Corporation Limited,709760,Maharashtra,Hindustan Petroleum Corporation Limited,240.0,151.04,85.0,22.0,3.4958222,3.4958222,LOW
1290,"Augmentation/ Revamping of Dimapur Depot, Dimapur",MinistryofPetroleumNaturalGas,709786,Nagaland,MinistryofPetroleumNaturalGas,227.62,25.94,41.0,32.0,3.4648914,3.4648914,LOW
1291,Rehabilitation and Up-gradation from Km 170700 Bhadrachalam to Km 234567 Konta on NH-30 to Two lane with Paved Shoulder in the State of Andra Pradesh on EPC mode.,MoRTH,617907,Andhra Pradesh,MoRTH,436.09,221.22,100.0,43.0,3.4611866,3.4611866,LOW
1292,Widening to two lane with paved shoulders of 'Bodhan Basar Bhainsa ' section from Km 38/900 to 95/300 of NH-161BB in the state of Telangana under Annual Plan 2021- 22 on EPC Mode under NH O.,MoRTH,618190,Telangana,MoRTH,644.45,349.38,98.6,37.0,3.4570434,3.4570434,LOW
1293,Doubling of lines connecting the loading spurs in Talcher Yard.,East Coast Railway [ECoR] - II,400048,Odisha,East Coast Railway [ECoR] - II,186.21,100.97,88.0,46.0,3.4469035,3.4469035,LOW
1294,Construction of Raebareli Ring Road Phase-2 with four Lane configuration for Raebareli City in the state of Uttar Pradesh on Hybrid Annuity Model HAM basis,MoRTH,618244,Uttar Pradesh,MoRTH,1273.72,0.0,44.37,11.0,3.4442089,3.4442089,LOW
1295,"Improvement and up-gradation of NH-227B 84 Kosi Parikrama Marg Package I, from km 228.920 Jagarnathpur to Km 235.960/0.000 MakhaudaDham to Km 29.000 Sarpur in the State of Uttar Pradesh on EPC basis",MoRTH,618112,Uttar Pradesh,MoRTH,912.5,0.0,3.0,11.0,3.4392736,3.4392736,LOW
1296,6L Access Controlled Greenfield Highway from Vanavolu Ch. 24300 to Vankarakunta Ch. 45700 of [NH-544G] Package-2,National Highways Authority of India [NHAI],618717,Andhra Pradesh,National Highways Authority of India [NHAI],750.81,226.46,82.18,25.0,3.4338803,3.4338803,LOW
1297,4-Laning of Kolasib - Sethawn section Package-5 of NH-6 from Existing Chainage km 86000 to km 107850 Design Chainage km 77500 to km 95500 on silchar - vairengte - sairang road under Bharatmala Pariyojna on EPC mode under NHO-NE Vairengte - Sairang Pkg-5,NHIDCL,618318,Mizoram,NHIDCL,720.4,40.29,11.86,9.0,3.43245,3.43245,LOW
1298,"Construction of Kaithi-Padaria Kala bypass, Patna-Tamoli bypass, Jaso bypass and Nagod bypass total length 15.44 Km to 2-lane with paved shoulders flexible pavement on NH-943 in the State of Madhya Pradesh on EPC Mode.",MoRTH,618068,Madhya Pradesh,MoRTH,158.36,0.0,60.0,30.0,3.41697,3.41697,LOW
1299,Dahod Rolling Stock Workshop Provision of Infrastructure for CBS at,PCE/WR,611978,Gujarat,PCE/WR,158.0,51.87,10.0,37.0,3.415425,3.415425,LOW
1300,Godavarikhani Coal Mine - 5,Singareni Collieries Company Limited [SCCL],615860,Telangana,Singareni Collieries Company Limited [SCCL],607.04,200.06,71.0,83.0,3.3922322,3.3922322,LOW
1301,Lodhma - Piska - Link Line bypassing Hatia/Ranchi with Y connection,South Eastern Railway [SER] - I,705785,Jharkhand,South Eastern Railway [SER] - I,473.0,306.22,10.0,85.0,3.383877,3.383877,LOW
1302,4L PS from Near Guddehosur to Start of Kushalnagara Bypass to near Hemmige Village Periyapatna - Hassan Road Jn from Km. 122.200 to Km. 144.900 of NH-275 Pkg. II,National Highways Authority of India [NHAI],618871,Karnataka,National Highways Authority of India [NHAI],909.86,32.64,7.18,4.0,3.381205,3.381205,LOW
1303,NER Provision of Automatic Block Signalling on Gorakhpur Cantt[Excl] Chhapra Gramin & Burhwal Jn [Excl] Sitapur Jn section of high density routes,North Eastern Railway [NER],611669,"Multi-States
(Bihar, Uttar
Pradesh)",North Eastern Railway [NER],380.47,256.53,20.0,34.0,3.3737447,3.3737447,LOW
1304,GUNTAKAL WEST-MALLAPPA GATE RAIL OVER RAIL - ROR TRACK,South Central Railway [SCR] - II,611754,Andhra Pradesh,South Central Railway [SCR] - II,293.3,267.51,0.23,33.0,3.373646,3.373646,LOW
1305,Widening to two lane with paved Shoulders from Km 40.00 to Km 75.00 Existing chainages of Mangalore - Tumkur section of NH-73 in the State of Karnataka on EPC Mode under Annual Plan 2021-22 Job No NH-73-KNT-2021-22-945,MoRTH,617955,Karnataka,MoRTH,718.52,308.84,82.0,37.0,3.351878,3.351878,LOW
1306,"Widening/Improvement to 4-Lane with Paved Shoulder configuration of existing single lane road from Srirampur near Bhairiguri Village to Kachukhana Harichara Paglagaunj Package-I of Srirampur - Dhubri Section of NH-127B from existing Km 0.000 to Km 28.050 Design Km 0.000 to Km 27.650, Design Length27.650 Km under JICA ODA Loan assistance Phase-V -Balance work",NHIDCL,618371,Assam,NHIDCL,613.89,260.02,78.09,17.0,3.3446844,3.3446844,LOW
1307,6L Access Controlled Greenfield Highway from Vankarakunta Ch. 45700 to Odulapalle Ch. 72000 of [NH-544G]Package-3,National Highways Authority of India [NHAI],618716,Andhra Pradesh,National Highways Authority of India [NHAI],992.91,319.82,73.1,25.0,3.342526,3.342526,LOW
1308,Bhandai - Flyover for Etawah bound down train- 10 Km,North Central Railway [NCR] - II,705777,Uttar Pradesh,North Central Railway [NCR] - II,250.18,139.49,9.0,60.0,3.3239694,3.3239694,LOW
1309,AMADAND OCP[4.0MTY],Ministry of Coal,400148,Madhya Pradesh,Ministry of Coal,869.44,325.4,75.15,121.0,3.3223119,3.3223119,LOW
1310,Construction of 2-laning with Hard shoulder road of Ukhrul - Tolloi - Tadubi section of NH-102A from Design Chainage 50.850 km to 81.870 km in the State of Manipur on EPC mode under NHO-TSP Package -3,NHIDCL,618388,Manipur,NHIDCL,315.56,227.98,90.91,33.0,3.3220422,3.3220422,LOW
1311,"Upgradation of exhisting 2 lane flexible pavement to 2 lane paved shoulders rigid pavement from design chainage Km 66.00 to Design Km 82.440 Start of Kolhapur Municipal corporation near Phulewadi to kale, design length 16.440 Km section on Talere Gaganbawada-Kolhapur road NH 166G in the state of Maharashtra on EPC mode",MoRTH,618098,Maharashtra,MoRTH,167.97,0.0,93.75,41.0,3.319842,3.319842,LOW
1312,Improvement/Widening of New NH-217 Dainadubi-Darugiri section to Two lane with paved shoulder in Meghalaya from design Km 0000 to Km 40840 existing Km 8600 to Km 53000 of Old NH-62 under BMP Lot-1 Pkg-1B Meghalaya portion,NHIDCL,618295,Meghalaya,NHIDCL,705.83,0.0,38.75,13.0,3.280613,3.280613,LOW
1313,6L Connectivity to Port Road from Sabbavaram Sheelanagar-NH516C,National Highways Authority of India [NHAI],618805,Andhra Pradesh,National Highways Authority of India [NHAI],977.33,64.7,4.0,2.0,3.277258,3.277258,LOW
1314,"Construction of Balance Work of the 4-Laning of the Section from Jorhat to Jhanji of NH-37 Old from Km 453.000 to Km 490.800, under SARDP- NE , under EPC Mode in the state of Assam Pkg-IV Structures & Toll Plaza",NHIDCL,618444,Assam,NHIDCL,279.01,0.0,94.73,26.0,3.2755806,3.2755806,LOW
1315,Balance Works for six laning of Sriperumbudur to karaipettai section of NH-4 New NH- 48 from 37000 Existing Km 37000 to Km 71015 Existing Km 71000 in Tamilnadu on EPC mode underNHDP Phase-V,National Highways Authority of India [NHAI],618522,Tamil Nadu,National Highways Authority of India [NHAI],411.16,81.11,31.16,15.0,3.266557,3.266557,LOW
1316,4L Access Controlled Greenfield Highway section on NH-163G Khammam Vijayawada from Remidicherla village at Design Ch. 280.200 Km to Jakkampudi village on NH-16 at Design Ch. 309.909 Km Package-III,National Highways Authority of India [NHAI],618818,"Multi-States
(Andhra Pradesh,
Telangana)",National Highways Authority of India [NHAI],1183.23,1.28,2.8,11.0,3.2652724,3.2652724,LOW
1317,Construction/upgradation to 2-lane with paved shoulder from Design Km 95.55 Bandarkoot to Km. 111.06 Chattroo of 15.52 Km length on Khellani-Kishtwar-Chattroo section on NH-244 in UT of Jammu and Kashmir on EPC Mode Pkg-5,NHIDCL,619038,"Jammu and
Kashmir",NHIDCL,497.09,240.1,99.97,56.0,3.2651708,3.2651708,LOW
1318,Transmission System for Evacuation of Power from REZ in Rajasthan 20GW under Phase III- Part E2,Power Grid Corporation of India Limited [POWERGRID],611947,Rajasthan,Power Grid Corporation of India Limited [POWERGRID],428.3,415.45,98.4,29.0,3.2641244,3.2641244,LOW
1319,C2/C3 Vijaipur Pata Pipeline,Ministry of Petroleum & Natural Gas,617830,Madhya Pradesh,Ministry of Petroleum & Natural Gas,1792.0,488.0,65.2,23.0,3.250828,3.250828,LOW
1320,"Ratle HE Project - 850 MW, Ratle Hydroelectric Power Corporation Limited.",National Hydroelectric Power Corporation Limited [NHPC],602535,"Jammu and
Kashmir",National Hydroelectric Power Corporation Limited [NHPC],5281.94,1566.39,29.85,51.0,3.246095,3.246095,LOW
1321,Widening to two lane with paved shoulders from Km 0.00 to 102.310 Design Chainage of NH-548B Murrum-Maharashtra Border in the State of Karnataka,MoRTH,618149,Karnataka,MoRTH,957.09,248.13,0.0,15.0,3.2094765,3.2094765,LOW
1322,BALABHADRA OCP,MCL - CIL,616233,Odisha,MCL - CIL,978.44,251.55,15.24,36.0,3.2010765,3.2010765,LOW
1323,Rishikesh-Karnaprayag New Rail Line- 125 km,RVNL - II,705429,Uttarakhand,RVNL - II,38953.0,28286.15,74.0,92.0,3.192171,3.192171,LOW
1324,Doubling between Mudkhed Medchal & Mahbubnagar Dhone section 417.88 Km,South Central Railway [SCR] - II,617212,"Multi-States
(Andhra Pradesh,
Maharashtra,
Telangana)",South Central Railway [SCR] - II,4686.09,1938.02,2.08,32.0,3.187071,3.187071,LOW
1325,Construction & Upgradation to 2-lane with paved shoulder from Design Km 67.805 at the end of Km 83rd Tunnel near Dhrabshalla Ex. Km 83905 to Km 80.675 start of Kishtwar Bypass - Dulhasti Ex. Km 970751 of 12.870 Km length on chenani- Sudhmahadev-Goha Khellani-Kishtwar-vailoo-Donipawa-Ashajipora seition of NH-244 in the UT of J&K on EPC Mode under NHO-Gen Pkg-3,NHIDCL,618400,"Jammu and
Kashmir",NHIDCL,398.51,99.35,98.55,57.0,3.1856444,3.1856444,LOW
1326,Widening to Two lane with paved shoulders from 106/830 to 158/496 of Yellareddy- Rudrur Section of NH-765D in the state of Telangana on EPC mode under NHO under Annual plan 2022-23,MoRTH,618182,Telangana,MoRTH,499.88,187.35,63.44,21.0,3.1779156,3.1779156,LOW
1327,Improvement/Up-gradation of existing 2-Lane Road to 4-Lane Divided Highway from Taphukuki to Daili section of Imphal-Kohima road NH-02 Design Chainage from Km 262175 to Km 274610 in the state of Manipur on EPC mode Pkg-4A,NHIDCL,618300,Manipur,NHIDCL,379.39,301.89,91.31,66.0,3.1705823,3.1705823,LOW
1328,INTEGRATED KULDA GARJANBAHAL O,Mahanadi Coalfields Limited [MCL],616226,Odisha,Mahanadi Coalfields Limited [MCL],3563.5,672.78,6.18,36.0,3.1524076,3.1524076,LOW
1329,"Rehabilitation/ Upgradation of existing Highway to four lane standards in Kurkheda town from km.413257 to km 410775, Two lane in Shankarpur Gurnuli km 42400 to km 43100 section and Reconstruction of Major Bridge at Ch. 448558 Bhuti Nallah and Ch. 411695 Sati River bridge, Minor Bridge at Ch. 411477 and Ch. 405800 Lendhari Bridge of NH 543 Bhamhapuri-wadsa-kurkheda-korchi-Deori-Amgaon road on EPC mode in the State of Maharashtra",MoRTH,618042,Maharashtra,MoRTH,163.86,0.0,42.78,29.0,3.150094,3.150094,LOW
1330,Revamping of old sub-systems of Blast Furnace 3 at Bokaro Steel Plant,Steel Authority of India Limited [SAIL],617253,Jharkhand,Steel Authority of India Limited [SAIL],513.82,408.4,97.3,30.0,3.149957,3.149957,LOW
1331,"Improvement and Up gradation to four lane with Paved shoulder configuration from Existing Km 0000 to Km 39500 design km 0500 to Km 40342, Design length km of NH 227A near Mehrauna GhatUP Bihar Border to Siwan on the state of Bihar on Hybrid Annuity Model HAM basis",MoRTH,618251,Bihar,MoRTH,1661.25,0.0,5.52,7.0,3.1336665,3.1336665,LOW
1332,Widening and Strengthening of existing paveemnt to two lane with paved shoulders from km 116.00 to km 176.355 of NH-75E in the State of Jharkhand on EPC mode.,MoRTH,618060,Jharkhand,MoRTH,315.21,129.54,87.0,39.0,3.1234667,3.1234667,LOW
1333,Improvement and Up-gradation to two Lane with Paved Shoulder Configuration from existing km. 420.00 Shohrathgarh to km. 454.00 Uska Bazar of NH-730 in the state of Uttar Pradesh EPC basis,MoRTH,618056,Uttar Pradesh,MoRTH,509.65,98.47,56.0,25.0,3.1220784,3.1220784,LOW
1334,Balance works of 4 lane divided carriageway of Missing Link section of NH-39 Rewa Bypass from junction with NH 30 near Bela to Junction with MPRDC ring road near Silpara on SH 9 design length 13.100 km on EPC Mode under Bharatmala Pariyojana in the State of Madhya Pradesh,NHAI,618784,Madhya Pradesh,NHAI,355.36,208.94,84.44,24.0,3.1177452,3.1177452,LOW
1335,"Work of Upgradation of Jirapur-Pachore Road including Pachore, Jirapur, Chhapiheda & Khujner Bypasses from 0000 to 58790 Design Length 58.79 Km section of NH-752C to 2LPS in the State of Madhya Pradesh under EPC mode",MoRTH,618171,Madhya Pradesh,MoRTH,352.69,0.0,47.29,27.0,3.1046438,3.1046438,LOW
1336,6L with PS of Samakhiyali to Santalpur section from km. 339.700 to Km. 430.100 of NH-27,National Highways Authority of India [NHAI],618564,Gujarat,National Highways Authority of India [NHAI],1553.76,28.18,57.59,28.0,3.0880432,3.0880432,LOW
1337,Construction of Bypass road to Balangir town from km 72/400 Desing km 0/0 to km 79/800 Design km 11/670 of NH-26 in the State of Odisha.,MoRTH,617904,Odisha,MoRTH,238.78,6.09,55.0,36.0,3.083009,3.083009,LOW
1338,Pre construction activity of NH 122B from km 0 to 72.348 and Improvement to two lane with paved shoulders of NH 122B from km 29.730 to km 72.348 in state of Bihar under EPC mode,MoRTH,618074,Bihar,MoRTH,624.43,153.21,91.0,35.0,3.0476694,3.0476694,LOW
1339,Widening/Improvement to 4-Lane with Paved Shoulder from KM 38500 to Km 51246 Design Chainage 38500 to 50959 with proposed Daboka Bypass of Daboka- Parokhaowa of NH 29 on EPC under NHO-NE Package-1,NHIDCL,618326,Assam,NHIDCL,516.88,0.0,97.96,29.0,3.0460608,3.0460608,LOW
1340,"Construction of Intermediate Lane of Pango to Jorging Road from 0000 to Design Km Design Km 40000 Design Length 40.00 Km, Pkg-l, Greenfield Alignment in the State of Arunachal Pradesh on EPC mode Pkg-1",NHIDCL,618405,Arunachal Pradesh,NHIDCL,898.19,0.0,39.1,15.0,3.0286796,3.0286796,LOW
1341,Construction of Jasra Bypass with four lane paved shoulder configurationfrom Km 379.670 on NH-76New NH-35 to Km 18.00 on NH-27New NH-30 on EPC in the State of Uttar Pradesh.,MoRTH,617957,Uttar Pradesh,MoRTH,274.06,0.0,91.85,25.0,3.0106268,3.0106268,LOW
1342,Up-gradation to Four Lane with Paved Shoulder configuration of the highway starting from existing km 88.400 Savali Vihir to km 163.400 start of Ahmednagar bypass Design Length 75.000 km section of NH-160 in the State of Maharashtra under Bharatmala Pariyojana on EPC Mode,NHAI,618766,Maharashtra,NHAI,862.0,210.27,36.32,12.0,3.0039196,3.0039196,LOW
1343,KOTRE BASANTPUR PACHMO OCP,Ministry of Coal,400139,Jharkhand,Ministry of Coal,861.06,455.95,47.95,68.0,2.995816,2.995816,LOW
1344,Access Controlled Highway of 4 Lane with Paved Shoulders from Tiruvallur Design Chainage Km 1756 to TN/AP Broder Design Chainage Km 6151 of NH-716 Chennai- Tirupati Package-1,National Highways Authority of India [NHAI],619161,Tamil Nadu,National Highways Authority of India [NHAI],1376.1,133.77,34.5,16.0,2.9940166,2.9940166,LOW
1345,Improvement and upgradation to two lane with Paved Shoulder configuration from existing km 55.00 to km 90.00 Design length 34.76 of NH-227A near Chhapia Village to near Sikriganj in the State of UP on EPC Mode.,MoRTH,618110,Uttar Pradesh,MoRTH,307.11,125.88,0.0,41.0,2.9788435,2.9788435,LOW
1346,Construction of Pratapgarh Bypass Extension connecting NH-31 to NH-330 on EPC mode in the State of Uttar Pradesh.,MoRTH,618055,Uttar Pradesh,MoRTH,225.17,0.0,73.0,27.0,2.9558713,2.9558713,LOW
1347,Doubling between Jaunpur Jn - Zaffarabad 6.28 km,M/S SRC company Infra Private Limited,617370,Uttar Pradesh,M/S SRC company Infra Private Limited,180.66,43.65,10.5,14.0,2.9513063,2.9513063,LOW
1348,Construction of Mangaldoi Bypass NH-15 starting at Ch 26400 and terminating at Ch 41505 under Rangia NH Division L 15.105 Km in the State of Assam. Job No. 15/AS/2021-22/234,MoRTH,617895,Assam,MoRTH,535.03,161.56,70.71,36.0,2.9356892,2.9356892,LOW
1349,Augmentation of Banaskantha [Raghanesda] PS [GIS] [POWERGRID Banaskantha Transco Limited],Power Grid Corporation of India Limited [POWERGRID],617182,Gujarat,Power Grid Corporation of India Limited [POWERGRID],172.0,58.48,36.0,13.0,2.9271045,2.9271045,LOW
1350,"Rehabilitation and Upgradation to 2-lane with paved should ders Sir, configuration of Chaprathipalem to Lambasingi section Km 165500 to Km 205000 of NH-516E in the State of Andhra Pradesh under Green National Highways Corridor Project GNHCP with the loan assistance of World Bank on EPC mode",MoRTH,618256,Andhra Pradesh,MoRTH,311.22,195.13,91.25,42.0,2.8963065,2.8963065,LOW
1351,GOPALJI KANIHA OCP [10 TO 30 M,MCL - CIL,400185,Odisha,MCL - CIL,8416.19,1771.98,34.54,48.0,2.8946686,2.8946686,LOW
1352,Nagpur Metro Rail Phase II Development Project,Maharashtra Metro Rail Corporation Limited [MMRCL],702658,Maharashtra,Maharashtra Metro Rail Corporation Limited [MMRCL],6708.0,1912.03,38.0,40.0,2.8783681,2.8783681,LOW
1353,"Widening/lmprovement to 4-Lane with Paved Shoulder from Ch.5.580 Km to Ch.25.633 Km Design Ch.0.000 Km to Ch.17.737km Km 901.100 to Km 921.145 of old NH-31 of Bilasipara- Guwahati road NH-17 Section Near Chirakuta to near Mowatari, before Chapar Bypass in the state ol Assam on HAM mode Package-1",NHIDCL,618288,Assam,NHIDCL,1081.15,0.0,28.74,14.0,2.8717625,2.8717625,LOW
1354,HINGULA II OC EXPN PH III 15 M,MCL - CIL,616232,Odisha,MCL - CIL,1561.85,279.32,29.19,41.0,2.8675265,2.8675265,LOW
1355,Talabira II & III OCP - FMC,NLC India Limited [NLCIL],618982,Odisha,NLC India Limited [NLCIL],522.45,324.74,72.65,35.0,2.8613632,2.8613632,LOW
1356,Kurnool/Kadapa Border-Jammalamadugu section of NH-167K i.e. Design Ch. Km 248010 to km 269900 to 2,MoRTH,617986,Andhra Pradesh,MoRTH,292.63,0.0,82.57,16.0,2.843637,2.843637,LOW
1357,Petro Resid Fluidized Catalytic Cracking [PRFCC] Unit and its associated facilities at Mumbai Refinery,Ministry of Petroleum & Natural Gas,619223,Maharashtra,Ministry of Petroleum & Natural Gas,13626.0,55.4,4.4,11.0,2.829587,2.829587,LOW
1358,Bhopal Metro Rail Project,Madhya Pradesh Metro Rail Co Limited [MPMRCL],702625,Madhya Pradesh,Madhya Pradesh Metro Rail Co Limited [MPMRCL],6941.4,4259.25,59.94,89.0,2.8277004,2.8277004,LOW
1359,Construction of 2 -Lane with paved shoulders road from Tamenglong to Mahur NH- 137 in Manipur starting from km 54.180 near Azuram to km 80.630 near Mandeu on EPC Mode Package 5,NHIDCL,618357,Manipur,NHIDCL,477.86,330.1,84.87,53.0,2.810673,2.810673,LOW
1360,"Construction of Permanent Campus for NIT Mizoram at Lengpui, Aizawl",NIT Mizoram,612876,Mizoram,NIT Mizoram,474.23,167.55,4.0,142.0,2.800225,2.800225,LOW
1361,"Pre-Construction activities from Km 134.000 to Km 190.233 of NH-333A and Construction of 4 no. of Bypasses at Katoria, Lakhpura, Banka & Panjwara total length-14.359 Km to two lane with paved shoulders standard in State of Bihar.",MoRTH,618126,Bihar,MoRTH,479.37,0.0,58.0,16.0,2.7823024,2.7823024,LOW
1362,Construction of 2-laning with Hard shoulder road of Ukhrul - Tolloi - Tadubi section of NH-102A from Design Chainage 81.870 km to 105.825 km in the State of Manipur on EPC mode under NHO-TSP Package -4,NHIDCL,618389,Manipur,NHIDCL,310.76,247.28,96.8,44.0,2.7772176,2.7772176,LOW
1363,4-L Bilasipara-Guwahati Package-9,NHIDCL,618283,Assam,NHIDCL,1000.27,416.11,50.92,28.0,2.7746005,2.7746005,LOW
1364,"Construction of Mihona bypass, Lahar bypass, Daboh bypass & Bhander Bypass total length 20.60 km to 2-lane with paved shoulder from on Mihona-Bhander-MP/UP border section of NH 552E in the State of Madhya Pradesh on EPC mode",MoRTH,618045,Madhya Pradesh,MoRTH,179.18,71.77,67.0,34.0,2.7694395,2.7694395,LOW
1365,Capacity Expansion of Digboi Refinery from 0.65 to 1.0 MMTPA,MinistryofPetroleumNaturalGas,709779,Assam,MinistryofPetroleumNaturalGas,768.0,174.5,56.0,46.0,2.7540162,2.7540162,LOW
1366,Construction of 2- Lane with paved shoulder from km 56.45 Dharampur More to 93.050 Pakur of NH-333A in the State of Jharkhand on EPC mode,MoRTH,618127,Jharkhand,MoRTH,255.73,0.0,8.5,5.0,2.7500803,2.7500803,LOW
1367,Gorakhpur-Valmikinagar Doubling project,NER,617224,"Multi-States
(Bihar, Uttar
Pradesh)",NER,1120.0,401.82,26.4,25.0,2.7423844,2.7423844,LOW
1368,Upgradation of Dindori-Sagartola-kabichabutra MP-CG border section of NH -45 from km 000Design to km 77.00 Design to Two lane with paved shoulder configration along with one time improvement in 04 nos. of bypaased built-up areas in a total length of 9.1 km in the state of Madhya Pradesh on EPC mode.,MoRTH,617915,Madhya Pradesh,MoRTH,329.14,0.0,93.68,31.0,2.7413144,2.7413144,LOW
1369,Gauge Conversion of Pachora-Jamner with Extension upto Malkapur [Bodwad] [84.34 Kms],Central Railway [CR] - II,612845,Maharashtra,Central Railway [CR] - II,955.39,13.97,10.0,3.0,2.713507,2.713507,LOW
1370,Construction of Ater realignment & Bhind bypass Total length. 21.50 km Section of NH-552Extn. to Two lane with paved shoulder configuration in the State of Madhya Pradesh on EPC mode.,MoRTH,618157,Madhya Pradesh,MoRTH,348.06,0.0,68.41,16.0,2.7100143,2.7100143,LOW
1371,"Construction of Additional Structures, Improvement of Service Road & Maintenance of Six Lane Gurgaon-Jaipur Section of NH-48 old NH-8 between km 42700 to km 107100 in the State of Haryana",National Highways Authority of India [NHAI],618506,Haryana,National Highways Authority of India [NHAI],401.74,93.89,45.02,11.0,2.6896899,2.6896899,LOW
1372,Widening to 2-lane with Hard shoulder of Churachandpur to Tuivai Section of NH- 102B from km 13.747 to km 32.835 in the State of Manipur on EPC mode under NHO Package-1B,NHIDCL,618347,Manipur,NHIDCL,241.52,152.85,96.54,69.0,2.679318,2.679318,LOW
1373,MAHAMAYA OCP [1.50 MTY],South Eastern Coalfields Limited [SECL],613801,Chhattisgarh,South Eastern Coalfields Limited [SECL],410.26,187.63,54.6,95.0,2.6772554,2.6772554,LOW
1374,Widening to 2-lane with Hard shoulder of Churachandpur to Tuivai Section of NH- 102B from km 32.835 to km 48.587 in the State of Manipur on EPC mode under NHO Package-2A,NHIDCL,618346,Manipur,NHIDCL,232.99,149.21,96.35,69.0,2.6692076,2.6692076,LOW
1375,Construction of six lane elevated corridor from km 7.950 Uppal to km 14.200 of NH- 163 to De-Congest the urban limits of Hyderabad-Bhoopalapatnam section on EPC mode in the state of Telangana,MoRTH,617980,Telangana,MoRTH,626.76,16.13,51.7,93.0,2.6499305,2.6499305,LOW
1376,Construction of 2-lane Aizawl Bypass from km 15.200 to km 34.500 Package-3 on Sairang - Phaibawk section of NH-6 in the State of Mizoram under Bharatmala Pariyojna on EPC Mode under NHO-NE,NHIDCL,618324,Mizoram,NHIDCL,720.72,0.0,15.1,6.0,2.6474812,2.6474812,LOW
1377,SHIMOGA - SHIKARIPURA - RANEBENNUR [96 Km],South Western Railway [SWR] - II,705761,Karnataka,South Western Railway [SWR] - II,1454.0,97.75,13.5,38.0,2.6356683,2.6356683,LOW
1378,Chunar-Chopan doubling project,North Central Railway,617284,Uttar Pradesh,North Central Railway,1423.96,123.09,17.0,15.0,2.6354814,2.6354814,LOW
1379,Transmission System for Evacuation of Power from Rajasthan REZ Ph-IV [Part-2 5.5 GW] [Jaisalmer/Barmer Complex] Part D [SPV Name POWERGRID Beawar Mandsaur Transmission Limited],Power Grid Corporation of India Limited [POWERGRID],615333,"Multi-States
(Madhya Pradesh,
Rajasthan)",Power Grid Corporation of India Limited [POWERGRID],2227.0,979.88,38.74,20.0,2.6227956,2.6227956,LOW
1380,Jawahar Khani Open Cast Mine,Singareni Collieries Company Limited [SCCL],615818,Telangana,Singareni Collieries Company Limited [SCCL],297.88,47.48,20.0,52.0,2.6107602,2.6107602,LOW
1381,PRP-VIII [Group-A],Ministry of Petroleum & Natural Gas,616950,Offshore,Ministry of Petroleum & Natural Gas,1486.4,529.96,53.8,19.0,2.607377,2.607377,LOW
1382,Widening to 4 lane from km. 108.50 to km 139.00 of NH-135A Pkg-II Jaunpur Akbarpur section on Hybrid Annuity Mode in the state of Uttar Pradesh,MoRTH,618249,Uttar Pradesh,MoRTH,1511.57,0.0,32.0,13.0,2.5957177,2.5957177,LOW
1383,Balance work of Widening to 2 Two lane with hard shoulder of Churachandpur to Tuivai section of NH-102B from km 130.000 to km 141.029 Package-4B in the State of Manipur on EPC Mode,NHIDCL,618348,Manipur,NHIDCL,177.76,1.41,0.97,5.0,2.5893943,2.5893943,LOW
1384,Transmission System Strengthening for Interconnections of Bhadla-III & Bikaner III Complex [SPV Name POWERGRID BHADLA BIKANER TRANSMISSION LIMITED],Power Grid Corporation of India Limited [POWERGRID],615335,Rajasthan,Power Grid Corporation of India Limited [POWERGRID],1382.0,552.8,42.0,20.0,2.5892892,2.5892892,LOW
1385,Widening to 4 lane from km. 139.00 to km 179.20 of NH-135A Pkg-III Jaunpur Akbarpur section and Akbarpur bypass on Hybrid Annuity Mode in the state of Uttar Pradesh.,MoRTH,618248,Uttar Pradesh,MoRTH,1653.15,0.0,10.0,3.0,2.5744302,2.5744302,LOW
1386,Marikuppam - Kuppam New Line Project [23.70 Km],South Western Railway [SWR] - II,705491,"Multi-States
(Andhra Pradesh,
Karnataka)",South Western Railway [SWR] - II,297.0,145.78,21.0,90.0,2.5732198,2.5732198,LOW
1387,Mechanization of Berth No.14 for handling Containers and other cargo on DBFOT basis - Phase II,New Mangalore Port Authority,617804,Karnataka,New Mangalore Port Authority,153.23,58.93,58.0,22.0,2.572632,2.572632,LOW
1388,200 MW SPP part of 510 MW CPSU scheme,NLC India Limited [NLCIL],618991,Gujarat,NLC India Limited [NLCIL],1221.41,64.03,0.0,25.0,2.561058,2.561058,LOW
1389,Construction of New Four Lane Bypass to Parbhani City Parwa to Asola Km 463/265 to Km 481/180 Design Ch. 19220 to Ch. 34434 Length-15.214 Km section of NH-61 on EPC mode in the State of Maharashtra.,MoRTH,617932,Maharashtra,MoRTH,496.64,0.0,70.14,33.0,2.5491526,2.5491526,LOW
1390,"ESR - 8 nos., distribution system - 216 Km, new house service connections - 38760 nos. upgrading of feeder mains, pumping station etc. - Phase II",Ministry of Housing & Urban Affairs,702674,Andhra Pradesh,Ministry of Housing & Urban Affairs,172.22,88.86,82.0,93.0,2.5480964,2.5480964,LOW
1391,BHATADI EXPANSION OC,Western Coalfields Limited [WCL],400033,Maharashtra,Western Coalfields Limited [WCL],580.61,112.17,33.91,47.0,2.5470638,2.5470638,LOW
1392,Construction & Upgradation to 2 lane with paved shoulder from Design Km. 31.449 Khellani Ex. Km 44.946 to Km 51.700 Prem Nagar Ex. Km 68617 of 20.251 Km length on Khellani - Kishtwar - Chattroo section of NH-244 in the UT of J&K on EPC Mode under NHO-Gen PKG- 1,NHIDCL,618396,"Jammu and
Kashmir",NHIDCL,486.45,0.0,0.0,61.0,2.533948,2.533948,LOW
1393,Construction of New 2-Lane Bridge with its approaches from km 0000 to Km 4385 across River Brahmaputra on NH-17 at Jogighopa in Assam on EPC mode,NHIDCL,618286,Assam,NHIDCL,746.76,410.28,76.47,53.0,2.531673,2.531673,LOW
1394,Upgradation to 2-lane with Hard shoulder configuration of Suraithota Ch. 29.725 km to Malari Ch. 60.550 km road on NH- 107B under in the state of Uttarakhand.,MoRTH,618219,Uttarakhand,MoRTH,292.76,0.0,72.5,23.0,2.521412,2.521412,LOW
1395,Jeypore-Malkanagiri New Railway Line Project,East Coast Railway [ECoR] - II,705742,Odisha,East Coast Railway [ECoR] - II,2344.0,549.72,23.1,28.0,2.4994643,2.4994643,LOW
1396,MPLS-IP BASED ACCESS AND AGGREGATION NETWORK [MAAN] IN BSNL ALONG WITH TEST AND MEASURING EQUIPMENT,BSNL,709856,PAN India,BSNL,645.13,377.59,92.1,35.0,2.4923525,2.4923525,LOW
1397,"Darlipali Super Thermal Power Project, Stage-II [1x800 MW]",National Thermal Power Corporation [NTPC],619056,Odisha,National Thermal Power Corporation [NTPC],11131.0,460.85,1.95,5.0,2.4871957,2.4871957,LOW
1398,Pirpainti - Jasidih [100.52 Km] New BG line,Eastern Railway [ER] - I,705385,"Multi-States
(Bihar, Jharkhand)",Eastern Railway [ER] - I,2555.0,1113.67,61.8,49.0,2.4813335,2.4813335,LOW
1399,Construction of 2-laning with hard shoulder of Lunglei to Chhumkhum from Design Chainage Km 0.000 to Km 37.420 of NH-302 [Lunglei-Tlabung] Package-A,NHIDCL,618362,Mizoram,NHIDCL,698.45,556.91,64.78,58.0,2.476054,2.476054,LOW
1400,Widening to 2-lane with Hard shoulder of Churachandpur to Tuivai Section of NH- 102B from Design Chainage 69.875 Km to 121.769 Km in the State of Manipur on EPC mode Package-3,NHIDCL,618344,Manipur,NHIDCL,673.27,500.96,82.93,56.0,2.4726892,2.4726892,LOW
1401,Kargil Zanskar Road,NHIDCL,618408,Ladakh,NHIDCL,398.37,282.19,90.59,57.0,2.4465616,2.4465616,LOW
1402,Widening to 2 lane with paved shoulders from Km 62/920 to km 106/830 of Medak - Yellareddy section in the State of Telangana under Annual Plan 2022-23 on EPC mode under NHO,MoRTH,618183,Telangana,MoRTH,399.01,0.0,66.04,20.0,2.43699,2.43699,LOW
1403,Bypass on Western side of Gwalior City,National Highways Authority of India [NHAI],618619,Madhya Pradesh,National Highways Authority of India [NHAI],998.95,20.06,0.0,3.0,2.432611,2.432611,LOW
1404,Widening to two lane with paved shoulder of Rampachodavaram - Koyyuru section of NH 516E from Km 43700 to Km 113820 in the State of Andhra Pradesh on EPC mode Job No. 737,MoRTH,618145,Andhra Pradesh,MoRTH,568.12,303.13,98.63,39.0,2.4266014,2.4266014,LOW
1405,PELMA OC MDO,South Eastern Coalfields Limited [SECL],616234,Chhattisgarh,South Eastern Coalfields Limited [SECL],1725.04,16.71,40.34,42.0,2.4216886,2.4216886,LOW
1406,SIRKA OC,Ministry of Coal,615822,Jharkhand,Ministry of Coal,222.82,140.72,63.52,71.0,2.421228,2.421228,LOW
1407,600 MW Khavda Solar Power Project,NLC India Limited [NLCIL],617730,Gujarat,NLC India Limited [NLCIL],3335.85,2171.16,40.0,22.0,2.4139917,2.4139917,LOW
1408,"City Gas Distribution Projects at Darbhanga, Madhubani, Supaul, Sitamarhi and Sheohar districts",Bharat Petroleum Corporation Limited [BPCL],709792,Bihar,Bharat Petroleum Corporation Limited [BPCL],3638.0,472.43,33.3,40.0,2.4115498,2.4115498,LOW
1409,Widening and strengthening to 2LPS including LA of Kandarpur-Balikuda from km 277/500 to 318/970 of NH-55 in the State of Odisha under Annual Plan 2021-22.,MoRTH,617921,Odisha,MoRTH,499.79,129.74,60.65,34.0,2.40816,2.40816,LOW
1410,Widening & Upgradation to 2 lanes with paved shoulders road from Tamenglong to Mahur NH-137 in the State of Assam starting from km 136.500 near Hejaichak to km 156.489 near P. Leikul Package-9 on EPC mode under NHO-NE Package-9,NHIDCL,618352,Assam,NHIDCL,860.37,528.46,87.5,32.0,2.4059582,2.4059582,LOW
1411,Integrated Development of 4 Contract Areas under DSF-II,Ministry of Petroleum & Natural Gas,709851,Offshore,Ministry of Petroleum & Natural Gas,6183.79,1555.0,40.4,35.0,2.3969069,2.3969069,LOW
1412,Rebuilding of COB 4 at Durgapur Steel Plant,Steel Authority of India Limited [SAIL],612781,West Bengal,Steel Authority of India Limited [SAIL],916.78,206.54,33.66,31.0,2.3950205,2.3950205,LOW
1413,Widening to 2 lane with Paved Shoulders of Siddipet-Elkathurthy section from Km 69/978 to km 133/619 of NH-765DG in the State of Telangana under Annual plan 2021-22 on EPC mode,MoRTH,618196,Telangana,MoRTH,578.85,0.0,85.0,40.0,2.3943121,2.3943121,LOW
1414,Widening/Improvement to 4-Lane with paved shoulder from Km 99930 to Km 143680 Design Chainage 96000 to 139750 of Paikan to Dhupdhara Sahar of Bilasipura- Guwahati Road on NH-17 in the state of Assam on EPC mode under Bharatmala Pariyojana in Economic Corridors Project Length 43.750km under NHO-NE Package- 8,NHIDCL,618284,Assam,NHIDCL,1457.59,793.68,79.46,28.0,2.3840194,2.3840194,LOW
1415,Widening to 2 Lane with Paved Shoulders from design Km 103.200 Existing Km 103.200 to design Km 116.700 Existing Km 118.470 on AP/KNT Border to Sira Section of NH-544E in the State of Karnatakaon EPC mode under Annual plan 2022- 23,MoRTH,618147,Karnataka,MoRTH,166.58,35.33,40.0,25.0,2.3726318,2.3726318,LOW
1416,Construction of 6 lane Indore western bypass from km 34000 to Km 64000 Pkg-II in the state of Madhya Pradesh on Hybrid Annuity Mode under NHO,National Highways Authority of India [NHAI],618933,Madhya Pradesh,National Highways Authority of India [NHAI],1430.56,8.62,0.0,1.0,2.3706372,2.3706372,LOW
1417,Upgradation of Mehsana-Visnagar-vadnagar-Kheralu-Idar section from km 0/00 to 81/300 of NH 168G Mehsana to Idar in the State of GujaratTotal Length 81.300 Km on Hybrid Annuity Mode HAM,MoRTH,618107,Gujarat,MoRTH,1155.21,32.09,11.0,4.0,2.36274,2.36274,LOW
1418,4 L of China Orampadu-Renigunta section of NH-716 Package-II of Kadapa- Renigunta section,National Highways Authority of India [NHAI],619102,Andhra Pradesh,National Highways Authority of India [NHAI],1500.11,0.17,0.0,1.0,2.3536725,2.3536725,LOW
1419,C/o NITB Imphal Airport,706718,N04000100,Manipur,Airport Authority of India [AAI],499.0,201.99,50.69,45.0,2.3500865,2.3500865,LOW
1420,"1000 seater Boys hostel, 500 seater Girls hostel, 1.5 MLD Sewage Treatment Plant and Faculty Residence - 72 nos. Flats",NIT Rourkela,619033,Odisha,NIT Rourkela,198.97,42.55,42.0,27.0,2.3272314,2.3272314,LOW
1421,Gurdaspur Jammu Pipeline,Gas Authority of India Limited [GAIL],612853,"Multi-States
(Jammu and
Kashmir, Punjab)",Gas Authority of India Limited [GAIL],521.9,302.5,47.6,33.0,2.3255935,2.3255935,LOW
1422,Rehabilitation & Up-gradation of Mudkhed to Nanded section from Km. 372000 to Km 388400 of NH 161A i.e. Nanded-Bhokar-Himayatnagar-Kinwat-Mahur-Arani Road Design chainage from Km 372000 Mudkhed to Km 387650 Nanded of NH 161A Length 15.65 Km to 2/4Lane with paved shoulders configuration in the State of Maharashtra on EPC mode.,MoRTH,618089,Maharashtra,MoRTH,206.54,0.0,65.14,36.0,2.3234599,2.3234599,LOW
1423,Widening and Reconstruction to 4-lane/4-lane with service road including structures from Pokharia More at Km 47.600 Ex. Km 50.230 to Govindpur at km 62.949 Ex. Km 65.325 of Nh-419 in the State of Jharkhand on EPC mode.,MoRTH,618242,Jharkhand,MoRTH,300.46,76.93,46.22,27.0,2.3189018,2.3189018,LOW
1424,Duttalur at NH-565 Junction to Kavali Joining on NH-16 Chainage Km. 36/400 to Km. 107/224 excluding the stretch from Km 101.880 to 105.300 67.404 Km of NH-167BG from in the State of Andhra Pradesh on EPC mode,MoRTH,618192,Andhra Pradesh,MoRTH,423.67,0.0,94.65,45.0,2.3181486,2.3181486,LOW
1425,Upgradation of Sarvardewla to Pal MP/MH Border Road section of NH-347 C from Design Chainge km 81.600 to 137.400 Total length 55.80 km to two lane with paved shoulder configuration along with One time improvement of 1 .95 km in the State of Madhya Pradesh on EPC mode.,MoRTH,619007,Madhya Pradesh,MoRTH,461.23,0.0,0.0,3.0,2.31589,2.31589,LOW
1426,Construction of Bypass to Khordha town from Km 294/000 to 300/300 on NH-57 including LA in the State of Odisha on EPC mode.,MoRTH,617925,Odisha,MoRTH,157.49,33.61,82.0,35.0,2.3156178,2.3156178,LOW
1427,"Construction of LPG Facilities at Kamardanga, Assam",Hindustan Petroleum Corporation Limited,709754,Assam,Hindustan Petroleum Corporation Limited,156.36,102.07,75.5,37.0,2.3091846,2.3091846,LOW
1428,Construction of 4 Lane Access Controlled Bypass for Dehradun on NH307 from Design Chainage km 0050 Jhajra on NH-07 to Design Chainage km 12220 Asharori on EPC Mode in the State of Uttarakhand under NHO,NHAI,619293,Uttarakhand,NHAI,715.97,140.53,47.84,12.0,2.308897,2.308897,LOW
1429,Construction of 4 Lane ROB and its approaches at the level crossing LC No 29 B of Km 29 Ekangarsarai at NH 110 New NH 33 & Railway Km 32.63 at Fatwa FUT Islampur IPR section in the state of Bihar on EPC mode.,MoRTH,617969,Bihar,MoRTH,201.08,0.01,58.0,21.0,2.307708,2.307708,LOW
1430,Tadipatri Bypass Km 0000 to Km 6285 of 4-Lane on NH-67 in Anantapuramu district of AP state under NHO on EPC Mode under Annual Plan 2022-23,MoRTH,617949,Andhra Pradesh,MoRTH,159.66,59.26,100.0,25.0,2.2905192,2.2905192,LOW
1431,Work of development and construction of elevated corridorfrom km 38/660 to km 42/690 Iscon junction to start point of approach of sanand flyover of NH-147 in the sate of Gujarat,MoRTH,617976,Gujarat,MoRTH,530.2,58.29,80.0,22.0,2.2893755,2.2893755,LOW
1432,DHUPTALA OC [SASTI UG TO OC ],Western Coalfields Limited [WCL],400353,Maharashtra,Western Coalfields Limited [WCL],711.01,174.62,19.02,54.0,2.2675562,2.2675562,LOW
1433,Improvement to two lane with paved shoulders of BH WB Border Amdabad Manihari section from design Km 0.000 to Km 23.945 of NH 131 A Total length 23.945 Km under EPC mode in the state of Bihar,MoRTH,618080,Bihar,MoRTH,353.27,0.0,3.1,19.0,2.2652388,2.2652388,LOW
1434,4-Laning of Silchar - Dhanehari section from Existing Chainage km 263800 of NH 37 to km 12920 of NH 306 Design Chainage km 0000 to km 20000 on Silchar - Vairengte - Sairang road in the State of Assam under Bharatmala Pariyojna on EPC mode Package-1,NHIDCL,618315,Assam,NHIDCL,1256.9,550.91,55.46,27.0,2.2622788,2.2622788,LOW
1435,4 laning of Barasat - Barajaguli Section of NH-12 from Km. 31.000 to Km. 48.679 in the district of North 24 - Parganas,National Highways Authority of India [NHAI],618823,West Bengal,National Highways Authority of India [NHAI],352.01,84.95,35.78,20.0,2.257299,2.257299,LOW
1436,KONAR EXPANSION OCP,Ministry of Coal,400073,Jharkhand,Ministry of Coal,799.34,433.64,53.47,51.0,2.2554495,2.2554495,LOW
1437,"Widening to 2 Lane with Hard shoulder of Akegwo-Avangkhu section of NH-202K for Package-I Design Chainage 0000 Km to 34795 Km, in the State of Nagaland on EPC mode under NH O-NE",NHIDCL,618364,Nagaland,NHIDCL,430.24,0.0,87.0,32.0,2.2536545,2.2536545,LOW
1438,Storm water drainag Development Project,ministry of housing and urban affairs,702355,"Dadra & Nagar
Haveli and Daman
& Diu",ministry of housing and urban affairs,210.0,0.0,20.0,52.0,2.2533855,2.2533855,LOW
1439,Rehabilitation & Upgradation of existing intermediate lane to two Lane with paved shoulder from km. 0.600 Gulganj bypass on NH-34 to km. 43.00 Barna River length 42.400 km. on Gulganj-Amanganj-Pawai-Katni NH43 Extn. in the state of Madhya Pradesh on EPCmode.,MoRTH,618035,Madhya Pradesh,MoRTH,275.4,0.0,53.0,17.0,2.250816,2.250816,LOW
1440,Setting up of 50 MW [plus/minus 5 percent] Wind Power Plant for Captive Consumption at MR,MinistryofPetroleumNaturalGas,619313,Maharashtra,MinistryofPetroleumNaturalGas,483.14,287.79,57.9,35.0,2.2471159,2.2471159,LOW
1441,Widening to two/four lane with paved shoulders from Km.34.250 to Km.71.830 of NH- 365A on Kodad-Khammam-Kurvi road.,MoRTH,618140,Telangana,MoRTH,445.76,18.32,10.8,14.0,2.2441163,2.2441163,LOW
1442,Up-gradation to 2 lane with paved shoutders of Pawlrang - Rulchawm section- of NH- 102B of Aizawl - Imphal Economic Corridor from Existing Chainage km 72.030 to km 104.129 including 2.459 km re-alignment section from Tuivai River to Rulchawm connecting km 48.150 of NH-6 [Design Chainage km 68.170 to km 98.579] in the State of Mizoram under Bharatmala Pariyojna on EPC mode under NHO-NE Package-3 Keifang- Tuivai Pkg-3,NHIDCL,619010,Mizoram,NHIDCL,500.88,305.45,75.35,29.0,2.2395115,2.2395115,LOW
1443,2L PS of Roshni to Ashapur Section of NH-347B from Design KM Ch. 89.900 to 114.000 KM Package III of Betul Khandwa,National Highways Authority of India [NHAI],618655,Madhya Pradesh,National Highways Authority of India [NHAI],200.99,109.85,85.42,20.0,2.238455,2.238455,LOW
1444,Establishment of new GMC Mandla,"Medical Education, Ministry of Health and Family Welfare",707059,Madhya Pradesh,"Medical Education, Ministry of Health and Family Welfare",325.0,82.41,43.0,30.0,2.2265327,2.2265327,LOW
1445,Widening to 2-lane with Hard shoulder of Churachandpur to Tuivai Section from Km 48.587 to Km 69.875 in the State of Manipur on EPC mode under NHO Package-2B,NHIDCL,618345,Manipur,NHIDCL,365.53,187.39,85.09,68.0,2.216047,2.216047,LOW
1446,EPR ASHOK OC,Ministry of Coal,400155,Jharkhand,Ministry of Coal,2898.28,185.19,28.85,59.0,2.2148008,2.2148008,LOW
1447,Setting up Polypropylene Unit at Kochi Refinery,MinistryofPetroleumNaturalGas,709799,Kerala,MinistryofPetroleumNaturalGas,4460.0,818.9,32.2,28.0,2.2103782,2.2103782,LOW
1448,AMERA OC RCE [1.0 MTY],South Eastern Coalfields Limited [SECL],613798,Chhattisgarh,South Eastern Coalfields Limited [SECL],335.97,90.88,42.47,134.0,2.2014554,2.2014554,LOW
1449,Up-gradation to 2-lane with paved shoulders of Ngopa - Pawlrang section of NH 102B of Aizawl - Imphal Economic Corridor from Existing Chainage km 32.796 to km 72.030 [Design Chainage km 31.280 to km 68.170] in the State of Mizoram under Bharatmala Pariyojna on EPC mode under NHO-NE Package-2 Keifang- Tuivai Pkg-2,NHIDCL,618341,Mizoram,NHIDCL,523.78,394.29,95.31,31.0,2.1815426,2.1815426,LOW
1450,"Balance work of 8 nos. of Elephant Underpasses EUPs, 1 no. of Vehicular Underpass VUP, 1 nos. of Light Vehicular Underpass LVUP, 1 nos. of Pedestrian Underpass PUP, 1 nos. of Foot Over Bridge FOB and A2 side approach of Jharpokharia Flyover at Km.215.270 in Baharagora-Singhara section of NH-49",National Highways Authority of India [NHAI],618592,Odisha,National Highways Authority of India [NHAI],320.64,33.71,18.0,17.0,2.181004,2.181004,LOW
1451,Construction of Six lane Elevated Corridor from Km. 508.000 to Km. 513.150 including approaches on NH-66,MoRTH,617942,Goa,MoRTH,641.46,0.0,90.59,24.0,2.1755776,2.1755776,LOW
1452,Redevelopment of Chennai Egmore Station,Ministry of Railways,613002,Tamil Nadu,Ministry of Railways,842.0,340.0,0.0,42.0,2.1734886,2.1734886,LOW
1453,AMGAON OC RCE [1.0 MTY],South Eastern Coalfields Limited [SECL],613799,Chhattisgarh,South Eastern Coalfields Limited [SECL],316.11,191.5,78.86,129.0,2.1707902,2.1707902,LOW
1454,City Gas Distribution Project at Pathankot District,MinistryofPetroleumNaturalGas,709770,Punjab,MinistryofPetroleumNaturalGas,151.0,8.89,2.0,49.0,2.1594493,2.1594493,LOW
1455,Vadodara Mumbai Expressway Jujuwa - Gandeva from Km. 154.600 to Km. 190.000 Phase-I Package-VIII,National Highways Authority of India [NHAI],618466,Gujarat,National Highways Authority of India [NHAI],3834.24,197.13,4.85,20.0,2.1547225,2.1547225,LOW
1456,Rehabilitation and up-gradation to 2 lane with paved shoulder from existing chainage km 134950 to km 166100 Design chainage km 116980 to km 146700 under 31 TF on Akhnoor-Poonch road NH-144A in the UT of Jammu & Kashmir under Project Sampark BRO on EPC mode Package-VI Job no NH-144A-J&K-2021-22-106,MoRTH,618225,"Jammu and
Kashmir",MoRTH,395.25,144.04,89.05,45.0,2.1411457,2.1411457,LOW
1457,"Construction of Basement + Ground Floor+ 10 Storeyed building for State of the Art Director General, GSI Building at plot No.GN-40, Sector-V, Salt Lake, Kolkata",Central Public Works Department [CPWD],617280,West Bengal,Central Public Works Department [CPWD],255.37,98.92,64.0,74.0,2.1235917,2.1235917,LOW
1458,Dahod Creation of Infrastructure facilities for 9000 HP Electric locomotives Manufacturing at,PCE/WR,611977,Gujarat,PCE/WR,487.0,222.88,53.0,38.0,2.1196527,2.1196527,LOW
1459,"Widening/Improvement to 2 Lane with earthen shoulder of Jessami to Laynen bridge Nagaland border section of NH-29 of Imphal -Ukhrul - Jessami Economic Corridor from km 0.000 to km 11.009 in the State of Manipur on EPC mode under Bharatmala Pariyojana, under NHO-NE Package-7",NHIDCL,618304,Manipur,NHIDCL,164.89,125.76,23.56,16.0,2.112234,2.112234,LOW
1460,"Upgradation of Ambikapur-Ramanujganj-Garwa road of NH-343, Package-III, Badki mahri village to Ramanujganj section from existing km 80.600 to km 110.330 Design Ch. 85.370 to Ch. 114.800 of total length 29.430 km to two lane with paved shoulders udner corridor scheme under EPC Mode in the of Chhattisgarh",MoRTH,618014,Chhattisgarh,MoRTH,199.05,28.95,31.0,11.0,2.1065767,2.1065767,LOW
1461,Construction of Six lane elevated flyover including reconstruction/rehabilitation of existing pavement from Km 406100 to Km 411150 Length 5.05 Km at Gobindpur area in the Barwa Adda Panagarh section of NH-19 from Km.398.240 to Km.521.120 including Panagarh Bypass in the State of Jharkhand on EPC Mode.,National Highways Authority of India [NHAI],618535,Jharkhand,National Highways Authority of India [NHAI],687.77,33.97,11.8,7.0,2.1050706,2.1050706,LOW
1462,Vadodara Mumbai Expressway Karvad - Jujuwa from Km. 128.000 to Km. 154.600 Phase-I Package-IX,National Highways Authority of India [NHAI],618467,Gujarat,National Highways Authority of India [NHAI],2594.17,212.76,21.75,24.0,2.0921762,2.0921762,LOW
1463,4L of Kadapa China Orampadu section of NH-716 Package I of Kadapa-Renigunta section,National Highways Authority of India [NHAI],618633,Andhra Pradesh,National Highways Authority of India [NHAI],1732.66,0.03,0.0,1.0,2.0822346,2.0822346,LOW
1464,Widening to 2 lane with paved shoulders from 0.00 to 32.970 ofAdilabadto Bela section of NH 353B in the State of Telangana,MoRTH,618130,Telangana,MoRTH,490.92,0.0,75.38,23.0,2.0819957,2.0819957,LOW
1465,"Re-Construction of Rigid portions of Secondary Runway, K and A Taxiway and Strengthening of C Taxiway at NSCBI Airport Kolkata.",612791,N04000109,West Bengal,Airport Authority of India [AAI],328.3,139.77,64.5,28.0,2.0709493,2.0709493,LOW
1466,Development of External Trunk Connectivity and Internal Infrastructure Works at Multi Model Logistics ParkMMLP at Jogighopa in the State of Assam on EPC Mode Package-I Road and Utility Works,NHIDCL,618455,Assam,NHIDCL,693.97,296.96,100.0,67.0,2.064746,2.064746,LOW
1467,Construction of proposed 4Lane Revelgunj bypass NH-19 in the State of Bihar on EPC mode connecting NH 19 to 85 origin,MoRTH,617897,Bihar,MoRTH,295.24,33.07,81.7,33.0,2.0499315,2.0499315,LOW
1468,Upgradation & widening of Jharkheda- Berasia - Dholkhedi from design km 0000 to km 87900 Design length 87.90km of NH-346 including 3 nos. bypasses of 13.10 Km in the State of Madhya Pradesh under EPC mode.,MoRTH,618019,Madhya Pradesh,MoRTH,365.21,0.0,88.0,35.0,2.0457788,2.0457788,LOW
1469,KANCHAN OC EXP,South Eastern Coalfields Limited [SECL],613802,Madhya Pradesh,South Eastern Coalfields Limited [SECL],371.04,148.87,58.2,136.0,2.0346723,2.0346723,LOW
1470,Installation of New Bar Mill at Durgapur Steel Plant,Steel Authority of India Limited [SAIL],617242,West Bengal,Steel Authority of India Limited [SAIL],2115.44,564.14,57.55,20.0,2.0260038,2.0260038,LOW
1471,"City Gas Distribution Projects at Gopalganj, Siwan, West Champaran, East Champaran and Deoria districts",Bharat Petroleum Corporation Limited [BPCL],709793,Bihar,Bharat Petroleum Corporation Limited [BPCL],3919.0,510.08,30.1,40.0,2.0225103,2.0225103,LOW
1472,Widening & Upgradation to 2-lanes with paved shoulders road from Tamenglong to Mahur NH-137 in the State of Assam starting from km 116.480 near Hangrum to km 136.500 near Hejaichak Package-8 on EPC mode under NHO-NE Package 8,NHIDCL,618353,Assam,NHIDCL,904.04,520.05,85.2,32.0,2.0141444,2.0141444,LOW
1473,"Rehabilitation and upgradation of NH-167AD from Macherla to Dachepalli via Paluvai Junction, Rentachinthala, Gurazala from Km.0.000 to 43.659 to two lane with paved shoulders in the state of Andhra Pradesh job-729",MoRTH,618191,Andhra Pradesh,MoRTH,403.22,227.13,99.06,39.0,2.0134835,2.0134835,LOW
1474,Laying of Natural Gas Pipeline from Hazaribagh to Ranchi [HRPL],MinistryofPetroleumNaturalGas,709785,Jharkhand,MinistryofPetroleumNaturalGas,202.07,63.8,56.5,38.0,2.0076544,2.0076544,LOW
1475,Upgradation of two lane paved shoulder from Shahpura existing km. 0.00 Design Ch. 000 to Thanagazi existing Km.37352 Design Ch. 36810 of NH-248A on EPC mode in the State of Rajasthan.,MoRTH,618118,Rajasthan,MoRTH,174.34,63.55,100.0,38.0,1.9996667,1.9996667,LOW
1476,LUNI- SAMDARI- BHILDI DOUBLING,North Western Railway [NWR],616842,"Multi-States
(Gujarat,
Rajasthan)",North Western Railway [NWR],3085.59,778.73,30.0,26.0,1.9927489,1.9927489,LOW
1477,Construction of 4-Lane Badarpur Bypass from Design Chainage km 27300 at crossing with NH-6 Old NH-44 Near Siddeswar Pt.-I Village to Design Chainage km 38600 on NH-37 Old NH-44 at Kandigram Chaita Village on Silchar - Churaibari stretch in the State of Assam on EPC Mode under Bharatmala Pariyojana in Economic Corridors Silchar- Churaibari Pkg-3,NHIDCL,619057,Assam,NHIDCL,574.26,316.32,71.09,26.0,1.9860274,1.9860274,LOW
1478,6L Access Controlled Greenfield Highway from Narayanmpet Ch. 203500 to Chandrasekharpuram Ch. 228000Package-10,National Highways Authority of India [NHAI],619123,Andhra Pradesh,National Highways Authority of India [NHAI],813.66,196.59,61.5,26.0,1.9807564,1.9807564,LOW
1479,Upgradation of Shahdol- Sagartola Section of NH 543 from km 0000 to km 69400 to 2 lane with paved shoulders under Hybrid Annuity Mode HAM in the State of Madhya Pradesh,MoRTH,618044,Madhya Pradesh,MoRTH,851.4,0.0,0.0,1.0,1.9794283,1.9794283,LOW
1480,Construction of Four lane Elevated Structure at Raniwada Circle in Sanchore City on NH-68,National Highways Authority of India [NHAI],618853,Rajasthan,National Highways Authority of India [NHAI],353.3,174.42,80.94,21.0,1.9755404,1.9755404,LOW
1481,Widening to existing 2 lane with paved Shoulder to 4 Lane with paved shoulder from design Km 153.00 to 168.27 Mala Gate to Karkala of NH -169 on Shimoga - Mangalore section in the state of Karnataka on EPC mode under Annula Plan 2021-22 Job No. NH-169-KNT-2021-22-949,MoRTH,617998,Karnataka,MoRTH,177.94,108.93,75.0,38.0,1.9729925,1.9729925,LOW
1482,Construction of Daspalla Bypass from km 195.250 To 200.635 of NH-57 including land acquisition in the state of Odisha on EPC mode under Annual Plan 2022-23.,MoRTH,617923,Odisha,MoRTH,155.97,36.6,20.0,11.0,1.9712865,1.9712865,LOW
1483,City Gas Distribution Projects at the Nilgiris and Erode districts,Bharat Petroleum Corporation Limited [BPCL],709796,Tamil Nadu,Bharat Petroleum Corporation Limited [BPCL],3685.0,288.66,25.4,40.0,1.9697875,1.9697875,LOW
1484,Balance work of Widening to 2 Two lane with hard shoulder of Churachandpur to Tuivai section of NH-102B from Design Chainage km 118850 to km 130000 Package- 4A in the State of Manipur on EPC Mode,NHIDCL,618349,Manipur,NHIDCL,204.12,0.0,21.39,8.0,1.9448303,1.9448303,LOW
1485,Construction of Two lane with paved shoulder configuration of Shujalpur Bypass section of NH-752C from km 33100 Design to km. 42570 Design total design length 10.470 km in the State of Madhya Pradesh on EPC mode.,MoRTH,618170,Madhya Pradesh,MoRTH,214.07,0.0,40.3,25.0,1.9440862,1.9440862,LOW
1486,Strengthening and Widening of road Sakoli- Wadsa-Armori-Gadchiroli-Ashti- Allapalli - Sironcha National highway NH 353C in Km 262/00 to 321/00 including 16 minor Bridges and 2 Major Bridge Total length 59 Km section from repanpalli to sironcha in Gadchiroli Dist in the State of Maharashtra.,MoRTH,618133,Maharashtra,MoRTH,280.57,0.0,61.61,46.0,1.9395994,1.9395994,LOW
1487,"Construction of NTB complex including apron, taxi track and other associated civil works and electrical & mechanical installations towards Tawi River side at CA Jammu.",611047,N04000107,"Jammu and
Kashmir",Airport Authority of India [AAI],861.37,319.5,51.35,28.0,1.934074,1.934074,LOW
1488,Construction of Shohratgarh Bypass on NH-730 under EPC mode in the State of Uttar Pradesh,MoRTH,618057,Uttar Pradesh,MoRTH,189.31,0.0,49.22,29.0,1.9308335,1.9308335,LOW
1489,Upgradation to Two Lane with Paved Shoulders from Km 0.000 to Km 41.920 Green Field Alignment of Gowrelly to Valigonda Section of NH-930P in the State of Telangana on EPC Mode under Annual Plan 2022-23,MoRTH,619009,Telangana,MoRTH,690.33,0.0,0.0,-1.0,1.9219445,1.9219445,LOW
1490,6L Access Controlled Greenfield Highway from Chandrasekharapuram Ch. 228000 to Polavaram Ch. 260000of [NH-544G] Package-11,National Highways Authority of India [NHAI],618721,Andhra Pradesh,National Highways Authority of India [NHAI],1292.65,319.82,58.42,26.0,1.9155874,1.9155874,LOW
1491,"CUF POL Depot at Sadashibpur [Meramundali], Odisha",MinistryofPetroleumNaturalGas,709800,Odisha,MinistryofPetroleumNaturalGas,393.54,218.63,80.9,60.0,1.9055301,1.9055301,LOW
1492,"Rehabilitation & Upgradation of KurwaiMungaoliChanderi Road section of NH-346, from Design Chainge 0.000 to 81.300 Km Total length 83.1 km to Two lane with paved shoulder configuration along with One time improvement in 07 nos of bypassed built- up areas in a total length of 22.615 km in the state of Madhya Pradesh on EPC mode.",MoRTH,618020,Madhya Pradesh,MoRTH,386.49,164.43,64.71,38.0,1.8889484,1.8889484,LOW
1493,Mahan Transmission Limited,Adani Transmission Limited,619024,Madhya Pradesh,Adani Transmission Limited,3125.32,286.79,17.0,13.0,1.8856758,1.8856758,LOW
1494,Widening/lmprovement to 4-Lane with Paved shoulder for existing as well as Greenfield alignment of Badarpur Churaibari section of NH-8 from Design chainage 87.700 Chandkhira to Km. 106.500 Churaibari section Assam-Tripura border in the state of Assam on HAM Mode Package-6,NHIDCL,618311,Assam,NHIDCL,870.0,0.0,31.83,13.0,1.8752581,1.8752581,LOW
1495,4 Lane with PS from Des. Ch 89.900 to Des. Ch. 136.100 of Belgaum-Hungund- Raichur Section of NH-748A Package-3,National Highways Authority of India [NHAI],618650,Karnataka,National Highways Authority of India [NHAI],1363.9,115.76,19.25,12.0,1.8734567,1.8734567,LOW
1496,TETARIAKHAR OC,Ministry of Coal,615843,Jharkhand,Ministry of Coal,243.52,50.82,31.27,77.0,1.8330725,1.8330725,LOW
1497,North Dhadu Western Part OCP,NLC India Limited [NLCIL],617764,Jharkhand,NLC India Limited [NLCIL],1354.2,141.98,40.0,28.0,1.8302116,1.8302116,LOW
1498,SADULPUR - CHURU DOUBLING PROJECT,North Western Railway [NWR],617403,Rajasthan,North Western Railway [NWR],468.64,188.7,90.0,27.0,1.8167449,1.8167449,LOW
1499,"Setting up of LPG Plant with Rail Unloading Facility at Hathua, Dist. Gopalganj, Bihar",MinistryofPetroleumNaturalGas,617304,Bihar,MinistryofPetroleumNaturalGas,340.15,167.24,51.0,30.0,1.8005301,1.8005301,LOW
1500,Construction of New Passenger Terminal Building for Domestic Operations at Jodhpur Airport.,701127,N04000101,Rajasthan,Airport Authority of India [AAI],480.0,339.96,97.35,35.0,1.7888412,1.7888412,LOW
1501,Rehabilitation /Upgradation from Lagam to Alapalli section Desing Km. 199/400 to km 227/400 Length 28.0 Km to 2 lane with Paved Shoulders/ 4 lane configuration section of NH-353 C Sakoli-Wadsa-Armori-Gadchiroli-Ashti-Alapalli Sironcha in Gadchiroli District on EPC mode in the state of Maharashtra.,MoRTH,618134,Maharashtra,MoRTH,459.39,0.0,69.15,19.0,1.7865757,1.7865757,LOW
1502,Development of New Civil Enclave at Bagdogra Airport,611495,N04000115,West Bengal,Airport Authority of India [AAI],1549.0,441.41,34.6,19.0,1.7855026,1.7855026,LOW
1503,4-laning of Puttaparthi-Koduru Section of NH-342,MoRTH,618013,Andhra Pradesh,MoRTH,1318.59,341.52,79.5,29.0,1.7784595,1.7784595,LOW
1504,700 MW Tato-II HE Project,North Eastern Electric Power Corporation Limited,611716,Arunachal Pradesh,North Eastern Electric Power Corporation Limited,8146.21,243.25,6.41,7.0,1.7659802,1.7659802,LOW
1505,Widening and Strengthening up gradation to 2 lane with paved shoulder from existing chainage Km 192.98 to Km 229.820 design chainage Km 162.800 to Km 198.18 under 31 BRTF on Akhnoor-Poonch Road NH-144A in the UT of Jammu and Kashmir under Project Sampark Border Roads Organisation BRO on EPC Mode Package-VIII Job No NH-144A-J&K-2022-2023-111,MoRTH,618222,"Jammu and
Kashmir",MoRTH,562.45,137.07,70.03,27.0,1.7654929,1.7654929,LOW
1506,Revamping / Augmentation of Facilities at Mathura Bitumen Plant,MinistryofPetroleumNaturalGas,709781,Uttar Pradesh,MinistryofPetroleumNaturalGas,260.12,20.15,52.3,48.0,1.7600324,1.7600324,LOW
1507,Widening & Up-gradation to 2 lane with paved shoulder of NH-301 Kargil- Zanskar Road from Design Km .30.040 Ex. Km. 30.000 to Design Km 57.000 Ex. Km. 57.905 of 26.960 Km length Pkg-II,NHIDCL,618410,Ladakh,NHIDCL,404.89,321.28,75.38,57.0,1.7459956,1.7459956,LOW
1508,4L Vidisha Gyaraspur section of NH-146 from Design Chainage km 59475 existing chainage km 81240 to Design Chainage km 88361 existing chainage km 110.315,National Highways Authority of India [NHAI],618662,Madhya Pradesh,National Highways Authority of India [NHAI],980.2,0.81,1.7,1.0,1.7447299,1.7447299,LOW
1509,"Construction or 4 lane Raniganj Bypass of length 5.261 km on NH-60 new NH-14 from km 273.00 of NH to km 478.18 of NH-2 New NH 16 in paschim Bardhaman, West Bengal in EPC Mode- reg. Job No. 014-WB-2022-23/514",MoRTH,617894,West Bengal,MoRTH,410.83,157.03,65.11,25.0,1.7350305,1.7350305,LOW
1510,Jamrani Dam Multipurpose Project,Irrigation-UK,613787,Uttarakhand,Irrigation-UK,2584.1,1267.4,25.08,29.0,1.734816,1.734816,LOW
1511,Construction of Kishtwar bypass with 2 lane with paved shoulder from Design Km. 80.675 Dulhasti to km 95.550 Bandarkoot of 14.88 km & a link road to Kishtwar town from 0000 to 1.871 of length1.871 Km on Khellani - Kishtwar - Chattroo section in UT of Jammu and Kashmir on EPC Mode Pkg-4,NHIDCL,618399,"Jammu and
Kashmir",NHIDCL,859.67,308.95,50.05,56.0,1.7288264,1.7288264,LOW
1512,"Construction of Dubrajpur Bypass with 4-lane configuration of length 5.676 km on NH- 60 new NH-14 from design chainage 0.00 existing km 316.135 on NH-60 to design chainage 5.676 existing km 320.980 on NH-60 in the district of Birbhum, West Bengal under Annual Plan 2022-23 in EPC Mode- reg. Job. No. 014-WB-2022- 23/518 .",MoRTH,619004,West Bengal,MoRTH,560.79,0.0,3.5,4.0,1.7240912,1.7240912,LOW
1513,"Construction of Girls Hostel 400 seater, Boys Hostel 600 seater, Academic Block, International Hostel 100 seater, VC Residence and Purchase of Equipment",Central University of Punjab,617221,Punjab,Central University of Punjab,210.99,74.96,45.0,12.0,1.7201205,1.7201205,LOW
1514,Rehabilitation / Upgradation to 4 Lane with Paved shoulder of Existing Section in Sillod Town with Design Ch. Km54500 to Km 60679 [Length6.179 km] section of NH 753F Aurangabad-Jalgaon road on EPC Mode in the State of Maharashtra,MoRTH,618181,Maharashtra,MoRTH,153.79,0.0,98.0,27.0,1.7200464,1.7200464,LOW
1515,Improvement to Two lane with Paved Shoulder from Junction of NH22 near Hajipur to Junction of NH -122 at Bachhwara via Mahnar and Mohiuddin Nagar from Km 0.00 to Km 29.730 of NH 122 B in the State of Bihar.,MoRTH,618073,Bihar,MoRTH,226.16,0.0,44.0,20.0,1.7068958,1.7068958,LOW
1516,Widening/lmprovement to 4-L of Karimgani - sutarkandi section of NH 37 from design Ch 0020 Start of proposed Karimganj Bypass from NH -8 to design Chainage Km 14380 near Sutarkandi Spur Connectivity to Indo/Bangladesh Border on Silchar- Churaibari in the State of Assam on HAM Mode Package-7,NHIDCL,618310,Assam,NHIDCL,791.79,0.06,40.4,14.0,1.7057834,1.7057834,LOW
1517,4-L Bilasipara-Guwahati Package-10,NHIDCL,618282,Assam,NHIDCL,1264.9,469.24,56.91,28.0,1.6960075,1.6960075,LOW
1518,CHANDRAGUPT OCP,Ministry of Coal,400138,Jharkhand,Ministry of Coal,973.5,440.75,24.86,68.0,1.6871611,1.6871611,LOW
1519,Transmission System for Integration of Ananthapur 2 REZ Phase 1 for 4.5 GW. SPV Name Anantapuram 2 REZ Transmission Ltd,Sterlite Power,617806,"Multi-States
(Andhra Pradesh,
Karnataka)",Sterlite Power,4535.99,677.57,40.0,13.0,1.6839972,1.6839972,LOW
1520,ATF Pipeline from BPCLs Malkapur POL Installation to Hyderabad International airport,MinistryofPetroleumNaturalGas,617822,Telangana,MinistryofPetroleumNaturalGas,215.0,45.69,24.7,13.0,1.6781256,1.6781256,LOW
1521,Construction of Deoria Bypass from existing Km. 27.140 to existing Km. 46.780 Design Km. 49.109 on NH727A Design length 21.969 Km. to four lane with paved shoulder configuration under Hybrid Annuity Mode HAM in the State of Uttar Pradesh,MoRTH,618262,Uttar Pradesh,MoRTH,1734.7,0.0,10.0,8.0,1.6746541,1.6746541,LOW
1522,Road Safety Improvement of Critical Junctions on MuzaffarnagarHaridwar Section of NH-334 from Km 143000 to Km 196000,National Highways Authority of India [NHAI],618886,"Multi-States (Uttar
Pradesh,
Uttarakhand)",National Highways Authority of India [NHAI],238.66,11.65,11.12,6.0,1.6716331,1.6716331,LOW
1523,KARO EXPANSION OCP,Ministry of Coal,400074,Jharkhand,Ministry of Coal,908.47,289.45,23.57,51.0,1.6559932,1.6559932,LOW
1524,Establishment of Permanent Campus of NIT SIkkim at Khamdong-Gangtok District,NIT Sikkim,612883,Sikkim,NIT Sikkim,685.76,283.56,34.5,25.0,1.6550591,1.6550591,LOW
1525,AJMER- CHANDERIYA DOUBLING,North Western Railway [NWR],616843,Rajasthan,North Western Railway [NWR],1634.79,377.37,12.0,26.0,1.6538767,1.6538767,LOW
1526,Construction of two lane with paved shoulders bypass to Mungrabadshapur town starting from near Kodahu at Km 47/225 of NH-319D and ending near Nauwadandi at Km 219/720 of NH-31 under NHO in the state of Uttar Pradesh on EPC mode,National Highways Authority of India [NHAI],618843,Uttar Pradesh,National Highways Authority of India [NHAI],197.6,36.16,12.39,7.0,1.650946,1.650946,LOW
1527,Widening & Upgradation to 2 lanes with paved shoulders road from Tamenglong to Mahur NH-137 in the State of Assam starting from km 156.489 near P. Leikul to km 176.410 near Borowapu on EPC mode under NHO-NE Assam portion Package-10,NHIDCL,618351,Assam,NHIDCL,890.33,569.61,81.9,32.0,1.649697,1.649697,LOW
1528,Dillai to Lahorijan Package-7,NHIDCL,618325,Assam,NHIDCL,204.1,0.0,0.0,39.0,1.6489668,1.6489668,LOW
1529,"Rehabilitation and Up-gradation from km. 0000 to km.40390 of NH-730S MaharajganjNichloulThuthibari to two lane with paved shoulders in the State of U.P. on Engineering, Procurement & Construction EPC Basis.",MoRTH,618163,Uttar Pradesh,MoRTH,809.25,0.0,58.0,22.0,1.6427215,1.6427215,LOW
1530,Construction of Underpass beneath airport runway on NH-31 old NH-56 for proposed expansion of runway of Babatpur Airport Varanasi,National Highways Authority of India [NHAI],618848,Uttar Pradesh,National Highways Authority of India [NHAI],649.44,0.09,6.6,7.0,1.6410966,1.6410966,LOW
1531,Rourkela-Bondamunda A-Cabin 5th line [9.6 km],CAO/C/SER,615915,Odisha,CAO/C/SER,244.99,95.42,31.0,28.0,1.6392758,1.6392758,LOW
1532,4L of NH-80 section of Mirza Chauki to Farakka section from existing km 190.00 to design km 200.75 junction at km 3.100 of NH 133 B and from existing km 260.00 to existing km 283.00 design km 274.133 in the state of Jharkhand package - II,National Highways Authority of India [NHAI],618948,"Multi-States
(Jharkhand, West
Bengal)",National Highways Authority of India [NHAI],782.18,22.95,4.3,2.0,1.6302738,1.6302738,LOW
1533,Transmission Scheme for integration of Davanagere/ Chitradurga and Bellary REZ in Karnataka [POWERGRID Chitradurga Bellary REZ Transmission Limited],Power Grid Corporation of India Limited [POWERGRID],617184,Karnataka,Power Grid Corporation of India Limited [POWERGRID],3453.0,414.36,13.41,13.0,1.6256224,1.6256224,LOW
1534,Four laning of Agra-Aligarh Section from Km. 0.000 Junction of NH-34 Aligarh Km 144.60 to Km. 28.000 near Asroi village in Hathras of NH-509 Package-I,National Highways Authority of India [NHAI],618768,Uttar Pradesh,National Highways Authority of India [NHAI],1309.08,0.0,0.0,1.0,1.6201109,1.6201109,LOW
1535,"City Gas Distribution Projects at Fazilka [except area already authorized], Ganganagar and Hanumangarh districts",Bharat Petroleum Corporation Limited [BPCL],709794,"Multi-States
(Punjab,
Rajasthan)",Bharat Petroleum Corporation Limited [BPCL],3207.0,414.52,30.8,40.0,1.6168201,1.6168201,LOW
1536,RPR OF BHANEGAON OC,Western Coalfields Limited [WCL],615918,Maharashtra,Western Coalfields Limited [WCL],405.2,35.03,15.95,43.0,1.6090715,1.6090715,LOW
1537,Development of New Integrated Civil Enclave at Agra Airport,701122,N04000113,Uttar Pradesh,Airport Authority of India [AAI],579.0,197.61,40.03,21.0,1.5992675,1.5992675,LOW
1538,Landslide treatment work on NH 58 from Kodiyala Km. 266.130 to Devprayag Km. 296.925 10 location under EPC mode in the State of Uttarakhand on EPC Mode,MoRTH,617888,Uttarakhand,MoRTH,192.54,0.0,99.0,26.0,1.5952166,1.5952166,LOW
1539,Parasnath-Madhuban-Giridih new line,East Central Railway [ECR] - I,705747,Jharkhand,East Central Railway [ECR] - I,902.86,0.0,0.1,85.0,1.5909811,1.5909811,LOW
1540,Upgradation to Two Lane Paved Shoulder in km 33/0 to 126/520 of NH-23 Old NH- 11B Kothun-Lalsot-Karoli-Dholpur road in the state of Rajasthan under EPC mode Length-93.52 Km.,MoRTH,617900,Rajasthan,MoRTH,150.11,12.2,97.0,43.0,1.5906012,1.5906012,LOW
1541,Transmission system for Evacuation of Additional 7 GW RE power from Khavda RE park under Phase-III Part B [Vataman Transmission Limited],Power Grid Corporation of India Limited [POWERGRID],612139,Gujarat,Power Grid Corporation of India Limited [POWERGRID],4231.0,2538.6,62.0,28.0,1.5900228,1.5900228,LOW
1542,4th LINE BETWEEN BAREJADI NANDEJ-SANAND-AHMEDABAD BYPASS,Western Railway WR - II,612072,Gujarat,Western Railway WR - II,961.67,507.6,21.0,38.0,1.5802883,1.5802883,LOW
1543,"Construction of Intermediate Lane with Hard Shoulder of Hunli to Hayuliang from Design Km 0.000 to Km 53.000 Design Length 53.000 km, Greenfield Section of Frontier Highway NH-913 in the State of Arunachal Pradesh on EPC Mode Package-I",NHIDCL,618402,Arunachal Pradesh,NHIDCL,1262.43,233.81,16.75,13.0,1.5779353,1.5779353,LOW
1544,Improvement to two lane with paved shoulders of NH-319A from km 0 to km 45 in state of Bihar under EPC mode,MoRTH,618121,Bihar,MoRTH,427.29,178.43,93.0,34.0,1.574653,1.574653,LOW
1545,4/6L of Northern Ayodhya Bypass starting Km. 112.540 and ending Km. 139.928 north of existing NH-27 part-1 and part-2 south of NH-27 from km 0.000 to km 5.000.,NHAI,618567,Uttar Pradesh,NHAI,2289.34,198.35,26.13,9.0,1.5736822,1.5736822,LOW
1546,AMALAGAMATED NTST KUJAMA OCP 8.5MTY,BCCL,611864,Jharkhand,Bharat Coking Coal Limited (BCCL),4011.85,414.93,29.7,39.0,1.5732147,1.5732147,LOW
1547,Balance work of Rehabilitation and Upgradation to four laning of Baharagora Singhara section of NH-49 from Km.229.727 to Km.238.990 Length 9.263 Km. including construction of five nos. of Elephant Underpasses EUP and fourteen nos. of Animal Underpasses AUP inside the buffer zone of Similipal Tiger Reserve Area in Bangriposi Ghat section in the State of Odisha on EPC Mode,National Highways Authority of India [NHAI],618593,Odisha,National Highways Authority of India [NHAI],263.32,8.76,8.8,11.0,1.5621452,1.5621452,LOW
1548,Widening to 2 -Lane with Paved shoulder of Imphal to Jiribam section of NH-37 from Design Chainage 66.110 km to 101.280 Km Existing Chainage km 67.496 to km 103.557 on EPC Mode in Manipur PKG-4,NHIDCL,618336,Manipur,NHIDCL,579.63,377.13,84.86,46.0,1.5592846,1.5592846,LOW
1549,"Widening and Strengthening to two Lane with Paved Shoulder/Four Lane with paved shoulder configuration from km. 61.500 of NH-727B near Nawalpur km 178.500 of Sonauli Balia Marg, Old SH-01 i.e. end point of Salempur Bypass to km. 106.495 of NH-727B near Sikanderpur under EPC mode",MoRTH,618264,Uttar Pradesh,MoRTH,2061.86,0.0,25.0,4.0,1.5519959,1.5519959,LOW
1550,GHONSA EXPANSION DEEP OC MINE,Western Coalfields Limited [WCL],615914,Maharashtra,Western Coalfields Limited [WCL],184.71,15.72,12.83,61.0,1.5519377,1.5519377,LOW
1551,"Construction of 100 bed ESI Hospital and Staff Quarters [32 Nos.] at Harohalli, Karnataka",Employee's State Insurance Company [ESIC],612748,Karnataka,Employee's State Insurance Company [ESIC],150.92,6.76,10.0,13.0,1.5416951,1.5416951,LOW
1552,KUSMUNDA OC EXPANSION PROJECT,SECL - CIL,617287,Chhattisgarh,SECL - CIL,4516.88,817.06,22.0,17.0,1.5368148,1.5368148,LOW
1553,Widening & Up-gradation to 2 lane with Paved shoulder of NH-301 Kargil- Zanskar Road from Design km 57.000 Ex. Km. 57.905 to Km 87.000 Ex. Km. 88.2491 of 30.000 Km length Pkg-lll,NHIDCL,618409,Ladakh,NHIDCL,381.01,221.62,82.74,57.0,1.5192137,1.5192137,LOW
1554,Lube Modernization & Bottom Upgradation Project at Mumbai Refinery,Ministry of Petroleum and Natural Gas,616933,Maharashtra,Ministry of Petroleum and Natural Gas,4679.0,270.1,10.7,16.0,1.5183471,1.5183471,LOW
1555,"Petrochemical evacuation marketing terminal at Barmer, Rajasthan",Hindustan Petroleum Corporation Limited [HPCL],709759,Rajasthan,Hindustan Petroleum Corporation Limited [HPCL],461.05,225.25,89.8,28.0,1.5175295,1.5175295,LOW
1556,Transmission System for Evacuation of power from Rajasthan REZ Ph-IV [Part-1] [Bikaner Complex] Part A [Bikaner Neemrana Transmission Ltd],Power Grid Corporation of India Limited [POWERGRID],612134,Rajasthan,Power Grid Corporation of India Limited [POWERGRID],4741.0,3650.57,72.22,28.0,1.5159626,1.5159626,LOW
1557,lmprovement to 4-Lane with Paved Shoulder from existing km 260000 Design Ch.4560 km to existing km Ch.233000 D. Ch.24560 of Silchar near Nutan Dayapur village - Budha Nagar Section Length-20.00 Km of NH-37 under Package Silchar- Jiribam Pkg-1 in the state of Assam on HAM Mode,NHIDCL,618331,Assam,NHIDCL,957.95,149.51,36.56,15.0,1.5024723,1.5024723,LOW
1558,SIARMAL OCP,Mahanadi Coalfields Limited [MCL],400166,Odisha,Mahanadi Coalfields Limited [MCL],5194.95,3490.38,59.5,62.0,1.4948673,1.4948673,LOW
1559,Construction of 2-laning with hard shoulder configuration of Chhumkhum to Tlabung from Design Chainage Km 37.420 to Km 74.950 of NH-302 in Mizoram under Bharatmala Pariyojana on EPC mode [Pkg-B],NHIDCL,618363,Mizoram,NHIDCL,740.58,430.45,61.34,57.0,1.4931115,1.4931115,LOW
1560,Widening to 2 lane with paved shoulder from Km. 103.225 Pattadakal to Km. 133.00 Shirur cross of NH-367 in the state of Karnataka on EPC Mode.Job No. NH-367-KNT- 2021-22-934,MoRTH,618030,Karnataka,MoRTH,264.14,3.58,0.0,41.0,1.4908227,1.4908227,LOW
1561,Widening and strengthening to 4 lane / 2-lane with paved shoulders of Mahabubnagar - Chincholi section from km 60/255 to Km 102/834 of NH-167N in the State of Telangana on EPC mode.,MoRTH,618105,Telangana,MoRTH,631.49,92.56,30.8,30.0,1.4888372,1.4888372,LOW
1562,"Widening to Four Lane rigid pavement configuration from Km 90.00 to Km 100.800 on NH-96 Km 42.0 to Km 53.300 as per new NH-330,design length of 11.300 km under EPC mode in the state of Uttar Pradesh.",MoRTH,617964,Uttar Pradesh,MoRTH,309.63,32.4,25.0,17.0,1.4865716,1.4865716,LOW
1563,System Strengthening at Koppal-II and GadagII for integration of RE generation projects [SPV Name POWERGRID Koppal Gadag Augmentation Transmission Limited],Power Grid Corporation of India Limited [POWERGRID],616672,Karnataka,Power Grid Corporation of India Limited [POWERGRID],1354.0,270.8,22.5,15.0,1.4819989,1.4819989,LOW
1564,4LPS Access Controlled Highway of Bellary Bypass Balance work from Ch. 254750 to Ch. 266837 and construction of 4LPS from Ch. 277.690 to Ch. 278.690 at D. Hirehal Village Balance work of NH 150A of Bellary Byrapura Section,National Highways Authority of India [NHAI],618697,Karnataka,National Highways Authority of India [NHAI],626.01,97.26,35.5,20.0,1.4774889,1.4774889,LOW
1565,SONEPUR BAZARI EXPANSION OCP [,Eastern Coal Fields Limited [ECL],400315,West Bengal,Eastern Coal Fields Limited [ECL],5365.88,623.88,18.47,57.0,1.4620292,1.4620292,LOW
1566,SIDULI [OC & UG],ECL - CIL,400182,West Bengal,ECL - CIL,535.18,5.74,14.61,95.0,1.4548721,1.4548721,LOW
1567,Construction of 4-Laning of West Serawlg-Sairang section of NH-6 from Existing Chainage km 142000 to km 158900 Design Chainage km 123400 to km 136260 on Silchar - Vairengte - Sairang road in the State of Mizoram under Bharatmala Pariyojna on EPC mode under NHO-NE Package-8,NHIDCL,618321,Mizoram,NHIDCL,875.79,0.0,13.95,5.0,1.4488491,1.4488491,LOW
1568,Rehabilitation and Up-gradation of existin of road from 2-lane to 2-lane with paved shoulders from km. 0.00 to km 53.590 total length-53.590 km of Raychoti to Vempalli section of NH-440 in the State of Andhra Pradesh on EPC mode.,MoRTH,618037,Andhra Pradesh,MoRTH,439.82,178.83,82.0,47.0,1.4481794,1.4481794,LOW
1569,"Construction of Balance Work of the 4-Laning of the Section from Jorhat to Jhanji of NH-37 Old from Km 477.000 to Km 490800 13.800 Km, under SARDP- NE under EPC Mode in the state of Assam Pkg-III Road Works",NHIDCL,618442,Assam,NHIDCL,358.72,0.07,99.05,26.0,1.4356107,1.4356107,LOW
1570,Improvement and strengthening of existing 2 lane stretch to 2-Lane with PS 1.5m on both sides on Ghoti-Sinnar section of NH-160A using Thin White Topping 200mm thick in the State Of Maharashtra on EPC Mode,National Highways Authority of India [NHAI],618586,Maharashtra,National Highways Authority of India [NHAI],254.78,99.89,76.0,10.0,1.4334106,1.4334106,LOW
1571,"Development of Lal Bahadur Shastri International airport, Varanasi including C/o New Terminal Building, Apron Extension, Runway Extension, PTT and allied works.",701113,N04000114,Uttar Pradesh,Airport Authority of India [AAI],2869.65,572.04,27.0,21.0,1.4304365,1.4304365,LOW
1572,EPR PUNDI OCP,Ministry of Coal,400154,Jharkhand,Ministry of Coal,713.35,236.58,10.19,65.0,1.4282525,1.4282525,LOW
1573,Rebuilding of Coke Oven Battery No.6 at Bokaro Steel Plant,Steel Authority of India Limited [SAIL],617257,Jharkhand,Steel Authority of India Limited [SAIL],627.31,330.82,61.84,28.0,1.4259403,1.4259403,LOW
1574,Rehabilitation and Upgradation of Satana to Mangrul Chandwad Section of NH752 G Design Ch Km 64.000 to Ch Km 101.140 two lane with paved shoulder/four lane configuration in the state of Maharashtra on EPC mode.,MoRTH,618175,Maharashtra,MoRTH,428.8,0.0,93.46,35.0,1.4249206,1.4249206,LOW
1575,"Metro connectivity from Millennium City Centre to Cyber City with Spur to Dwarka Expressway, Gurugram.",Gurugram Metro Rail Limited [GMRL],619022,Haryana,Gurugram Metro Rail Limited [GMRL],5452.72,92.12,0.0,20.0,1.4218167,1.4218167,LOW
1576,Pipeline Replacement Project- PRP-IX,Ministry of Petroleum & Natural Gas,619314,Offshore,Ministry of Petroleum & Natural Gas,6175.0,520.71,11.3,8.0,1.4199419,1.4199419,LOW
1577,4 Lane Inner Ring Road around Allahabad City Pkg-1 Prayagraj Southern Bypass 34.400 43.200,National Highways Authority of India [NHAI],618961,Uttar Pradesh,National Highways Authority of India [NHAI],775.94,15.11,4.44,4.0,1.4108672,1.4108672,LOW
1578,Construction of New Domestic Terminal Building at Rajahmundry Airport.,701121,N04000103,Andhra Pradesh,Airport Authority of India [AAI],347.15,170.79,90.0,32.0,1.3791039,1.3791039,LOW
1579,GANDHIGRAM UG MINE,Western Coalfields Limited [WCL],615206,Madhya Pradesh,Western Coalfields Limited [WCL],414.15,22.11,56.88,80.0,1.3774427,1.3774427,LOW
1580,Doubling between Pradhankunta-Patherih-Bhojudih of East Central Railway,East Central Railway [ECR] - I,617372,Jharkhand,East Central Railway [ECR] - I,349.22,125.71,71.5,41.0,1.3772107,1.3772107,LOW
1581,"Construction of of 2 -Lane with paved shoulders road from Tamenglong-Tousem- Lisang-Mahur Road NH-137 starting near Dialong Village from km 10.000 at Dialong to km 31.430 near Old Tamenglong , near Barak River on EPC Mode Package-2",NHIDCL,618355,Manipur,NHIDCL,483.87,361.96,95.28,55.0,1.3644432,1.3644432,LOW
1582,Doubling of Guntur Bibinagar 239 Km,South Central Railway [SCR] - II,617211,"Multi-States
(Andhra Pradesh,
Telangana)",South Central Railway [SCR] - II,2853.23,348.95,2.5,32.0,1.3512022,1.3512022,LOW
1583,"Construction & Upgradation to 2-lane with paved shoulder from Design Ch. Km 51700 at Premnagar km 66315 to Km 66535 New Thatri at Start of Km 83rd, Tunnel Km 82665 of 14.835 Km design length on Chenani-Sudhmahadev-Goha Khellani- Kishtwar-Vailoo Donipawa-Ashajipora section of NH-244 in the UT of J&K on EPC Mode under NHO-Gen Pkg - 2",NHIDCL,618395,"Jammu and
Kashmir",NHIDCL,512.43,155.69,53.49,56.0,1.3495228,1.3495228,LOW
1584,Widening and strengthening of Gangakhed to Kingaon section of NH-752K in Km 38/750 to 72/304 Flexible Pavement Length33.554 km to 2-lane configuration on EPC mode in the State of Maharashtra.,MoRTH,618178,Maharashtra,MoRTH,162.67,0.0,72.0,16.0,1.3474492,1.3474492,LOW
1585,DIPKA EXPANSION OCP [40 MTY],South Eastern Coalfields Limited [SECL],400354,Chhattisgarh,South Eastern Coalfields Limited [SECL],5241.4,2910.11,38.0,64.0,1.338038,1.338038,LOW
1586,4 Lane with PS from Des. Ch 0.000 to Des. Ch. 43.800 of Belgaum-Hungund-Raichur Section of NH-748A Package-1,National Highways Authority of India [NHAI],619108,Karnataka,National Highways Authority of India [NHAI],1452.43,206.99,32.57,10.0,1.3236231,1.3236231,LOW
1587,Transmission System for Evacuation of Power from Rajasthan REZ Ph-IV [Part-2 5.5 GW] [Jaisalmer/Barmer Complex] Part C [SPV Name POWERGRID Mandsaur Transmission Limited],Power Grid Corporation of India Limited [POWERGRID],615346,Madhya Pradesh,Power Grid Corporation of India Limited [POWERGRID],2708.0,1489.4,57.8,20.0,1.3177189,1.3177189,LOW
1588,Dornala to Kunta Junction from Design Chainage Km 244000 to 267990 section of NH-765 Package-2,MoRTH,618062,Andhra Pradesh,MoRTH,244.83,0.0,99.64,25.0,1.3147576,1.3147576,LOW
1589,Transmission system strengthening at Kurnool- III PS for integration of additional RE generation projects [POWERGRID Kurnool III PS RE Transmission Limited],Power Grid Corporation of India Limited [POWERGRID],617183,Andhra Pradesh,Power Grid Corporation of India Limited [POWERGRID],2886.0,721.48,26.19,13.0,1.2819711,1.2819711,LOW
1590,"Construction of Bypass at Kuknoor, Yelburga, Gajendragada of Bhanapur Gaddanakeri section of NH-367 in the State of Karnataka under NHO on EPC mode under Annual Plan 2022-23. NH-367-KNT-2022-23-973 dated 08.02.2023",MoRTH,618028,Karnataka,MoRTH,333.96,40.61,20.0,10.0,1.2815324,1.2815324,LOW
1591,4TH LINE - BHATAPARA-HATHBAND [8.8 KM] [PB-72/NR/2022-23],SECR,709815,Chhattisgarh,SECR,177.03,4.8,16.0,23.0,1.2760726,1.2760726,LOW
1592,Construction of Intermediate Lane Road with hard shoulder from design Km 0.000 to Km 17.387 Total length 17.387 km of Hunli to Ithun Bridge section on NH-913 Frontier Highway in State of Arunachal Pradesh on EPC mode under NHO-NE,NHIDCL,618403,Arunachal Pradesh,NHIDCL,275.5,0.0,49.23,15.0,1.2746423,1.2746423,LOW
1593,Construction of 7 Nos of Standalone safety structures/works at different locations on various NHs,National Highways Authority of India [NHAI],618627,Maharashtra,National Highways Authority of India [NHAI],168.52,10.11,26.37,9.0,1.2653012,1.2653012,LOW
1594,LPG Bottling Plant at Mualkhang,Ministry of Petroleum & Natural Gas,617829,Mizoram,Ministry of Petroleum & Natural Gas,225.71,22.78,32.0,21.0,1.2650933,1.2650933,LOW
1595,Lumding Furkating Doubling Project 140 km,Northeast Frontier Railway [NFR],616701,"Multi-States
(Assam,
Nagaland)",Northeast Frontier Railway [NFR],2123.7,121.34,10.0,15.0,1.2607907,1.2607907,LOW
1596,Construction of 2 lane Barpeta Bypass from Km 77900Baradi to Km 86150 Deurikuchi Length8.25Km on NH-427 in the state of Assam under EPC ModeJob No.427/AS/2022-23/245,MoRTH,618034,Assam,MoRTH,173.65,8.07,20.0,14.0,1.2576929,1.2576929,LOW
1597,Construction of Chintamani Bypass from Design Ch.0000 Existing Ch.428880 to Design Ch.15400 Existing Ch.444010 on NH-69 in the State of Karnataka in EPC Mode under NHO Annual Plan 2022-23. NH-69-KNT-2022-23-989 dated 24.03.2023,MoRTH,617951,Karnataka,MoRTH,314.55,0.0,0.0,3.0,1.2498147,1.2498147,LOW
1598,Laying of new 28 inch Desal Water Pipeline and 10 inch Reject Water Pipeline between CPCL Manali Refinery and CPCL Desalination plant at Ennore,Chennai Petroleum Corporation Limited [CPCL],709750,Tamil Nadu,Chennai Petroleum Corporation Limited [CPCL],205.0,92.93,70.6,27.0,1.2494335,1.2494335,LOW
1599,"Redevelopment of Residential colonies at Ayur Vigyan Nagar and West Ansari Nagar campuses of AIIMS, New Delhi",PMSSY AND Institute of NATIONAL Importance,617883,Delhi,PMSSY AND Institute of NATIONAL Importance,4441.0,24.68,61.0,46.0,1.2461355,1.2461355,LOW
1600,Doubling between Motumari Vishnupuram - 88.81 Km and Rail over Rail - RoR at Motumari - 10.877 Km,South Central Railway [SCR] - II,616857,"Multi-States
(Andhra Pradesh,
Telangana)",South Central Railway [SCR] - II,1595.55,212.11,2.04,13.0,1.2422153,1.2422153,LOW
1601,Widening to 2 Lane with Paved shoulder of lmphal to Jiribam section of NH-37 from Design Ch. from Km 101280 Near Khongsang Village to Km 131280 near Puilon Kambiron Village on EPC Mode in Manipur PKG-5,NHIDCL,618335,Manipur,NHIDCL,410.68,339.14,89.95,41.0,1.2339766,1.2339766,LOW
1602,GOKUL EXTENSION OC MINE,Western Coalfields Limited [WCL],615192,Maharashtra,Western Coalfields Limited [WCL],309.58,57.46,8.44,60.0,1.2336786,1.2336786,LOW
1603,"Rehabilitation/Upgradation of existing Highway to 2LPS/4 lane of Dhawali to Rajoli from Design Km.149476 to 163476 existing Km.150000 to 164000, Pandhasala to Mohadongri from design Km.170476 to 181476 existing Km.171000 to 182000, Ambeshivni Fata to Bodli from design Km.183476 to 185476 existing Km.184000 to 186000 and Made Tukum to Gadchiroli from design Km.188476 to 189476 existing Km.188000 to 18900 having length 28 km of NH-930 of Dhawali to Gadchroli road in the",MoRTH,618065,Maharashtra,MoRTH,316.44,0.0,31.97,25.0,1.2313567,1.2313567,LOW
1604,Transmission system for evacuation of power from REZ in Rajasthan 20GW under Phase-III Part J,Power Grid Corporation of India Limited [POWERGRID],611735,"Multi-States (Delhi,
Rajasthan)",Power Grid Corporation of India Limited [POWERGRID],331.0,197.71,56.75,40.0,1.2289332,1.2289332,LOW
1605,4TH LINE RAJNANDGAON-DONGARHGARH [31.2 KM] [PB-72/NR/2022-23],SECR,709818,Chhattisgarh,SECR,328.34,78.66,33.0,23.0,1.2261033,1.2261033,LOW
1606,Widening/Improvement to 4-Lane with Paved Shoulder from KM 113300 to Km 146230 Design Chainage 113830 to 145712 of Kwaram Taro Village - Dillai Section in Assam on EPC Package-6,NHIDCL,618327,Assam,NHIDCL,625.64,0.0,0.0,45.0,1.2216008,1.2216008,LOW
1607,4-Laning of chhimluang-Kolasib from section pkg-4 of NH-306 & NH-6 existing chainage km 59700 to km 86000 design chainage km 61000 to km 77500 on Silchar- vairengte-sairang road in the state of Mizoram under Bharatmala Pariyojna on EPC mode Vairengte - Sairang Pkg-4,NHIDCL,618317,Mizoram,NHIDCL,561.91,0.0,17.12,9.0,1.2215668,1.2215668,LOW
1608,Widening of Pachpadra-Bagundi Section to 4 Lane from Km 73/60 to 95/70 of NH-25 on EPC mode in the state of Rajasthan.,MoRTH,617901,Rajasthan,MoRTH,194.88,48.47,98.58,40.0,1.2192622,1.2192622,LOW
1609,Widening to 4 lane from Km. 133.00 to 158.04 design Chainage Km. 130.88 to 155.145 Shirur Cross to Gaddankeri of NH-367 in the State of Karnataka on EPC mode. Job No. NH-367-KNT-2021-22-930,MoRTH,618029,Karnataka,MoRTH,350.69,191.38,78.08,39.0,1.2174723,1.2174723,LOW
1610,Power Recovery Turbine [PRT] in PFCCU unit as an Energy Conservation Scheme,NRL,709865,Assam,NRL,293.5,81.84,99.0,36.0,1.21405,1.21405,LOW
1611,"Construction of Salempur bypass to 4LPS from km 64.000 of NH-727A Km 171.00 of Sonauli Balia Marg, old SH-01, near Mahadahan Chauraha to km 61.500 of NH-727B Km 178.500 of Sonauli Balia Marg, old SH-01, near near Ahirauli Village under Hybrid Annuity Mode HAM in the State of Uttar Pradesh",MoRTH,618260,Uttar Pradesh,MoRTH,1348.06,0.0,25.0,5.0,1.2129594,1.2129594,LOW
1612,MOHANPUR EXPANSION OC -PHASE I,Eastern Coal Fields Limited [ECL],400173,West Bengal,Eastern Coal Fields Limited [ECL],888.99,142.55,31.52,65.0,1.2121334,1.2121334,LOW
1613,JHARKHAND-LAIYO OCP,Ministry of Coal,400352,Jharkhand,Ministry of Coal,764.57,145.81,32.23,68.0,1.2055131,1.2055131,LOW
1614,"Improvement and up-gradation to 2LPS of NH-227B 84-Kosi Parikrama Marg PackageVI, Design Km 160200 Bahuvan Madar Majha to Km 224040 Jagarnathpur under HAM",MoRTH,618162,Uttar Pradesh,MoRTH,2008.7,0.0,5.0,3.0,1.2021587,1.2021587,LOW
1615,Widening/Improvement to 4-Lane with Paved Shoulder from km 55000 Nagabang Gamsuk to km 82514 Oyan in the State of Assam and Arunachal Pradesh on EPC mode under Bharatmala Pariyojna of Length 27.514 Km Package-3,NHIDCL,618359,"Multi-States
(Arunachal
Pradesh, Assam)",NHIDCL,665.47,295.3,96.7,19.0,1.189024,1.189024,LOW
1616,Borholla GGS Life Extension Project [BLEP],Ministry of Petroleum & Natural Gas,709850,Assam,Ministry of Petroleum & Natural Gas,198.7,96.22,55.7,31.0,1.1885228,1.1885228,LOW
1617,"Construction of Two lane with Paved Shoulder for Fatehpur Bypass Design Km 0.000 to Km 7.400 , Mandawa Bypass Design Km 20.925 to Km 27.300 & Jhunjhunu Bypass Design Km 41.625 to Km 54.689 of NH-11 on EPC Mode in the state of Rajasthan .",MoRTH,617891,Rajasthan,MoRTH,186.29,66.7,100.0,38.0,1.1793449,1.1793449,LOW
1618,HURA C OCP,ECL - CIL,400018,Jharkhand,ECL - CIL,859.41,455.25,63.22,44.0,1.1790353,1.1790353,LOW
1619,Construction of 2 lane with paved shoulders Baramulla Bypass Greenfield bypass from existing Ch. Km 47020 to Km 56720 and Design Ch. From 48500 to 62600 Total length 14.100 km on road Srinagar Baramulla Uri NH-01 in the UT of Jammu & Kashmir under Project.Package-III,MoRTH,618202,"Jammu and
Kashmir",MoRTH,992.43,34.01,39.84,19.0,1.175895,1.175895,LOW
1620,AMALGAMATED DHANKASA & JAMUNIA,Western Coalfields Limited [WCL],615185,Madhya Pradesh,Western Coalfields Limited [WCL],399.2,100.03,67.13,43.0,1.1745214,1.1745214,LOW
1621,"Widening to Two Lane with Paved Shoulders from KB Cross to Chunchanahalli ie., Design Ch. 485240 Km Existing Km 494.000 to Design Ch. 523393 Km Existing km 533.152 & From Design Ch. 530393 Existing Km 540.175 to Design Ch. 534476 Existing Km 544.200 at Nelligere of NH-150A on EPC mode under Annual Plan 2022-23 NH-150A-KNT-2022-23-977 dated 08.03.2023",MoRTH,618086,Karnataka,MoRTH,617.28,4.47,40.0,9.0,1.1742995,1.1742995,LOW
1622,"Construction of 6-lane flyover at Ainthapali junction and a 2-lane ROB LHS on NH-53 Earlier NH-6 in Sambalpur, on EPC mode in Odisha under NHO",National Highways Authority of India [NHAI],618591,Odisha,National Highways Authority of India [NHAI],374.17,97.05,50.0,22.0,1.1686217,1.1686217,LOW
1623,SHARDA UG MINE,Western Coalfields Limited [WCL],615195,Madhya Pradesh,Western Coalfields Limited [WCL],166.25,5.19,9.39,31.0,1.1634715,1.1634715,LOW
1624,"City Gas Distribution Project at Beed, Jalgaon and Jalna Districts",MinistryofPetroleumNaturalGas,709771,Maharashtra,MinistryofPetroleumNaturalGas,865.0,78.67,3.4,49.0,1.1627567,1.1627567,LOW
1625,TAPIN SOUTH EXPN,Ministry of Coal,615349,Jharkhand,Ministry of Coal,230.41,22.02,22.76,65.0,1.1616825,1.1616825,LOW
1626,Belgaum-Dharwad via Kittur [73.10Km],South Western Railway [SWR] - II,706835,Karnataka,South Western Railway [SWR] - II,1591.0,0.38,0.0,13.0,1.1564504,1.1564504,LOW
1627,Upgradation of 2L/4L with Paved Shoulder of Shirwal-Lonand Section from KM 159900 To KM 188025 of NH-965DD Section I and 2L With Paved Shoulder of Lonand-Satara Section from KM 51500 To KM 96246 Of NH-965D Section II in Satara District in the State of Maharashtra on EPC Mode under NHO-,National Highways Authority of India [NHAI],618754,Maharashtra,National Highways Authority of India [NHAI],538.11,96.11,33.37,10.0,1.1548163,1.1548163,LOW
1628,Upgradation of Nasrullagani-Rehti-Budhni Scction to 2-lane with paved shoulder from Km 0150 to Km 50500 of NH-146B in the state of Madhya Pradesh on EPC mode.,MoRTH,618085,Madhya Pradesh,MoRTH,305.12,0.0,78.0,36.0,1.1429168,1.1429168,LOW
1629,SASTI EXPANSION OPENCAST,Western Coalfields Limited [WCL],615186,Maharashtra,Western Coalfields Limited [WCL],319.04,111.17,32.21,68.0,1.1399173,1.1399173,LOW
1630,Kanpur LPG Bottling Plant,MinistryofPetroleumNaturalGas,619191,Uttar Pradesh,MinistryofPetroleumNaturalGas,202.0,125.69,54.0,7.0,1.1378212,1.1378212,LOW
1631,"Construction of 4 lane with paved shoulder Pattan bypass Greenfield bypass from existing Ch. Km 24320 to Km 33760 and Design Ch. from Km 24400 to Km 35300, total length 10.900 km on road SrinagarBaramulla Uri NH-01 in the UT of Jammu & Kashmir under Project BEACON, Border Roads Organization BRO on EPC mode. Package-II",MoRTH,618203,"Jammu and
Kashmir",MoRTH,980.21,0.27,50.01,20.0,1.1367297,1.1367297,LOW
1632,Construction of 2-laning with Hard shoulder of Ukhrul Tolloi - Tadubi section of NH- 102A from Design Chainage km 9450 to km 50850 in the State of Manipur on EPC mode under NHO-NE Package-2,NHIDCL,618387,Manipur,NHIDCL,578.98,249.29,79.5,25.0,1.1319878,1.1319878,LOW
1633,Visakh Raipur Pipeline Project,Ministry of Petroleum and Natural Gas,616254,"Multi-States
(Andhra Pradesh,
Chhattisgarh,
Odisha)",Ministry of Petroleum and Natural Gas,2212.0,498.11,34.0,19.0,1.1244391,1.1244391,LOW
1634,3rd & 4th line between Vadlapudi -Gate Jn. cabin and Tie line between Gate Junction to Gangavaram port,East Coast Railway [ECoR] - II,616697,Andhra Pradesh,East Coast Railway [ECoR] - II,154.28,58.16,75.0,25.0,1.1238232,1.1238232,LOW
1635,"Setting up of new rail fed POL facility at Kamardanga, Assam",Hindustan Petroleum Corporation Limited [HPCL],709755,Assam,Hindustan Petroleum Corporation Limited [HPCL],384.04,216.85,82.4,37.0,1.123258,1.123258,LOW
1636,N. EXTN. MUNGOLI NIRGUDA D OCP,Western Coalfields Limited [WCL],615919,Maharashtra,Western Coalfields Limited [WCL],1024.91,217.01,27.92,22.0,1.1184796,1.1184796,LOW
1637,"Rehabilitation, upgradation & widening of existing highway to 2L/4LPS Rigid Pavement of NH 160 section- Phaltan to Mhaisal near Karnataka Border including Tasgaon Bypass, from existing chainage Km 301/430 to Km 458/415 in the State of Maharashtra. Package-I starting from existing chainage Km 301/430 at Phaltan Village Junction of Phaltan Baramati Road Design Chainage -301/430km & ending at existing chainage Km 341/300 Dahiwadi Village Bus Stop Design chainage Km 340466km in the S",MoRTH,617979,Maharashtra,MoRTH,533.76,0.0,68.95,11.0,1.1149527,1.1149527,LOW
1638,Transmission System for Evacuation of Power from Rajasthan REZ Ph-IV [Part-2 5.5 GW] [Jaisalmer/Barmer Complex] Part E [SPV Name POWERGRID Mewar Transmission Limited],Power Grid Corporation of India Limited [POWERGRID],615334,"Multi-States
(Madhya Pradesh,
Rajasthan)",Power Grid Corporation of India Limited [POWERGRID],3251.0,1592.99,39.4,20.0,1.1121589,1.1121589,LOW
1639,Transmission System for Integration of Kurnool-IV REZ Phase-I [for 4.5 GW] [POWERGRID Kurnool-IV Transmission Limited],Power Grid Corporation of India Limited [POWERGRID],617185,"Multi-States
(Andhra Pradesh,
Karnataka)",Power Grid Corporation of India Limited [POWERGRID],5550.0,943.5,17.86,13.0,1.1096659,1.1096659,LOW
1640,Construction of New Domestic Terminal Building and Miscellaneous Works at Belagavi Airport.,612788,N04000105,Karnataka,Airport Authority of India [AAI],322.45,204.5,87.0,26.0,1.108622,1.108622,LOW
1641,Transmission System for Evacuation of Power from Potential Energy Renewable Zone in Khavda Area of Gujarat under Ph-IV [7GW] Part E2,Power Grid Corporation of India Limited [POWERGRID],612855,Gujarat,Power Grid Corporation of India Limited [POWERGRID],697.0,369.41,56.0,23.0,1.1065568,1.1065568,LOW
1642,"Development of Container Terminal at Tuna-Tekra, Deendayal Port on BOT Basis Under PPP Mode",Deendayal Port Trust,609424,Gujarat,Deendayal Port Trust,4243.64,2244.0,60.0,25.0,1.102728,1.102728,LOW
1643,Widening to 2 Lane with Paved shoulder of lmphal to Jiribam section of NH-37 from Design Ch. from km 131.280 to km 169.570 on EPC mode in Manipur under NHO- TSP PKG-6,NHIDCL,618334,Manipur,NHIDCL,504.76,308.06,95.0,38.0,1.1002171,1.1002171,LOW
1644,NAKRAKONDA KUMARDIH- B OCP,Eastern Coal Fields Limited [ECL],400181,West Bengal,Eastern Coal Fields Limited [ECL],502.68,83.8,27.52,92.0,1.100159,1.100159,LOW
1645,Construction of 2-Laning with hard shoulders of Demwe-Brahmakund section of NH- 13 from Ch.0.00 km to 18.464 km on EPC under SARDP-NE NHO-NE -Balance Work,NHIDCL,618445,Arunachal Pradesh,NHIDCL,353.9,0.0,17.91,10.0,1.097939,1.097939,LOW
1646,Doubling between Parbhani Parli Vaijanath stations 64.71 Km,South Central Railway [SCR] - II,617215,Maharashtra,South Central Railway [SCR] - II,769.93,197.06,0.19,28.0,1.0960166,1.0960166,LOW
1647,Construction of bypass to Nayagarh town from km 235.469 to 252.482 of NH-57 including land acquisition in the state of Odisha.,MoRTH,617924,Odisha,MoRTH,300.33,82.33,100.0,35.0,1.0932372,1.0932372,LOW
1648,"Construction of 2 lane with paved shoulder of Shillong Western Bypass starting from NH-06 near Ladumsaw existing km 60.900 of old NH-40 to NH-106 old NH-44E, Package-II km 12800 to km 24700 under SARDP-NE Phase A in the State of Meghalaya on EPC Mode",NHIDCL,618420,Meghalaya,NHIDCL,686.03,228.79,46.51,19.0,1.0928104,1.0928104,LOW
1649,Kopargaon to Savali Vihir section,MoRTH,617965,Maharashtra,MoRTH,195.38,0.0,80.0,39.0,1.0894719,1.0894719,LOW
1650,Up-gradation to 2 lane with paved shoulder from Neechli Oden Nathdwara at Design Km 88.800 existing km 55.95 to Bhatewar at Design Km 142.028 existing km 0.00 of NH-162E in the State of Rajasthan on EPC mode.,MoRTH,618092,Rajasthan,MoRTH,606.61,0.0,52.5,18.0,1.08891,1.08891,LOW
1651,Rehabilitation and Up-gradation to 2 lane with paved shoulder configuration of Mahud Sangola road NH 965 G 159400 to 161900and 162400 to 183960 Design Chainage from km. 32/300 to km. 34/800 and km. 35/800 to km. 56/860 Rigid Pavement on EPC mode in the State of Maharashtra.,MoRTH,618188,Maharashtra,MoRTH,253.78,0.0,99.75,29.0,1.086117,1.086117,LOW
1652,Jeypore-Navarangpur New Rail Line Project,East Coast Railway [ECoR] - II,705741,Odisha,East Coast Railway [ECoR] - II,748.0,15.91,1.97,36.0,1.0738728,1.0738728,LOW
1653,Rehabilitation & Up-gradation of Sabalkhed to Ashti Section from Km 37900 to Km 55100 & Chinchpur to Jamkhed Section from km 70000 to km 72922 of NH-561 to Two lane with Paved shoulder/ Four lane configuration in the State of Maharashtra on EPC Mode Length20.122km.,MoRTH,618046,Maharashtra,MoRTH,213.33,0.0,95.88,36.0,1.0717382,1.0717382,LOW
1654,"Construction for Mitigation Measures of 5 Nos. Landslides, 05 No. Sinking Zones and 01 No. Bridge from Ch. 450.00 to Ch. 468.00 18 Km. Length on NH-07 Package-III",NHIDCL,618391,Uttarakhand,NHIDCL,250.33,0.0,82.25,22.0,1.0701474,1.0701474,LOW
1655,Balance work of Rehabilitation and upgrading to 2lane/2lane with paved shoulder configuration and strengthening from from Km 343.80 to 400.33 of Gowribidanur-Chik Ballapur section in the state of Karnataka Under Annual Plan 2021-22 under EPC Mode.-952,MoRTH,617954,Karnataka,MoRTH,398.48,211.59,93.25,38.0,1.0697235,1.0697235,LOW
1656,Up-gradation to 2 lane with Paved shoulder from Charbhuja at Design km 0.00 existing km 150.00 to Neechli Oden Nathdwara at Design ch. Km 88.800 existing km 55.950 of NH-162E on EPC mode.,MoRTH,618093,Rajasthan,MoRTH,838.43,55.04,0.0,31.0,1.0556544,1.0556544,LOW
1657,Goleti Opencast Mine,Singareni Collieries Company Limited [SCCL],615862,Telangana,Singareni Collieries Company Limited [SCCL],345.6,111.15,32.0,56.0,1.0519845,1.0519845,LOW
1658,SANGHMITRA OC,Ministry of Coal,400136,Jharkhand,Ministry of Coal,2660.0,16.1,16.77,25.0,1.0479223,1.0479223,LOW
1659,Rehabilitation and up gradation of Nongstoin-Rambrai-Kyrshai road up to Meghalaya- Assam border from Km 0.335 to km 34.039 to 2-Lane under NHO - NE in the State of Meghalaya Package-1,NHIDCL,618418,Meghalaya,NHIDCL,359.86,214.12,80.49,47.0,1.0464606,1.0464606,LOW
1660,Widening and Strengthening of Rafiabad-Kupwara-Chowkibal-Tangdhar-Chamkot NH- 701 road from design Ch. From 0000 to 51000 to two lanes with paved shoulders under Project Beacon in the UT of Jammu & Kashmir on EPC mode Package-I.,MoRTH,618206,"Jammu and
Kashmir",MoRTH,1404.94,118.37,36.5,17.0,1.0402083,1.0402083,LOW
1661,RATLAM- DUNGARPUR VIA BANSWARA NEW LINE PROJECT,North Western Railway [NWR],617406,"Multi-States
(Madhya Pradesh,
Rajasthan)",North Western Railway [NWR],2417.24,7.19,8.0,35.0,1.0376772,1.0376772,LOW
1662,Construction of Paderu bypass Km 0000 to Km 13000 of 2- lane with paved shoulder on NH-516E,MoRTH,618254,Andhra Pradesh,MoRTH,244.43,11.67,13.0,15.0,1.0369816,1.0369816,LOW
1663,Up-gradation of Blast Furnace No. 3 at Durgapur Steel Plant,Steel Authority of India Limited [SAIL],617246,West Bengal,Steel Authority of India Limited [SAIL],758.09,219.33,38.12,18.0,1.0358391,1.0358391,LOW
1664,Upgradation of Bilaspur-Takhatpur-Mungeli-Pandariya-Pondi Road on N.H.-130A Package IIIA Takhatpur By-pass from existing Ch. 26.542 to 32.093 [Design Ch. 18.700 to 25.900] & Mungeli By-pass from existing Ch. 45.786 to 56.275 [Design Ch. 29.600 to 51.600] and Package IIIB Pandariya By-Pass from existing Ch. 82.582 to 87.133 [Design Ch. 77.900 to 81.1000 & Pondi By-pass from existing Ch. 103.166 to 104.756 [Design Ch. 97.000 to 103.395] to two lane with paved shoulder configuration in the,MoRTH,618018,Chhattisgarh,MoRTH,351.19,11.48,10.0,27.0,1.0300024,1.0300024,LOW
1665,Kazipet Wagon Overhauling Project,RVNL,705252,Telangana,RVNL,385.0,0.0,0.0,105.0,1.0276897,1.0276897,LOW
1666,IMC at Prayagraj,National Industrial Corridor Development Corporation,707419,Uttar Pradesh,National Industrial Corridor Development Corporation,658.0,0.0,6.5,0.0,1.0191299,1.0191299,LOW
1667,Sardega -Bhalumuda New Double line [37.24 Km],SECR,617390,"Multi-States
(Chhattisgarh,
Odisha)",SECR,1281.81,128.07,4.0,19.0,1.0122702,1.0122702,LOW
1668,Delhi Metro Rail Phase V A,Delhi Metro Rail Corporation Limited [DMRC],619031,Delhi,Delhi Metro Rail Corporation Limited [DMRC],12014.91,17.4,5.34,3.0,1.0094584,1.0094584,LOW
1669,Widening to 4 lane from Km 51.60 to 76.20 Hebri to Parkala and from Km 85.20 to 88.90 Karavali junction to Malpe of Thirthahalli-Udupi-Malpe Section of NH-169A in the State of Karnataka on EPC Mode under Annual plan 2021-22 Job No. NH-169A- KNT-2021-22-927,MoRTH,618109,Karnataka,MoRTH,355.72,184.79,76.86,40.0,1.0001992,1.0001992,LOW
1670,"Widening/Improvement to 4-Lane with paved Shoulder from Ch. 25.633 Km to Ch. 52.470 Km Design Ch. 21.850 Km to Ch.48.670 Km for Package-2 of Bilasipura- Guwahati road NH-17 Section Near Mowatari, before Chapar Bypass to Tulungia junction with NH-17 in the state of Assam on HAM mode under NHO-NE Package-2",NHIDCL,618287,Assam,NHIDCL,1338.61,0.0,12.45,16.0,1.0001972,1.0001972,LOW
1671,Widening and Improvement of existing carriage way to 2 lane with paved shoulders from Km. 86/160 to 131/730 of Jangaon-Duddeda section of NH-365B in the State of Telangana on EPC Mode,MoRTH,618141,Telangana,MoRTH,423.48,160.07,76.92,40.0,0.9930486,0.9930486,LOW
1672,Upgradation and reconstruction of existing intermediate lane to two Lane with paved shoulder configuration from km. 43.00 Barna River to km. 77.00 ken river length 34.00 km. on Gulganj-Amanganj-Pawai-Katni NH43 Extn. along with One time improvement in 01 no. of bypassed built-up area in a total length of 1.585 km in the state of Madhya Pradesh on EPCmode.,MoRTH,618036,Madhya Pradesh,MoRTH,315.55,0.0,25.3,17.0,0.9889651,0.9889651,LOW
1673,Rajasthan REZ Ph-V [Part-1- 4 GW] [Sirohi/Nagaur] Complex [Rajasthan V Power Transmission Limited],Power Grid Corporation of India Limited [POWERGRID],617186,"Multi-States
(Madhya Pradesh,
Rajasthan)",Power Grid Corporation of India Limited [POWERGRID],5028.0,1054.2,24.07,13.0,0.9831977,0.9831977,LOW
1674,Construction of 6-Lane Elevated / Extra Dose Cable Bridge on River Ganga parallel to & Western side of Digha-Sonepur Rail cum-Road Bridge of NH 139W in the State of Bihar,MoRTH,618250,Bihar,MoRTH,3064.45,0.0,10.69,23.0,0.9822864,0.9822864,LOW
1675,Construction of Rewa Bypass to 4-lane with paved shoulder along with service road from Ratahara Chowk to Chorhata Chowk Road section of NH-30 from km 00.000 to 19.200 in the State of Madhya Pradesh on Hybrid Annuity Mode HAM.,MoRTH,617909,Madhya Pradesh,MoRTH,648.05,0.0,50.0,14.0,0.97359705,0.97359705,LOW
1676,Construction of New Domestic Terminal Building and Miscellaneous works at Hubli Airport,612787,N04000108,Karnataka,Airport Authority of India [AAI],320.47,148.68,77.0,27.0,0.97267854,0.97267854,LOW
1677,Wideinig & Upgradation to 2-lanes with paved shoulders road from Tamenglong to Mahur NH-137 in the State of Assam starting from km 96.870 near Jiri River to km 116.550 near Hangrum Package-7 on EPC mode Package7,NHIDCL,618354,Assam,NHIDCL,846.82,0.0,85.29,25.0,0.9603845,0.9603845,LOW
1678,Ernakulam-Kumbalam doubling project [7.71 Km],SR-ERS,705639,Kerala,SR-ERS,601.0,308.42,25.0,36.0,0.9596967,0.9596967,LOW
1679,4-Laning of Vairengte - Chhimluang section Package-3 of NH-306 from Existing Chainage km 43000 to Km 59700 Design Chainage km 46000 to km 60850 on Silchar - Vairengte- Sairang road in the State of Mizoram under Bharatmala Pariyojna under NHO-NE. Package-1&2 in Assam state,NHIDCL,618316,Mizoram,NHIDCL,491.39,32.46,17.86,9.0,0.95047325,0.95047325,LOW
1680,Widening to 2 Lane with Hard shoulder of Akegwo-Avangkhu section of NH-202K for Package-II Design Chainage 34795 Km to 69875 Km in the State of Nagaland on EPC mode under NHO-NE,NHIDCL,618366,Nagaland,NHIDCL,442.54,0.0,54.66,32.0,0.9440262,0.9440262,LOW
1681,Delhi Metro Rail Phase-IV [2 Corridors],Delhi Metro Rail Corporation Limited [DMRC],617207,Delhi,Delhi Metro Rail Corporation Limited [DMRC],8399.81,94.53,3.64,25.0,0.94291794,0.94291794,LOW
1682,Mayjilar Jaisalmer with Jaisalmer Bypass Link Road Section of NH-11 Part of BM-7 & Sundra Myajilar Ambsingh ki Dhani Road part of Munabao Tanot project NH-70,National Highways Authority of India [NHAI],618797,Rajasthan,National Highways Authority of India [NHAI],1237.71,0.54,5.6,4.0,0.9396237,0.9396237,LOW
1683,Widening/Improvement to 2 lane with earthen shoulder of Marrem Khullen to Jessami section of NH-202 of Imphal - Ukhrul - Jessami Economic Corridor from Design Chainage km 95.700 to km 140.180 in the State of Manipur on EPC mode under Bharatmala Pariyojana under NHO-NE Package-6,NHIDCL,618305,Manipur,NHIDCL,554.66,201.52,22.55,16.0,0.93893474,0.93893474,LOW
1684,Construction of 4-Laning of N. Kawnpui N. Mualvum Mualkhang via Khamrang Village section Package-7 of NH-6 from Existing Chainage km 127200 to km 142000 Design Chainage km 111850 to km 123400 on Silchar - Vairengte - Sairang road in the State of Mizoram on EPC mode,NHIDCL,618320,Mizoram,NHIDCL,866.32,0.0,18.9,6.0,0.93227893,0.93227893,LOW
1685,Widening of Existing Road from Intermediate Lane 2-lane to 4-lane Between Km 19.994 to Km 35.180 of NH-848A Rakholi-Khadoli-Velugam Section in U.T. of Dadra and Nagar Haveli and Daman and Diu,MoRTH,619183,"Dadra & Nagar
Haveli and Daman
& Diu",MoRTH,198.06,73.03,52.0,26.0,0.93196535,0.93196535,LOW
1686,350 Bedded [Upgradable to 500 beds] ESI Hospital at Sanand,Employee's State Insurance Company [ESIC],612186,Gujarat,Employee's State Insurance Company [ESIC],558.12,55.81,21.0,36.0,0.91899943,0.91899943,LOW
1687,4-lanning of Rahatgarh to Berkhedi section of NH-146 from Design Ch 124470 to Ch. 134.549,National Highways Authority of India [NHAI],618671,Madhya Pradesh,National Highways Authority of India [NHAI],618.33,5.01,5.08,4.0,0.9164257,0.9164257,LOW
1688,3RD AND 4TH LINE - SARAGBUNDIA AND MADWARANI,SECR,709819,Chhattisgarh,SECR,167.64,20.13,8.0,11.0,0.9129074,0.9129074,LOW
1689,Improvement & widening of existing NH-08 to 4-lane with Paved Shoulder from Champak Nagar to Khayerpur section design Km 242500 to Km 261610 in the state of Tripura on EPC basis under NHO-NE,NHIDCL,618350,Tripura,NHIDCL,920.66,0.0,43.8,19.0,0.91275644,0.91275644,LOW
1690,construction or By-pass road on NH-26 for Nabrangpur Town,MoRTH,617902,Odisha,MoRTH,168.95,7.84,21.0,16.0,0.9061115,0.9061115,LOW
1691,Phase B Construction of Permanent Campus of IIT Bhilai,"Indian Institute of Technology, Bhilai",617877,Chhattisgarh,"Indian Institute of Technology, Bhilai",1188.97,0.0,0.0,3.0,0.9016751,0.9016751,LOW
1692,Rehabilitation and upgrading to two lanes with paved shoulders and Strengthening of Kotdwar-Pauri-Srinagar road section from Km 232.00 to 274.470 on NH-119 New 534 Paidul to Srinagar in the State of Uttarakhand on EPC Mode under NHO Annual Plan 2021-22.,MoRTH,618041,Uttarakhand,MoRTH,299.31,0.0,2.0,4.0,0.8976482,0.8976482,LOW
1693,Kumbalam-Turavur doubling project [15.59 Km],Ministry of Railways,705638,Kerala,Ministry of Railways,813.0,126.48,30.5,36.0,0.8962135,0.8962135,LOW
1694,6-Laning of Pune-Hyderabad Section of NH-65 from Km 493/0 to Km 524/0 from Sangareddy X Roads to Madinaguda in the State of Telangana,MoRTH,617939,Telangana,MoRTH,1297.75,0.0,37.5,21.0,0.89141333,0.89141333,LOW
1695,"Development of additional RESA on either end on Runway 10-28 at Calicut Airport. Construction of embankment with slope protection, drainage system and associated works for additional RESA on either end on Runway 10-28",612789,N04000111,Kerala,Airport Authority of India [AAI],484.57,204.6,59.0,26.0,0.88748735,0.88748735,LOW
1696,Construction of New BG line between Hassan [Alur] to Belur [ Km 27.34],South Western Railway [SWR] - II,705762,Karnataka,South Western Railway [SWR] - II,748.86,1.15,0.3,43.0,0.8846147,0.8846147,LOW
1697,EPR AMRAPALI OCP,Ministry of Coal,400156,Jharkhand,Ministry of Coal,5136.15,1326.01,44.45,74.0,0.87003595,0.87003595,LOW
1698,Transmission System for Reliable Power Supply to Dholera,Power Grid Corporation of India Limited [POWERGRID],619029,Gujarat,Power Grid Corporation of India Limited [POWERGRID],319.42,51.1,18.0,19.0,0.8697695,0.8697695,LOW
1699,Stamp Charge Battery No.12 Battery Proper at IISCO Steel Plant,Steel Authority of India Limited [SAIL],617338,West Bengal,Steel Authority of India Limited [SAIL],2518.39,375.65,22.5,14.0,0.8679259,0.8679259,LOW
1700,Transmission System under ISTS for evacuation of Power from Kudankulam Unit-3&4 [2x1000 MW] [SPV Name POWERGRID Kudankulam Tarnsmission Limited],Power Grid Corporation of India Limited [POWERGRID],616671,Tamil Nadu,Power Grid Corporation of India Limited [POWERGRID],548.0,120.56,18.72,15.0,0.8534089,0.8534089,LOW
1701,Grade separated Interchanges at Km. 113.730 junction with Ranchi Hazaribagh Road & Km. 139.225 junction with Ranchi Jamshedpur road on 4L Ranchi Bypass of NH-33,National Highways Authority of India [NHAI],618737,Jharkhand,National Highways Authority of India [NHAI],303.53,3.16,0.0,4.0,0.852512,0.852512,LOW
1702,Secondary Emission Control in Converters of SMS-II at Bokaro Steel Plant,Steel Authority of India Limited [SAIL],617250,Jharkhand,Steel Authority of India Limited [SAIL],207.13,57.34,39.92,14.0,0.85150945,0.85150945,LOW
1703,"Widening and strengthening to 2 lane with paved shoulder from existing Ch. Km 56720 to Km 100820 and Design Ch. From Km 62600 to Km 106360 Total Length43.760 Km on SRINAGAR -BARAMULA URINH-01 in the UT of Jammu & Kashmir under project BEACON, Border Roads Organization BRO on EPC mode.",MoRTH,618201,"Jammu and
Kashmir",MoRTH,702.1,0.0,45.0,17.0,0.84627354,0.84627354,LOW
1704,"Construction of One Tower of Office Complex and another Tower of Residential quarters consisting of 10Nos. Type-V, 10Nos. Type-VI & 1No.Type-VII Quarters i/c internal water supply, sanitary installation and all development and bulk services, Horticulture works on EPC Mode-I basis i/c comprehensive operation and maintenance of Civil, E&M services for 7 years after completion of original construction work for Ranga Reddy, Secunderabad, Medchal, AuditI, Audit-II Commissionerates of Central Tax at Khajaguda, Serilingampally, Hyderabad.",Central Public Works Department - CPWD,617412,Telangana,Central Public Works Department - CPWD,644.0,161.57,21.0,17.0,0.84603345,0.84603345,LOW
1705,Road Safety Improvement of existing four lane section of Dehradun-Lal Tappar-Nepali Farm Section of NH-7 and Nepali Farm-Motichur NH-34 on EPC Mode in Uttarakhand under NHO.,NHAI,619294,Uttarakhand,NHAI,720.67,1.6,1.0,2.0,0.8459331,0.8459331,LOW
1706,Construction of additional 3-Lane Bridge over River Ganga for connection between Buxar and Bharauli on NH-922 in the State of Uttar Pradesh and Bihar on Hybrid Annuity Mode,National Highways Authority of India [NHAI],618882,"Multi-States
(Bihar, Uttar
Pradesh)",National Highways Authority of India [NHAI],531.61,18.86,15.51,8.0,0.8417235,0.8417235,LOW
1707,"Construction of 2-Lane with paved shoulder of Shillong Western Bypass starting from NH-06 near Ladumsaw Existing km 60.900 of old NH-40 to NH106 old NH-44E, km 0000 to km 12800 Package-I under SARDP-NE PHASE A in the State of Meghalaya on EPC Mode Greenfield alignment",NHIDCL,618421,Meghalaya,NHIDCL,620.3,215.93,68.85,19.0,0.84142584,0.84142584,LOW
1708,4TH LINE - BHILAI-BHILAI NAGAR [8.8 KM] [PB-72/NR/2022-23],SECR,709816,Chhattisgarh,SECR,177.34,1.91,7.0,23.0,0.8392056,0.8392056,LOW
1709,Binnaguri Bypass-Descoped portion of Ghoshpukur-Dhupguri Section of NH-31Dpkg-1,National Highways Authority of India [NHAI],618572,West Bengal,National Highways Authority of India [NHAI],309.99,0.4,1.07,5.0,0.83650565,0.83650565,LOW
1710,Access Controlled Highway of 4 Lane with Paved Shoulders from TN/AP Border Design Chainage Km 6151 to Puttur Design Chainage Km 81540 of NH-716 & 6 Lane with Paved Shoulders from Mallavaram to Renigunta,National Highways Authority of India [NHAI],618920,Andhra Pradesh,National Highways Authority of India [NHAI],1346.82,171.16,34.98,16.0,0.8314914,0.8314914,LOW
1711,Rehabilitation and Up-gradation to 2 lane road with paved shoulders configuration for the balance work of 13 km length on Helwak-Patan-Karad section Km. 85000 to 133 417 of NH-166E in the state of Maharashtra on EPC mode.,MoRTH,618096,Maharashtra,MoRTH,181.45,0.0,87.0,18.0,0.82631993,0.82631993,LOW
1712,Naupada-Gunupur - New line upto Theruvali [73.62 km],Indian Railway,616839,Odisha,Indian Railway,1165.89,0.0,0.0,0.0,0.82582355,0.82582355,LOW
1713,Construction of 4-Lane Panchgram Bypass from Design Chainage km 15500 on NH- 37 Old NH-53 at Kalinagar Pt.-I Village to Design Chainage km 27300 at crossing with NH-6 Old NH-44 Near Siddeswar Pt.-I Village on Silchar - Churaibari stretch in the State of Assam on EPC Mode under Bharatmala Pariyojana in Economic Corridors Silchar- Churaibari Package-2,NHIDCL,618308,Assam,NHIDCL,676.18,0.0,57.17,20.0,0.8205591,0.8205591,LOW
1714,Construction of 4 lane ROB with approaches in lieu of LC No. RV-172 at km 176.00 of NH-201 present NH-26 at Kesinga including land acquisition in the state of Odisha on EPC mode under Annual Plan 2021-22,MoRTH,617905,Odisha,MoRTH,324.09,84.57,70.09,35.0,0.8189529,0.8189529,LOW
1715,"Rehabilitation & up-gradation for Talere Gaganbawada - kolhapur Road NH 166G stretch start from km. 0/00 to Km. 06/00 and km. 13/00 to km 19/440 of NH-166G, length 12.440 km in the State of Maharashtra.",MoRTH,618099,Maharashtra,MoRTH,164.13,98.68,100.0,18.0,0.8174593,0.8174593,LOW
1716,Widening to 2LPS from Km 71.00 to 104.00 Existing chainages Sarjapur to Pattadkallu on Bhanapur to Gaddanakeri section NH-367 in the State of Karnataka under NHO on EPC mode under Annual Plan 2022-23 NH-367-KNT-2022-23-972 dated 08.02.2023,MoRTH,618027,Karnataka,MoRTH,445.62,0.0,65.0,25.0,0.8134663,0.8134663,LOW
1717,Treatment of landslide zone from location no. 01 to 28 km 62.860 to 152.750 on NH- 12509 in the State of Uttarakhand under EPC mode in NHO Annual Plan 2022-23,MoRTH,617889,Uttarakhand,MoRTH,192.22,0.0,97.0,34.0,0.8126168,0.8126168,LOW
1718,Kosamba Umarpada 70 Km,PCE/WR,611918,Gujarat,PCE/WR,468.0,44.62,9.0,45.0,0.80836105,0.80836105,LOW
1719,PUSHKAR- MERTA CITY NEW LINE,North Western Railway [NWR],616841,Rajasthan,North Western Railway [NWR],799.64,131.75,8.0,26.0,0.8034882,0.8034882,LOW
1720,Delhi Metro Rail Phase-IV [Rithala - Kundli Corridor],Delhi Metro Rail Corporation Limited [DMRC],617206,"Multi-States (Delhi,
Haryana)",Delhi Metro Rail Corporation Limited [DMRC],6230.99,72.98,0.0,15.0,0.7981446,0.7981446,LOW
1721,MAKARDHOKRA EXPN OC 4.9 MTY,Western Coalfields Limited [WCL],615189,Maharashtra,Western Coalfields Limited [WCL],361.87,96.64,12.2,46.0,0.797331,0.797331,LOW
1722,"Construction for Mitigation Measures of 5 Nos. Landslides, 5 Nos. Sinking Zones in between Ch. 433.00 to 450.00 BANERPANI VILLAGE on NH-07 on EPC mode in the state of Uttarakhand Package-2",NHIDCL,618392,Uttarakhand,NHIDCL,259.64,0.0,59.75,16.0,0.7910225,0.7910225,LOW
1723,"Widening of basic strip at Western Side of Runway Chainage 80m to 920m i/c slope stabilization Measures [Balance work] of uphill and Improvement of Storm Water Drainage System at Pakyong Airport, Sikkim on design & build basis [EPC] with integrated 10 years maintenance.",612793,N04000110,Sikkim,Airport Authority of India [AAI],323.26,80.84,34.25,28.0,0.78527194,0.78527194,LOW
1724,Construction of byepass around Lohardaga town of NH-143A in the Sate of Jharkhand under EPC mode.,MoRTH,618083,Jharkhand,MoRTH,458.78,0.0,3.0,27.0,0.7783887,0.7783887,LOW
1725,RPR MAGADH EXP OCP,Ministry of Coal,400150,Jharkhand,Ministry of Coal,7254.37,1688.4,40.21,68.0,0.7768438,0.7768438,LOW
1726,Implementation of LILO of both circuits of 400KV vindhyachal PS-Sasan D/C Line at Hindalco Switchyard,Power Grid Corporation of India Limited [POWERGRID],617272,Madhya Pradesh,Power Grid Corporation of India Limited [POWERGRID],370.0,114.7,35.03,22.0,0.7682793,0.7682793,LOW
1727,"Slope protection and landslide mitigation at 4 vulnerable locations km 1.950 to Km 2.100, km 11.100 to 11.450, km 22.435 to km 22.485 and km 22.610 to km 22.680 within Sevoke-Rangpo section of NH-10 old NH-31A in Darjeeling & Kalimpong district in the State of West Bengal on EPC mode",NHIDCL,619187,West Bengal,NHIDCL,152.27,0.0,27.3,10.0,0.7670476,0.7670476,LOW
1728,Kosamba Umarpada GC PROJECT,Ministry of Railways-,616983,Gujarat,Ministry of Railways-,467.58,70.54,16.0,33.0,0.7650391,0.7650391,LOW
1729,Construction of four-lane Concrete Road from Police Headquarter Gondia City to Rawanwadi Village Birsi Airport Junction from design km 0.000 to km 15.781 existing km 39/720 of NH-753 to existing Km 8/400 of NH 543 on sections from Kohmara- Goregaon- Police HeadquarterKaranja - Collector Office Square - Balaghat T Point- Rawanwadi- Rajegaon of NH-753 and NH-543 in Gondia District in the state of Maharashtra. Total Length of the project 15.781 Km.,MoRTH,618059,Maharashtra,MoRTH,328.11,0.0,34.15,26.0,0.7624734,0.7624734,LOW
1730,Construction of 2 Lane with paved shoulder from km 55.6 to km 90.7 existing chainages of NH-766C complete Realignment of 13.76 km with 2 major Bridges across Sharavathi Backwaters on EPC mode under Annual Plan 2022-23 in the state of Karnataka NH-766C-KNT-2022-23 dated 14.10.2022,MoRTH,618184,Karnataka,MoRTH,313.56,0.0,46.52,26.0,0.7620045,0.7620045,LOW
1731,Construction of 2 lane with paved shoulder for the work of Development of remaining sections of NH-325 Balotra to sanderao via Jalore to 2 lane with paved shoulder configuration by Construction of Byasses for town portions1 Asotra- Brahmdham bypass 2Siwana Bypass 3 Mokalsar Bypass 4 Major realignment at Kathadi 5 Major realignment at Bishangarh 6 Jalore Bypass 7 Ahore Town portion 8 Dujana Bypass in the state of Rajasthan on EPC Mode,MoRTH,618011,Rajasthan,MoRTH,411.44,66.63,87.6,47.0,0.75027364,0.75027364,LOW
1732,Widening to 2-lane with Hard Shoulder configuration of Mana Ch. 0.00 to Mana Pass Ch. 50.987 road on NH-07 under Bharatmala Pariyojna in the state of Uttarakhand under Annual Plan 2022-23 length 50.987,MoRTH,618207,Uttarakhand,MoRTH,573.96,0.0,20.78,30.0,0.7483641,0.7483641,LOW
1733,Petlad Bhadran 23 Kms,Western Railway,611945,Gujarat,Western Railway,307.11,18.9,17.0,47.0,0.7477859,0.7477859,LOW
1734,"Rehabilitation, Upgradation & Widening of existing Highway to Rigid Pavement 2 Lane with Paved Shoulder of NH 965DD from Lonand Shirval-Bhor Mandangad-Pchral Section ShindewadiPhata to Varandah Ghat Dist Border from Km 33/550 to 92/550 in the state of Maharashtra on EPC mode.",MoRTH,618199,Maharashtra,MoRTH,723.13,0.0,48.5,21.0,0.73660314,0.73660314,LOW
1735,Construction of Standalone Flyover cum ROB from Design Ch.66.600 to Design Ch.68.800 in Gadchandur Town on NH-353B,National Highways Authority of India [NHAI],618939,Maharashtra,National Highways Authority of India [NHAI],191.31,25.19,29.96,9.0,0.7340947,0.7340947,LOW
1736,4th line between Nipania Bhatapara 14.4 Km,South East Central Railway [SECR] - II,612815,Chhattisgarh,South East Central Railway [SECR] - II,170.49,9.56,15.0,23.0,0.7334087,0.7334087,LOW
1737,Melaghar-Srimantapur section on NH-08 Spur from Km 23 to Km 34.500 11.5 Km and overlay from Km 20.30 to Km 22.00 1.7 Km Total Length 13.2 Km,NHIDCL,618411,Tripura,NHIDCL,195.95,86.26,69.78,35.0,0.733163,0.733163,LOW
1738,Widening and Strengthening to 2LPS including LA from km 318.970 to 353.450 Balikuda-Mulkani Section of NH-55 under NHO in Annual Plan 2022-23 in the State of Odisha. Job No. NH-55-OD-2022-23-656,MoRTH,617920,Odisha,MoRTH,511.54,0.0,3.0,10.0,0.7315399,0.7315399,LOW
1739,GOOTY-PENDEKALLU DOUBLING 29.225 Km,South Central Railway [SCR] - II,611752,Andhra Pradesh,South Central Railway [SCR] - II,351.83,330.25,3.03,34.0,0.72833073,0.72833073,LOW
1740,"4-Laning of Sethawn - N. Kawnpui section Package-6 of NH-6 from Existing Chainage km 107850 to km 126315 Design Chainage km 95500 to km 111850 on Silchar- Vairengte- Sairang road, Vairengte - Sairang Pkg-6",NHIDCL,618319,Mizoram,NHIDCL,595.65,21.02,6.72,9.0,0.7258244,0.7258244,LOW
1741,Pune Metro Rail Project Phase-2 Line-4 Kharadi to Khadakwasla with Spur Line 4A Nal Stop - Warje - Manikbaug,Maharashtra Metro Rail Corporation Limited [MMRCL],618985,Maharashtra,Maharashtra Metro Rail Corporation Limited [MMRCL],9857.85,3.94,0.48,4.0,0.7252481,0.7252481,LOW
1742,"Upgradation of Goras to Shyampur Road section of NH-552 Ext., from Design Chainge 48.400 to 111.800 Km Total length 63.40 km to two lane with paved shoulder configuration along with One time improvement of 8.91 km in the state of Madhya Pradesh on EPC mode",MoRTH,618158,Madhya Pradesh,MoRTH,416.96,0.0,13.11,16.0,0.7225574,0.7225574,LOW
1743,Bemetara Bypass NH 30,MoRTH,617908,Chhattisgarh,MoRTH,161.96,0.0,32.0,12.0,0.71894777,0.71894777,LOW
1744,Indore - Budni New Railway Line [198 kms],RVNL - II,705763,Madhya Pradesh,RVNL - II,7474.0,2529.21,36.0,66.0,0.71704257,0.71704257,LOW
1745,RPR FOR RAMPUR BATURA OCP,SECL - CIL,619053,Madhya Pradesh,SECL - CIL,1604.69,74.71,0.3,11.0,0.71313584,0.71313584,LOW
1746,Construction of Mariahu Bypass with four lane paved shoulder configuration Km. 53.540 to Km.59.200 of NH-135A on EPC mode in the state of Uttar Pradesh,MoRTH,618081,Uttar Pradesh,MoRTH,438.24,0.0,52.0,26.0,0.71254855,0.71254855,LOW
1747,EPR ROHINI - KARKETTA OCP,Ministry of Coal,400153,Jharkhand,Ministry of Coal,1020.42,84.94,22.84,63.0,0.711829,0.711829,LOW
1748,Rehabilitation and Upgradation of Shewali phata to Kalambhir section i.e. Km 0443 to Km 4500 & Nizampur to Chadwel section i.e. Km 13485 to Km 26265 Length16.317 Km excluding 2 Major Bridges with approaches Km 13735 to Km 14095 & Km 19660 to Km 20030 of NH 753B to 2LPS Configuration in the State of Maharashtra on EPC Mode.,MoRTH,618179,Maharashtra,MoRTH,181.58,0.0,93.01,20.0,0.7106101,0.7106101,LOW
1749,Construction of additional major Bridge with 4- lane configuration of length 1.48 km on NH-60 NH-14 over River Kangshabati from Km. 117.770 to Km 119.250 and additional major Bridge with 4- lane configuration of length 0.900 km on NH-60 NH- 14 over River Shilabati from Km. 173.220 to Km 174.120 in the district of Paschim Medinipur of West Bengal under Annual Plan for FY 2023-24 on EPC mode. Job No 014-W8-2023-24/527 .,MoRTH,617893,West Bengal,MoRTH,304.83,0.0,0.0,5.0,0.70951384,0.70951384,LOW
1750,"Upgradation of Ambikapur Ramanujganj - Garhwa Road NH 343 of Package-I, Rajpuri Khurd Village to Padih Village section from existing km 7.830 to km 57.650 Design Ch. 13.700 to Ch. 62.700 of total length 49.00 km to two lane with paved shoulders under EPC mode in the state of Chhattisgarh",MoRTH,618016,Chhattisgarh,MoRTH,397.44,18.97,10.22,11.0,0.70757616,0.70757616,LOW
1751,Construction of bypass road to Adoni town connecting NH-167 Hagari - Jadcharla road from km.62/700 to 71/400 in Kurnool District in the State of Andhra Pradesh.,MoRTH,617990,Andhra Pradesh,MoRTH,242.0,78.49,95.94,26.0,0.6997994,0.6997994,LOW
1752,Widening/Improvement to 2-Lane Lane with Paved Shoulder from km 16900 Bogapani to km 27150 Golai Goan on existing Dibrugarh to Ledo section with proposed Digboi Bypass Green Field and Brownfield 2-LanePS of NH-315 OLD NH-38 in Tinsukia District under NHO- NE Package-4,NHIDCL,618339,Assam,NHIDCL,356.65,0.0,20.45,28.0,0.69780153,0.69780153,LOW
1753,Replacement of remaining 04 sets of Battery Cyclones with 04 Nos. of ESPs in Sinter Plant-1 at Bokaro Steel Plant,Steel Authority of India Limited [SAIL],617254,Jharkhand,Steel Authority of India Limited [SAIL],260.37,102.86,44.17,24.0,0.6919463,0.6919463,LOW
1754,Flyover between Siju and Paradeep coaching Yard to avoid Surface crossing of trains,East Coast Railway [ECoR] - II,616694,Odisha,East Coast Railway [ECoR] - II,200.77,34.06,5.5,6.0,0.68979555,0.68979555,LOW
1755,Transmission System for evacuation of power from Mahan Energen Limited Generating Station in Madhya Pradesh [SPV Name - POWERGRID MEL Power Transmission Limited],Power Grid Corporation of India Limited [POWERGRID],617279,Madhya Pradesh,Power Grid Corporation of India Limited [POWERGRID],558.0,50.22,9.75,10.0,0.68888944,0.68888944,LOW
1756,4 Lane of CG/JH Border-Gumla from km 0.000 to km 32.370 of NH-43 in the State of Jhrkhand,National Highways Authority of India [NHAI],618641,Jharkhand,National Highways Authority of India [NHAI],1325.8,13.83,1.0,2.0,0.6881141,0.6881141,LOW
1757,"Development of New Greenfield Airport at Bundi, Kota Rajasthan.",618977,-,Rajasthan,Airport Authority of India [AAI],1507.0,40.4,12.8,6.0,0.687872,0.687872,LOW
1758,Upgradation to 2-Lane with Paved Shoulder from Design Km 36300 to Design Chainage 47918 and from Design Ch 69900 to Design Ch 83940 of NH-248A Natni Ka Bara in the State of Rajasthan on EPC Mode.,MoRTH,618117,Rajasthan,MoRTH,154.89,11.94,23.0,17.0,0.6870773,0.6870773,LOW
1759,Third Ladle Furnace in Secondary Refinery Unit at IISCO Steel Plant,Steel Authority of India Limited [SAIL],617248,West Bengal,Steel Authority of India Limited [SAIL],227.96,75.66,66.37,16.0,0.6803809,0.6803809,LOW
1760,Widening to Two Lane with Paved Shoulders from Km 0.00 Design Chainage 0.00 to Km 23.338 Design Chainage 23310 of NH-166E MH/KNT Border- Kanamadi- Bijjargi- Tikota section in the state of Karnataka in EPC Mode under Annual plan 2022-23 NH- 166E-KNT-2022-23-974,MoRTH,618095,Karnataka,MoRTH,196.05,0.0,30.0,19.0,0.6789684,0.6789684,LOW
1761,Khavda IVA Power Transmission Limited,Adani Transmission Limited,619049,Gujarat,Adani Transmission Limited,4500.0,2263.7,58.0,20.0,0.67879385,0.67879385,LOW
1762,"Gudivada Town 2 RoB, and Road improvement NH-165",MoRTH,617984,Andhra Pradesh,MoRTH,317.22,0.0,73.46,35.0,0.6746201,0.6746201,LOW
1763,Capacity Augmentation of Kandla LPG Import Terminal [KLIT] from 0.6 MMTPA to 2.5 MMTPA,Ministry of Petroleum & Natural Gas,617839,Gujarat,Ministry of Petroleum & Natural Gas,356.86,72.32,66.0,35.0,0.67203027,0.67203027,LOW
1764,TRANSMISSION SYSTEM FOR EVACUATION OF POWER FROM RAJASTHAN REZ PH -IV [PART-2 5.5 GW] [JAISALMER/BARMER COMPLEX] PART F [SPV Name POWERGRID BARMER I TRANSMISSION LIMITED],Power Grid Corporation of India Limited [POWERGRID],615338,Rajasthan,Power Grid Corporation of India Limited [POWERGRID],2735.0,875.2,31.48,17.0,0.67024946,0.67024946,LOW
1765,SHYAMSUNDARPUR UG INCLUDING SA,Eastern Coal Fields Limited [ECL],613793,West Bengal,Eastern Coal Fields Limited [ECL],483.65,77.79,16.79,72.0,0.66949016,0.66949016,LOW
1766,Augmentation of Transformation Capacity at KPS1 [GIS] and KPS2 [GIS] [Phase-V Part B1 and Part B2 Scheme] [SPV Name- POWERGRID KPS1 and 2 Augmentation Transmission Limited],Power Grid Corporation of India Limited [POWERGRID],617069,Gujarat,Power Grid Corporation of India Limited [POWERGRID],466.0,93.2,22.5,14.0,0.66166747,0.66166747,LOW
1767,BONJEMEHARI EXPANSION OCP,Eastern Coal Fields Limited [ECL],400180,West Bengal,Eastern Coal Fields Limited [ECL],570.11,88.78,17.1,56.0,0.65968955,0.65968955,LOW
1768,Replacement of existing Grinders in CRM-I & II at Bokaro Steel Plant,Steel Authority of India Limited [SAIL],617249,Jharkhand,Steel Authority of India Limited [SAIL],211.94,58.64,47.5,14.0,0.6571913,0.6571913,LOW
1769,Maintenance cum workshop depot for Vande Bharat Sleeper Trains as per conditions under WTA 527,WPO/Patna,611929,Rajasthan,WPO/Patna,166.86,0.0,0.0,34.0,0.65127677,0.65127677,LOW
1770,SER Upgradation of maintenance infrastructure at Shalimar into Vande Bharat Chair Car maintenance cum workshop depot.,South Eastern Railway - JH,617345,West Bengal,South Eastern Railway - JH,226.87,86.69,50.0,16.0,0.64112407,0.64112407,LOW
1771,"Construction of Balance Work of 4-Laning of the Section from Jorhat to Jhanji of NH- 37 Old from Km 453000 to Km 463000 10.000 Km, under SARDP- NE under EPC Mode in the state of Assam Pkg-I Road Works",NHIDCL,618439,Assam,NHIDCL,478.3,0.0,96.79,26.0,0.6405748,0.6405748,LOW
1772,Surface triangle line bet. Bhadura stn and new crossing stn Karma,East Central Railway [ECR] - I,617333,Uttar Pradesh,East Central Railway [ECR] - I,199.96,5.19,0.5,23.0,0.63710797,0.63710797,LOW
1773,Construction of 2 lane with Paved Shoulder for Northern Bypass Phase-II of Kota city in the State of Rajasthan.,MoRTH,618200,Rajasthan,MoRTH,317.74,6.07,36.87,30.0,0.635789,0.635789,LOW
1774,Sawai Madhopur-Jaipur Railway Line Project,North Western Railway [NWR],705912,Rajasthan,North Western Railway [NWR],1203.89,207.11,19.0,36.0,0.635278,0.635278,LOW
1775,GANDHAMARDAN IRON ORE MINES TO GOALDIH STATION/12.76kms,East Coast Railway [ECoR] - II,709811,Odisha,East Coast Railway [ECoR] - II,190.0,3.4,5.0,11.0,0.6336862,0.6336862,LOW
1776,"City Gas Distribution Project at East Mednipore, West Mednipore & Jhargram Districts",MinistryofPetroleumNaturalGas,709772,West Bengal,MinistryofPetroleumNaturalGas,609.0,62.42,2.8,49.0,0.62073547,0.62073547,LOW
1777,"Widening, Reconstruction & Up-gradation to 2 lane with Paved Shoulder/Four Lane configuration for the work of Ahmednagar to Sabalkhed & Ashti to Chinchpur Section of NH-561 from Design km 2915 to km 37728 & Design km 55100 to km 70000 in the State of Maharashtra on EPC mode. Length 49.713 km",MoRTH,618047,Maharashtra,MoRTH,657.16,0.0,72.2,11.0,0.6206134,0.6206134,LOW
1778,100 MW SPP part of SECI 150 MW Hybrid,NLC India Limited [NLCIL],618992,Gujarat,NLC India Limited [NLCIL],480.68,2.62,1.2,24.0,0.61431384,0.61431384,LOW
1779,JARANGDIH EXPN. OCP 1.5 MTY,CCL - CIL,616236,Jharkhand,CCL - CIL,414.37,85.6,34.18,74.0,0.60419786,0.60419786,LOW
1780,Varanasi-Pt. Deen Dayal Upadhyaya multitracking 15km including construction of new Rail-cum-Road Bridge across Ganga River.,Northern Railways,617213,Uttar Pradesh,Northern Railways,2464.46,59.82,2.42,6.0,0.59649014,0.59649014,LOW
1781,Up-gradation to 2/4 lane with paved shoulder configuration of NH-652 from Tuljapur Naldurg-Akkalkot road Chainage from Km. 00.000 to km 30.982 in the State of Maharashtra on EPC mode.,MoRTH,618049,Maharashtra,MoRTH,183.41,64.87,95.0,15.0,0.5869093,0.5869093,LOW
1782,"Widening/Improvement to 2 lane with earthen shoulder of Choithar to Marrem Khullen section of NH-202 of Imphal Ukhrul Jessami Economic Corridor from Design Chainage km 53.110 to km 95.700 in the State of Manipur on EPC mode under Bharatmala Pariyojana, under NHO-NE Package-5",NHIDCL,618306,Manipur,NHIDCL,564.05,72.58,14.08,11.0,0.585785,0.585785,LOW
1783,Rehabilitation and Upgradation to two lane with paved shoulder configuration of NH- 752G from Sakri to Pimpalner Section Design Ch km 0000 to Ch km 21411 in the state of Maharashtra on EPC Mode. Length 21.411 km.,MoRTH,618174,Maharashtra,MoRTH,226.58,0.0,100.0,12.0,0.58479255,0.58479255,LOW
1784,"Rehabilitation, upgradation & widening of existing highway to 2L/4LPS Rigid Pavement of NH 160 section- Phaltan to Mhaishal near Karnataka Border including Tasgaon Bypass, from existing chainage Km 301/430 to Km 458/415 in the State of Maharashtra- Package-II & Package III combined- starting from existing chainage Km 341/300 to Km 394/130 and design chainage Km 340/250 at Dahiwadi Village to Km 392/950 ending at Vita Village in the State of Maharashtra on EPC Mode.",MoRTH,617978,Maharashtra,MoRTH,631.76,187.58,74.54,11.0,0.5746461,0.5746461,LOW
1785,"Construction of 2 lane Major Bridge including approaches over Brahmaputra between Majuli on North Bank and Jorhat on South Bank from km. 11.690 to km. 19.715 length of bridge 6,812.5m Package - II on NH-715K in the state of Assam Job no. 715/AS/2020-21/213",MoRTH,618160,Assam,MoRTH,1019.17,0.0,1.82,4.0,0.5740724,0.5740724,LOW
1786,Rehabilitation & upgradation of existing road to 2-lane with hard shoulder from Joshimath km 0.00 to Saraithota km 29.725 road on NH-107B under Bharatmala Pariyojna on EPC mode in the state of Uttarakhand,MoRTH,618218,Uttarakhand,MoRTH,338.38,0.0,78.2,35.0,0.5738601,0.5738601,LOW
1787,Rehabilitation and Up gradation of Charthana Jintur Section of NH 752 I Km 25100 to 47100 to 2 Lane with Paved Shoulder configuration Flexible Pavement in the state of Maharashtra on EPC mode. Reg- Resubmission of Annual Plan Estimate.,MoRTH,619008,Maharashtra,MoRTH,157.69,0.0,0.0,3.0,0.57228047,0.57228047,LOW
1788,Samlaya Timba Road 54 km,PCE/WR,611970,Gujarat,PCE/WR,670.17,45.86,12.0,38.0,0.57107115,0.57107115,LOW
1789,BHUBANESWARI EXPN OCP 50 MTY,MCL - CIL,616231,Odisha,MCL - CIL,5366.27,477.39,32.47,25.0,0.56686664,0.56686664,LOW
1790,Transmission system for evacuation of Power from REZ in Rajasthan [20 GW] under phase-III Part-D Phase-II,Power Grid Corporation of India Limited [POWERGRID],615336,Delhi,Power Grid Corporation of India Limited [POWERGRID],284.0,22.72,7.75,18.0,0.56487393,0.56487393,LOW
1791,"2-laning of Zorinpui - Longmasu section of NH-502A from km 0.000 to km 28.244 in the State of Mizoram on EPC mode under NHO-NE, stretch of IMBR",NHIDCL,618452,Mizoram,NHIDCL,781.85,20.64,4.71,16.0,0.5618241,0.5618241,LOW
1792,Transmission System for Evacuation of Power from Rajasthan REZ Ph-IV [Part-2 5.5GW] [Jaisalmer/Barmer Complex] Part H1 [POWERGRID KURAWAR TRANSMISSION LIMITED],Power Grid Corporation of India Limited [POWERGRID],615344,Madhya Pradesh,Power Grid Corporation of India Limited [POWERGRID],3674.0,1396.12,39.24,18.0,0.56108534,0.56108534,LOW
1793,CHUPERBHITA SIMLONG OCP MDO 6,Eastern Coal Fields Limited [ECL],616225,Jharkhand,Eastern Coal Fields Limited [ECL],979.08,0.0,0.05,28.0,0.56068635,0.56068635,LOW
1794,"lmprovement and Widening to 2 lane with paved Shoulder of NH-15 old NH-52 from Existing Km 770.600 Design Km 24.819 to Existing km 805.750 Design Km 59.885 Kamlang T-Junction to Chowkham, Existing Length 35.150 Km, Design Length-35.066 Km in the state of Arunachal Pradesh on EPC mode Pkg-2",NHIDCL,619014,Arunachal Pradesh,NHIDCL,316.73,0.0,0.0,2.0,0.5501191,0.5501191,LOW
1795,SINGHORI DEEP OC MIN 2.0 MTY,Western Coalfields Limited [WCL],615190,Maharashtra,Western Coalfields Limited [WCL],335.75,49.75,9.57,47.0,0.5494882,0.5494882,LOW
1796,Pune Metro Phase-1 Extension line towards south from Swargate to Katraj,Maharashtra Metro Rail Corporation Limited [MMRCL],617226,Maharashtra,Maharashtra Metro Rail Corporation Limited [MMRCL],2954.53,46.13,5.2,19.0,0.5440998,0.5440998,LOW
1797,ITAPARA OCP,Eastern Coal Fields Limited [ECL],612816,West Bengal,Eastern Coal Fields Limited [ECL],929.1,71.23,8.35,28.0,0.54337394,0.54337394,LOW
1798,Rail Connectivity to Errupalem Amravati Namburu 57 Km,South Central Railway [SCR] - II,617214,"Multi-States
(Andhra Pradesh,
Telangana)",South Central Railway [SCR] - II,2047.4,208.59,0.16,17.0,0.54079133,0.54079133,LOW
1799,Construction of realignment between Pandrass- Pashkyun Total length 27.10 km on road Zozila-Kargil -Leh NH-1 to 2 lane specifications i.e. Drass alignment 9.30 km Kharboo realignment 6.30 km & Kargil alignment 11.50 km under project Vijayak BRO in the UT of Ladakh on EPC Mode,MoRTH,618204,"Jammu and
Kashmir",MoRTH,426.15,97.91,54.89,34.0,0.5333425,0.5333425,LOW
1800,Construction of 4 lane Mirzapur bypass including bridge over river Ganga from km 0.000 to km 15.000 of NH 135A in the State of Uttar Pradesh on HAM Mode.,MoRTH,618247,Uttar Pradesh,MoRTH,1708.62,0.0,2.0,3.0,0.52917176,0.52917176,LOW
1801,Pradhan Kuntha Jn Line Doubling Project,East Central Railway [ECR] - I,706837,Jharkhand,East Central Railway [ECR] - I,349.22,125.71,71.5,41.0,0.5290382,0.5290382,LOW
1802,Improvement and Widening to 2-lane with paved shoulder of road from design Km 72.000 Pati Chhari to design Km 107.654 Harina Total length 35.654 Km on Teliamura to Harina section of NH 208 in the state of Tripura on EPC mode under JICA ODA Loan Phase VI Package-4,NHIDCL,618367,Tripura,NHIDCL,726.9,194.74,8.65,16.0,0.52173555,0.52173555,LOW
1803,Construction of Srinivasapura Bypass from existing Km 453.890 Design Ch. 0000 to existing Km 461.450 Design Ch 10080 on NH-69 in the State of Karnataka Under NH O in EPC mode under Annual Plan 2022-23 NH-69-KNT-2022-23-966 dated 22.11.2022,MoRTH,617950,Karnataka,MoRTH,204.42,0.0,0.0,9.0,0.5210221,0.5210221,LOW
1804,Transmission System for Evacuation of Power from Rajasthan REZ Ph-IV [Part-2 5.5 GW][Jaisalmer/Barmer Complex] Part B [SPV Name POWERGRID Sirohi Transmission Limited],Power Grid Corporation of India Limited [POWERGRID],615332,Rajasthan,Power Grid Corporation of India Limited [POWERGRID],3279.0,1508.34,47.13,20.0,0.520567,0.520567,LOW
1805,Construction of 4 lane Bypass to Nalgonda Town lrorn Km 000 Existing Ch. 181590 to Km 14.00 Existing Ch. 28/685 ol Nakrekal to Nagarjunsagar Section of NH -565 in the State of Telangara on EPC under Annual Plan 2024 -25,MoRTH,619253,Telangana,MoRTH,516.17,0.0,43.13,6.0,0.51593196,0.51593196,LOW
1806,MANIKPUR OC EXPANSION PROJECT,South Eastern Coalfields Limited [SECL],617288,Chhattisgarh,South Eastern Coalfields Limited [SECL],382.61,116.09,21.29,15.0,0.5135037,0.5135037,LOW
1807,Redevelopment of New Delhi Railway Station and construction of associated infrastructure,Rail Land Development Authority,613785,Delhi,Rail Land Development Authority,4744.0,257.53,3.0,22.0,0.5129313,0.5129313,LOW
1808,Additional works under BM1 to ensure road safety under 6L of Bengaluru Mysuru Access control with close toll from Km.17.300 to Km.136.300 of NH-275,National Highways Authority of India [NHAI],618707,Karnataka,National Highways Authority of India [NHAI],738.37,14.27,5.63,3.0,0.5111423,0.5111423,LOW
1809,Upgradation to Two lane with Paved Shoulder Configuration of Narayanpur Kasturmeta pkg-II from design ch. 48.693 to 70.453 design length21.760 Km. on NH-130D under EPC mode in the state of Chhattisgarh.,MoRTH,617972,Chhattisgarh,MoRTH,200.67,14.99,0.0,16.0,0.510441,0.510441,LOW
1810,Sawaimadhopur Bye Pass Line Project,North Western Railway [NWR],706866,Rajasthan,North Western Railway [NWR],304.0,83.03,72.0,39.0,0.50707644,0.50707644,LOW
1811,"Revised Jharia Master Plan for Dealing with Fire, Subsidence & Rehabilitation of affected families in Jharia Coalfield- Reg.",Bharat Coking Coal Limited [BCCL],617416,Jharkhand,Bharat Coking Coal Limited [BCCL],5940.47,262.83,26.0,9.0,0.5067111,0.5067111,LOW
1812,Kondamodu to Perecherla Section Design Ch. Km 000 to Km 49917 of NH-167AG to to 4LPS,MoRTH,618101,Andhra Pradesh,MoRTH,881.61,0.0,36.82,12.0,0.5066669,0.5066669,LOW
1813,Improvement and Widening to 2-lane with paved shoulder of road from design Km 36.000 Rangamati to design Km 72.000 Pati Chhari Total length 36.000 Km on Teliamura to Harina section of NH 208 in the state of Tripura on EPC mode under JICA ODA Loan Phase VI Package-3,NHIDCL,618368,Tripura,NHIDCL,670.9,0.0,14.0,19.0,0.5025158,0.5025158,LOW
1814,Construction of Twin Tube Uni-directional Aizawl Bypass Tunnel of 2.5 km and its approaches of 2.1 km from km 10.600 to km 15.200 on Sarrang - Phaibawk section of NH-6 in the State of Mizoram on EPC Mode under NHO-NE Package-2,NHIDCL,618323,Mizoram,NHIDCL,1313.28,0.0,0.0,4.0,0.48598656,0.48598656,LOW
1815,Improvement and Widening to 2-lane with paved shoulder of road from existing Km 438.170 Khowai Chowmuhani to existing Km 439.410 South Pulinpur of NH-08 and from design Km 0.000 South Pulinpur to design Km 36.00 near Rangamati of NH 208 on Khowai Teliamura- Harina section Total length 37.24 in the state of Tripura on EPC mode under JICA ODA Loan Phase VI Package-2,NHIDCL,618369,Tripura,NHIDCL,657.21,0.0,57.95,19.0,0.482823,0.482823,LOW
1816,MADANNAGAR OCP 12 MTY - MDO,SECL - CIL,619172,Chhattisgarh,SECL - CIL,1859.19,0.45,0.0,16.0,0.47937772,0.47937772,LOW
1817,Siliguri-Jhapa Pipeline Project,Indian Oil Corporation Limited [IOCL],617828,West Bengal,Indian Oil Corporation Limited [IOCL],267.0,1.92,11.2,19.0,0.47334704,0.47334704,LOW
1818,"Construction of 4-Lane with paved shoulder Agartala bypass Western side, length 25.402 km connecting NH-8 near Amtali to NH-108B near Lembuchhera in the state of Tripura on EPC basis under NHO-NE",NHIDCL,618417,Tripura,NHIDCL,2026.05,292.55,9.2,25.0,0.47063082,0.47063082,LOW
1819,Udgir Raavi Degloor Aadampur phata to Sagroli fata,MoRTH,617937,Maharashtra,MoRTH,809.77,0.0,0.0,0.0,0.4698845,0.4698845,LOW
1820,Transmission system for evacuation of power from Rajasthan REZ Ph-IV [Part- 3/6GW] [Bikaner complex] Part A [SPV Name POWERGRID Bikaner IV Transmission Limited],Power Grid Corporation of India Limited [POWERGRID],615339,"Multi-States
(Haryana, Punjab,
Rajasthan)",Power Grid Corporation of India Limited [POWERGRID],5969.0,1313.18,24.07,17.0,0.46959245,0.46959245,LOW
1821,Doubling between Bhadrachalam Road and Dornakal,South Central Railway [SCR] - II,616856,Telangana,South Central Railway [SCR] - II,770.12,87.93,0.05,12.0,0.46881238,0.46881238,LOW
1822,Development/Widening of Talegaon Chakan Shikrapur Nhavara Section of NH-548D from existing chainage km. 54/000 to 82/300 and Design chainage Km. 54/000 to 82/120 Shikrapur to Nhavara Section to 2LPS/4L Configuration on EPC Mode in the State of Maharashtra.,MoRTH,618155,Maharashtra,MoRTH,396.17,85.57,70.8,15.0,0.46875453,0.46875453,LOW
1823,"Construction of Balance Work of the 4-Laning of the Section from Jorhat to Jhanji of NH-37 Old from Km 463.00 to Km 477.000 14.000 Km, under SARDP- NE under EPC Mode in the state of Assam Pkg-II Road Works",NHIDCL,618443,Assam,NHIDCL,438.44,0.0,95.86,26.0,0.4676881,0.4676881,LOW
1824,RPR TAWA-III UG 0.84 MTY,Western Coalfields Limited [WCL],613804,Madhya Pradesh,Western Coalfields Limited [WCL],314.09,17.89,17.78,52.0,0.4605546,0.4605546,LOW
1825,Construction of two lane with paved shoulder of Ghatol Bypass from km 133.250 to km 140.950 of NH-56 old NH No. 113 on EPC mode in the State of Rajasthan.,MoRTH,619251,Rajasthan,MoRTH,170.49,0.0,0.0,1.0,0.45952705,0.45952705,LOW
1826,PARASEA-BELBAID UG PROJECT,Eastern Coal Fields Limited [ECL],613794,West Bengal,Eastern Coal Fields Limited [ECL],389.1,132.48,22.13,39.0,0.4592601,0.4592601,LOW
1827,Transmission System for evacuation of Power from Rajasthan REZ Ph-IV [Part-4 3.5 GW] Part A [SPV name POWERGRID Ghiror Transmission Limited],Power Grid Corporation of India Limited [POWERGRID],616670,"Multi-States
(Rajasthan, Uttar
Pradesh)",Power Grid Corporation of India Limited [POWERGRID],5846.0,1636.88,31.37,16.0,0.45742053,0.45742053,LOW
1828,TILABONI UG,Eastern Coal Fields Limited [ECL],400186,West Bengal,Eastern Coal Fields Limited [ECL],749.08,53.88,11.9,39.0,0.45530936,0.45530936,LOW
1829,Revamping of Air Pollution Control Systems of SP-1 at Durgapur Steel Plant,Steel Authority of India Limited [SAIL],617251,West Bengal,Steel Authority of India Limited [SAIL],196.4,35.36,24.8,16.0,0.45342717,0.45342717,LOW
1830,"City Gas Distribution [CGD] Project in Gajapati, Kandhamal, Boudh, & Sonepur GA",Ministry of Petroleum & Natural Gas,617818,Odisha,Ministry of Petroleum & Natural Gas,514.91,22.08,5.9,50.0,0.45306078,0.45306078,LOW
1831,"Construction of 2-Lane with paved shoulders of Shillong Western Bypass starting from NH-06 near Ladumsaw existing Km 60.900 of old NH40 to NH106 old NH 44E Package-III, from km 24700 to km 38256 under SARDP-NE PHASE A in the state of Meghalaya on EPC Mode Greenfield alignment",NHIDCL,618419,Meghalaya,NHIDCL,562.48,85.88,50.91,19.0,0.45169502,0.45169502,LOW
1832,Construction of New BG line between Hassan to Belur [27 Km],South Western Railway [SWR] - II,400023,Karnataka,South Western Railway [SWR] - II,749.0,0.94,0.3,4.0,0.4511829,0.4511829,LOW
1833,TRANSMISSION SYSTEM FOR EVACUATION OF POWER FROM RAJASTHAN REZ PH-IV [PART-3/ 6 GW] [BIKANER COMPLEX] PART B [SPV Name POWERGRID Siwani Transmission Limited],Power Grid Corporation of India Limited [POWERGRID],615340,"Multi-States
(Haryana,
Rajasthan)",Power Grid Corporation of India Limited [POWERGRID],5357.0,1446.39,28.27,17.0,0.44867232,0.44867232,LOW
1834,Widening to 2 Lane from Existing Chainage Km 74.700 Km 100.660 Design Chainage Km 53.365 to Km 78.785 on NH- 507 in the State of Uttarakhand.,MoRTH,618039,Uttarakhand,MoRTH,346.82,0.0,29.64,6.0,0.4447417,0.4447417,LOW
1835,Up-gradation of Pichhore- Dinara section of NH-346 from Km 292.750 to 334.550 to two lane with paved shoulders in the state of Madhya Pradesh on EPC mode,MoRTH,618021,Madhya Pradesh,MoRTH,425.97,0.0,19.31,4.0,0.44397846,0.44397846,LOW
1836,Widening/lmprovement of Existing 2 lane to 4-Laning of Karimganj-Silchar section of NH-37 from Design Ch 0.000 near Silchar ISBT to Design Ch 15.970 near Kalinagar Pt I on NH-37 in Assam on HAM Mode Pkg-1,NHIDCL,618313,Assam,NHIDCL,1181.55,0.0,0.0,7.0,0.4420546,0.4420546,LOW
1837,Construction of Dharmagarh Bypass on NH-130C including land acquisition in the state of Odisha on EPC Mode under Annual plan 2022-23.,MoRTH,618079,Odisha,MoRTH,172.66,0.0,15.0,12.0,0.44070408,0.44070408,LOW
1838,Transmission System for Evacuation of Power from Potential Renewable Energy Zone in Khavda area of Gujarat under Phase-IV [7GW] Part B [SPV Name POWERGRID South Olpad Transmission Limited],Power Grid Corporation of India Limited [POWERGRID],615345,Gujarat,Power Grid Corporation of India Limited [POWERGRID],4766.0,1239.16,27.59,18.0,0.43914187,0.43914187,LOW
1839,Widening/lmprovement to 4-Lane with Paved Shoulder from existing road and Greenfield alignment form Design Ch. 62.800 start of proposed Nilambazar/Cheragi Bypass to Design Ch. 87.700 near Chandkhira Village of NH-8 on Silchar-Churaibari in the state of Assam on HAM Mode Package-5,NHIDCL,618312,Assam,NHIDCL,1258.13,0.0,11.0,12.0,0.43519005,0.43519005,LOW
1840,TIRAP OCP,MIS MoCoal Integration Logins,615821,Assam,MIS MoCoal Integration Logins,289.46,105.61,3.26,41.0,0.43495953,0.43495953,LOW
1841,RPR OF VISHNUPURI UG TO OC,Western Coalfields Limited [WCL],615187,Madhya Pradesh,Western Coalfields Limited [WCL],220.62,0.0,11.2,41.0,0.43247557,0.43247557,LOW
1842,Delhi University Eastern Campus at Surajmal Vihar,Delhi University,616886,Delhi,Delhi University,373.0,28.13,12.0,13.0,0.43209013,0.43209013,LOW
1843,Widening/Improvement to 4-Lane with Paved Shoulder from km 626030 Nalani hulla Gaon to km 650450 Chotahapjan on existing Tinsukhia -Makum Bypass of NH-15 OLD NH-37 and Strengthening of existing NH-315 OLD NH-38 from Km 0000 Chotahapjan to Km 16900 Bogapani section 2-Lane PS in Assam on EPCMode under NHO-NE Package-3,NHIDCL,618340,Assam,NHIDCL,458.59,217.2,83.39,35.0,0.4306931,0.4306931,LOW
1844,Double Chord line Between Nilaje-Kopar,CentralRailway,617364,Maharashtra,CentralRailway,338.33,24.04,24.0,15.0,0.43065915,0.43065915,LOW
1845,Construction of flyover at Gammon Junction at Km.903.265 on NH16 including vent at Diwancheruvu junction at Km.902.308 Blackspot ID No.AP03299 in Andhra Pradesh on EPC mode under NHO,National Highways Authority of India [NHAI],618525,Andhra Pradesh,National Highways Authority of India [NHAI],326.61,13.18,8.8,6.0,0.42902282,0.42902282,LOW
1846,"Strengthening, Widening & Up-gradation of newly declared NH-761 from NH- 61Junction-BelheAlkutiDevibhoyareNighojShirur, from Design chainage Km 0.000 to Km 37.970 from Single/Intermediate/2L to 2LPS in the State of Maharashtra on EPC Mode Length 37.970 Km",MoRTH,618061,Maharashtra,MoRTH,386.16,30.86,56.86,13.0,0.42225337,0.42225337,LOW
1847,KOLGAON EXPANSION DEEP OC MINE,Western Coalfields Limited [WCL],615199,Maharashtra,Western Coalfields Limited [WCL],198.71,23.54,2.82,31.0,0.422019,0.422019,LOW
1848,Change of service of existing Mundra-Panipat Pipeline [Panipat - Churwa section] from Crude oil to Product,IOCL,619196,Haryana,IOCL,359.0,10.37,35.3,11.0,0.41943952,0.41943952,LOW
1849,KHARSIA- NAYA RAIPUR-PARMALKASA 5th and 6th Line [278KM],CAO/C/SECR,617200,Chhattisgarh,CAO/C/SECR,7853.84,0.64,0.0,12.0,0.41483608,0.41483608,LOW
1850,Development of New Civil Enclave at Bihta,612183,-,Bihar,Airport Authority of India [AAI],1413.0,7.64,1.28,12.0,0.41429237,0.41429237,LOW
1851,Augmentation of DUPL-DPPL Pipeline,Ministry of Petroleum & Natural Gas,619224,Maharashtra,Ministry of Petroleum & Natural Gas,844.0,0.61,6.1,10.0,0.41296124,0.41296124,LOW
1852,"City Gas Distribution [CGD] Project in Kondagaon, Bastar, Sukma, Narayanpur, Bijapur & Dantewada GA",Ministry of Petroleum & Natural Gas,617819,Chhattisgarh,Ministry of Petroleum & Natural Gas,557.04,8.76,2.2,46.0,0.41276166,0.41276166,LOW
1853,Demo Bio-ATF Project,Ministry of Petroleum & Natural Gas,616879,Karnataka,Ministry of Petroleum & Natural Gas,364.0,71.1,47.4,25.0,0.4110357,0.4110357,LOW
1854,JHIRIA WEST OCP [1.5 MTY],South Eastern Coalfields Limited [SECL],613803,Madhya Pradesh,South Eastern Coalfields Limited [SECL],366.94,35.57,41.29,27.0,0.4107336,0.4107336,LOW
1855,URDHAN EXPANSION OC COST PLUS,Western Coalfields Limited [WCL],615194,Madhya Pradesh,Western Coalfields Limited [WCL],206.88,27.32,2.02,39.0,0.40997756,0.40997756,LOW
1856,Devbhumi Dwarka [Okha] - Kanalus Doubling,Western Railway [WR] - II,618972,Gujarat,Western Railway [WR] - II,1456.77,0.0,0.0,4.0,0.40788394,0.40788394,LOW
1857,Augmentation of Transformation Capacity at jam Khambhaliya PS [GIS] [SPV Name POWERGRID Jam Khambhaliya Transmission Limited],Power Grid Corporation of India Limited [POWERGRID],615342,Gujarat,Power Grid Corporation of India Limited [POWERGRID],329.0,36.19,13.5,18.0,0.4072537,0.4072537,LOW
1858,Work of 6 laning/Construction of elevated corridor from km 0/0 to 10/170 Narol Junction to Sarkhej junction including 4 lane Shastri Bridge on Sabarmati river on NH 47 in the State of Gujarat on HAM mode,MoRTH,617916,Gujarat,MoRTH,1295.39,0.0,26.0,8.0,0.40680388,0.40680388,LOW
1859,"Phase III A works at IIT Indore [03 Hostels, 01 Studio Apartment, 01 Housing, Heavy & Sophisticated lab complex, Academic POD and Infrastructure for center of excellence]","Indian Institute of Technology, Indore",611957,Madhya Pradesh,"Indian Institute of Technology, Indore",496.28,78.35,58.0,24.0,0.39947549,0.39947549,LOW
1860,Samni Jambusar 24 km,PCE/WR,611971,Gujarat,PCE/WR,350.0,71.06,31.0,47.0,0.39643258,0.39643258,LOW
1861,Improvement and Widening to 2-lane with paved shoulder of road from Km 101.300 to km 127.319 Total Length 26.019 Km i.e. the Khowai Teliamura-Amarpur-Harina- Sabroom section of NH 208 in the state of Tripura on EPC under JICA ODA Loan Phase VI Package-1,NHIDCL,618370,Tripura,NHIDCL,431.78,0.0,58.12,21.0,0.39262572,0.39262572,LOW
1862,Widening to 2LPS from Km 67 to Km 115 on Kadur-Hosadurga section NH 173 in the state of Karnataka NH-173-KNT-2022-23-980 dated 13.03.2023,MoRTH,617999,Karnataka,MoRTH,471.62,80.08,64.33,19.0,0.3827722,0.3827722,LOW
1863,Construction of Bulb line at Nabinagar Ankorah of East Central Railway,East Central Railway [ECR] - I,617231,Bihar,East Central Railway [ECR] - I,611.74,0.0,0.0,22.0,0.38212842,0.38212842,LOW
1864,AMLG GAURI PAUNI EXPANSION OC,Western Coalfields Limited [WCL],615916,Maharashtra,Western Coalfields Limited [WCL],1225.21,88.88,4.21,24.0,0.38049138,0.38049138,LOW
1865,Rehabilitation and Up-gradation of Jarud - Sirsala section of NH-361F km 59500 to km11500 to Two lane with paved shoulder/ Four Lane in the state of Maharashtra on EPC mode Length 55.5 Km.,MoRTH,618137,Maharashtra,MoRTH,540.35,95.57,49.89,11.0,0.378923,0.378923,LOW
1866,LUCKNOW METRO RAIL PROJECT PHASE-1B EAST WEST CORRIDOR,Uttar Pradesh metro rail corporation [UPMRC],619052,Uttar Pradesh,Uttar Pradesh metro rail corporation [UPMRC],5801.05,0.0,1.0,-1.0,0.3752828,0.3752828,LOW
1867,Widening to 2LPS from Km 0.000 to 37.850 Except Ex. Km 24.45 to 27.20 of NH-766c Byndoor-Ranebennur Section in the state of Karnataka on EPC Mode under Annual Plan 2022-23 NH-766C-KNT-2022-23-969 dated 30.12.2022,MoRTH,618185,Karnataka,MoRTH,394.95,0.0,0.0,8.0,0.37431172,0.37431172,LOW
1868,Development of Keshod Airport.,619054,-,Gujarat,Airport Authority of India [AAI],363.1,87.88,33.13,9.0,0.35698795,0.35698795,LOW
1869,Construction of Shopian Bypass on NH-444 taking off from existing chainage Km 36500 and re-joining at km 47588 of existing Chainage New Design Ch. From km 28000 to km 36925 as 2- lane with paved shoulder in the UT of Jammu & Kashmir on EPC mode.,MoRTH,618038,"Jammu and
Kashmir",MoRTH,224.44,0.0,3.0,3.0,0.35387504,0.35387504,LOW
1870,NADIAD-PETLAD [37.26 KM],Railway,709812,Gujarat,Railway,461.91,186.78,8.0,30.0,0.3535728,0.3535728,LOW
1871,Balance work of Rehabilitation and Up-gradation to 4-Lane configuration of Ras- Beawar Section Km 00.000 to km 30.050 of NH-158 in the State of Rajasthan under Green National Highway Corridor Project GNHCP.,MoRTH,618235,Rajasthan,MoRTH,278.1,28.57,37.16,10.0,0.34977198,0.34977198,LOW
1872,Bulk Loading Hub- Kanpur,MinistryofPetroleumNaturalGas,619312,Uttar Pradesh,MinistryofPetroleumNaturalGas,186.0,92.47,54.0,7.0,0.3495854,0.3495854,LOW
1873,Widening to 2LPS between Km 0/0 to 56/0 Khokhara Gujarat Border Vijayanagar Antrasuba Mathasur road of NH 58 in the State of Gujarat,MoRTH,617927,Gujarat,MoRTH,699.19,0.0,24.0,7.0,0.34913817,0.34913817,LOW
1874,New construction of Major Bridge with Approaches from Km 0.000 to 1.200 Madhopur -Badabanta section of NH-20 under NHO in Annual Plan 2022-23 in the State of Odisha,MoRTH,617898,Odisha,MoRTH,199.5,0.1,0.0,12.0,0.3449348,0.3449348,LOW
1875,3rd Line between Gudur Renigunta 83.17 Km,South Central Railway [SCR] - II,617216,Andhra Pradesh,South Central Railway [SCR] - II,877.34,205.35,0.16,18.0,0.34473765,0.34473765,LOW
1876,Nandyala-Kurnool/Kadapa Border section of NH-167K i.e. Km 186/000 to Km 250/000Design Ch.186000 to 248010 to 2LPS,MoRTH,617987,Andhra Pradesh,MoRTH,691.81,0.0,40.49,7.0,0.33791038,0.33791038,LOW
1877,Widening and Strengthening/Reconstruction to Two Lane with Paved Shoulder/ Two Lane with paved shoulders with service road from km 0000 to km 42250 excluding design Ch. 03220 to 04200 & 28350 to 29060 of NH-320G in the state of Jharkhand under EPC mode,MoRTH,618123,Jharkhand,MoRTH,423.18,4.11,0.0,32.0,0.33170003,0.33170003,LOW
1878,"City Gas Distribution Project at Jammu, Udhampur, Reasi, Samba and Kathua Districts",MinistryofPetroleumNaturalGas,709773,"Jammu and
Kashmir",MinistryofPetroleumNaturalGas,538.0,4.32,0.6,49.0,0.3254242,0.3254242,LOW
1879,Phase B of Construction of Permanent Campus of IIT Palakkad,INDIAN INSTITUTE OF TECHNOLOGY PALAKKAD,617878,Kerala,INDIAN INSTITUTE OF TECHNOLOGY PALAKKAD,1527.0,9.8,0.0,3.0,0.32189712,0.32189712,LOW
1880,Flyover between Pendurthi and Simhachalam North to avoid surface crossing at Simhachalam 7.135 km PB 73 of 2023 24 NR,East Coast Railway [ECoR] - II,612827,Andhra Pradesh,East Coast Railway [ECoR] - II,183.65,14.79,15.0,23.0,0.32005888,0.32005888,LOW
1881,186 MW Tato-I H E Project,North Eastern Electric Power Corporation Limited,611699,Arunachal Pradesh,North Eastern Electric Power Corporation Limited,1750.07,73.91,5.04,11.0,0.3190796,0.3190796,LOW
1882,Network Expansion Scheme in Maharashtra for removal of Transmission constraints in Pune Region-I [765/400kV AIS Pune East],Power Grid Corporation of India Limited [POWERGRID],619227,Maharashtra,Power Grid Corporation of India Limited [POWERGRID],1420.0,2.84,0.5,1.0,0.3156286,0.3156286,LOW
1883,"STABILIZATION OF LAND SLIDE AND SLOPE PROTECTION AT KM 11.00 TO KM 11.08, 29,730 KM TO 30,060 KM, 30,400 KM TO 31,060 KM, 34,750 KM TO 35,300 KM, 38,950 KM TO 39,030 KM & 39,460 KM TO 39,540 KM TWO LOC CLUBBED, KM 40,400 TO KM 40,650, KM 43,500 KM 43,680, 52,460 RISHIKESH - DHARASU ROAD NH-94 ON EPC MODE IN THE STATE OF UTTARAKHAND. NOSE OF LAND SLIDE - 12 NOS",MoRTH,618212,Uttarakhand,MoRTH,197.26,0.0,15.06,6.0,0.3142267,0.3142267,LOW
1884,Replacement of Hot Leveller No.1 of Plate Mill at Bhilai Steel Plant,Steel Authority of India Limited [SAIL],617243,Chhattisgarh,Steel Authority of India Limited [SAIL],198.62,75.16,79.73,20.0,0.3140178,0.3140178,LOW
1885,Eastern Region Expansion Scheme-43 [ERES-43],Power Grid Corporation of India Limited [POWERGRID],617271,"Multi-States
(Bihar, Odisha,
West Bengal)",Power Grid Corporation of India Limited [POWERGRID],342.69,102.8,29.73,19.0,0.31062105,0.31062105,LOW
1886,Transmission System Strengthening for integration of additional RE Potential at Davanagere [0.25 GW] and Bellary [2.75 GW],Power Grid Corporation of India Limited [POWERGRID],619228,Karnataka,Power Grid Corporation of India Limited [POWERGRID],1111.0,5.5,1.0,2.0,0.30817416,0.30817416,LOW
1887,PARASCOLE JAMBAD OCP,Eastern Coal Fields Limited [ECL],616230,West Bengal,Eastern Coal Fields Limited [ECL],1193.55,11.42,0.22,17.0,0.30802685,0.30802685,LOW
1888,"Construction for Mitigation Measures of 10 Nos. Landslides, 01 No. Sinking Zones and 1 No. of Minor Bridge in between at Ch. Km 368.00 to Km 433.00 on NH-07 on EPC Mode in Uttarakhand Package-1",NHIDCL,618393,Uttarakhand,NHIDCL,216.68,107.69,96.0,22.0,0.3054812,0.3054812,LOW
1889,Muddanur to B. Kothapalli section of NH-716G from Km. 0/000 to Km. 56/500 56.500 Km in the State of Andhra Pradesh on EPC mode Job no. 741,MoRTH,618053,Andhra Pradesh,MoRTH,1019.97,0.0,20.63,8.0,0.30515435,0.30515435,LOW
1890,GAURIDEEP/GAURI CENTRAL OCP 7.,Western Coalfields Limited [WCL],615917,Maharashtra,Western Coalfields Limited [WCL],973.07,1.55,2.31,22.0,0.30067664,0.30067664,LOW
1891,"Augmentation of Transformation Capacity by 3x500 MVA, 400/220 KV ICTS [6th-8th] and 1x1500 MVA, 765/400 KV ICT [4th] at Bidar PS [SPV Name- POWERGRID Bidar Augmentation Transmission Limited]",Power Grid Corporation of India Limited [POWERGRID],617068,Karnataka,Power Grid Corporation of India Limited [POWERGRID],288.0,20.16,7.2,14.0,0.30054733,0.30054733,LOW
1892,810 MW Solar Power Project - Rajasthan,NLC India Limited [NLCIL],618981,Rajasthan,NLC India Limited [NLCIL],4147.07,224.77,0.0,7.0,0.29980907,0.29980907,LOW
1893,Guwahati Ring Road in the State of Assam,National Highways Authority of India [NHAI],618934,Assam,National Highways Authority of India [NHAI],5729.47,3.15,0.0,3.0,0.2991617,0.2991617,LOW
1894,Installation of Compression facility at GAIL Usar,Ministry of Petroleum & Natural Gas,619225,Maharashtra,Ministry of Petroleum & Natural Gas,260.2,0.0,0.0,12.0,0.29747665,0.29747665,LOW
1895,Construction of new 4 lane major bridge with approaches on Sabarmati River near Dharoi at Km. 82/00 to 86/00 Design length 3.300 km on NH-58 in the State of Gujarat on Hybrid Annuity Mode HAM,MoRTH,617926,Gujarat,MoRTH,398.4,0.0,33.0,8.0,0.29532126,0.29532126,LOW
1896,Transmission System for Strengthening to facilitate evacuation of power from Bhadla/Bikaner Complex,Power Grid Corporation of India Limited [POWERGRID],617269,Uttar Pradesh,Power Grid Corporation of India Limited [POWERGRID],212.81,6.38,3.0,16.0,0.29519448,0.29519448,LOW
1897,Paradeep - Badabandha 3rd & 4th Line / 18.51kms,East Coast Railway [ECoR] - II,616695,Odisha,East Coast Railway [ECoR] - II,300.15,0.89,10.5,12.0,0.29426363,0.29426363,LOW
1898,Orvakal Industrial Area,NICDC,617727,Andhra Pradesh,NICDC,2786.0,112.0,6.14,6.0,0.29059806,0.29059806,LOW
1899,"Construction of 4-Lane Bridge including approaches over River Brahmaputra between Dhubri on North Bank,Assam and Phulbari on south Bank,Meghalaya on NH-127B under JICA ODA Loan assistance Phase-III",NHIDCL,618373,Assam,NHIDCL,4997.04,2808.4,74.36,64.0,0.28892046,0.28892046,LOW
1900,Rehabilitation and Up-gradation of i. Deogaon phata to Digras phata Ch. 0/000 to 15/000 & Selu to Borgavhan Ch 20/900 to 35/800 [Length 29.9km] ii. Injegaon Dhamoni to Pohner Phata Ch.58/200 to Ch. 83/700 [Length25.5 km] and iii. Pohner phata to Pathri Design Ch. 42/700 to 58/200 [Length 15.5 km] sections of NH-548B to Two lane with paved shoulder configuartion in the state of Maharashtra on EPC mode Total project length 70.9 Km.,MoRTH,618150,Maharashtra,MoRTH,761.83,0.0,15.0,11.0,0.28750408,0.28750408,LOW
1901,Buramara-Chakulia new line [59.96 km],South Eastern Railway [SER] - I,616588,"Multi-States
(Jharkhand,
Odisha, West
Bengal)",South Eastern Railway [SER] - I,1459.13,7.58,0.0,16.0,0.28486332,0.28486332,LOW
1902,Doubling of Narkatiaganj Raxaul Sitamarhi Darbhanga & Sitamarhi Muzaffarpur 256 KM,East Central Railway [ECR] - I,617239,Bihar,East Central Railway [ECR] - I,4079.95,2.67,0.0,5.0,0.2826408,0.2826408,LOW
1903,KOLARPIMPRI EXPANSION OC [2.5,Western Coalfields Limited [WCL],617278,Maharashtra,Western Coalfields Limited [WCL],630.37,0.61,0.35,14.0,0.28131533,0.28131533,LOW
1904,Provision of ICT Augmentation & Bus Reactor at Bhuj-II PS,Power Grid Corporation of India Limited [POWERGRID],617801,Gujarat,Power Grid Corporation of India Limited [POWERGRID],581.74,7.08,1.5,13.0,0.28038543,0.28038543,LOW
1905,RPR FOR DURGAPUR OCP 10 MTY,SECL - CIL,619171,Chhattisgarh,SECL - CIL,2415.91,2.35,0.01,7.0,0.2797243,0.2797243,LOW
1906,"Setting up IT Infrastructure including Network Security and Hosting at AIIMS, New Delhi",PMSSY AND Institute of NATIONAL Importance,617882,Delhi,PMSSY AND Institute of NATIONAL Importance,358.19,0.0,0.0,7.0,0.27937296,0.27937296,LOW
1907,Augmentation of Transformation Capacity at Bhuj-II PS [GIS],Power Grid Corporation of India Limited [POWERGRID],617391,Gujarat,Power Grid Corporation of India Limited [POWERGRID],488.29,5.86,1.5,14.0,0.2730285,0.2730285,LOW
1908,Inter-Regional Strengthening between SR Grid and ER Grid,Power Grid Corporation of India Limited [POWERGRID],619030,"Multi-States
(Andhra Pradesh,
Odisha)",Power Grid Corporation of India Limited [POWERGRID],2722.5,13.4,1.0,2.0,0.2718577,0.2718577,LOW
1909,Provision of Dynamic Reactive Compensation at Khavda pooling Station 1 [KPS1] and Khavda Pooling station 3 [KPS3],Power Grid Corporation of India Limited [POWERGRID],615343,Gujarat,Power Grid Corporation of India Limited [POWERGRID],501.0,25.05,6.0,17.0,0.27119905,0.27119905,LOW
1910,Widening/lmprovement to 4-Laning and Greenfield alignment with Paved shoulder of Silchar-Badarpur Churaibari section of NH-37 & NH-8 from Design chainage 38.600 End point of proposed Badarpur Bypass to Km. 62.800 Start point of proposed Nilambazar/Cheragi Bypass in the state of Assam on HAM Mode Package-4,NHIDCL,618309,Assam,NHIDCL,1319.55,0.0,14.6,8.0,0.2671087,0.2671087,LOW
1911,Additional Transmission System for evacuation of Power from Bhadla-III PS as part of Rajasthan REZ Phase III Scheme [20 GW] [SPV Name POWERGRID Bhadla-III Power Transmission Limited],Power Grid Corporation of India Limited [POWERGRID],615337,Rajasthan,Power Grid Corporation of India Limited [POWERGRID],369.0,210.33,63.85,20.0,0.26560578,0.26560578,LOW
1912,Gondia - Dongargarh 4th line [84 Km],South Eastern Central Railway,618978,"Multi-States
(Chhattisgarh,
Maharashtra)",South Eastern Central Railway,2222.53,0.0,0.0,6.0,0.2649685,0.2649685,LOW
1913,"Widening, Reconstruction & Up-gradation to 2 lane with Paved Shoulder/Four Lane configuration for the work of Sautada to Shirapur Section of NH-561 from Design km 86300 to km 125589 in the state of Maharashtra on EPC mode. Design length 39.289 km",MoRTH,618138,Maharashtra,MoRTH,349.57,0.0,41.13,11.0,0.2564158,0.2564158,LOW
1914,4-Laning from End of Zuari approaches to Start of Margao Bypass section of NH-66 from Km 536.800 to Km 543.450,MoRTH,617941,Goa,MoRTH,398.25,0.0,0.0,2.0,0.25235957,0.25235957,LOW
1915,Construction of 6 lane flyover from Khapari ROB to Mihan Interchange design chainage km 8760 to 11450 L- 2.69 km and upgradation of existing 4L PS road to 6LPS with service road by flexible pavement design chainage km 11450 to 14500 L- 3.05 [total project length 5.74 km] in section of Nagpur - Hyderabad NH-44 Old NH-7 in Nagpur district in the state of Maharashtra on HAM mode.,MoRTH,617912,Maharashtra,MoRTH,619.55,0.0,6.05,6.0,0.25158453,0.25158453,LOW
1916,Widening to Two Lane with Paved Shoulder of NH-73 New Spur Road Ujire - Dharmasthala - Periyashanthi in the State of Karnataka under on HAM under NHO Annual Plan 2023-24Job No NH-73Spur-KNT-2023-24-996,MoRTH,618189,Karnataka,MoRTH,613.65,0.0,0.0,5.0,0.25150904,0.25150904,LOW
1917,Construction of lntermediate Lane Road with hard shoulder from design chainage Km 0.000 to Km 53.040 Existing Length68.500 Km & Total Design length 53.04 km of Tato to Monigong section of NH-913 Frontier Highway on Nafra Bomdila to Vijaynagar along China border in state of Arunachal pradesh on EPC mode,NHIDCL,618404,Arunachal Pradesh,NHIDCL,625.61,0.0,21.37,11.0,0.25134233,0.25134233,LOW
1918,Construction of i Connecting Road from Z-Morh Tunnel to Zojila Tunnel Road Length 18.475km and ii 14.150 Km long 2-L Bi-directional single tube Zoji-la Tunnel across Zojila Pass on Sonamarg - Kargil section from Km 82 to Km 118 of NH-01 under PMDP,NHIDCL,618412,Andhra Pradesh,NHIDCL,6808.69,3214.27,66.05,66.0,0.24809308,0.24809308,LOW
1919,Inter-Regional Strengthening between SR Grid and WR Grid,Power Grid Corporation of India Limited [POWERGRID],617808,"Multi-States
(Karnataka,
Maharashtra)",Power Grid Corporation of India Limited [POWERGRID],1007.0,20.14,2.5,6.0,0.24790743,0.24790743,LOW
1920,Furkating-New Tinsukia[194 Km],Northeast Frontier Railway [NFR],618986,Assam,Northeast Frontier Railway [NFR],3633.58,0.0,0.0,7.0,0.24655883,0.24655883,LOW
1921,Construction of IIT Bhubaneswar -Phase III,"Indian Institute of Technology, Bhubaneshwar",611961,Odisha,"Indian Institute of Technology, Bhubaneshwar",454.27,100.77,7.0,23.0,0.24321817,0.24321817,LOW
1922,BLOCK E OCP,Ministry of Coal,616253,Jharkhand,Ministry of Coal,5850.83,20.32,4.17,25.0,0.2415342,0.2415342,LOW
1923,Kopparthy Industrial Area,NICDC,617729,Andhra Pradesh,NICDC,2136.0,39.75,3.0,6.0,0.24062353,0.24062353,LOW
1924,Provision of four bitumen tanks with capacity of 5 TMT each at Visakh Refinery,Ministry of Petroleum and Natural Gas,619226,Andhra Pradesh,Ministry of Petroleum and Natural Gas,258.34,1.65,10.5,7.0,0.24000211,0.24000211,LOW
1925,KATKONA RO UG MINE,South Eastern Coalfields Limited [SECL],615191,Chhattisgarh,South Eastern Coalfields Limited [SECL],329.21,62.03,2.01,39.0,0.2383118,0.2383118,LOW
1926,"Pipeline Rehabilitation Project, Phase-II",Ministry of Petroleum & Natural Gas,617827,"Multi-States
(Assam, Bihar,
West Bengal)",Ministry of Petroleum & Natural Gas,680.0,8.19,24.0,16.0,0.22982079,0.22982079,LOW
1927,New Line between Junagarh - Nabarangpur [116.21 Km],Indian Railway,618995,Odisha,Indian Railway,2864.51,0.0,0.0,8.0,0.22913173,0.22913173,LOW
1928,Badampahar-Kendujhargarh new line [82.06 km],CAO/C/SER,616587,Odisha,CAO/C/SER,1875.72,2.15,0.0,7.0,0.22899103,0.22899103,LOW
1929,WAGHODA UG MINE [1.02 MTY],Western Coalfields Limited [WCL],617233,Maharashtra,Western Coalfields Limited [WCL],379.3,0.0,0.01,15.0,0.22353895,0.22353895,LOW
1930,Construction of Champawat Bypass with two lane with paved shoulder configuration starting from existing chainage 121.700 to existing chainage 129.450 Design Length 9.847 of NH-125 in District-Champawat in the state of Uttrakhand on EPC mode.,MoRTH,617890,Uttarakhand,MoRTH,220.89,0.0,5.0,3.0,0.22269948,0.22269948,LOW
1931,GADEGAON OC 3 MTY,Western Coalfields Limited [WCL],615331,Maharashtra,Western Coalfields Limited [WCL],497.41,27.55,2.19,30.0,0.21829762,0.21829762,LOW
1932,Desalpar-Hajipir-Luna and Vayor-Lakhpat New Line,Western Railway [WR] - II,617880,Gujarat,Western Railway [WR] - II,2526.47,0.0,0.0,7.0,0.21755446,0.21755446,LOW
1933,Rehabilitation and Up-gradation of Gangakhed Loha section of NH-361F from Km 169/00 to 210/00 to two lane with paved shoulder/ four lane configuration in the state of Maharashtra on EPC mode Length - 41.00 Km.,MoRTH,618139,Maharashtra,MoRTH,355.12,0.0,43.46,12.0,0.21402083,0.21402083,LOW
1934,Koderma-Arigada Doubling 133.38 Km of East Central Railway,East Central Railway [ECR] - I,617832,Jharkhand,East Central Railway [ECR] - I,2887.11,0.0,0.0,10.0,0.2135391,0.2135391,LOW
1935,Babupeth - Sasti New Rail Line [13.114 KMs],CentralRailway,617361,Maharashtra,CentralRailway,362.81,0.48,0.0,18.0,0.21041669,0.21041669,LOW
1936,"Construction of new 2 Lane with paved shoulders of NH Standards from km 0.080 to km 11.690 L11.610 km in Majuli and from km 19.715 to km 27.484 L 7.769 km in Jorhat on the newly declared NH 715K and construction of 1.10 km flyover on NH-715 with its approaches and service roads L1.10 km, Total Length 20.479 km in the State of Assam Job No. 715K/AS/2023-24/256",MoRTH,618159,Assam,MoRTH,382.1,25.58,0.0,7.0,0.20814349,0.20814349,LOW
1937,240MW Heo HE Project,North Eastern Electric Power Corporation Limited,611698,Arunachal Pradesh,North Eastern Electric Power Corporation Limited,1938.85,96.94,4.95,11.0,0.20359561,0.20359561,LOW
1938,"Construction of Intermediate Lane with Hard Shoulder of Hunli to Hayuliang Package- III from design Km 60.000 to Km 121.500 Design Length 61.500 km, Greenfield Section of Frontier Highway NH-913 in the State of Arunachal Pradesh on EPC Mode Pkg-3",NHIDCL,618401,Arunachal Pradesh,NHIDCL,1418.67,0.0,1.7,9.0,0.20155446,0.20155446,LOW
1939,Widening of Existing Road to Two Lane with Paved Shoulder Configuration from Km 0.00 to 26.000 & Km 45.200 To 59.622 Of NH 365BB in the State of Andhra Pradesh Under Annual Plan 2023-24 through EPC Mode,MoRTH,618193,Andhra Pradesh,MoRTH,368.63,37.37,22.55,12.0,0.20005733,0.20005733,LOW
1940,Rehabilitation and upgradation from ch km 50/200 to 56/800 and km 62/600 to 100/403 of Kolde to Visarwadi Near Junction with NH-6 section of NH 752G total length 44.40 to two-lane with paved shoulder / four lanes in the State of Maharashtra on EPC mode.,MoRTH,618176,Maharashtra,MoRTH,349.08,0.0,21.6,3.0,0.19526464,0.19526464,LOW
1941,Bangriposi-Gorumahisani new line [ 85.60 km ],CAO/C/SER,616586,Odisha,CAO/C/SER,2269.49,7.14,0.0,7.0,0.19184247,0.19184247,LOW
1942,Transmission Scheme for evacuation of Power from Ratle HEP [850 MW] & kiru [624 MW] Part B,Power Grid Corporation of India Limited [POWERGRID],617179,"Jammu and
Kashmir",Power Grid Corporation of India Limited [POWERGRID],218.6,3.72,1.7,21.0,0.19106579,0.19106579,LOW
1943,Gondia-Balharshah [Chanda Fort] Doubling [240 Km],South East Central Railway,617201,Maharashtra,South East Central Railway,4373.04,1.0,1.0,12.0,0.18969056,0.18969056,LOW
1944,Development of Palakkad Node under extension of CBIC to Kochi,National Industrial Corridor Development Corporation,701668,Kerala,National Industrial Corridor Development Corporation,3805.0,0.0,1.0,6.0,0.18792517,0.18792517,LOW
1945,AMAL GONDEGAON GHATROHANA EXPN,Western Coalfields Limited [WCL],616229,Maharashtra,Western Coalfields Limited [WCL],668.54,2.94,2.52,19.0,0.1807635,0.1807635,LOW
1946,JHAJHA - BATIA,East Central Railway [ECR] - I,900874,Bihar,East Central Railway [ECR] - I,588.18,2.38,0.1,37.0,0.17683804,0.17683804,LOW
1947,Development of Zaheerabad Node under Hyderabad Nagpur Industrial Corridor,National Industrial Corridor Development Corporation,601812,Telangana,National Industrial Corridor Development Corporation,2360.0,0.0,0.3,2.0,0.17648357,0.17648357,LOW
1948,Pune Metro Rail Project Phase-2 Corridor 2A Vanaz to Chandani Chowk and Corridor 2B Ramwadi to Wagholi/Vitthalwadi,Maharashtra Metro Rail Corporation Limited [MMRCL],618971,Maharashtra,Maharashtra Metro Rail Corporation Limited [MMRCL],3626.24,2.65,1.38,9.0,0.17564929,0.17564929,LOW
1949,"Augmentation at Fatehgarh-II PS, Fatehgarh-IV PS [Section-II] and Barmer-I PS [POWERGRID Fatehgarh Barmer Augmentation Transmission Limited]",Power Grid Corporation of India Limited [POWERGRID],617181,Rajasthan,Power Grid Corporation of India Limited [POWERGRID],404.0,28.28,9.8,13.0,0.17515486,0.17515486,LOW
1950,Nandurshingote to Kolhar,MoRTH,618088,Maharashtra,MoRTH,325.79,9.87,27.0,10.0,0.16697802,0.16697802,LOW
1951,Augmentation of 1x500 MVA 400/220kV ICT [3rd] at Thrissur VSC HVDC Station in Kerala,Power Grid Corporation of India Limited [POWERGRID],619028,Kerala,Power Grid Corporation of India Limited [POWERGRID],173.14,2.08,1.5,8.0,0.16451141,0.16451141,LOW
1952,Inter-regional [NR-WR] Transmission System strengthening to relieve the loading of 765 kV Vindhyachal-Varanasi D/c line,Power Grid Corporation of India Limited [POWERGRID],617807,"Multi-States
(Bihar, Uttar
Pradesh)",Power Grid Corporation of India Limited [POWERGRID],2368.0,35.52,2.0,6.0,0.16246955,0.16246955,LOW
1953,Rehabilitation And Upgradation to four lane with paved shoulder configuration from km 24350 to km 61875 Jawale - Borgaon Kale of NH-63 in the State of Maharashtra on EPC mode under Annual Plan 2024-25 Total length - 37.525 Km.,MoRTH,617938,Maharashtra,MoRTH,574.18,0.06,10.0,7.0,0.16215578,0.16215578,LOW
1954,Gorantla - Hindupur section from Km 120/300 to 165/000 of NH716G in the State of Andhra Pradesh,MoRTH,618052,Andhra Pradesh,MoRTH,808.7,0.0,18.72,8.0,0.15951526,0.15951526,LOW
1955,Sangameswaram - Atmakuru section from Km 96 to Km 124 & Velegodu- Nandyal section including Nandyal Bypass from Km 143/6 to 185/9 NH-167K,MoRTH,617988,Andhra Pradesh,MoRTH,776.17,0.0,20.94,9.0,0.15433076,0.15433076,LOW
1956,Rehabilitation and upgradation of 2 lane with paved shoulder from existing km. 195.175 to km. 220.000 Design Chainage km71.300 to Km. 95.947 Excluding existing chainage Km 200.300 to Km 202.400 Design chainage Km 76.400 to Km 78.400 on Dharasu to Yamunotri Road of NH- 134 Old NH-94,MoRTH,617974,Uttarakhand,MoRTH,344.73,0.0,17.78,6.0,0.15424511,0.15424511,LOW
1957,Balance work of NH-66 from design Km 84/00 to Km 87/100 Indapur Bypass and Km 91/600 to Km 99/100 Mangaon Bypass to four lane with paved shoulder in State of Maharashtra under NHO on EPC Mode.,MoRTH,617945,Maharashtra,MoRTH,354.21,0.0,52.09,6.0,0.1541115,0.1541115,LOW
1958,Chandil - Anara - Damodar - 3rd line [121.26 km],CAO/C/SER,616227,"Multi-States
(Jharkhand, West
Bengal)",CAO/C/SER,1932.01,4.51,0.0,9.0,0.14839117,0.14839117,LOW
1959,Improvement and Widening two lannig with paved Shoulder of NH 127B from km 31.500 Goeragre to km 63.224 Package-II in state of Meghalaya,MoRTH,618076,Meghalaya,MoRTH,504.0,0.0,2.5,11.0,0.1471528,0.1471528,LOW
1960,Tiupati Katpadi 104.39 kms,South Central Railway [SCR] - II,617210,Andhra Pradesh,South Central Railway [SCR] - II,1215.56,0.16,0.05,12.0,0.13752104,0.13752104,LOW
1961,"Construction of 4 lane Gauripur Bypass Starting bfrom Km 852.56 of NH- 31Dumardoha Pt-II and Terminating at Km 862.17 Baladmara via. Khudimari Pt.- II, Fulkumari, Charaldanga, Sajuakuti,Geramari Pt.-III and finally meeting at km 862.17 of NH-17New/ NH-31Old in the State of Assam under EPC Mode Job no. 31/AS/ 2023- 24/265",MoRTH,617896,Assam,MoRTH,421.15,0.0,17.9,12.0,0.13734695,0.13734695,LOW
1962,BALLARPUR NORTH WEST OC MINE,Western Coalfields Limited [WCL],615330,Maharashtra,Western Coalfields Limited [WCL],360.81,3.84,5.17,40.0,0.13537523,0.13537523,LOW
1963,Eastern Region Expansion Scheme-44 [ERES-44],Power Grid Corporation of India Limited [POWERGRID],617270,"Multi-States
(Bihar, West
Bengal)",Power Grid Corporation of India Limited [POWERGRID],408.94,6.13,1.5,17.0,0.13226295,0.13226295,LOW
1964,"Group Gathering Station, Lakwagaon",Ministry of Petroleum & Natural Gas,619316,Assam,Ministry of Petroleum & Natural Gas,495.59,18.04,5.7,6.0,0.12807448,0.12807448,LOW
1965,SAONER-III EXPN UG MINE 1.54,Western Coalfields Limited [WCL],619055,Maharashtra,Western Coalfields Limited [WCL],444.42,0.0,0.0,8.0,0.12526476,0.12526476,LOW
1966,POKHRAN - RAMDEVRA New Line,North Western Railway [NWR],617404,Rajasthan,North Western Railway [NWR],189.21,0.0,0.0,12.0,0.122684285,0.122684285,LOW
1967,North Eastern Region Expansion Scheme-XXIII [NERES-XXIII],Power Grid Corporation of India Limited [POWERGRID],617375,Arunachal Pradesh,Power Grid Corporation of India Limited [POWERGRID],209.38,3.14,1.5,8.0,0.118370086,0.118370086,LOW
1968,New Broad Gauge line between Naliya to Jakhau Port,Western Railway [WR] - II,611943,Gujarat,Western Railway [WR] - II,410.26,11.23,5.0,38.0,0.11053766,0.11053766,LOW
1969,Augmentation of Transformation Capacity and Implementation of Line Bays at Mandsaur S/S for RE Interconnection [SPV Name- POWERGRID Mandsaur I RE Transmission Limited],Power Grid Corporation of India Limited [POWERGRID],617802,Madhya Pradesh,Power Grid Corporation of India Limited [POWERGRID],319.0,12.76,2.5,6.0,0.10186519,0.10186519,LOW
1970,Transmission System Strengthening at Davanagere for Integration of RE Generation [SPV Name - POWERGRID Davanagere Power Transmission Limited],Power Grid Corporation of India Limited [POWERGRID],617803,Karnataka,Power Grid Corporation of India Limited [POWERGRID],379.0,17.06,2.5,7.0,0.057173353,0.057173353,LOW
