rank,project_name,project_code,legacy_ocms_code,State,agency,original_cost,revised_cost,expenditure,physical_progress,cost_overrun_percent,schedule_change_months,expenditure_progress_gap,cost_risk,schedule_risk,progress_risk,financial_risk,rule_based_score,ml_score,final_risk_score,risk_level,risk_reasons
1,Madurai- Tuticorin New Line,Ministry of Railways,705489,Tamil Nadu,Ministry of Railways,601.43,2084.48,641.26,0.0,246.5873002676954,77.0,30.76354774332207,100,100,100,75,96.25,82.11339,90.59535598754883,CRITICAL,Cost overrun above 10% | Schedule delay above 6 months | Low physical progress | Expenditure is significantly ahead of physical progress
2,Lower Pedhi Project,Department of water resources-MH - II,701396,Maharashtra,Department of water resources-MH - II,255.97,1480.7,1516.11,65.0,478.4662265109192,78.0,37.39143648274465,100,100,40,75,81.25,97.07458,87.57983016967773,CRITICAL,Cost overrun above 10% | Schedule delay above 6 months | Expenditure is significantly ahead of physical progress | Expenditure exceeds revised project cost
3,Trivandrum- Kanyakumari,Southern Railway [SR] - I,705635,"Multi-States
(Kerala, Tamil
Nadu)",Southern Railway [SR] - I,1432.0,3785.45,2909.77,56.0,164.34706703910612,39.0,20.8672152584237,100,100,40,75,81.25,95.28546,86.86418533325195,CRITICAL,Cost overrun above 10% | Schedule delay above 6 months | Expenditure is significantly ahead of physical progress
4,Gosikhurd Project,Department of water resources-MH - II,701386,Maharashtra,Department of water resources-MH - II,7196.47,12770.1,14339.36,72.65,77.44949954630535,102.0,39.63854903250562,100,100,40,75,81.25,94.30315,86.47126007080078,CRITICAL,Cost overrun above 10% | Schedule delay above 6 months | Expenditure is significantly ahead of physical progress | Expenditure exceeds revised project cost
5,Integrated Anandpur Barrage Project,Water Resources-OR,603945,Odisha,Water Resources-OR,567.03,2990.05,2776.23,62.85,427.3177786007796,78.0,29.99894901423053,100,100,40,75,81.25,93.34996,86.08998489379883,CRITICAL,Cost overrun above 10% | Schedule delay above 6 months | Expenditure is significantly ahead of physical progress
6,Miyagam-Karjan-Dabhoi-Samlaya [GC],Western Railway [WR] - II,705458,Gujarat,Western Railway [WR] - II,483.88,1039.13,716.47,45.0,114.7495246755394,69.0,23.94902466486387,100,100,75,75,90.0,77.72172,85.08868789672852,CRITICAL,Cost overrun above 10% | Schedule delay above 6 months | Low physical progress | Expenditure is significantly ahead of physical progress
7,Solapur-tuljapur-Osmanabad,Central Railway,705735,Maharashtra,Central Railway,904.92,3295.74,1216.56,12.0,264.20236042965126,12.0,24.913106009576,100,50,100,75,81.25,85.660904,83.01436233520508,CRITICAL,Cost overrun above 10% | Schedule delay above 6 months | Low physical progress | Expenditure is significantly ahead of physical progress
8,Madhya Ganga canal Phase-II,Irrigation & Water Resources-UP,701408,Uttar Pradesh,Irrigation & Water Resources-UP,1060.67,4417.21,4575.74,82.39,316.45469373132073,72.0,21.198916986061334,100,100,0,75,71.25,98.58697,82.18478775024414,CRITICAL,Cost overrun above 10% | Schedule delay above 6 months | Expenditure is significantly ahead of physical progress | Expenditure exceeds revised project cost
9,Kanupur Irrigation Project,Irrigation and CAD-TG,701404,Odisha,Irrigation and CAD-TG,989.43,2301.28,2804.16,79.5,132.5864386566003,78.0,42.35218660919139,100,100,0,75,71.25,94.83183,80.68273544311523,CRITICAL,Cost overrun above 10% | Schedule delay above 6 months | Expenditure is significantly ahead of physical progress | Expenditure exceeds revised project cost
10,Nardave Medium Irrigation Project,Department of water resources-MH - II,701398,Maharashtra,Department of water resources-MH - II,211.46,781.85,626.06,72.59,269.7389577225007,78.0,7.484183027434909,100,100,40,0,70.0,95.83139,80.33255767822266,CRITICAL,Cost overrun above 10% | Schedule delay above 6 months
11,Delhi-Amritsar-Katra Expressway Phase-I Spur-III from Junction with Amritsar- Jalandhar road NH-3 near Bhishambarpura to Junction with Amritsar-Anjala road NH- 354 near Amritsar Airport [Km 71000 to Km 99000 of Amritsar connectivity],National Highways Authority of India [NHAI],619200,Punjab,National Highways Authority of India [NHAI],1641.75,1951.7,1007.55,32.47,18.87924470839044,32.0,19.154225034585224,50,100,75,40,69.75,94.25781,79.553125,CRITICAL,Cost overrun above 10% | Schedule delay above 6 months | Low physical progress
12,Aruna Medium Irrigation Project,Department of water resources-MH - II,701391,Maharashtra,Department of water resources-MH - II,210.45,1472.14,1734.71,98.1,599.52007602756,72.0,19.735939516622068,100,100,0,40,66.0,98.96652,79.18660888671874,CRITICAL,Cost overrun above 10% | Schedule delay above 6 months | Expenditure exceeds revised project cost
13,"Subernarekha Multipurpose Project, Jharkhand",Department of Water Resources-JH,701376,Jharkhand,Department of Water Resources-JH,3807.77,9579.58,5999.8,70.0,151.57979604860589,75.0,-7.36886168287127,100,100,40,0,70.0,91.753494,78.70139694213867,CRITICAL,Cost overrun above 10% | Schedule delay above 6 months
14,Kelo Irrigation Project,Water Resources-CT,400111,Chhattisgarh,Water Resources-CT,459.97,727.04,618.85,72.0,58.06248233580449,78.0,13.119113116197184,100,100,40,40,76.0,81.36614,78.14645919799804,CRITICAL,Cost overrun above 10% | Schedule delay above 6 months
15,Manoharabad-Kothapalli New Rail Line [151 km],South Central Railway [SCR] - II,705437,Telangana,South Central Railway [SCR] - II,1160.0,2781.0,3040.86,72.01,139.74137931034485,9.0,37.33412081984899,100,50,40,75,66.25,95.44975,77.92990112304688,CRITICAL,Cost overrun above 10% | Schedule delay above 6 months | Expenditure is significantly ahead of physical progress | Expenditure exceeds revised project cost
16,Janghai-Pratapgarh- Amethi,CAO/C/II/NR,705588,Uttar Pradesh,CAO/C/II/NR,722.0,1194.0,1691.52,70.0,65.37396121883657,12.0,71.66834170854273,100,50,40,100,70.0,89.50942,77.80376815795898,CRITICAL,Cost overrun above 10% | Schedule delay above 6 months | Expenditure is significantly ahead of physical progress | Expenditure exceeds revised project cost
17,Luhri Stage-I Hydro Electric Project [210 MW],Satluj Jal Vidyut Nigam [SJVN] Thermal Limited,602593,Himachal Pradesh,Satluj Jal Vidyut Nigam [SJVN] Thermal Limited,1810.56,4681.64,1924.48,51.32,158.57414280664548,49.0,-10.213037482591574,100,100,40,0,70.0,89.291855,77.71674346923828,CRITICAL,Cost overrun above 10% | Schedule delay above 6 months
18,Araria Supaul New BG Line,East Central Railway [ECR] - I,705368,Bihar,East Central Railway [ECR] - I,1605.0,2514.0,1711.89,46.7,56.63551401869159,34.0,21.394272076372317,100,100,75,75,90.0,58.46066,77.38426399230957,CRITICAL,Cost overrun above 10% | Schedule delay above 6 months | Low physical progress | Expenditure is significantly ahead of physical progress
19,"Subernarekha Project, Odisha","Department of Water Resources, River Development & GR",701402,Odisha,"Department of Water Resources, River Development & GR",3055.88,7023.19,8060.82,95.5,129.82545126117515,75.0,19.27434043504448,100,100,0,40,66.0,93.83356,77.1334243774414,CRITICAL,Cost overrun above 10% | Schedule delay above 6 months | Expenditure exceeds revised project cost
20,"New Sinter Plant at BSL, SAIL",Steel Authority of India Limited [SAIL],400174,Jharkhand,Steel Authority of India Limited [SAIL],1034.01,1752.3,980.24,59.78,69.4664461658978,116.0,-3.8398071106545686,100,100,40,0,70.0,87.10108,76.84043502807617,CRITICAL,Cost overrun above 10% | Schedule delay above 6 months
21,4L of Siwan- Masrakh section of Ram Janki Marg from Km 230.385 to Km 281.391 of NH-227A,National Highways Authority of India [NHAI],618926,Bihar,National Highways Authority of India [NHAI],1431.36,1927.04,190.58,10.07,34.63000223563604,24.0,-0.1802208568581864,75,75,100,0,70.0,86.92527,76.77010726928711,CRITICAL,Cost overrun above 10% | Schedule delay above 6 months | Low physical progress
22,4/6L Greenfield Ludhiana Rupnagar highway from Jn. with NE-5 village near to ManewalLudhiana to Jn. with NH-205 near Bheora Village Rupnagar from Km. 0.00 to Km. 37.7 including spur to Kharar with Ludhiana bypass of NH-205K Pkg-1,National Highways Authority of India [NHAI],619318,Punjab,National Highways Authority of India [NHAI],1368.91,1382.48,487.99,15.31,0.9912996471645276,36.0,19.988159828713613,25,100,100,40,68.5,88.51785,76.50714263916015,CRITICAL,Schedule delay above 6 months | Low physical progress
23,Rammam-III HEPP [3x40 MW],National Thermal Power Corporation [NTPC],602184,West Bengal,National Thermal Power Corporation [NTPC],1381.84,2865.56,1568.56,55.06,107.37277832455278,114.0,-0.3216591521378049,100,100,40,0,70.0,85.325035,76.1300163269043,CRITICAL,Cost overrun above 10% | Schedule delay above 6 months
24,4L of Amritsar-Ghoman - Tanda - Una Section from Km 8.270 to Km 54.000 of NH- 503A Package-I,National Highways Authority of India [NHAI],618906,Punjab,National Highways Authority of India [NHAI],857.91,1443.47,517.34,67.1,68.25424578335723,30.0,-31.259975614318265,100,100,40,0,70.0,84.95396,75.98158264160156,CRITICAL,Cost overrun above 10% | Schedule delay above 6 months
25,Solan - Kaithlighat Section of NH-22 Now NH-5 from Km. 106.139 to Km.129.05,National Highways Authority of India [NHAI],619003,Himachal Pradesh,National Highways Authority of India [NHAI],881.74,1519.53,652.04,90.11,72.33311406990723,66.0,-47.199363158345015,100,100,0,0,60.0,98.431,75.37240219116211,CRITICAL,Cost overrun above 10% | Schedule delay above 6 months
26,4L of Dwarka-Khambaliya-Devariya section from km 203.500 to km 176.500 and from km 171.800 to km 125.000 of NH-151A,National Highways Authority of India [NHAI],619137,Gujarat,National Highways Authority of India [NHAI],1024.69,1753.95,882.1,100.0,71.16884130810294,45.0,-49.70780238889364,100,100,0,0,60.0,98.333305,75.33332443237305,CRITICAL,Cost overrun above 10% | Schedule delay above 6 months
27,4L of HP/Punjab Border - Mo from km. 11.00 to km. 42.00 of Old NH-20 New NH-154 Package-IA,National Highways Authority of India [NHAI],619153,Himachal Pradesh,National Highways Authority of India [NHAI],1002.11,1363.04,537.04,60.06,36.01700412130404,28.0,-20.659835661462616,75,100,40,0,62.5,94.167725,75.1670913696289,CRITICAL,Cost overrun above 10% | Schedule delay above 6 months
28,Bakhtiyarpur Km 153.300 to Mokama Km 197.900,National Highways Authority of India [NHAI],619152,Bihar,National Highways Authority of India [NHAI],1182.94,1898.84,843.24,99.95,60.518707626760424,77.0,-55.54183501506183,100,100,0,0,60.0,97.71602,75.08640670776367,CRITICAL,Cost overrun above 10% | Schedule delay above 6 months
29,4L of Jind-Gohana road Package-1 from km. 0.00 to km. 40.601 of NH-352 A under NHO,National Highways Authority of India [NHAI],619092,Haryana,National Highways Authority of India [NHAI],994.22,1606.82,623.68,99.97,61.61614129669488,46.0,-61.15544703202599,100,100,0,0,60.0,97.65504,75.06201553344727,CRITICAL,Cost overrun above 10% | Schedule delay above 6 months
30,Kochi - Koottanad - Bangalore - Mangalore Pipeline Phase-II,Ministry of Petroleum & Natural Gas,701228,"Multi-States
(Karnataka,
Kerala, Tamil
Nadu)",Ministry of Petroleum & Natural Gas,2915.0,5909.0,4790.3,96.6,102.71012006861064,165.0,-15.532137417498715,100,100,0,0,60.0,97.50206,75.00082397460938,CRITICAL,Cost overrun above 10% | Schedule delay above 6 months
31,Establishment of new GMC Porbandar,"Medical Education, Ministry of Health and Family Welfare",707050,Gujarat,"Medical Education, Ministry of Health and Family Welfare",325.0,618.98,934.64,78.0,90.45538461538465,,72.99680118905295,100,50,0,100,60.0,97.26213,74.90485382080078,CRITICAL,Cost overrun above 10% | Expenditure is significantly ahead of physical progress | Expenditure exceeds revised project cost
32,Vadodara Mumbai Expressway Gandeva to Ena Phase IB - Pkg VII [Km 190.00 to Km 217.500],National Highways Authority of India [NHAI],618465,Gujarat,National Highways Authority of India [NHAI],1710.3,3392.21,2158.87,97.05,98.34005729988893,30.0,-33.40800849593627,100,100,0,0,60.0,96.56698,74.62679290771484,CRITICAL,Cost overrun above 10% | Schedule delay above 6 months
33,Sardar Gouthu Latchanna Thotapalli Barrage Project,Water Resources-AP,400100,Andhra Pradesh,Water Resources-AP,353.05,1023.24,872.65,95.88,189.8286361705141,78.0,-10.596977444196868,100,100,0,0,60.0,96.43814,74.57525634765625,CRITICAL,Cost overrun above 10% | Schedule delay above 6 months
34,Tapovan-Vishnugad HEP [4x130 MW],National Thermal Power Corporation [NTPC],602185,Uttarakhand,National Thermal Power Corporation [NTPC],2978.0,10907.3,7715.24,77.0,266.2625923438549,193.0,-6.26535439567995,100,100,0,0,60.0,96.18132,74.47253036499023,CRITICAL,Cost overrun above 10% | Schedule delay above 6 months
35,Loha-Waranga Section of NH-361 from km 187.800 to km 244.369,National Highways Authority of India [NHAI],618653,Maharashtra,National Highways Authority of India [NHAI],1236.08,3466.58,899.6,96.2,180.44948547019612,72.0,-70.24935123378084,100,100,0,0,60.0,96.17951,74.47180557250977,CRITICAL,Cost overrun above 10% | Schedule delay above 6 months
36,Subansiri Lower HE Project [2000 MW],National Hydroelectric Power Corporation Limited [NHPC],602096,"Multi-States
(Arunachal
Pradesh, Assam)",National Hydroelectric Power Corporation Limited [NHPC],6285.33,26075.5,26150.32,97.64,314.86286320686423,188.0,2.6469360127322688,100,100,0,0,60.0,95.94946,74.37978744506836,CRITICAL,Cost overrun above 10% | Schedule delay above 6 months | Expenditure exceeds revised project cost
37,Jiribam-Imphal new line project,Northeast Frontier Railway [NFR],705391,Manipur,Northeast Frontier Railway [NFR],14323.0,21885.9,16020.78,72.1,52.80248551281157,30.0,1.101376228530711,100,100,40,0,70.0,80.642685,74.25707626342773,CRITICAL,Cost overrun above 10% | Schedule delay above 6 months
38,Vadodara Mumbai Expressway Ena -Kim Phase IB - Pkg VI [Km 217.500 to Km 254.430],National Highways Authority of India [NHAI],618464,Gujarat,National Highways Authority of India [NHAI],2271.86,4297.28,2574.42,98.9,89.15250059422674,29.0,-38.99187206791273,100,100,0,0,60.0,95.53284,74.213134765625,CRITICAL,Cost overrun above 10% | Schedule delay above 6 months
39,Chakur Loha Section of NH-361 from km 114.600 to km 187.80,National Highways Authority of India [NHAI],618652,Maharashtra,National Highways Authority of India [NHAI],1241.38,3342.11,785.13,100.0,169.2253782081232,35.0,-76.50795455565496,100,100,0,0,60.0,95.01521,74.00608444213867,CRITICAL,Cost overrun above 10% | Schedule delay above 6 months
40,Indiramma Flood Flow Canal Project,Irrigation and CAD-TG,400103,Telangana,Irrigation and CAD-TG,1331.3,5940.09,4491.08,92.0,346.1871854578232,84.0,-16.393738142014683,100,100,0,0,60.0,94.92881,73.97152328491211,CRITICAL,Cost overrun above 10% | Schedule delay above 6 months
41,4L of Kathlighat to Shakral Village from Km 128.835 to Km 146.300 of NH- 5 Shimla Bypass - Pkg I,National Highways Authority of India [NHAI],618921,Himachal Pradesh,National Highways Authority of India [NHAI],1703.48,2648.8,980.87,54.0,55.49346044567592,20.0,-16.969269102990033,100,75,40,0,62.5,91.17838,73.97135543823242,CRITICAL,Cost overrun above 10% | Schedule delay above 6 months
42,Sardar Sarovar Project,"Narmada and Water Resources, Water Supply and Kalpsar Department-GJ",701372,Gujarat,"Narmada and Water Resources, Water Supply and Kalpsar Department-GJ",20718.17,33412.5,31860.86,93.7,61.2714829543343,75.0,1.6561092405536897,100,100,0,0,60.0,94.76991,73.90796661376953,CRITICAL,Cost overrun above 10% | Schedule delay above 6 months
43,"Fatuha-Islampur incl. MM for extn.of NL from Neora to Daniawan , Daniawan to Biharsharif, Biharsharif to Barbigha , Barbigha to Shekhpura",East Central Railway [ECR] - I,705373,Bihar,East Central Railway [ECR] - I,1473.0,2882.0,2641.14,98.0,95.6551255940258,29.0,-6.357390700902158,100,100,0,0,60.0,94.47878,73.7915153503418,CRITICAL,Cost overrun above 10% | Schedule delay above 6 months
44,Vadodara Mumbai Expressway Kim to Ankleshwar Phase IA - Pkg V,National Highways Authority of India [NHAI],618463,Gujarat,National Highways Authority of India [NHAI],1324.84,2807.48,1248.75,91.34,111.91087225627248,56.0,-46.860609229629425,100,100,0,0,60.0,94.3186,73.72744369506836,CRITICAL,Cost overrun above 10% | Schedule delay above 6 months
45,Challakere to Hariyur section from km 358.500 to km 414.205 of NH-150 A,National Highways Authority of India [NHAI],618698,Karnataka,National Highways Authority of India [NHAI],1167.52,1873.58,843.6,99.5,60.47519528573386,29.0,-54.47390023377704,100,100,0,0,60.0,94.26587,73.70634841918945,CRITICAL,Cost overrun above 10% | Schedule delay above 6 months
46,Rajiv Bhima Lift Irrigation Scheme,Irrigation and CAD-TG,701406,Telangana,Irrigation and CAD-TG,1402.0,2509.66,1839.76,100.0,79.00570613409414,75.0,-26.69285879362144,100,100,0,0,60.0,94.24773,73.69909286499023,CRITICAL,Cost overrun above 10% | Schedule delay above 6 months
47,Polavaram Irrigation Project,Water Resources-AP,701415,Andhra Pradesh,Water Resources-AP,10151.04,55548.9,26674.77,86.14,447.2237327406846,47.0,-38.11966116340738,100,100,0,0,60.0,94.21635,73.68653869628906,CRITICAL,Cost overrun above 10% | Schedule delay above 6 months
48,Dwarka Expressway from Km -0.600 to Km 5.300 - Pkg-I Shivmurti Chowk-RuB near Dwarka Sector 21,National Highways Authority of India [NHAI],619202,Delhi,National Highways Authority of India [NHAI],2144.67,3929.5,3097.34,98.8,83.22166114134109,44.0,-19.97724901386944,100,100,0,0,60.0,94.099205,73.63968276977539,CRITICAL,Cost overrun above 10% | Schedule delay above 6 months
49,Gundlakamma project,Water Resources-AP,400101,Andhra Pradesh,Water Resources-AP,397.41,697.39,619.46,98.3,75.48375732870333,87.0,-9.474522146861858,100,100,0,0,60.0,93.952,73.58080291748047,CRITICAL,Cost overrun above 10% | Schedule delay above 6 months
50,Establishment of new GMC Koderma,"Medical Education, Ministry of Health and Family Welfare",707021,Jharkhand,"Medical Education, Ministry of Health and Family Welfare",250.0,504.8,270.0,40.0,101.92000000000002,,13.486529318541995,100,50,75,40,69.75,78.98867,73.44546852111816,CRITICAL,Cost overrun above 10% | Low physical progress
51,Gohana - Sonipat PKG-2,National Highways Authority of India [NHAI],618580,Haryana,National Highways Authority of India [NHAI],1275.31,1957.44,734.08,97.86,53.48738738032323,46.0,-60.357956514631354,100,100,0,0,60.0,93.55918,73.42367172241211,CRITICAL,Cost overrun above 10% | Schedule delay above 6 months
52,Establishment of new GMC Kapurthala,"Medical Education, Ministry of Health and Family Welfare",707069,Punjab,"Medical Education, Ministry of Health and Family Welfare",325.0,550.0,0.0,0.0,69.23076923076923,,0.0,100,50,100,0,70.0,78.17607,73.27042961120605,CRITICAL,Cost overrun above 10% | Low physical progress
53,2L PS of Majhauli to Charout section from km. 0.00 to km. 63.655,NHAI,618955,Bihar,NHAI,638.29,1067.51,622.86,99.66,67.24529602531766,54.0,-41.31300559245346,100,100,0,0,60.0,93.03641,73.21456527709961,CRITICAL,Cost overrun above 10% | Schedule delay above 6 months
54,Balance work - WB-10 Gandak Bridge Km 402.00 to Km 440.00 Devanpur - Kotwa,National Highways Authority of India [NHAI],618569,Bihar,National Highways Authority of India [NHAI],210.05,358.3,116.29,64.05,70.57843370626041,35.0,-31.59395757744906,100,100,40,0,70.0,77.58469,73.03387451171875,CRITICAL,Cost overrun above 10% | Schedule delay above 6 months
55,6L Amritsar-Bathinda Greenfield section from village Tiba on NE-5A to Jn. with Moga Jalandhar road NH-703 near Dharamkot from km 0.000 to km 39.000 of NH-754A Pkg-1,National Highways Authority of India [NHAI],618617,Punjab,National Highways Authority of India [NHAI],1229.38,1549.32,772.73,70.28,26.02450015454943,31.0,-20.40457077943872,75,100,40,0,62.5,88.697266,72.97890853881836,CRITICAL,Cost overrun above 10% | Schedule delay above 6 months
56,Relining of Rajasthan feeder and Sirhind Feeder canal,Department of Water Resources-PB,701410,Punjab,Department of Water Resources-PB,1441.26,2462.16,2222.34,90.0,70.8338537113359,60.0,0.2597719075933469,100,100,0,0,60.0,92.22514,72.89005661010742,CRITICAL,Cost overrun above 10% | Schedule delay above 6 months
57,Vishnugad Pipalkoti Hydro Electric Project [444 MW],THDC India Limited,602195,Uttarakhand,THDC India Limited,3860.35,6405.08,5429.35,80.0,65.91967049619853,57.0,4.766310491047733,100,100,0,0,60.0,91.87533,72.7501335144043,CRITICAL,Cost overrun above 10% | Schedule delay above 6 months
58,Aunta - Simaria including Ganga Bridge,National Highways Authority of India [NHAI],618839,Bihar,National Highways Authority of India [NHAI],1309.47,2107.68,812.81,100.0,60.95672294897935,50.0,-61.435796705382224,100,100,0,0,60.0,91.837,72.73479843139648,CRITICAL,Cost overrun above 10% | Schedule delay above 6 months
59,Hospet-Hubli-Vasco da Gama Line Electrification Project,RVNL,706950,"Multi-States (Goa,
Karnataka)",RVNL,744.49,1122.62,1163.14,99.65,50.79047401576917,39.0,3.959413692968255,100,100,0,0,60.0,91.47963,72.59185409545898,CRITICAL,Cost overrun above 10% | Schedule delay above 6 months | Expenditure exceeds revised project cost
60,Waghur Project,Department of water resources-MH - II,701383,Maharashtra,Department of water resources-MH - II,1058.99,1758.51,1557.82,89.57,66.05539240219454,75.0,-0.9825026300675006,100,100,0,0,60.0,91.47934,72.59173583984375,CRITICAL,Cost overrun above 10% | Schedule delay above 6 months
61,North Koel Reservoir Project,"Department of Water Resources, River Development & GR",701412,"Multi-States
(Bihar, Jharkhand)","Department of Water Resources, River Development & GR",1622.27,2430.76,172.97,38.0,49.83695685675013,60.0,-30.884118547285624,75,100,75,0,71.25,74.35713,72.49285316467285,CRITICAL,Cost overrun above 10% | Schedule delay above 6 months | Low physical progress
62,Sheohar-Sitamarhi Section km 40.000 to 79.400 km Lot-I,MoRTH,618005,Bihar,MoRTH,178.85,278.53,0.0,98.65,55.733855185909974,97.0,-98.65,100,100,0,0,60.0,91.12319,72.44927597045898,CRITICAL,Cost overrun above 10% | Schedule delay above 6 months
63,Kozhikode Bypass Calicut Bypass Vengalam Jn. to Ramanattukara Jn.,National Highways Authority of India [NHAI],619098,Kerala,National Highways Authority of India [NHAI],1424.77,2139.18,1048.92,98.75,50.14212820314857,39.0,-49.7162580988977,100,100,0,0,60.0,91.03294,72.41317749023438,CRITICAL,Cost overrun above 10% | Schedule delay above 6 months
64,Bargi Diversion Project Phase - III [km. 104 to km 154],Water Resources-MP,400116,Madhya Pradesh,Water Resources-MP,1229.15,1399.7,2190.05,81.42,13.87544237887971,84.0,75.04567121526041,50,100,0,100,60.0,90.98983,72.39593124389648,CRITICAL,Cost overrun above 10% | Schedule delay above 6 months | Expenditure is significantly ahead of physical progress | Expenditure exceeds revised project cost
65,Bhadrak KM 136.500 to Baleshwar KM 199.141,National Highways Authority of India [NHAI],618523,Odisha,National Highways Authority of India [NHAI],844.67,1394.82,538.51,91.32,65.13194501994862,62.0,-52.712150958546616,100,100,0,0,60.0,90.50533,72.20213317871094,CRITICAL,Cost overrun above 10% | Schedule delay above 6 months
66,Aligarh-Kanpur Pkg I [Aligarh-Bhadwas],National Highways Authority of India [NHAI],618692,Uttar Pradesh,National Highways Authority of India [NHAI],1226.64,2069.6,659.17,100.0,68.72105915345983,50.0,-68.14988403556242,100,100,0,0,60.0,90.38123,72.15249252319336,CRITICAL,Cost overrun above 10% | Schedule delay above 6 months
67,CONSTRUCTION OF 300 BEDDED HOSPITAL AT HARIDWAR,Employee's State Insurance Company [ESIC],612259,Uttarakhand,Employee's State Insurance Company [ESIC],102.4,297.63,334.86,84.0,190.65429687499997,17.0,28.50881967543596,100,75,0,75,63.75,84.439224,72.02569198608398,CRITICAL,Cost overrun above 10% | Schedule delay above 6 months | Expenditure is significantly ahead of physical progress | Expenditure exceeds revised project cost
68,Comprehensive Scheme for Strengthening of Transmission and Distribution [T&D] Systems [CSST&DS] in Arunachal Pradesh and Sikkim,Power Grid Corporation of India Limited [POWERGRID],602223,"Multi-States
(Arunachal
Pradesh, Sikkim)",Power Grid Corporation of India Limited [POWERGRID],4754.42,9129.32,8069.4,83.4,92.0175331586187,99.0,4.989934847283251,100,100,0,0,60.0,90.01123,72.0044937133789,CRITICAL,Cost overrun above 10% | Schedule delay above 6 months
69,Vadodara Mumbai Expressway Talsari to Karvad Phase IB - Pkg X [Km 103.400 to Km 128.000],National Highways Authority of India [NHAI],619064,"Multi-States
(Dadra & Nagar
Haveli and Daman
& Diu, Gujarat,
Maharashtra)",National Highways Authority of India [NHAI],1909.74,2652.24,671.46,36.23,38.87963806591472,32.0,-10.91328658039996,75,100,75,0,71.25,73.031204,71.96248245239258,CRITICAL,Cost overrun above 10% | Schedule delay above 6 months | Low physical progress
70,4L of Sannur to Bikarnakatte section from Km 691.350 to Km 736.362 of NH-169 Karkala - Mangalore Package-III,National Highways Authority of India [NHAI],618896,Karnataka,National Highways Authority of India [NHAI],1386.41,2038.71,973.31,70.22,47.04957407981765,30.0,-22.47853603504177,75,100,40,0,62.5,86.07426,71.92970275878906,CRITICAL,Cost overrun above 10% | Schedule delay above 6 months
71,Development of 6L Greenfield Jalandhar Bypass starting from Kahlwan NH-03 ending at Kang Sahbu NH-703 via Sarmastpur NH-44 - Madara NH-03 - Khajurla NH-44,National Highways Authority of India [NHAI],618552,Punjab,National Highways Authority of India [NHAI],1754.84,2167.39,800.1,48.2,23.509265802010436,29.0,-11.284631746017098,50,100,75,0,63.75,83.67453,71.71981430053711,CRITICAL,Cost overrun above 10% | Schedule delay above 6 months | Low physical progress
72,Upper Tunga Irrigation Project,Water Resources-KA,701377,Karnataka,Water Resources-KA,770.16,1606.07,1515.6,99.32,108.53718707800977,75.0,-4.953004788085195,100,100,0,0,60.0,89.17671,71.67068481445312,CRITICAL,Cost overrun above 10% | Schedule delay above 6 months
73,Joka-BBD Bag new metro project,RVNL - II,705730,West Bengal,RVNL - II,4835.0,10362.0,4932.47,51.0,114.31230610134438,36.0,-3.398475197838252,100,100,40,0,70.0,74.063774,71.62550926208496,CRITICAL,Cost overrun above 10% | Schedule delay above 6 months
74,Maheshkunt-Saharsa-Purnea Pkg I km 0.00 to km. 90.00 of NH-107,National Highways Authority of India [NHAI],618902,Bihar,National Highways Authority of India [NHAI],662.44,1311.22,933.08,85.25,97.93792645371656,57.0,-14.088791354616305,100,100,0,0,60.0,89.04461,71.61784362792969,CRITICAL,Cost overrun above 10% | Schedule delay above 6 months
75,Sunni Dam Hydro Electric Project [382 MW],Satluj Jal Vidyut Nigam [SJVN] Thermal Limited,611586,Himachal Pradesh,Satluj Jal Vidyut Nigam [SJVN] Thermal Limited,2614.51,4925.87,1083.85,33.98,88.40509311496226,20.0,-11.976780264196982,100,75,75,0,71.25,72.14746,71.60898399353027,CRITICAL,Cost overrun above 10% | Schedule delay above 6 months | Low physical progress
76,Byrnihat-Shillong New Rail Line- 108 km,Northeast Frontier Railway [NFR],705396,Meghalaya,Northeast Frontier Railway [NFR],8324.28,8342.28,266.12,2.04,0.2162349176144963,72.0,1.1500151996816212,25,100,100,0,62.5,84.998436,71.49937438964844,CRITICAL,Schedule delay above 6 months | Low physical progress
77,ALL India Institute of Medical Sciences-AIIMS Madurai,PMSSY AND Institute of NATIONAL Importance,701168,Tamil Nadu,PMSSY AND Institute of NATIONAL Importance,1264.0,2021.51,485.02,48.0,59.929588607594944,50.0,-24.007044239207325,100,100,75,0,78.75,60.532814,71.46312522888184,CRITICAL,Cost overrun above 10% | Schedule delay above 6 months | Low physical progress
78,Kazipet-Vijayawada 3rd line with electrification [220 km],South Central Railway [SCR] - II,705612,"Multi-States
(Andhra Pradesh,
Telangana)",South Central Railway [SCR] - II,1953.0,3363.0,5178.65,95.01,72.19662058371735,10.0,58.97899791852511,100,50,0,100,60.0,88.55884,71.42353439331055,CRITICAL,Cost overrun above 10% | Schedule delay above 6 months | Expenditure is significantly ahead of physical progress | Expenditure exceeds revised project cost
79,"Indian Oil Technology Development and Deployment Centre at R&D Campus-II, Faridabad",Ministry of Petroleum & Natural Gas,604853,Haryana,Ministry of Petroleum & Natural Gas,2281.94,3200.0,1879.93,65.0,40.231557359089194,46.0,-6.252187499999991,75,100,40,0,62.5,84.6813,71.37252044677734,CRITICAL,Cost overrun above 10% | Schedule delay above 6 months
80,Delhi-Amritsar-Katra Expressway Phase-I Pkg-IX from Junction with Ludhiana-Moga road NH-5 near Mullanpur Dakha to Junction with Jalandhar - Moga road NH-703 near Kang Sahibu village Km 260860 to km 303900,National Highways Authority of India [NHAI],618489,Punjab,National Highways Authority of India [NHAI],1851.47,2407.14,1348.9,73.26,30.012368550395085,32.0,-17.222544762664405,75,100,40,0,62.5,84.57869,71.33147811889648,CRITICAL,Cost overrun above 10% | Schedule delay above 6 months
81,Mumbai Metro Line 3,Mumbai Metro Rail Corporation Limited [MMRC],702637,Maharashtra,Mumbai Metro Rail Corporation Limited [MMRC],23136.0,37276.0,33526.69,97.79,61.11687413554634,29.0,-7.84824122759953,100,100,0,0,60.0,88.29217,71.31686782836914,CRITICAL,Cost overrun above 10% | Schedule delay above 6 months
82,Western Dedicated Freight Corridor,DFCCIL,705237,"Multi-States
(Gujarat, Haryana,
Maharashtra,
Rajasthan, Uttar
Pradesh)",DFCCIL,51101.0,124005.0,124623.0,96.0,142.6664840218391,45.0,4.4983670013305925,100,100,0,0,60.0,88.23976,71.29590606689453,CRITICAL,Cost overrun above 10% | Schedule delay above 6 months | Expenditure exceeds revised project cost
83,New Railway Line between Ginigera and Raichur [165.57 km],South Western Railway [SWR] - II,705434,Karnataka,South Western Railway [SWR] - II,2565.0,3034.98,2293.26,70.0,18.32280701754386,96.0,5.560959215546731,50,100,40,0,55.0,95.479126,71.191650390625,CRITICAL,Cost overrun above 10% | Schedule delay above 6 months
84,4L of Phagwara - Hoshiarpur,National Highways Authority of India [NHAI],618786,Punjab,National Highways Authority of India [NHAI],1196.38,1503.79,160.92,13.97,25.69501329009176,4.0,-3.2690377645814923,75,25,100,0,55.0,95.26725,71.10689926147461,CRITICAL,Cost overrun above 10% | Low physical progress
85,Durgapur - Haldia Pipeline [Section-3B of JHBDPL Project],Ministry of Petroleum & Natural Gas,617302,West Bengal,Ministry of Petroleum & Natural Gas,1740.0,2493.15,2363.6,94.7,43.2844827586207,69.0,0.1037623087259049,75,100,0,0,52.5,98.47451,70.88980484008789,CRITICAL,Cost overrun above 10% | Schedule delay above 6 months
86,Delhi-Amritsar-Katra Expressway Phase-I Pkg-I from Jussur Kheri on NH-KMP Expressway to Junction with Rohtak-Panipat road NH-709 near Rukhi Paani village Km 0000 to Km 34000,National Highways Authority of India [NHAI],618482,Haryana,National Highways Authority of India [NHAI],1866.49,2429.9,1081.52,99.91,30.1855354167448,29.0,-55.40117247623359,75,100,0,0,52.5,98.36126,70.8445053100586,CRITICAL,Cost overrun above 10% | Schedule delay above 6 months
87,Dhaulasidh Hydro Electric Project [66 MW],Satluj Jal Vidyut Nigam [SJVN] Thermal Limited,602582,Himachal Pradesh,Satluj Jal Vidyut Nigam [SJVN] Thermal Limited,687.97,1561.21,1107.31,77.51,126.9299533409887,16.0,-6.583603166774509,100,75,0,0,52.5,97.857086,70.6428337097168,CRITICAL,Cost overrun above 10% | Schedule delay above 6 months
88,Four Laning of Una to Kodinar from km. 180.478 to km. 221.610 Package-V,National Highways Authority of India [NHAI],619145,Gujarat,National Highways Authority of India [NHAI],877.71,1126.66,630.51,100.0,28.363582504471868,67.0,-44.03724282392204,75,100,0,0,52.5,97.79695,70.61878204345703,CRITICAL,Cost overrun above 10% | Schedule delay above 6 months
89,BharatNet,Department of Telecommunications [DoT],706775,PAN India,Department of Telecommunications [DoT],61109.0,188000.0,46431.54,82.4,207.64699144152252,43.0,-57.70237234042554,100,100,0,0,60.0,85.8915,70.35660171508789,CRITICAL,Cost overrun above 10% | Schedule delay above 6 months
90,BRT Tiger Reserve Boundary Km.287.500 to Bangalore Section Km.458.420 of NH- 209 in Karnataka,National Highways Authority of India [NHAI],619150,Karnataka,National Highways Authority of India [NHAI],2082.69,2859.93,730.43,99.7,37.3190441208245,81.0,-74.15986440227559,75,100,0,0,52.5,96.9777,70.29108047485352,CRITICAL,Cost overrun above 10% | Schedule delay above 6 months
91,Multi Product Pipeline from Irugur to Devangonthi,"Department of Water Resources, River Development & GR",400301,"Multi-States
(Karnataka, Tamil
Nadu)","Department of Water Resources, River Development & GR",678.0,1732.0,1118.26,82.6,155.45722713864308,115.0,-18.03533487297921,100,100,0,0,60.0,85.25658,70.10263061523438,CRITICAL,Cost overrun above 10% | Schedule delay above 6 months
92,8L of Dwarka Expressway Pkg-II RuB near Dwarka Sector 21-DL/HR Border from 5.300 Km.to 9.500 Km. of NH-248BB,National Highways Authority of India [NHAI],619090,Delhi,National Highways Authority of India [NHAI],2067.67,2670.22,1909.28,100.0,29.141497434310104,55.0,-28.49727737789395,75,100,0,0,52.5,96.47684,70.09073638916016,CRITICAL,Cost overrun above 10% | Schedule delay above 6 months
93,Thumbipadi-Namakkal from km. 180.00 to km. 248.625 Package No. NS-2/BOT/TN- 02,National Highways Authority of India [NHAI],619083,Tamil Nadu,National Highways Authority of India [NHAI],255.53,395.43,206.64,100.0,54.74895315618519,210.0,-47.74296335634626,100,100,0,0,60.0,84.78531,69.91412353515625,HIGH,Cost overrun above 10% | Schedule delay above 6 months
94,"Construction of 2-lane with Paved shoulder of Kohima-Bypass Road connecting NH- 39 New NH-02, NH150New NH-02, NH7-61 New NH-29 and NH-39 New NH-02 from Design km 21.000 to km 32.268 [Design length11.268 km] in the state of Nagaland Under SARDP-NE on EPC Mode Package- 3",NHIDCL,618291,Nagaland,NHIDCL,159.85,342.29,84.22,37.38,114.13199874882704,18.0,-12.7751327821438,100,75,75,0,71.25,67.72484,69.83993530273438,HIGH,Cost overrun above 10% | Schedule delay above 6 months | Low physical progress
95,"Pakal Dul [Drangdhuran] Hydroelectric Project, 1000 MW",National Hydroelectric Power Corporation Limited [NHPC],602525,"Jammu and
Kashmir",National Hydroelectric Power Corporation Limited [NHPC],8112.12,12728.0,9114.12,80.5,56.90103203601525,80.0,-8.8931489629164,100,100,0,0,60.0,84.467575,69.78702926635742,HIGH,Cost overrun above 10% | Schedule delay above 6 months
96,NMDC Slurry Pipeline Project Phase-1,National Mineral Development Corporation Limited [NMDC],706811,Chhattisgarh,National Mineral Development Corporation Limited [NMDC],2907.0,5427.0,3607.64,94.1,86.687306501548,35.0,-27.62423069836005,100,100,0,0,60.0,84.17673,69.67069244384766,HIGH,Cost overrun above 10% | Schedule delay above 6 months
97,Six Laning of Vijayawada Bypass from Gollapudi to Chinnakakani in Vijayawada - Gundugolanu Section from km. 30.00 to km. 47.881 Pkg-IV,National Highways Authority of India [NHAI],618527,Andhra Pradesh,National Highways Authority of India [NHAI],1194.57,1757.82,853.14,99.92,47.15085763077928,28.0,-51.38602041164624,75,100,0,0,52.5,94.98045,69.49218368530273,HIGH,Cost overrun above 10% | Schedule delay above 6 months
98,J. Chokka Rao Devadula Lift Irrigation Scheme,Irrigation and CAD-TG,701405,Telangana,Irrigation and CAD-TG,8200.71,14730.0,4784.54,87.7,79.61859399978785,72.0,-55.2183978275628,100,100,0,0,60.0,82.93553,69.17421340942383,HIGH,Cost overrun above 10% | Schedule delay above 6 months
99,Jaynagar-Narahia Section km 156.500 to km 219.945 Lot-III,MoRTH,618007,Bihar,MoRTH,553.3,706.39,0.0,99.0,27.668534249051156,91.0,-99.0,75,100,0,0,52.5,93.99279,69.09711837768555,HIGH,Cost overrun above 10% | Schedule delay above 6 months
100,Gaya-Hisua-Rajgir-Nalanda-Biharsharif section km0.00 to 92.935 NH-82,MoRTH,617961,Bihar,MoRTH,1408.85,2138.16,0.0,97.0,51.766334244241754,80.0,-97.0,100,100,0,0,60.0,82.50195,69.00078201293945,HIGH,Cost overrun above 10% | Schedule delay above 6 months
101,Urmodi Irrigation Project,Department of water resources-MH - II,400105,Maharashtra,Department of water resources-MH - II,580.79,895.81,713.46,76.22,54.23991459908056,54.0,3.424120963150685,100,100,0,0,60.0,82.27683,68.91073226928711,HIGH,Cost overrun above 10% | Schedule delay above 6 months
102,Kodinar - Veraval Package VI from km. 221.610 to km. 263.00 of NH-8E & km. 120.900 to km. 121.150 of NH-8D,National Highways Authority of India [NHAI],618833,Gujarat,National Highways Authority of India [NHAI],894.01,1127.42,457.05,98.79,26.10820908043535,70.0,-58.250538220006746,75,100,0,0,52.5,93.482506,68.89300155639648,HIGH,Cost overrun above 10% | Schedule delay above 6 months
103,Establishment of new GMC Gangtok,"Medical Education, Ministry of Health and Family Welfare",707039,Sikkim,"Medical Education, Ministry of Health and Family Welfare",250.0,635.21,666.21,92.0,154.08400000000003,,12.880275814297647,100,50,0,40,51.0,95.565414,68.82616577148437,HIGH,Cost overrun above 10% | Expenditure exceeds revised project cost
104,4L of Hubli - Hospet Section of NH-63 from Km 128.850 to Km 272.571,National Highways Authority of India [NHAI],619121,Karnataka,National Highways Authority of India [NHAI],2531.99,3619.32,1360.9,99.65,42.943692510633944,74.0,-62.04901417945913,75,100,0,0,52.5,93.275116,68.8100471496582,HIGH,Cost overrun above 10% | Schedule delay above 6 months
105,Sardar Sarovar CADWM Project,"Narmada and Water Resources, Water Supply and Kalpsar Department-GJ",400097,Gujarat,"Narmada and Water Resources, Water Supply and Kalpsar Department-GJ",5021.76,6670.31,4956.98,90.3,32.82813196966801,75.0,-15.985912648737468,75,100,0,0,52.5,93.263176,68.80527114868164,HIGH,Cost overrun above 10% | Schedule delay above 6 months
106,Vadodara Mumbai Expressway Phase II - Pkg XII [Km. 50.700 to Km. 77.000] Masvan - Ganjad,National Highways Authority of India [NHAI],619198,Maharashtra,National Highways Authority of India [NHAI],1711.38,2388.52,979.26,99.38,39.566899227523976,26.0,-58.38138998208095,75,100,0,0,52.5,93.2239,68.7895622253418,HIGH,Cost overrun above 10% | Schedule delay above 6 months
107,Expansion of Alumina Refinery Plant with addition of 5th Stream having capacity enhancement of 1.0 Million Tonee Per Annum,National Aluminium Company Limited [NALCO],400141,Odisha,National Aluminium Company Limited [NALCO],4103.0,5677.4,4887.6,94.2,38.371922983183026,42.0,-8.111297424877577,75,100,0,0,52.5,93.19253,68.77701187133789,HIGH,Cost overrun above 10% | Schedule delay above 6 months
108,Sitamarhi-Jaynagar Section km 79.400 to km 156.500 Lot-II,MoRTH,618006,Bihar,MoRTH,369.77,503.28,0.0,98.78,36.10622819590556,90.0,-98.78,75,100,0,0,52.5,93.07688,68.73075485229492,HIGH,Cost overrun above 10% | Schedule delay above 6 months
109,6L of Chiloda-Naroda section from Km. 540.595 to Km. 555.595 of NH-8Package-VII,National Highways Authority of India [NHAI],619067,Gujarat,National Highways Authority of India [NHAI],356.6,463.03,103.23,100.0,29.84576556365674,84.0,-77.70554823661533,75,100,0,0,52.5,92.93559,68.67423629760742,HIGH,Cost overrun above 10% | Schedule delay above 6 months
110,Ramganjmandi-Bhopal New Line Project [276.50 km],West Central Railway [WCR] - II,705481,"Multi-States
(Madhya Pradesh,
Rajasthan)",West Central Railway [WCR] - II,3032.0,5073.0,4139.87,81.0,67.31530343007915,24.0,0.6059530849595944,100,75,0,0,52.5,92.868355,68.64734268188477,HIGH,Cost overrun above 10% | Schedule delay above 6 months
111,Thalassery Mahe Bypass Km 170.600 to Km 189.200 of NH-17New NH-66 in Kerala,National Highways Authority of India [NHAI],619097,"Multi-States
(Kerala,
Puducherry)",National Highways Authority of India [NHAI],1181.12,1573.18,710.24,100.0,33.19391763749663,72.0,-54.85322722129699,75,100,0,0,52.5,92.6977,68.57908248901367,HIGH,Cost overrun above 10% | Schedule delay above 6 months
112,Pandoh bypass 221.305 to Takoli 242.000 of NH-21 in the state of Himachal Pradesh,National Highways Authority of India [NHAI],618851,Himachal Pradesh,National Highways Authority of India [NHAI],3419.95,4465.94,1923.0,95.62,30.584950072369477,57.0,-52.56075603344425,75,100,0,0,52.5,92.59693,68.53877258300781,HIGH,Cost overrun above 10% | Schedule delay above 6 months
113,Green Building Development Project,ministry of housing and urban affairs,701766,Uttarakhand,ministry of housing and urban affairs,150.97,206.0,54.01,40.0,36.45095051997085,37.0,-13.781553398058254,75,100,75,0,71.25,63.616096,68.19643974304199,HIGH,Cost overrun above 10% | Schedule delay above 6 months | Low physical progress
114,Tarakeshwar-Bishnupur New Line [82.47 km],Eastern Railway [ER] - I,400273,West Bengal,Eastern Railway [ER] - I,1189.0,1542.0,1390.59,96.9,29.68881412952061,83.0,-6.719066147859934,75,100,0,0,52.5,91.7022,68.18088150024414,HIGH,Cost overrun above 10% | Schedule delay above 6 months
115,Sri Ram Sagar Project Stage - II,Irrigation and CAD-TG,400102,Telangana,Irrigation and CAD-TG,736.13,949.87,971.47,97.0,29.03563229320908,72.0,5.273995388842678,75,100,0,0,52.5,91.469765,68.08790588378906,HIGH,Cost overrun above 10% | Schedule delay above 6 months | Expenditure exceeds revised project cost
116,Nidagatta-Mysore Pkg II,National Highways Authority of India [NHAI],619120,Karnataka,National Highways Authority of India [NHAI],2919.8,4113.89,2279.05,99.19,40.8962942667306,48.0,-43.79109531368121,75,100,0,0,52.5,91.28918,68.01567077636719,HIGH,Cost overrun above 10% | Schedule delay above 6 months
117,Gevra Road-Pendra Road New Railway Line [135 km],Indian Railway Construction International Limited [IRCON],705444,Chhattisgarh,Indian Railway Construction International Limited [IRCON],4970.0,7448.52,5152.72,82.0,49.869617706237435,57.0,-12.82223045652023,75,100,0,0,52.5,90.60218,67.74087142944336,HIGH,Cost overrun above 10% | Schedule delay above 6 months
118,6L of Chengala - Neeleshwaram from km. 56.200 to km. 93.468,National Highways Authority of India [NHAI],618595,Kerala,National Highways Authority of India [NHAI],1746.45,2538.06,943.25,90.18,45.32680580606373,35.0,-53.01578796403553,75,100,0,0,52.5,90.518654,67.70746231079102,HIGH,Cost overrun above 10% | Schedule delay above 6 months
119,"Renigunta, Wadi & Gooty Bypass Railway Project",South Central Railway [SCR] - II,705610,"Multi-States
(Andhra Pradesh,
Karnataka)",South Central Railway [SCR] - II,302.0,543.0,635.72,89.03,79.80132450331125,3.0,28.04550644567219,100,25,0,75,48.75,95.83946,67.58578491210938,HIGH,Cost overrun above 10% | Expenditure is significantly ahead of physical progress | Expenditure exceeds revised project cost
120,4L of Tumkur-Shimoga Pkg-II from Km 65.195 Karadi to Km 121.900 Banawara of NH-206,National Highways Authority of India [NHAI],619219,Karnataka,National Highways Authority of India [NHAI],1505.85,1989.89,656.52,99.97,32.14397184314508,62.0,-66.97722150470629,75,100,0,0,52.5,89.653305,67.36132431030273,HIGH,Cost overrun above 10% | Schedule delay above 6 months
121,4L of Bilaspur to Urga km 0.00 to 70.2 of NH-130A,National Highways Authority of India [NHAI],618639,Chhattisgarh,National Highways Authority of India [NHAI],1855.59,2523.86,1290.88,94.81,36.01388237703374,28.0,-43.6629474693525,75,100,0,0,52.5,89.571976,67.32879257202148,HIGH,Cost overrun above 10% | Schedule delay above 6 months
122,CBR 9 MMTPA Project,Chennai Petroleum Corporation Limited [CPCL],604795,Tamil Nadu,Chennai Petroleum Corporation Limited [CPCL],31580.0,36354.0,1570.83,10.2,15.117162761241293,40.0,-5.8790724542003625,50,100,100,0,70.0,62.523716,67.00948715209961,HIGH,Cost overrun above 10% | Schedule delay above 6 months | Low physical progress
123,Nadikudi - Srikalahasti New Line,South Central Railway [SCR] - II,400298,Andhra Pradesh,South Central Railway [SCR] - II,2312.0,5932.0,3069.35,55.01,156.5743944636678,10.0,-3.2677545515846305,100,50,40,0,55.0,85.01298,67.00519180297852,HIGH,Cost overrun above 10% | Schedule delay above 6 months
124,National Maritime Heritage Complex [NMHC] Phase-I,Indian Port Rail & Ropeway Corporation Ltd. [IPRCL],707215,Gujarat,Indian Port Rail & Ropeway Corporation Ltd. [IPRCL],573.0,1238.05,614.91,76.12,116.06457242582896,24.0,-26.452377529178953,100,75,0,0,52.5,88.69812,66.979248046875,HIGH,Cost overrun above 10% | Schedule delay above 6 months
125,Kagvadar - Una Package-IV,National Highways Authority of India [NHAI],619146,Gujarat,National Highways Authority of India [NHAI],750.53,955.78,363.41,97.93,27.34734121221004,80.0,-59.90765176086547,75,100,0,0,52.5,88.49562,66.89825057983398,HIGH,Cost overrun above 10% | Schedule delay above 6 months
126,4L of 42.000 to km 80.00 of Dodaballapur Bypass to Hoskote section of NH-648 Old NH-207 [Bangalore Ring Road Pkg 2],National Highways Authority of India [NHAI],619073,Karnataka,National Highways Authority of India [NHAI],1317.74,1846.52,1026.9,99.2,40.12779455734818,40.0,-43.58727985616186,75,100,0,0,52.5,88.22969,66.79187774658203,HIGH,Cost overrun above 10% | Schedule delay above 6 months
127,Dhangaon - Borgaon section km 81.000 to km 139.000 [Indore - Edlabad Pkg IV],National Highways Authority of India [NHAI],619100,Madhya Pradesh,National Highways Authority of India [NHAI],866.0,1185.04,638.17,99.8,36.840646651270205,34.0,-45.94780935664618,75,100,0,0,52.5,88.18472,66.77389144897461,HIGH,Cost overrun above 10% | Schedule delay above 6 months
128,Renigunta - Poyya - Naidupeta km 124.60 to km 183.4 of NH 71,National Highways Authority of India [NHAI],618700,Andhra Pradesh,National Highways Authority of India [NHAI],1863.09,2510.14,1488.04,98.6,34.729937898866936,28.0,-39.318844367246435,75,100,0,0,52.5,87.81835,66.6273422241211,HIGH,Cost overrun above 10% | Schedule delay above 6 months
129,6L of Hatibena - Badakumari Section from Km 146.50 to km 179.00 of NH-130-CD Package OD-2,National Highways Authority of India [NHAI],619213,Odisha,National Highways Authority of India [NHAI],791.17,1070.63,727.37,99.95,35.32237066622852,26.0,-32.01149650205954,75,100,0,0,52.5,87.3611,66.44443893432617,HIGH,Cost overrun above 10% | Schedule delay above 6 months
130,Tumkur-Shimoga Pkg-III from Km 121.900 Banawara to Km 170.415 Bettadahalli of Old NH-206,National Highways Authority of India [NHAI],619220,Karnataka,National Highways Authority of India [NHAI],1444.5,1834.81,890.55,97.3,27.020422291450323,45.0,-48.76363928690163,75,100,0,0,52.5,87.32713,66.43085479736328,HIGH,Cost overrun above 10% | Schedule delay above 6 months
131,"New line Dahod-Indore via Sardarpur, Jabuwa and Dhar",Western Railway [WR] - II,705453,"Multi-States
(Gujarat, Madhya
Pradesh)",Western Railway [WR] - II,456.07,3516.77,4157.76,55.0,671.103120135067,0.0,63.226668221123376,100,0,40,100,55.0,83.572754,66.42910385131836,HIGH,Cost overrun above 10% | Expenditure is significantly ahead of physical progress | Expenditure exceeds revised project cost
132,Baranagar-Barrackpore and Dakshineshwar- Construction of Metro Railway,RVNL - II,706777,West Bengal,RVNL - II,2298.0,2734.0,393.02,17.0,18.97302001740644,48.0,-2.6247256766642284,50,100,100,0,70.0,60.970295,66.38811874389648,HIGH,Cost overrun above 10% | Schedule delay above 6 months | Low physical progress
133,Nerchowk km 190.000 to Pandoh including Pandoh bypass km221.305,National Highways Authority of India [NHAI],618850,Himachal Pradesh,National Highways Authority of India [NHAI],1464.12,1651.67,848.66,100.0,12.809742370843932,70.0,-48.61806535203764,50,100,0,0,45.0,98.148865,66.25954818725586,HIGH,Cost overrun above 10% | Schedule delay above 6 months
134,Ahmedabad - Dholera Pkg III from km. 48.52 to km. 71.06 [Vejallka Village - Start of DSIR zone],National Highways Authority of India [NHAI],618503,Gujarat,National Highways Authority of India [NHAI],1034.04,1155.41,955.74,100.0,11.737456964914328,34.0,-17.28131139595469,50,100,0,0,45.0,98.14387,66.25754928588867,HIGH,Cost overrun above 10% | Schedule delay above 6 months
135,"Installation of Multiple Effect Evaporator [MEE] for ETP-1, 2 & 4 of Panipat Refinery and Petrochemical Complex.",MinistryofPetroleumNaturalGas,709783,Haryana,MinistryofPetroleumNaturalGas,165.13,247.69,174.93,87.1,49.99697208260159,36.0,-16.475428963623884,75,100,0,0,52.5,86.825386,66.23015594482422,HIGH,Cost overrun above 10% | Schedule delay above 6 months
136,Establishment of new GMC Chaibasa [Singhbhum],"Medical Education, Ministry of Health and Family Welfare",707022,Jharkhand,"Medical Education, Ministry of Health and Family Welfare",250.0,454.1,64.0,57.0,81.64000000000001,,-42.90618806430302,100,50,40,0,55.0,83.064415,66.22576522827148,HIGH,Cost overrun above 10%
137,Thoubal Multipurpose Project,Water Resources Department-MN,701400,Manipur,Water Resources Department-MN,1449.44,1822.24,1837.91,98.9,25.72027817639916,75.0,1.9599306348230812,75,100,0,0,52.5,86.7987,66.21947860717773,HIGH,Cost overrun above 10% | Schedule delay above 6 months | Expenditure exceeds revised project cost
138,Sivok-Rangpo New Rail Line,Indian Railway Construction International Limited [IRCON],705432,"Multi-States
(Sikkim, West
Bengal)",Indian Railway Construction International Limited [IRCON],7877.0,11775.0,10770.42,93.0,49.48584486479624,151.0,-1.531464968152875,75,100,0,0,52.5,86.756,66.20240020751953,HIGH,Cost overrun above 10% | Schedule delay above 6 months
139,Delhi-Amritsar-Katra Expressway Phase-I Pkg-II from Junction with Rohtak-Panipat road NH-709 near Rukhi Paani village to Junction with Jind-Panipat road NH-352A near Gangana village Km 34000 to Km 60800,National Highways Authority of India [NHAI],618483,Haryana,National Highways Authority of India [NHAI],1533.87,1792.53,971.07,99.89,16.863228304875907,28.0,-45.716848086224495,50,100,0,0,45.0,97.92322,66.1692886352539,HIGH,Cost overrun above 10% | Schedule delay above 6 months
140,Wardha - Yavatmal Nanded Railway Line Project,Central Railways,705497,Maharashtra,Central Railways,3445.34,4030.69,3608.59,47.0,16.989614958175387,,42.52784758937055,50,50,75,75,60.0,73.74863,65.49945068359375,HIGH,Cost overrun above 10% | Low physical progress | Expenditure is significantly ahead of physical progress
141,Ahmedabad - Dholera Pkg IV from km. 71.06 to km. 109.019 [Start of DSIR zone - Adhelai Village],National Highways Authority of India [NHAI],618504,Gujarat,National Highways Authority of India [NHAI],1181.76,1358.73,1204.33,97.92,14.975121852152723,29.0,-9.283552729387011,50,100,0,0,45.0,96.1401,65.45603942871094,HIGH,Cost overrun above 10% | Schedule delay above 6 months
142,Ghatampur Thermal Power Plant 3 X 660 MW,NLC India Limited [NLCIL],400259,Uttar Pradesh,NLC India Limited [NLCIL],17237.8,21780.9,21237.52,95.68,26.355451391708932,64.0,1.825245421447221,75,100,0,0,52.5,84.79748,65.41899108886719,HIGH,Cost overrun above 10% | Schedule delay above 6 months
143,Establishment of new GMC Jamui,"Medical Education, Ministry of Health and Family Welfare",707020,Bihar,"Medical Education, Ministry of Health and Family Welfare",250.0,500.0,102.21,50.0,100.0,,-29.558,100,50,40,0,55.0,80.94455,65.3778190612793,HIGH,Cost overrun above 10%
144,Vadodara Mumbai Expressway Phase II - Pkg XIII [Km. 26.582 to Km. 50.700] Shirsad - Masvan,National Highways Authority of India [NHAI],618469,Maharashtra,National Highways Authority of India [NHAI],3536.9,4679.54,1792.74,90.86,32.30625689162826,29.0,-52.549824213491064,75,100,0,0,52.5,84.56473,65.32589340209961,HIGH,Cost overrun above 10% | Schedule delay above 6 months
145,Gadag-Wadi New Railway Line [257 km],South Western Railway [SWR] - II,705490,Karnataka,South Western Railway [SWR] - II,2842.0,6700.0,1539.51,34.5,135.74947220267418,9.0,-11.52223880597015,100,50,75,0,63.75,67.64337,65.30734825134277,HIGH,Cost overrun above 10% | Schedule delay above 6 months | Low physical progress
146,Mahabalipuram - Pondicherry Pkg-II [Mugaiyur to Marakkanam],National Highways Authority of India [NHAI],619130,Tamil Nadu,National Highways Authority of India [NHAI],1116.13,1463.75,531.32,53.41,31.145117504233365,14.0,-17.11145175064047,75,75,40,0,55.0,80.71915,65.28765869140625,HIGH,Cost overrun above 10% | Schedule delay above 6 months
147,Construction of twin tube tunnels on Jammu Kashmir Ring Road NH-244A Between Design Ch. 50600 to 51700 and design Ch. 53535 to 55700 on EPC mode under residual NHDP component of Bharatmala Pariyojna,National Highways Authority of India [NHAI],618549,"Jammu and
Kashmir",National Highways Authority of India [NHAI],242.65,731.59,655.27,83.87,201.5001030290542,18.0,5.6979273910250186,100,75,0,0,52.5,84.22833,65.19133377075195,HIGH,Cost overrun above 10% | Schedule delay above 6 months
148,Poly Butadiene Rubber plant at Panipat,Indian Oil Corporation Limited [IOCL],611917,Haryana,Indian Oil Corporation Limited [IOCL],1459.0,2531.44,1473.41,85.9,73.50514050719671,21.0,-27.69557880099864,100,75,0,0,52.5,84.16447,65.16578674316406,HIGH,Cost overrun above 10% | Schedule delay above 6 months
149,Hyderabad - Maneguda,National Highways Authority of India [NHAI],618944,Telangana,National Highways Authority of India [NHAI],958.86,1218.49,193.26,15.78,27.07694553949482,6.0,0.0806143669623864,75,25,100,0,55.0,80.380264,65.15210723876953,HIGH,Cost overrun above 10% | Low physical progress
150,Vijayawada - Kazipet Byepass line,South Central Railway [SCR] - II,705632,"Multi-States
(Andhra Pradesh,
Telangana)",South Central Railway [SCR] - II,647.0,904.0,1242.64,95.01,39.721792890262755,11.0,42.45017699115046,75,50,0,75,48.75,89.67668,65.12067413330078,HIGH,Cost overrun above 10% | Schedule delay above 6 months | Expenditure is significantly ahead of physical progress | Expenditure exceeds revised project cost
151,Ahmedabad Metro Rail Project [Phase-I],Gujarat Metro Rail Corporation Limited [GMRCL],702639,Gujarat,Gujarat Metro Rail Corporation Limited [GMRCL],10773.0,12924.5,12520.65,99.99,19.971224357189268,98.0,-3.1146856744941687,50,100,0,0,45.0,94.97286,64.9891471862793,HIGH,Cost overrun above 10% | Schedule delay above 6 months
152,4/6L of Gurgaon - Pataudi - Rewari from km. 0.00 to km.43.87 of NH-352W,National Highways Authority of India [NHAI],619132,Haryana,National Highways Authority of India [NHAI],1810.04,1917.5,522.34,72.5,5.936885372698948,33.0,-45.2593220338983,25,100,40,0,47.5,90.72371,64.78948593139648,HIGH,Schedule delay above 6 months
153,Bakhtiyarpur-Rajauli Pkg-II from km. 54.405 to km.101.630,National Highways Authority of India [NHAI],618861,Bihar,National Highways Authority of India [NHAI],897.45,1397.47,897.09,97.85,55.71563875424814,34.0,-33.65613537321015,100,100,0,0,60.0,71.95663,64.78265190124512,HIGH,Cost overrun above 10% | Schedule delay above 6 months
154,6L of Dhanara - Hatibena Section from Km 124.611 to km 146.50 of NH-130-CD Package OD-1,National Highways Authority of India [NHAI],618676,"Multi-States
(Chhattisgarh,
Odisha)",National Highways Authority of India [NHAI],477.76,638.32,297.98,99.95,33.60683188211656,25.0,-53.26808497305427,75,100,0,0,52.5,82.780334,64.61213302612305,HIGH,Cost overrun above 10% | Schedule delay above 6 months
155,NORTH EASTERN REGION POWER SYSTEM IMPROVEMENT PROJECT [NERPSIP],Power Grid Corporation of India Limited [POWERGRID],607709,"Multi-States
(Assam, Manipur,
Meghalaya,
Mizoram,
Nagaland, Tripura)",Power Grid Corporation of India Limited [POWERGRID],5111.33,6700.0,5577.75,98.5,31.08134282075311,99.0,-15.25,75,100,0,0,52.5,82.38647,64.45458602905273,HIGH,Cost overrun above 10% | Schedule delay above 6 months
156,6L of Anandapuram Pendurthi Anakapalli Section from km. 681.000 to km. 731.780 of NH-16,National Highways Authority of India [NHAI],618579,Andhra Pradesh,National Highways Authority of India [NHAI],2527.0,2957.25,994.53,100.0,17.026117926394935,58.0,-66.36976921126046,50,100,0,0,45.0,93.31397,64.32558822631836,HIGH,Cost overrun above 10% | Schedule delay above 6 months
157,Khammam-Devarapalle Pkg I [4L Access Controlled Greenfield from Thallampadu village to Somavaram village Design Chainage 0000 to 33604],National Highways Authority of India [NHAI],618746,Telangana,National Highways Authority of India [NHAI],797.36,1337.18,635.3,95.8,67.70091301294272,24.0,-48.28956759748127,100,75,0,0,52.5,81.863144,64.24525833129883,HIGH,Cost overrun above 10% | Schedule delay above 6 months
158,4L of Kodad Design Km 0.00/Existing Km 185.00 of NH-65 to Khammam Design Km 31.800/Existing Km 29.400 of NH-365A,National Highways Authority of India [NHAI],618945,Telangana,National Highways Authority of India [NHAI],1149.17,1606.99,787.84,99.98,39.83918828371781,24.0,-50.954181544377995,75,75,0,0,45.0,93.06814,64.22725677490234,HIGH,Cost overrun above 10% | Schedule delay above 6 months
159,Ahmedabad - Dholera Pkg II from km. 22.00 to km. 48.52 [Sindhrej Village - Vejallka Village],National Highways Authority of India [NHAI],618502,Gujarat,National Highways Authority of India [NHAI],1415.34,1729.69,1354.93,100.0,22.210210974041583,28.0,-21.666310148061218,50,100,0,0,45.0,92.88236,64.15294647216797,HIGH,Cost overrun above 10% | Schedule delay above 6 months
160,"4L of Bhangbar Near Ranital to Kangra Bypass Section of Old NH-88 New NH- 303,503 up to Intersection with NH-154 from Km 175.270 to Km 193.400 Pkg-VB",National Highways Authority of India [NHAI],618889,Himachal Pradesh,National Highways Authority of India [NHAI],1322.95,1829.49,824.55,97.45,38.28867304130919,18.0,-52.38006247642786,75,75,0,0,45.0,92.79097,64.11639022827148,HIGH,Cost overrun above 10% | Schedule delay above 6 months
161,Construction of Balance works of Major Bridge over Middle Strait Creek between Km.106.590 to km108.553 of NH-04 connecting South Andaman & Baratang Island in the Union Territory of Andaman & Nicobar Islands on EPC basis,NHIDCL,619186,"Andaman &
Nicobar",NHIDCL,262.96,371.88,0.0,12.64,41.420748402798914,10.0,-12.64,75,50,100,0,62.5,66.42294,64.06917762756348,HIGH,Cost overrun above 10% | Schedule delay above 6 months | Low physical progress
162,Establishment of new GMC Panchmahal,"Medical Education, Ministry of Health and Family Welfare",707049,Gujarat,"Medical Education, Ministry of Health and Family Welfare",325.0,663.5,455.34,87.5,104.15384615384616,,-18.873021853805582,100,50,0,0,45.0,92.659485,64.06379318237305,HIGH,Cost overrun above 10%
163,Maheshkunt -Saharsa-Purnea Pkg II,National Highways Authority of India [NHAI],618903,Bihar,National Highways Authority of India [NHAI],1028.28,1244.09,831.69,91.03,20.98747422880927,69.0,-24.178727182117044,50,100,0,0,45.0,92.49724,63.998897552490234,HIGH,Cost overrun above 10% | Schedule delay above 6 months
164,"Guwahati Refinery Expansion [1.0 to 1.2 MMTPA] along with installation of CRU, Guwahati Refinery",Ministry of Petroleum & Natural Gas,607701,Assam,Ministry of Petroleum & Natural Gas,412.3,577.0,457.64,94.9,39.94664079553723,31.0,-15.586308492201056,75,100,0,0,52.5,81.076935,63.9307746887207,HIGH,Cost overrun above 10% | Schedule delay above 6 months
165,Kante - Wakad section of NH-66 4L PS from Km.281/300 to 332/200,MoRTH,617948,Maharashtra,MoRTH,1117.75,2020.56,287.96,90.14,80.7702974726012,72.0,-75.88850536484935,100,100,0,0,60.0,69.74805,63.89921951293945,HIGH,Cost overrun above 10% | Schedule delay above 6 months
166,Tarsod - Fagne section of NH-6,National Highways Authority of India [NHAI],618638,Maharashtra,National Highways Authority of India [NHAI],2267.99,2560.5,990.0,98.84,12.897323180437317,57.0,-60.17567662565906,50,100,0,0,45.0,92.077866,63.831146240234375,HIGH,Cost overrun above 10% | Schedule delay above 6 months
167,Construction of Major Bridge at Km.180.865 across river Krishna on NH 167 Hagari Jadcherla section,MoRTH,617989,Karnataka,MoRTH,157.32,187.61,103.33,68.0,19.25375031782356,52.0,-12.922978519268696,50,100,40,0,55.0,77.05054,63.82021522521973,HIGH,Cost overrun above 10% | Schedule delay above 6 months
168,6L of Badakumari - Karki Section from Km 179.000 to km 226.500 of NH-130-CD Package OD-3,National Highways Authority of India [NHAI],619109,Odisha,National Highways Authority of India [NHAI],1101.76,1374.43,645.61,99.7,24.748584083647987,25.0,-52.727073041187985,50,100,0,0,45.0,91.87566,63.750267028808594,HIGH,Cost overrun above 10% | Schedule delay above 6 months
169,Jalandhar Water Supply Infrastructure Project,Ministry of Housing & Urban Affairs,703021,Punjab,Ministry of Housing & Urban Affairs,258.53,266.64,161.02,58.0,3.1369666963215157,34.0,2.3885388538854,25,100,40,0,47.5,88.11999,63.74799728393555,HIGH,Schedule delay above 6 months
170,Third Line [new] between Kazipet - Balharshah with electrification [201.04 Km],South Central Railway [SCR] - II,705613,"Multi-States
(Maharashtra,
Telangana)",South Central Railway [SCR] - II,2595.0,3071.0,4141.26,94.7,18.34296724470135,10.0,40.15053728427223,50,50,0,75,41.25,97.3237,63.679481506347656,HIGH,Cost overrun above 10% | Schedule delay above 6 months | Expenditure is significantly ahead of physical progress | Expenditure exceeds revised project cost
171,3rd Line Manmad - Jalgaon [160 Kilometres],Central Railway [CR] - II,705506,Maharashtra,Central Railway [CR] - II,1035.16,1870.0,1865.44,100.0,80.64840217937322,8.0,-0.2438502673796705,100,50,0,0,45.0,91.64368,63.657470703125,HIGH,Cost overrun above 10% | Schedule delay above 6 months
172,Daman Upside Development Project,Oil and Natural Gas Corporation Limited [ONGC],709839,Offshore,Oil and Natural Gas Corporation Limited [ONGC],4144.41,6406.9,6136.43,99.9,54.59136523654754,14.0,-4.121542399600429,100,75,0,0,52.5,80.19438,63.577754974365234,HIGH,Cost overrun above 10% | Schedule delay above 6 months
173,Jharsuguda-Bilaspur Fourth Railway Line [206 km],SECR,705616,"Multi-States
(Chhattisgarh,
Odisha)",SECR,2140.0,2979.0,2260.48,97.0,39.205607476635514,17.0,-21.119503188989583,75,75,0,0,45.0,91.230515,63.49220657348633,HIGH,Cost overrun above 10% | Schedule delay above 6 months
174,Kharsia-Dharamjaygarh with Spur line [East Corridor-Phase 1],Indian Railway Construction International Limited [IRCON],400220,Chhattisgarh,Indian Railway Construction International Limited [IRCON],3055.0,3798.06,2695.19,95.1,24.322749590834693,99.0,-24.137719256673137,50,100,0,0,45.0,90.91398,63.36559295654297,HIGH,Cost overrun above 10% | Schedule delay above 6 months
175,Rehabilitation and Upgrading to 2 lanes/2-lane with paved shoulders configuration and strengthening of of Birpur and Bihpur Section from km 0.0 to Km 106 of NH 106 under phase I of National Highways Interconnectivity Improvement Projects NHIIP ICB No. NHIIP-BR-106-7 [NHIIP-BR-106-7],MoRTH,617966,Bihar,MoRTH,780.77,961.33,0.04,99.74,23.125888545922624,79.0,-99.73583909791644,50,100,0,0,45.0,90.69725,63.278900146484375,HIGH,Cost overrun above 10% | Schedule delay above 6 months
176,"Construction of Balance Work of 4-Laning of the Section from Jhanji to Demow of NH- 37 Old from Km 490.800 to Km 501.800 11.000 Km, under SARDP- NE under EPC Mode in the state of Assam Pkg-I Road Works",NHIDCL,618441,Assam,NHIDCL,467.79,476.5,72.13,0.0,1.8619465999700675,,15.137460650577122,25,50,100,40,53.5,77.87779,63.2511173248291,HIGH,Low physical progress
177,"Construction of Balance Work of 4-Laning of the Section from Jhanji to Demow of NH- 37 Old from Km 514.800 to Km 534.800 20.000 Km, under SARDP- NE under EPC Mode in the state of Assam Pkg-III Road Works",NHIDCL,619060,Assam,NHIDCL,344.71,619.7,46.37,62.9,79.77430303733576,,-55.417347103437145,100,50,40,0,55.0,75.57555,63.2302188873291,HIGH,Cost overrun above 10%
178,Shivpur-Kathautia New Rail [BG] Line [49 km] [Package II of Tori-Shivpur-Kathautia line],Ministry of Coal,400416,Jharkhand,Ministry of Coal,1799.64,2564.34,1713.19,71.0,42.49183169967326,12.0,-4.191776441501517,75,50,40,0,47.5,86.498665,63.09946823120117,HIGH,Cost overrun above 10% | Schedule delay above 6 months
179,3rd Line Wardha - Sewagram - Nagpur,Central Railway [CR] - II,705500,Maharashtra,Central Railway [CR] - II,540.02,916.53,835.39,88.0,69.72149179660012,10.0,3.1470437410668524,100,50,0,0,45.0,90.19663,63.07865524291992,HIGH,Cost overrun above 10% | Schedule delay above 6 months
180,Murkongselek-Pasighat,Northeast Frontier Railway [NFR] - II,705401,"Multi-States
(Arunachal
Pradesh, Assam)",Northeast Frontier Railway [NFR] - II,435.0,1250.0,853.0,68.0,187.3563218390805,21.0,0.2399999999999948,100,75,40,0,62.5,63.916283,63.06651306152344,HIGH,Cost overrun above 10% | Schedule delay above 6 months
181,Delhi-Amritsar-Katra Expressway Phase-I Pkg-V from Junction with Ambala-Kaithal- Hissar road NH-152 near Kharak Pandwa village to Junction with Patiala-Samana- Patran road SH-10 near Ghagga village Km 120250 to Km 157920,National Highways Authority of India [NHAI],618486,"Multi-States
(Haryana, Punjab)",National Highways Authority of India [NHAI],1741.86,2281.02,924.51,98.7,30.95311907960457,24.0,-58.169447878580634,75,75,0,0,45.0,89.99218,62.99687194824219,HIGH,Cost overrun above 10% | Schedule delay above 6 months
182,6L of Perole Nileshwar town to Taliparamba from Km 94.248 to Km 134.650 of NH-66,National Highways Authority of India [NHAI],619206,Kerala,National Highways Authority of India [NHAI],3041.65,3867.66,1007.02,86.65,27.15664195420248,38.0,-60.61306810836527,75,100,0,0,52.5,78.652245,62.96089744567871,HIGH,Cost overrun above 10% | Schedule delay above 6 months
183,6-laning of km 9.900 to km 19/948 Aramgarh to Shamshabad Section of Hyderabad- Bangalore section of NH-44 Under NHO EPC basis in the state of Telangana,MoRTH,617913,Telangana,MoRTH,283.15,300.7,480.38,92.62,6.198128200600393,73.0,67.1339075490522,25,100,0,100,52.5,78.41167,62.864667892456055,HIGH,Schedule delay above 6 months | Expenditure is significantly ahead of physical progress | Expenditure exceeds revised project cost
184,Rangit-IV HE Project [120 MW] executed by Jal Power Corporation Ltd. [JPCL] - A wholly owned subsidiary of NHPC Ltd. acquired through NCLT,National Hydroelectric Power Corporation Limited [NHPC],605156,Sikkim,National Hydroelectric Power Corporation Limited [NHPC],938.29,1828.11,1625.93,96.53,94.83421969753488,19.0,-7.589509548112517,100,75,0,0,52.5,78.26109,62.8044376373291,HIGH,Cost overrun above 10% | Schedule delay above 6 months
185,Vadodara Mumbai Expressway Phase II - Pkg XI [Km. 77.000 to Km. 103.400] Ganjad - Talsari,National Highways Authority of India [NHAI],618468,Maharashtra,National Highways Authority of India [NHAI],1524.71,1913.95,813.35,99.76,25.528789081202323,23.0,-57.26411452754775,75,75,0,0,45.0,89.28481,62.713924407958984,HIGH,Cost overrun above 10% | Schedule delay above 6 months
186,Varanasi Gorakhpur Section Packege IV from km. 149.540 to km. 215.160 Mau- Gorakhpur,National Highways Authority of India [NHAI],618893,Uttar Pradesh,National Highways Authority of India [NHAI],2966.63,3475.65,865.21,97.35,17.15818959560174,79.0,-72.4565268367068,50,100,0,0,45.0,89.15372,62.6614875793457,HIGH,Cost overrun above 10% | Schedule delay above 6 months
187,Cuttack-Angul Section of NH-42 New NH-55 from Km.60.200 to Km. 112.000 Pkg-II in the State of Odisha,National Highways Authority of India [NHAI],619215,Odisha,National Highways Authority of India [NHAI],991.41,1168.82,499.5,99.66,17.894715607064683,69.0,-56.92459163943121,50,100,0,0,45.0,89.14227,62.65690994262695,HIGH,Cost overrun above 10% | Schedule delay above 6 months
188,6L of Taliparamba to Muzhappilangad from Km 134.650 to Km 170.6 of NH-66,National Highways Authority of India [NHAI],618596,Kerala,National Highways Authority of India [NHAI],2714.6,3557.65,1040.02,82.87,31.05614086789951,43.0,-53.63665776565992,75,100,0,0,52.5,77.35409,62.44163513183594,HIGH,Cost overrun above 10% | Schedule delay above 6 months
189,Ratlam-Mhow-Khandwa-Akola Gauge Conversion,Western Railway [WR] - II,705457,"Multi-States
(Madhya Pradesh,
Maharashtra)",Western Railway [WR] - II,1656.25,6499.86,4606.71,83.0,292.44437735849056,18.0,-12.126011944872658,100,75,0,0,52.5,77.350716,62.44028663635254,HIGH,Cost overrun above 10% | Schedule delay above 6 months
190,Umagaon - Saharsa Package - I Combined Umagaon-Kaluahi0.000KM to 21.609Km of NH227LSaharghat-Rahika0.000 Km to 26.130KM of NH227JRahika-Rampatti 0.00 KM to 15.00KM of NH527ABideshwarsthan-Bheja0.000KM to 25.915KM of NH527A.,NHAI,618954,Bihar,NHAI,1473.2,1703.02,586.95,16.41,15.60005430355688,0.0,18.055244095782783,50,0,100,40,46.0,87.063286,62.42531356811523,HIGH,Cost overrun above 10% | Low physical progress
191,Rajasthan Refinery Project,MinistryofPetroleumNaturalGas,701263,Rajasthan,MinistryofPetroleumNaturalGas,43129.0,79459.0,69202.21,91.9,84.23566509773006,44.0,-4.8082797417536085,100,100,0,0,60.0,65.905045,62.36201858520508,HIGH,Cost overrun above 10% | Schedule delay above 6 months
192,6L Access Controlled Highway from DND Maharani Bagh - Jn. with Jaitpur - Pushta Road of NH-148NA from km. 0.00 to km. 9.00 in NCR,National Highways Authority of India [NHAI],618578,Delhi,National Highways Authority of India [NHAI],1467.44,2510.34,1615.84,98.25,71.06934525432045,22.0,-33.882623469330866,100,75,0,0,52.5,76.94123,62.276493072509766,HIGH,Cost overrun above 10% | Schedule delay above 6 months
193,Narayangarh-Bhadrak 3rd line,South Eastern Railway [SER] - I,705629,"Multi-States
(Odisha, West
Bengal)",South Eastern Railway [SER] - I,2400.0,3425.32,2655.21,77.0,42.72166666666667,13.0,0.5171370850022754,75,75,0,0,45.0,88.05287,62.22114944458008,HIGH,Cost overrun above 10% | Schedule delay above 6 months
194,6L Greenfield Baunsaguar - Baraja Section of NH-130-CD Road from km 293000 to km 338500 Package OD-6,National Highways Authority of India [NHAI],618678,Odisha,National Highways Authority of India [NHAI],1265.59,1635.44,874.99,98.96,29.223524206101516,25.0,-45.4581900895172,75,100,0,0,52.5,76.55018,62.12007141113281,HIGH,Cost overrun above 10% | Schedule delay above 6 months
195,Bargi Diversion Project Phase - IV [km. 154 to km 197],Water Resources-MP,400115,Madhya Pradesh,Water Resources-MP,751.03,893.35,814.02,75.0,18.94997536716244,75.0,16.119941792130746,50,100,0,40,51.0,78.15395,61.86158142089843,HIGH,Cost overrun above 10% | Schedule delay above 6 months
196,Delhi-Amritsar-Katra Expressway Phase-II Pkg-XV [Junction with Hiranagar Road near village Gurha Baildaran to Junction with Jammu Ring Road NH-244A near Jakh village from Km 468100 to Km 503250],National Highways Authority of India [NHAI],618494,"Jammu and
Kashmir",National Highways Authority of India [NHAI],2714.95,3716.56,1653.54,88.87,36.89239212508518,27.0,-44.37885765331382,75,100,0,0,52.5,75.60832,61.743330001831055,HIGH,Cost overrun above 10% | Schedule delay above 6 months
197,4L of Rajura-Korpana-Adilabad Road upto M.S. Border from km 32.910 to km 89.090 of NH-353B,National Highways Authority of India [NHAI],618938,"Multi-States
(Maharashtra,
Telangana)",National Highways Authority of India [NHAI],1013.33,1274.63,630.06,100.0,25.786269033779725,19.0,-50.56918478303509,75,75,0,0,45.0,86.81549,61.7261962890625,HIGH,Cost overrun above 10% | Schedule delay above 6 months
198,6L of Jodhpur Romana Bathinda - Mandi Dabwali Punjab Haryana Border section of NH-54 from km. 0.000 to km. 27.400 of NH-54,National Highways Authority of India [NHAI],618610,Punjab,National Highways Authority of India [NHAI],789.26,1318.91,518.65,99.0,67.10716367230066,9.0,-59.67586112774943,100,50,0,0,45.0,86.754295,61.701717376708984,HIGH,Cost overrun above 10% | Schedule delay above 6 months
199,Purna Barrage-2 [Ner Dhamana] Medium Irrigation Project,Department of water resources-MH - II,400109,Maharashtra,Department of water resources-MH - II,848.07,888.43,690.49,69.63,4.759041116888924,72.0,8.090248078070317,25,100,40,0,47.5,82.91537,61.6661491394043,HIGH,Schedule delay above 6 months
200,4L of Nagpur-Katol Section from Km. 13.00 to Km. 62.900 of NH-353J,National Highways Authority of India [NHAI],618937,Maharashtra,National Highways Authority of India [NHAI],1166.96,1432.82,971.38,81.54,22.782271885925816,36.0,-13.745022263787504,50,100,0,0,45.0,86.44086,61.57634353637695,HIGH,Cost overrun above 10% | Schedule delay above 6 months
201,Six Laning of Vijayawada Bypass from Chinna Avutapalli to Gollapudi in Vijayawada - Gundugolanu Section from km. 0.00 to km. 30.00 Pkg-III,National Highways Authority of India [NHAI],619076,Andhra Pradesh,National Highways Authority of India [NHAI],1581.24,1883.71,934.99,98.2,19.12865852116061,39.0,-48.56444038625903,50,100,0,0,45.0,86.42201,61.56880569458008,HIGH,Cost overrun above 10% | Schedule delay above 6 months
202,Davanagere - Haveri of NH-48 Old NH-4 from km. 260.00 to km. 338.923,National Highways Authority of India [NHAI],618518,Karnataka,National Highways Authority of India [NHAI],1454.67,1805.84,690.56,98.87,24.140870437968736,74.0,-60.62962432995172,50,100,0,0,45.0,86.221565,61.48862838745117,HIGH,Cost overrun above 10% | Schedule delay above 6 months
203,Buxar Thermal Power Project [1320 MW],Satluj Jal Vidyut Nigam [SJVN] Thermal Limited,602579,Bihar,Satluj Jal Vidyut Nigam [SJVN] Thermal Limited,10439.09,13756.6,13370.07,94.33,31.77968577720855,28.0,2.860221420990655,75,100,0,0,52.5,74.88143,61.45257377624512,HIGH,Cost overrun above 10% | Schedule delay above 6 months
204,Construction of Bangalore Metro Rail Project Phase 2.,Bengaluru Metro Rail,702635,Karnataka,Bengaluru Metro Rail,26405.14,30695.1,29802.97,95.5,16.246685304452086,66.0,1.593575196041073,50,100,0,0,45.0,86.12733,61.450931549072266,HIGH,Cost overrun above 10% | Schedule delay above 6 months
205,Kiru HE Project,National Hydroelectric Power Corporation Limited [NHPC],602532,"Jammu and
Kashmir",National Hydroelectric Power Corporation Limited [NHPC],4287.59,5409.0,3733.26,83.46,26.15478625521563,39.0,-14.440587909040474,75,100,0,0,52.5,74.863525,61.44540977478027,HIGH,Cost overrun above 10% | Schedule delay above 6 months
206,4L of Munger Mirzachauki section from start of existing Bhagalpur bypass to Rasulpur from Km 125000 to Km 157350 Pkg-3,NHAI,619305,Bihar,NHAI,1769.5,2024.59,574.08,75.04,14.415936705283974,26.0,-46.68462928296594,50,100,0,0,45.0,86.10827,61.44330978393555,HIGH,Cost overrun above 10% | Schedule delay above 6 months
207,4th Line Wardha - Nagpur [78.7 Kilometres],Central Railway [CR] - II,705505,Maharashtra,Central Railway [CR] - II,637.95,1214.69,1047.02,88.0,90.40520416960575,10.0,-1.803521886242592,100,50,0,0,45.0,85.94434,61.37773895263672,HIGH,Cost overrun above 10% | Schedule delay above 6 months
208,Delhi-Vadodara Greenfield Alignment NH-148N Pkg-27 Ch.729.700 to Ch.756.052,National Highways Authority of India [NHAI],619197,Gujarat,National Highways Authority of India [NHAI],1185.69,1259.27,991.08,97.0,6.205669272744134,27.0,-18.29725952337465,25,100,0,0,37.5,97.06196,61.32478332519531,HIGH,Schedule delay above 6 months
209,Rehabilitation and Up-gradation of existing road to 2L PS from End of Hamirpur Bypass near Chilbahal to Bhangbar section from Km. 138.295 to Km.175.270 of NH- 88 Pkg-IV,National Highways Authority of India [NHAI],618888,Himachal Pradesh,National Highways Authority of India [NHAI],1146.19,1358.62,293.43,91.35,18.53357645765535,14.0,-69.75234944281696,50,75,0,0,37.5,96.94707,61.27882766723633,HIGH,Cost overrun above 10% | Schedule delay above 6 months
210,Doubling of Daund Manmad Line [247.6 km],Central Railway,705504,Maharashtra,Central Railway,2081.27,3267.06,3077.28,92.0,56.974347393658675,3.0,2.191107601329648,100,25,0,0,37.5,96.80835,61.22333908081055,HIGH,Cost overrun above 10%
211,Hajipur-Sagauli New line,East Central Railway [ECR] - I,705366,Bihar,East Central Railway [ECR] - I,2067.0,2087.0,2084.14,75.3,0.9675858732462508,87.0,24.562961188308577,25,100,0,75,48.75,79.673,61.11919975280762,HIGH,Schedule delay above 6 months | Expenditure is significantly ahead of physical progress
212,Start of Karur Bypass - Dindigul from km. 292.600 to km. 305.600 Contract Package No. NS2/BOT/TN-4,National Highways Authority of India [NHAI],619084,Tamil Nadu,National Highways Authority of India [NHAI],461.54,515.03,42.28,100.0,11.589461368462093,210.0,-91.79076946973964,50,100,0,0,45.0,85.18793,61.075172424316406,HIGH,Cost overrun above 10% | Schedule delay above 6 months
213,Baiyyappanahalli - Hosur Doubling Project [48 km],Karnataka Rail Infrastructure Development Company Limited [K-RIDE],703586,"Multi-States
(Karnataka, Tamil
Nadu)",Karnataka Rail Infrastructure Development Company Limited [K-RIDE],498.7,748.7,698.51,88.0,50.13033888109085,22.0,5.296380392680646,100,75,0,0,52.5,73.77162,61.008649826049805,HIGH,Cost overrun above 10% | Schedule delay above 6 months
214,4 Laning of Duburi Chandikhole from km 388.376 to km 428.074 Pkg-III,National Highways Authority of India [NHAI],619158,Odisha,National Highways Authority of India [NHAI],789.0,907.61,572.09,86.0,15.032953105196452,46.0,-22.967419927061187,50,100,0,0,45.0,84.94736,60.97894287109375,HIGH,Cost overrun above 10% | Schedule delay above 6 months
215,Delhi-Vadodara Greenfield Alignment NH-148N Pkg-31 Ch.824920 to Ch.844382 [Junction near Pratap nagar Village - Junction near Dodka Village],National Highways Authority of India [NHAI],618462,Gujarat,National Highways Authority of India [NHAI],1644.85,1651.14,963.66,100.0,0.382405690488506,36.0,-41.636687379628626,25,100,0,0,37.5,95.85262,60.84104919433594,HIGH,Schedule delay above 6 months
216,4L of Munger Mirzachauki section from Km 95580 to Km 125000 Pkg-2,NHAI,619306,Bihar,NHAI,1020.84,1235.65,478.11,93.13,21.04247482465421,27.0,-54.437004410634074,50,100,0,0,45.0,84.33384,60.73353576660156,HIGH,Cost overrun above 10% | Schedule delay above 6 months
217,Cuttack-Angul Section of NH-42 New NH-55 from km 0.400 to km 60.200 Pkg-I in the State of Odisha,National Highways Authority of India [NHAI],619119,Odisha,National Highways Authority of India [NHAI],999.32,1178.31,512.79,99.0,17.911179602129437,71.0,-55.480892125162306,50,100,0,0,45.0,84.296165,60.718467712402344,HIGH,Cost overrun above 10% | Schedule delay above 6 months
218,Itarsi - Nagpur Third Railway Line [280 km],Central Railway [CR] - II,705507,"Multi-States
(Madhya Pradesh,
Maharashtra)",Central Railway [CR] - II,2449.91,2506.68,2155.76,55.0,2.317227979803339,9.0,31.000606379753307,25,50,40,75,43.75,86.13433,60.703731536865234,HIGH,Schedule delay above 6 months | Expenditure is significantly ahead of physical progress
219,Rehabilitation and upgradation of NH-221 from km 121/0 to 165/0 Rudrampur to Bhadrachalam section to two lane with paved shoulder under NHDPIV in the state of Telangana through EPC mode,MoRTH,619193,Telangana,MoRTH,295.47,334.82,375.14,82.76,13.317764916912026,111.0,29.282291380443212,50,100,0,75,56.25,67.3208,60.67831993103027,HIGH,Cost overrun above 10% | Schedule delay above 6 months | Expenditure is significantly ahead of physical progress | Expenditure exceeds revised project cost
220,Construction of Approach Road to Rail-cum- Road Bridge across river Ganga at Munger Ghat NH-333 B,NHAI,619301,Bihar,NHAI,537.88,633.91,200.58,99.99,17.85342455566297,61.0,-68.34828429903298,50,100,0,0,45.0,84.16172,60.66468811035156,HIGH,Cost overrun above 10% | Schedule delay above 6 months
221,Delhi-Amritsar-Katra Expressway Phase-II Pkg-XVI Existing Jakh Vijaypur-Kunjwani section of NH-44 including spur Connectivity to Jammu Airport NH-144A [Km 503500 to km 514500],National Highways Authority of India [NHAI],618496,"Jammu and
Kashmir",National Highways Authority of India [NHAI],1821.72,2522.56,1174.58,94.14,38.471334782513225,24.0,-47.576984650513765,75,75,0,0,45.0,84.15703,60.662811279296875,HIGH,Cost overrun above 10% | Schedule delay above 6 months
222,4L Kodinar - Veraval Package VI from km. 222.400 to km. 230.00 Kodinar Bypass of NH-8E NH 51 new,National Highways Authority of India [NHAI],618834,Gujarat,National Highways Authority of India [NHAI],162.73,192.01,174.82,100.0,17.99299453081792,19.0,-8.952658715691882,50,75,0,0,37.5,95.21205,60.58481979370117,HIGH,Cost overrun above 10% | Schedule delay above 6 months
223,Ahmedabad - Dholera Pkg I from km. 0.00 to km. 22.00 [Sardar Patel Ring Road - Sindhrej Village],National Highways Authority of India [NHAI],618501,Gujarat,National Highways Authority of India [NHAI],1298.0,1421.05,1012.45,100.0,9.47996918335901,28.0,-28.75338658034552,25,100,0,0,37.5,95.17984,60.571937561035156,HIGH,Schedule delay above 6 months
224,Srikakulam Angul Gas Pipeline Project,Ministry of Petroleum & Natural Gas,701343,"Multi-States
(Andhra Pradesh,
Odisha)",Ministry of Petroleum & Natural Gas,2658.34,2810.0,2315.2,97.6,5.705064062535261,47.0,-15.208540925266902,25,100,0,0,37.5,95.16576,60.56630325317383,HIGH,Schedule delay above 6 months
225,4L of Beas-Mehta-Batala-Dera Baba Nanak from intersection with Jalandhar-Amritsar Highway NH-3 near Beas till start of Batala Bypass near Village Acchhal from Km. 0.000 to Km. 31.300 Pkg-1,National Highways Authority of India [NHAI],618809,Punjab,National Highways Authority of India [NHAI],809.51,966.99,499.54,65.99,19.45374362268533,23.0,-14.330727411865674,50,75,40,0,47.5,79.98487,60.493947982788086,HIGH,Cost overrun above 10% | Schedule delay above 6 months
226,4 laning of Champa - Korba from km 0.00 to km 38.2,National Highways Authority of India [NHAI],618957,Chhattisgarh,National Highways Authority of India [NHAI],1002.33,1304.47,780.84,98.75,30.14376502748595,28.0,-38.8912067736322,75,100,0,0,52.5,72.28725,60.414899826049805,HIGH,Cost overrun above 10% | Schedule delay above 6 months
227,Delhi-Vadodara Greenfield Alignment NH-148N Pkg-28 Ch.756052 to Ch.781282,National Highways Authority of India [NHAI],618460,Gujarat,National Highways Authority of India [NHAI],1263.38,1266.98,865.87,100.0,0.2849498963098916,30.0,-31.658747572968792,25,100,0,0,37.5,94.73344,60.393375396728516,HIGH,Schedule delay above 6 months
228,Dwarka Expressway Pkg-III Delhi/HR Border to Start of RoB Gurugram,National Highways Authority of India [NHAI],618577,"Multi-States (Delhi,
Haryana)",National Highways Authority of India [NHAI],2228.26,2298.37,991.43,100.0,3.1464012278638784,66.0,-56.863777372659754,25,100,0,0,37.5,94.61806,60.347225189208984,HIGH,Schedule delay above 6 months
229,6L Amritsar-Bathinda Greenfield section from Jn. with Moga Jalandhar road NH-703 near Dharamkot to Jn. with Bhagta Bhai Ka-Bhadaur Road near Dyalpura Bhai Ka from km 39.000 to km 93.000 of NH-754A Pkg-2,National Highways Authority of India [NHAI],619099,Punjab,National Highways Authority of India [NHAI],1801.37,2172.71,597.42,64.2,20.6143102194441,12.0,-36.703463416654785,50,50,40,0,40.0,90.813354,60.32534408569336,HIGH,Cost overrun above 10% | Schedule delay above 6 months
230,4L of Bettadahalli- Shivamogga section from Km.170.415 to km. 226.750 of NH-206 Tumkur- Shivamogga Pkg-IV,National Highways Authority of India [NHAI],618887,Karnataka,National Highways Authority of India [NHAI],2082.98,2545.11,865.7,82.88,22.18600274606574,41.0,-48.86575307157647,50,100,0,0,45.0,83.301025,60.320411682128906,HIGH,Cost overrun above 10% | Schedule delay above 6 months
231,Yeshvanthpur - Channasandra Doubling Project [21.70 Km],Karnataka Rail Infrastructure Development Company Limited [K-RIDE],703585,Karnataka,Karnataka Rail Infrastructure Development Company Limited [K-RIDE],314.1,683.57,171.0,56.5,117.62814390321554,24.0,-31.48427373933906,100,75,40,0,62.5,56.976364,60.29054641723633,HIGH,Cost overrun above 10% | Schedule delay above 6 months
232,Four Laning of Angul to Sambalpur from Km.112.000 to Km.265.000,National Highways Authority of India [NHAI],619118,Odisha,National Highways Authority of India [NHAI],2510.04,2632.91,1194.15,99.98,4.895141113289027,81.0,-54.62524043738677,25,100,0,0,37.5,94.32489,60.229957580566406,HIGH,Schedule delay above 6 months
233,Hassan km 184.912 to Maranahally km 230.060 of NH - 75 in Karnataka,National Highways Authority of India [NHAI],619117,Karnataka,National Highways Authority of India [NHAI],1021.57,1091.4,697.83,97.8,6.8355570347602255,86.0,-33.86102253985707,25,100,0,0,37.5,94.264275,60.205711364746094,HIGH,Schedule delay above 6 months
234,Doubling of Kirandul-Jagdalpur Line [150 km],East Coast Railway [ECoR] - II,400291,Chhattisgarh,East Coast Railway [ECoR] - II,1589.0,1798.0,1656.54,97.6,13.1529263687854,85.0,-5.467630700778642,50,100,0,0,45.0,82.69624,60.07849884033203,HIGH,Cost overrun above 10% | Schedule delay above 6 months
235,Development of 6L UER II [Package - I] NH-1 Near Bakoli till Karala Kanjhawala Road from km. 0.70 to km.15.00,National Highways Authority of India [NHAI],618509,Delhi,National Highways Authority of India [NHAI],2089.94,2203.45,1803.73,99.99,5.431256399705243,31.0,-18.13064308243888,25,100,0,0,37.5,93.8145,60.02579879760742,HIGH,Schedule delay above 6 months
236,Satara Km 725.000 to Pune Km 865.350 of NH - 4 New NH - 48 in Maharashtra,National Highways Authority of India [NHAI],619069,Maharashtra,National Highways Authority of India [NHAI],361.72,425.51,64.35,99.05,17.63518743779718,49.0,-83.92697116401494,50,100,0,0,45.0,82.19759,59.8790397644043,HIGH,Cost overrun above 10% | Schedule delay above 6 months
237,Vadodara Mumbai Expressway Phase II - Pkg XV [Km. 20.200 to Km. 43.000 of Spur] Akloli - Amne,National Highways Authority of India [NHAI],618471,Maharashtra,National Highways Authority of India [NHAI],2610.88,2918.39,621.7,91.5,11.77802120357886,25.0,-70.1971583647148,50,100,0,0,45.0,82.09448,59.83779525756836,HIGH,Cost overrun above 10% | Schedule delay above 6 months
238,4L of Bal Works of Mahuva to Kagvadar from 100.450 Km. to 140.470 Km. of NH-8E Pkg- III,National Highways Authority of India [NHAI],619147,Gujarat,National Highways Authority of India [NHAI],603.08,628.49,624.41,99.71,4.213371360350196,40.0,-0.3591750067622428,25,100,0,0,37.5,93.34202,59.83680725097656,HIGH,Schedule delay above 6 months
239,Simaria Km. 206.050 to Khagaria Km. 266.282,National Highways Authority of India [NHAI],618840,Bihar,National Highways Authority of India [NHAI],664.02,891.64,351.77,97.67,34.27908797927773,87.0,-58.21797900497959,75,100,0,0,52.5,70.711296,59.78451919555664,HIGH,Cost overrun above 10% | Schedule delay above 6 months
240,Guntur-Guntakal Doubling Project,South Central Railway [SCR] - II,705633,Andhra Pradesh,South Central Railway [SCR] - II,3733.0,4295.0,5523.6,94.01,15.054915617465843,12.0,34.59535506402794,50,50,0,75,41.25,87.520134,59.758052825927734,HIGH,Cost overrun above 10% | Schedule delay above 6 months | Expenditure is significantly ahead of physical progress | Expenditure exceeds revised project cost
241,Umagaon-Saharsa Package-IV Koshi Bridge & approach Road - Bheja-Bakaur,NHAI,618953,Bihar,NHAI,1199.58,1223.94,1120.87,89.23,2.0307107487620777,43.0,2.348835563834811,25,100,0,0,37.5,93.04098,59.716392517089844,HIGH,Schedule delay above 6 months
242,"Dallirajhara - Rowghat New Rail Line Project, Phase-I",Rail Vikas Nigam Limited,617374,Chhattisgarh,Rail Vikas Nigam Limited,1516.45,1881.26,2124.32,98.0,24.05684328530449,11.0,14.920064212283265,50,50,0,40,36.0,95.22267,59.68906936645507,HIGH,Cost overrun above 10% | Schedule delay above 6 months | Expenditure exceeds revised project cost
243,Khammam-Devarapalle Pkg V [4L Access Controlled Greenfield from Gurvaygudem village to Devarapalle village Design Chainage 132664 to 162126,National Highways Authority of India [NHAI],618749,Andhra Pradesh,National Highways Authority of India [NHAI],711.94,926.48,422.97,99.66,30.134561901283806,21.0,-54.00655901908298,75,75,0,0,45.0,81.63801,59.65520477294922,HIGH,Cost overrun above 10% | Schedule delay above 6 months
244,Sanchore - Santalpur from km 99.000 - km 130.073 of NH-754K AJ-RGBS-Package-4,National Highways Authority of India [NHAI],618615,Gujarat,National Highways Authority of India [NHAI],778.15,835.55,663.38,99.7,7.376469832294543,38.0,-20.305589132906466,25,100,0,0,37.5,92.88219,59.65287399291992,HIGH,Schedule delay above 6 months
245,Ludhiana- Killa Raipur Railway Doubling Project,Railway,705783,Punjab,Railway,237.64,238.0,137.05,57.0,0.1514896482073782,23.0,0.584033613445385,25,75,40,0,40.0,89.0664,59.62656021118164,HIGH,Schedule delay above 6 months
246,4/6 Laning of Raipur-Simga Pkg-I from km. 0.00 to km. 48.58,National Highways Authority of India [NHAI],619103,Chhattisgarh,National Highways Authority of India [NHAI],1096.52,1172.36,107.31,100.0,6.916426512968292,97.0,-90.8466682588966,25,100,0,0,37.5,92.7628,59.60512161254883,HIGH,Schedule delay above 6 months
247,"Construction of 200 Bedded ESIC Hospital at Butibori, Nagpur, Maharashtra.",Employee's State Insurance Company [ESIC],612213,Maharashtra,Employee's State Insurance Company [ESIC],194.93,196.7,114.39,65.5,0.9080182629661836,13.0,-7.345449923741739,25,75,40,0,40.0,88.84244,59.5369758605957,HIGH,Schedule delay above 6 months
248,4L Tumkur-Shimoga Pkg-I from Mallasandra to Karadi village of NH-206 from Km. 12.300 to Km. 65.195,National Highways Authority of India [NHAI],619218,Karnataka,National Highways Authority of India [NHAI],1364.14,1692.12,552.09,100.0,24.042986790212133,56.0,-67.37288135593221,50,100,0,0,45.0,81.188385,59.4753532409668,HIGH,Cost overrun above 10% | Schedule delay above 6 months
249,Salem - Ulundurpet section from km 0.313 to km 136.670 of NH-68,National Highways Authority of India [NHAI],618943,Tamil Nadu,National Highways Authority of India [NHAI],861.23,1019.85,137.29,100.0,18.417844246020227,184.0,-86.5382164043732,50,100,0,0,45.0,81.08663,59.434654235839844,HIGH,Cost overrun above 10% | Schedule delay above 6 months
250,4L Greenfield Alignment of Shivrampur to Ramnagar from Km. 55.002 to Km. 109.300 of NH 119 D Pkg-II,National Highways Authority of India [NHAI],618740,Bihar,National Highways Authority of India [NHAI],1494.31,1546.07,264.72,43.6,3.463806037569179,23.0,-26.477877457036225,25,75,75,0,48.75,75.21826,59.33730506896973,HIGH,Schedule delay above 6 months | Low physical progress
251,Construction/Up gradation of Existing road to 2 Lane with Paved Shoulder including Geometric Improvement from Ranipool to Pakyong Balance work from Km 2.000 to 16.167 of NH-717-A on EPC basis under SARDP-NE Phase A in the State of Sikkim,NHIDCL,618426,Sikkim,NHIDCL,264.84,380.94,0.0,85.15,43.837788853647496,29.0,-85.15,75,100,0,0,52.5,69.37036,59.24814414978027,HIGH,Cost overrun above 10% | Schedule delay above 6 months
252,Pipli Bhavnagar-Package 1 from km 136.025 to km 169.328,National Highways Authority of India [NHAI],618699,Gujarat,National Highways Authority of India [NHAI],819.14,1297.38,188.7,100.0,58.38318236198942,,-85.45530222448319,100,50,0,0,45.0,80.610054,59.244022369384766,HIGH,Cost overrun above 10%
253,Permanent rectification of 3 nos. of black spots in project Highway NH-27 of U.P border - Dewapur - Kotwa section from Km.360.915 to km.440.000 Total Length of 79.085 Km of NH-27& Permanent rectification of 5 nos. of black spots of project Highway NH-27 of Kotwa - Mehsi - Muzaffarpur Section from km.440.000 to km.520.000 Total length 80.00Km,National Highways Authority of India [NHAI],618571,Bihar,National Highways Authority of India [NHAI],227.25,321.23,224.1,80.46,41.35533553355336,7.0,-10.696901908290002,75,50,0,0,37.5,91.75153,59.20061492919922,HIGH,Cost overrun above 10% | Schedule delay above 6 months
254,Delhi-Amritsar-Katra Expressway Phase-I Pkg-XI from Junction with Jalandhar - Kapurthala road NH-703A near khojewal village to Junction with Amritsar-Mehta- SriHargobindpur-Tanda road NH-503A near SriHargobindpur Km 319400 to km 362420,National Highways Authority of India [NHAI],618491,Punjab,National Highways Authority of India [NHAI],2175.35,2206.71,941.19,43.45,1.4416070977084203,,-0.7987227592207375,25,50,75,0,41.25,86.08741,59.18496322631836,HIGH,Low physical progress
255,Barauni Refinery Capacity Expansion from 6.0 to 9.0 MMTPA,Ministry of Petroleum & Natural Gas,701324,Bihar,Ministry of Petroleum & Natural Gas,14810.0,16724.0,12872.04,90.9,12.923700202565833,40.0,-13.932528103324556,50,100,0,0,45.0,80.33294,59.133174896240234,HIGH,Cost overrun above 10% | Schedule delay above 6 months
256,Numaligarh Refinery Expansion Project,Ministry of Petroleum & Natural Gas,604791,Assam,Ministry of Petroleum & Natural Gas,12366.0,22494.0,19522.33,84.6,81.90198932557011,32.0,2.1890548590735364,100,100,0,0,60.0,57.441788,58.976715087890625,HIGH,Cost overrun above 10% | Schedule delay above 6 months
257,6L Greenfield Kaliagura Baunsaguar Section of NH-130-CD Road from km 249000 to km 293000 Package OD-5,National Highways Authority of India [NHAI],618677,Odisha,National Highways Authority of India [NHAI],1539.75,1918.49,981.3,94.81,24.59749959408995,25.0,-43.66039796923623,50,100,0,0,45.0,79.90432,58.96172904968262,HIGH,Cost overrun above 10% | Schedule delay above 6 months
258,Moga - Bagha Purana - Bajakhana from km. 0.00 to km. 43.32,National Highways Authority of India [NHAI],618764,Punjab,National Highways Authority of India [NHAI],1032.59,1264.17,663.72,76.0,22.427100785403713,17.0,-23.49756757398135,50,75,0,0,37.5,90.956085,58.8824348449707,HIGH,Cost overrun above 10% | Schedule delay above 6 months
259,CONSTRUCTION OF PERMANENT CAMPUS FOR IIT PALAKKAD UNDER PHASE 1A,INDIAN INSTITUTE OF TECHNOLOGY PALAKKAD,606431,Kerala,INDIAN INSTITUTE OF TECHNOLOGY PALAKKAD,1006.45,1217.4,680.69,86.0,20.959809230463513,48.0,-30.08657795301462,50,100,0,0,45.0,79.688614,58.87544631958008,HIGH,Cost overrun above 10% | Schedule delay above 6 months
260,Life Extension of 48 well platforms of Mumbai High & Heera Fields,Oil and Natural Gas Corporation Limited [ONGC],400119,Offshore,Oil and Natural Gas Corporation Limited [ONGC],3190.69,3375.9,3123.2,90.0,5.804700550664591,100.0,2.514588702271979,25,100,0,0,37.5,90.63774,58.755096435546875,HIGH,Schedule delay above 6 months
261,Arawali Kante section of NH-17New NH-66 4L PS from Km.241/300 to 281/300,MoRTH,617947,Maharashtra,MoRTH,1006.99,1443.09,0.0,80.06,43.30728209813403,76.0,-80.06,75,100,0,0,52.5,68.09457,58.73782730102539,HIGH,Cost overrun above 10% | Schedule delay above 6 months
262,6L Korlam-Kantakapalle Section of NH-130CD Road from Km 421.100 to Km 445.100 Pkg-3,National Highways Authority of India [NHAI],618682,Andhra Pradesh,National Highways Authority of India [NHAI],1112.7,1127.63,822.68,99.26,1.3417812528084894,29.0,-26.303445101673447,25,100,0,0,37.5,90.40216,58.660865783691406,HIGH,Schedule delay above 6 months
263,Dharamjaigarh-Korba,Railway,400203,Chhattisgarh,Railway,1686.22,2438.53,625.77,43.5,44.61517476960303,-4.0,-17.838228358888347,75,0,75,0,41.25,84.66652,58.616607666015625,HIGH,Cost overrun above 10% | Low physical progress
264,Establishment of Permanent campus Phase 1 of IIM Sirmaur,"Indian Institute of Management, Sirmaur",602099,Himachal Pradesh,"Indian Institute of Management, Sirmaur",392.51,454.78,336.71,97.5,15.864563960153877,31.0,-23.46200360613923,50,100,0,0,45.0,78.788414,58.51536560058594,HIGH,Cost overrun above 10% | Schedule delay above 6 months
265,Mahabalipuram - Pondicherry Pkg-I [Mamallapuram to Mugaiyur],National Highways Authority of India [NHAI],619129,Tamil Nadu,National Highways Authority of India [NHAI],1360.54,1477.94,575.41,58.65,8.628926749672932,31.0,-19.716755078013996,25,100,40,0,47.5,74.801346,58.4205379486084,HIGH,Schedule delay above 6 months
266,Bakhtiyarpur-Rajauli Pkg-III from km. 101.630 to km.152.520,National Highways Authority of India [NHAI],618862,Bihar,National Highways Authority of India [NHAI],2156.22,3046.61,1668.28,99.14,41.29402380091087,23.0,-44.38143228046912,75,75,0,0,45.0,78.41128,58.364511489868164,HIGH,Cost overrun above 10% | Schedule delay above 6 months
267,Koderma-Tilaiya New Line,East Central Railway [ECR] - I,705375,"Multi-States
(Bihar, Jharkhand)",East Central Railway [ECR] - I,1626.0,2486.62,2215.44,95.5,52.92865928659286,12.0,-6.405566592402522,100,50,0,0,45.0,78.18919,58.275678634643555,HIGH,Cost overrun above 10% | Schedule delay above 6 months
268,Capacity Expansion of Panipat Refinery from 15 to 25 MMTPA,Ministry of Petroleum & Natural Gas,701289,Haryana,Ministry of Petroleum & Natural Gas,34627.0,36225.0,27035.45,93.2,4.61489589049008,27.0,-18.567977915803993,25,100,0,0,37.5,89.31222,58.22488784790039,HIGH,Schedule delay above 6 months
269,"Rehabilitation & Upgradation of NH214New NH-216 from Km 34/230 to Km 84/550 Losari to Machavaram Section to two lane with paved shoulder in the state of Andhrapradesh under NHDP-IV through Engineering, Procurement& Construction EPC mode.",MoRTH,618239,Andhra Pradesh,MoRTH,445.22,459.37,0.0,98.6,3.178204033960734,82.0,-98.6,25,100,0,0,37.5,89.227455,58.190982818603516,HIGH,Schedule delay above 6 months
270,Bangalore-Nidagatta Pkg. I,National Highways Authority of India [NHAI],618706,Karnataka,National Highways Authority of India [NHAI],3496.01,4087.42,604.66,99.19,16.916713624961023,55.0,-84.39680527080652,50,100,0,0,45.0,77.917404,58.166961669921875,HIGH,Cost overrun above 10% | Schedule delay above 6 months
271,"Construction of 4/6 lane Highway of Southern Bareilly Bypass, starting at Ch. 237000 of NH 530 near Jhumka chauraha, Dhantiya village and ending at Ch. 267000 of NH 30 near Invertis University including Trumpet Interchange",National Highways Authority of India [NHAI],618869,Uttar Pradesh,National Highways Authority of India [NHAI],1122.02,1869.59,129.68,10.21,66.62715459617475,0.0,-3.273719853015902,100,0,100,0,55.0,62.766075,58.10643005371094,HIGH,Cost overrun above 10% | Low physical progress
272,6L Greenfield Kandili - Aluru Section of NH-130-CD Road from km 342500 to km 365033 Package-OD-8,National Highways Authority of India [NHAI],618680,Odisha,National Highways Authority of India [NHAI],1492.74,1912.84,1032.78,97.47,28.14287819714082,19.0,-43.47802994500323,75,75,0,0,45.0,77.71248,58.084991455078125,HIGH,Cost overrun above 10% | Schedule delay above 6 months
273,HP-COAT [Crude to Olefins and Aromatics Technology] demo unit at Visakh Refinery,Hindustan Petroleum Corporation Limited,709752,Andhra Pradesh,Hindustan Petroleum Corporation Limited,160.0,220.0,135.52,91.6,37.5,32.0,-29.999999999999993,75,100,0,0,52.5,66.38394,58.0535774230957,HIGH,Cost overrun above 10% | Schedule delay above 6 months
274,Baramati Lonand New Line Project,Central Railway,705357,Maharashtra,Central Railway,138.48,1843.9,1007.49,60.0,1231.5280184864243,0.0,-5.3609197895764495,100,0,40,0,40.0,85.073296,58.029319763183594,HIGH,Cost overrun above 10%
275,Guwahati Airport New Integrated Terminal Building Construction Project,706724,N04000083,Assam,Adani Airport Holdings Limited,1712.0,2520.0,2627.39,98.0,47.19626168224299,15.0,6.261507936507925,75,75,0,0,45.0,77.503654,58.00146293640137,HIGH,Cost overrun above 10% | Schedule delay above 6 months | Expenditure exceeds revised project cost
276,Construction of New Double Tier 4L Elevated Corridor from Chennai Port to Maduravoyal in Chennai District from km -0.342 to Km 20.593 and Package IV from Km 14.185 to Km 20.593,National Highways Authority of India [NHAI],619045,Tamil Nadu,National Highways Authority of India [NHAI],1205.4,1210.21,62.01,7.91,0.3990376638460216,18.0,-2.7860958841853893,25,75,100,0,55.0,62.365692,57.9462776184082,HIGH,Schedule delay above 6 months | Low physical progress
277,Kottankulangara- Start of Kollam Bypass,National Highways Authority of India [NHAI],618607,Kerala,National Highways Authority of India [NHAI],2842.14,3680.49,895.86,73.89,29.49713947940636,29.0,-49.54921928873601,75,100,40,0,62.5,50.896557,57.85862350463867,HIGH,Cost overrun above 10% | Schedule delay above 6 months
278,Start of Kollam Bypass - Kadambattukonam,National Highways Authority of India [NHAI],619207,Kerala,National Highways Authority of India [NHAI],2641.37,3309.06,891.4,81.8,25.278170040547145,15.0,-54.86183629187745,75,75,0,0,45.0,76.97499,57.78999710083008,HIGH,Cost overrun above 10% | Schedule delay above 6 months
279,4L of Fazilka to Abohar section of NH-07 including construction of Greenfield Abohar & Fazilka Bypasses,National Highways Authority of India [NHAI],618793,Punjab,National Highways Authority of India [NHAI],1409.88,1674.04,569.17,60.0,18.736346355718204,15.0,-26.00021504862488,50,75,40,0,47.5,73.1508,57.76032066345215,HIGH,Cost overrun above 10% | Schedule delay above 6 months
280,Six Laning of KT/KL Border Thalapaddy -Chengala from Km. 17.200 to Km. 57.20,National Highways Authority of India [NHAI],619205,"Multi-States
(Karnataka,
Kerala)",National Highways Authority of India [NHAI],1981.07,2681.48,1060.49,99.2,35.35513636570137,24.0,-59.65131792890494,75,75,0,0,45.0,76.73483,57.69393348693848,HIGH,Cost overrun above 10% | Schedule delay above 6 months
281,Shahpur Kandi Dam Project,Department of Water Resources-PB,701411,Punjab,Department of Water Resources-PB,2285.81,2715.7,2201.94,88.0,18.80689996106413,48.0,-6.918142651986585,50,100,0,0,45.0,76.59186,57.63674354553223,HIGH,Cost overrun above 10% | Schedule delay above 6 months
282,6L Greenfield Varanasi- Ranchi- Kolkata Highway from junction with NH-320 in Lepo village to Kamlapur villageJH/WB border from km 358.500 to km 387.200 Pkg -13,National Highways Authority of India [NHAI],618734,"Multi-States
(Jharkhand, West
Bengal)",National Highways Authority of India [NHAI],1154.49,1319.18,90.87,17.22,14.265173366594777,0.0,-10.331629951939838,50,0,100,0,40.0,83.5356,57.414241790771484,HIGH,Cost overrun above 10% | Low physical progress
283,3rd & 4th Railway Line Project from Salegaon to Budhapank via Rajathgarh.,East Coast Railway [ECoR] - II,705515,Odisha,East Coast Railway [ECoR] - II,1173.0,2092.0,2120.58,89.0,78.3461210571185,0.0,12.366156787762904,100,0,0,40,36.0,89.119194,57.247678375244135,HIGH,Cost overrun above 10% | Expenditure exceeds revised project cost
284,Construction of Trumpet Interchange Connecting Bangalore Chennai Expressway km.261705 to km. 262800 with Maduravoyal to Walajapet Section of NH 48 near Sriperumbudur Toll Plaza at km. 35700,National Highways Authority of India [NHAI],618480,Tamil Nadu,National Highways Authority of India [NHAI],162.55,162.56,43.1,24.13,0.0061519532451497,14.0,2.3832874015748047,25,75,100,0,55.0,60.354465,57.14178657531738,HIGH,Schedule delay above 6 months | Low physical progress
285,Installation of FGD for 4x210 & 2x250 MW MTPS U 1-6,Damodar Valley Corporation,602538,West Bengal,Damodar Valley Corporation,1037.0,1106.0,1133.78,96.0,6.653809064609451,28.0,6.511754068716087,25,100,0,0,37.5,86.58209,57.13283920288086,HIGH,Schedule delay above 6 months | Expenditure exceeds revised project cost
286,4L of Palma to Gumla from km. 26.00 to km. 89.170 of NH-23,National Highways Authority of India [NHAI],618642,Jharkhand,National Highways Authority of India [NHAI],1882.93,1895.75,891.94,98.96,0.6808537757643639,26.0,-51.91054727680336,25,100,0,0,37.5,86.23994,56.995975494384766,HIGH,Schedule delay above 6 months
287,4L of Munger Mirzachauki section from Munger to Kharia village junction from Km 69520 to Km 95580 Pkg-1,NHAI,619289,Bihar,NHAI,1659.81,1696.66,506.33,78.09,2.2201336297528114,27.0,-48.24725012671957,25,100,0,0,37.5,86.10957,56.94382858276367,HIGH,Schedule delay above 6 months
288,Ahmednagar - Beed - Parli - Vaijnath New Broad Gauge Line Railway Project [261.3 km],Central Railway [CR] - II,705356,Maharashtra,Central Railway [CR] - II,2538.67,4957.27,5180.78,98.0,95.27035810089536,0.0,6.508731620428179,100,0,0,0,30.0,97.33736,56.93494415283203,HIGH,Cost overrun above 10% | Expenditure exceeds revised project cost
289,Burhwal Gonda 3rd line,North Eastern Railway [NER],705567,Uttar Pradesh,North Eastern Railway [NER],1016.0,1118.0,1050.11,88.4,10.039370078740156,14.0,5.527549194991039,50,75,0,0,37.5,86.08026,56.932106018066406,HIGH,Cost overrun above 10% | Schedule delay above 6 months
290,Paradip-Numaligarh Crude Oil Pipeline [PNCPL] & Crude Oil Import Terminal [COIT] at Paradip,Ministry of Petroleum & Natural Gas,701349,"Multi-States
(Assam, Bihar,
Jharkhand,
Odisha, West
Bengal)",Ministry of Petroleum & Natural Gas,10228.0,11407.0,10912.42,92.4,11.527180289401642,27.0,3.264241255369498,50,100,0,0,45.0,74.58285,56.833139419555664,HIGH,Cost overrun above 10% | Schedule delay above 6 months
291,"Construction of Permanent Campus of Central University of Himachal Pradesh at Dehra, District - Kangra, [H.P.] on Engineering. Procurement and Construction [EPC Mode 1] Basis.","Central University, Himachal Pradesh",612894,Himachal Pradesh,"Central University, Himachal Pradesh",251.98,300.45,223.21,85.0,19.235653623303435,16.0,-10.7081045099018,50,75,0,0,37.5,85.575775,56.73031234741211,HIGH,Cost overrun above 10% | Schedule delay above 6 months
292,4/6L Greenfield LudhianaRupnagar highway from Jn. with NE-5 village near to ManewalLudhiana to Jn. with NH-205 near Bheora Village Rupnagar from Km 66.0 to Km 91.0 i/c spur to Kharar from Km 0.0 to Km 19.5 with Ludhiana bypass of NH-205K Pkg-3,National Highways Authority of India [NHAI],618785,Punjab,National Highways Authority of India [NHAI],1501.02,1815.13,992.99,78.6,20.92643668971767,15.0,-23.89372551828243,50,75,0,0,37.5,85.39645,56.6585807800293,HIGH,Cost overrun above 10% | Schedule delay above 6 months
293,4L of Sethiyathope -Cholapuram section from Km. 65.960 to Km. 116.440 section of NH45 C Pkg-II,National Highways Authority of India [NHAI],618897,Tamil Nadu,National Highways Authority of India [NHAI],2356.19,2356.9,1011.39,100.0,0.0301333933171788,68.0,-57.08812423098137,25,100,0,0,37.5,85.21622,56.58648681640625,HIGH,Schedule delay above 6 months
294,4L Greenfield Alignment from Kalyanapur to Tal Dashraha of NH-119D Pkg-III,NHAI,618741,Bihar,NHAI,1857.58,1969.3,416.74,32.17,6.014276639498704,28.0,-11.008165845731988,25,100,75,0,56.25,56.918983,56.51759338378906,HIGH,Schedule delay above 6 months | Low physical progress
295,Kalyan Station Precinct Imporvement Project,ministry of housing and urban affairs,701991,Maharashtra,ministry of housing and urban affairs,600.0,723.7,492.82,82.0,20.61666666666667,35.0,-13.902722122426423,50,100,0,0,45.0,73.67582,56.470327377319336,HIGH,Cost overrun above 10% | Schedule delay above 6 months
296,6L Greenfield Varanasi-Ranchi-Kolkata Highway from junction with Chandauli- Chainpur Road near Khainti village to junction with Bhabhua-Adhaura road near Palka village from Km. 27.000 to Km. 54.000 Pkg-2,National Highways Authority of India [NHAI],618726,Bihar,National Highways Authority of India [NHAI],1240.93,1341.52,103.25,14.08,8.106017261247606,0.0,-6.383506470272527,25,0,100,0,32.5,91.95699,56.282798767089844,HIGH,Low physical progress
297,Delhi-Amritsar-Katra Expressway Phase-I Pkg-VIII from Junction with Ludhiana- Malerkotla SH-11 near Bhogiwal village to Junction with Ludhiana-Moga road NH-5 near Mullanpur Dakha Km 225770 to km 260860,National Highways Authority of India [NHAI],618488,Punjab,National Highways Authority of India [NHAI],1895.74,2034.94,751.95,31.08,7.342779073079645,,5.871949443226832,25,50,75,0,41.25,78.75571,56.25228309631348,HIGH,Low physical progress
298,4L of Bamni - Rajura - Warur - Devada upto M.S. Border of NH - 930D from km 19.000 to km 51.985,National Highways Authority of India [NHAI],618941,"Multi-States
(Maharashtra,
Telangana)",National Highways Authority of India [NHAI],968.05,1187.19,599.67,68.15,22.637260472083064,9.0,-17.63828746872869,50,50,40,0,40.0,80.576836,56.230735778808594,HIGH,Cost overrun above 10% | Schedule delay above 6 months
299,Dhamra Haldia Pipeline Project,Ministry of Petroleum & Natural Gas,701344,"Multi-States
(Odisha, West
Bengal)",Ministry of Petroleum & Natural Gas,1030.65,1125.0,916.9,93.7,9.154417115412594,46.0,-12.197777777777787,25,100,0,0,37.5,84.112175,56.14487075805664,HIGH,Schedule delay above 6 months
300,6L Greenfield Varanasi-Ranchi-Kolkata Highway from junction with Bhabhua-Adhaura road in Bhairopur village to Konki village From KM. 54.000 to KM. 90.000Pkg-3,National Highways Authority of India [NHAI],618727,Bihar,National Highways Authority of India [NHAI],1576.94,1711.44,123.3,16.0,8.529176760054282,0.0,-8.795540597391671,25,0,100,0,32.5,91.473045,56.08921813964844,HIGH,Low physical progress
301,Karnal ring road Lot-4/Pkg-1,National Highways Authority of India [NHAI],619201,Haryana,National Highways Authority of India [NHAI],1741.45,2041.54,461.25,91.61,17.232191564500845,14.0,-69.01676156234998,50,75,0,0,37.5,83.93878,56.07551193237305,HIGH,Cost overrun above 10% | Schedule delay above 6 months
302,Development of Surface Facilities for production and evacuation of Crude Oil and Natural Gas from Nadua and East Khagorija,Ministry of Petroleum & Natural Gas,604863,Assam,Ministry of Petroleum & Natural Gas,682.9,726.93,598.62,94.3,6.44750329477229,76.0,-11.95094300689199,25,100,0,0,37.5,83.85977,56.04391098022461,HIGH,Schedule delay above 6 months
303,3rd Line Kalyan - Kasara [67.35 Kilometres],Central Railway,705498,Maharashtra,Central Railway,792.89,1395.79,1077.37,73.0,76.03829030508645,0.0,4.187112674542718,100,0,40,0,40.0,80.080124,56.03205108642578,HIGH,Cost overrun above 10%
304,4L Greenfield Alignment of Amas to Shivrampur from 0.000 Km. to 55.002 Km. of NH 119 D Pkg-I,National Highways Authority of India [NHAI],618739,Bihar,National Highways Authority of India [NHAI],1390.92,1427.43,341.86,45.35,2.6248813734794227,18.0,-21.400664480920256,25,75,75,0,48.75,66.537796,55.8651180267334,HIGH,Schedule delay above 6 months | Low physical progress
305,Bijnor-Kotawali,National Highways Authority of India [NHAI],618925,Uttar Pradesh,National Highways Authority of India [NHAI],300.58,334.48,264.54,96.53,11.278195488721815,36.0,-17.440069361396795,50,100,0,0,45.0,72.114105,55.84564208984375,HIGH,Cost overrun above 10% | Schedule delay above 6 months
306,"Construction of Balance Work of 4-Laning of the Section from Jhanji to Demow of NH- 37 Old from Km 501.800 to Km 514.800 13.000 Km, under SARDP- NE under EPC Mode in the state of Assam Pkg-II Road Works",NHIDCL,619013,Assam,NHIDCL,508.76,542.87,58.12,47.34,6.704536520166683,,-36.63393777515796,25,50,75,0,41.25,77.6716,55.81863975524902,HIGH,Low physical progress
307,Patratu Thermal Power Station Expansion Project Phase-I [3x800 MW],National Thermal Power Corporation [NTPC],400261,Jharkhand,National Thermal Power Corporation [NTPC],18668.0,20302.0,18690.0,88.74,8.752946218127276,47.0,3.319895576790472,25,100,0,0,37.5,83.29178,55.81671142578125,HIGH,Schedule delay above 6 months
308,4L of km 0.00 to km 42.00 of Dobbaspet to Doddaballapura Bypass section of NH-648 old NH-207] [Bangalore Ring Road Pkg 1],National Highways Authority of India [NHAI],618520,Karnataka,National Highways Authority of India [NHAI],1438.74,1786.57,1051.89,99.2,24.176015124344907,38.0,-40.32237415830333,50,100,0,0,45.0,71.99523,55.79809379577637,HIGH,Cost overrun above 10% | Schedule delay above 6 months
309,Talcher-Bimlagarh New Railway Line,East Coast Railway [ECoR] - II,705359,Odisha,East Coast Railway [ECoR] - II,1928.0,1928.0,2120.08,56.0,0.0,48.0,53.96265560165975,0,100,40,100,55.0,56.982086,55.7928352355957,HIGH,Schedule delay above 6 months | Expenditure is significantly ahead of physical progress | Expenditure exceeds revised project cost
310,"Replacement and revamping of pipeline projects in oil jetty area, Kandla",Deendayal Port Trust [DPT],701570,Gujarat,Deendayal Port Trust [DPT],171.0,211.61,149.5,91.0,23.748538011695913,18.0,-20.35116487878645,50,75,0,0,37.5,83.18645,55.77457809448242,HIGH,Cost overrun above 10% | Schedule delay above 6 months
311,4 Laning of Talcher to end of Kamakhyanagar Bypass km 8.844 - km 15.725 of NH- 149 and km 301.875 - km 335.946 of NH-53 Pkg-I,National Highways Authority of India [NHAI],619157,Odisha,National Highways Authority of India [NHAI],795.18,810.71,402.98,99.0,1.953016926985096,62.0,-49.29295309050091,25,100,0,0,37.5,83.16968,55.76787185668945,HIGH,Schedule delay above 6 months
312,Delhi-Vadodara Greenfield Alignment NH-148N Pkg-14 Ch. 388.420 to Ch. 419.000 [Junction with NH- 76 to Junction with NH-12 near village Ummedpura],National Highways Authority of India [NHAI],618456,Rajasthan,National Highways Authority of India [NHAI],1119.35,1194.17,975.7,99.8,6.684236387189009,22.0,-18.094715157808352,25,75,0,0,30.0,93.957825,55.5831298828125,HIGH,Schedule delay above 6 months
313,Vadodara Mumbai Expressway Phase II - Pkg XIV [Km. 3.000 to Km. 20.200 of Spur] Shirsad - Akloli,National Highways Authority of India [NHAI],618470,Maharashtra,National Highways Authority of India [NHAI],2058.79,2324.72,629.88,86.0,12.916810359482987,24.0,-58.90512405795106,50,75,0,0,37.5,82.70559,55.582237243652344,HIGH,Cost overrun above 10% | Schedule delay above 6 months
314,Indore - Harda Pkg-III [Nanasa to Pidgaon Section from km 95.000 to km 142.445],National Highways Authority of India [NHAI],618695,Madhya Pradesh,National Highways Authority of India [NHAI],1146.22,1240.64,626.01,98.21,8.23751112351905,31.0,-47.75136574671137,25,100,0,0,37.5,82.681786,55.572715759277344,HIGH,Schedule delay above 6 months
315,4L of Bhavnagar - Talaja Package-I from Km. 6.945 to Km. 54.990 of Old NH-8E,National Highways Authority of India [NHAI],619148,Gujarat,National Highways Authority of India [NHAI],1185.66,1343.16,53.18,100.0,13.283740701381507,,-96.04068018702164,50,50,0,0,30.0,93.844154,55.537662506103516,HIGH,Cost overrun above 10%
316,Widening & Strenghteningof section from Bharthana chowk to Kodarkoot km.0.00 to km.40.00 of NH-91-A on EPC mode,MoRTH,618063,Uttar Pradesh,MoRTH,262.37,343.77,112.46,92.0,31.024888516217548,21.0,-59.286266980830206,75,75,0,0,45.0,71.208885,55.48355484008789,HIGH,Cost overrun above 10% | Schedule delay above 6 months
317,4L of Ormanjhi-Gola section from Km 81.450 to Km 53.600 of NH- 320BPKG-II,National Highways Authority of India [NHAI],618644,Jharkhand,National Highways Authority of India [NHAI],1214.93,1462.19,837.8,86.57,20.35178981505107,13.0,-29.272384778995885,50,75,0,0,37.5,82.33282,55.433128356933594,HIGH,Cost overrun above 10% | Schedule delay above 6 months
318,Khammam-Devarapalle Pkg II [4L Access Controlled Greenfield from Somavaram village to Chintagudem village Design Chainage 33604 to 63117],National Highways Authority of India [NHAI],619128,Telangana,National Highways Authority of India [NHAI],615.78,981.64,431.67,98.02,59.41407645587711,20.0,-54.04563057740108,100,75,0,0,52.5,59.733383,55.393354415893555,HIGH,Cost overrun above 10% | Schedule delay above 6 months
319,Nandigama Bypass and Kanchikacherla bypass,National Highways Authority of India [NHAI],618629,Andhra Pradesh,National Highways Authority of India [NHAI],416.07,444.58,110.65,98.47,6.852212368111132,83.0,-73.5813410409825,25,100,0,0,37.5,82.00461,55.30184555053711,HIGH,Schedule delay above 6 months
320,Khammam-Devarapalle Pkg IV [4L Access Controlled Greenfield from Recherla village to Gurvaygudem village Design Chainage 105236 to 132664],National Highways Authority of India [NHAI],618748,Andhra Pradesh,National Highways Authority of India [NHAI],569.37,752.02,355.88,100.0,32.0793157349351,8.0,-52.67679051089067,75,50,0,0,37.5,81.84498,55.23799133300781,HIGH,Cost overrun above 10% | Schedule delay above 6 months
321,Sangariya near Chautala-Rasisar near Bikaner section of NH-754K Phase-I AJ/SR- Package-7,National Highways Authority of India [NHAI],618611,Rajasthan,National Highways Authority of India [NHAI],520.63,548.42,426.0,100.0,5.337763863012112,35.0,-22.3223077203603,25,100,0,0,37.5,81.80587,55.222347259521484,HIGH,Schedule delay above 6 months
322,Wardha-Nanded Via Yavatmal New BG Line,Central Railway [CR] - II,400271,Maharashtra,Central Railway [CR] - II,3445.0,3445.0,3002.93,50.0,0.0,21.0,37.16777939042089,0,75,40,75,43.75,72.3298,55.18192100524902,HIGH,Schedule delay above 6 months | Expenditure is significantly ahead of physical progress
323,Rehabilitation and upgradation Umaria to Shahdol section of NH-78 from Existing Km. 68/4 to Km. 142/2 to 2LPS including construction of Birshinghpur and Shahdol Bypass on EPC mode under NHDP-IVA,MoRTH,617911,Madhya Pradesh,MoRTH,511.83,613.16,0.0,94.5,19.79758904323701,107.0,-94.5,50,100,0,0,45.0,70.39595,55.15838050842285,HIGH,Cost overrun above 10% | Schedule delay above 6 months
324,Redevelopment of Linch Field,Oil and Natural Gas Corporation Limited [ONGC],400169,Gujarat,Oil and Natural Gas Corporation Limited [ONGC],631.03,845.42,612.97,90.0,33.974612934408825,16.0,-17.495209481677733,75,75,0,0,45.0,70.21415,55.08566093444824,HIGH,Cost overrun above 10% | Schedule delay above 6 months
325,4L Sundar Nagar Bypass from Km.173.900 to Km.179.600 of NH-21,National Highways Authority of India [NHAI],618852,Himachal Pradesh,National Highways Authority of India [NHAI],191.11,192.11,182.17,100.0,0.5232588561561404,23.0,-5.174118994326179,25,75,0,0,30.0,92.56922,55.02769088745117,HIGH,Schedule delay above 6 months
326,Thorapalli - Agraharam - Jittandahalli Section from km 23.350 to km 60.100 [Hosur to Dhamrapuri Pkg-2],National Highways Authority of India [NHAI],619094,Tamil Nadu,National Highways Authority of India [NHAI],1243.57,1272.11,623.59,82.56,2.2950055083348717,36.0,-33.53986809316804,25,100,0,0,37.5,81.285805,55.01432418823242,HIGH,Schedule delay above 6 months
327,6L Aluru - Jakkuva Section of NH-130CD Road from km 365.033 to km 396.800 Pkg. 1,National Highways Authority of India [NHAI],618681,"Multi-States
(Andhra Pradesh,
Odisha)",National Highways Authority of India [NHAI],1216.12,1241.66,683.05,96.23,2.1001216985166096,27.0,-41.21896638371214,25,100,0,0,37.5,81.26052,55.004207611083984,HIGH,Schedule delay above 6 months
328,"Andheri Residential Towers, Mumbai",Ministry of Petroleum & Natural Gas,604833,Maharashtra,Ministry of Petroleum & Natural Gas,281.35,389.67,270.49,79.5,38.500088857295175,13.0,-10.084853850694188,75,75,0,0,45.0,69.95925,54.98370170593262,HIGH,Cost overrun above 10% | Schedule delay above 6 months
329,6L Access Controlled Greenfield Highway of Julekal village to Dinnedevarapadu village from Km 242.200 to Km 280.400 Pkg-2,National Highways Authority of India [NHAI],619212,"Multi-States
(Andhra Pradesh,
Telangana)",National Highways Authority of India [NHAI],1227.57,1315.87,524.04,65.24,7.193072492810998,23.0,-25.41539726568734,25,75,40,0,40.0,77.406136,54.962453842163086,HIGH,Schedule delay above 6 months
330,4L Greenfield spur from Delhi-Vadodara Greenfield expressway near Bandikui to Jaipur,National Highways Authority of India [NHAI],619063,Rajasthan,National Highways Authority of India [NHAI],1636.15,2170.39,1205.29,100.0,32.65226293432752,18.0,-44.46666267352872,75,75,0,0,45.0,69.84317,54.93726921081543,HIGH,Cost overrun above 10% | Schedule delay above 6 months
331,Pottangi Bauxite Mines Project,National Aluminium Company Limited [NALCO],400299,Odisha,National Aluminium Company Limited [NALCO],1381.0,1960.77,770.08,52.1,41.981897175959446,14.0,-12.825633297123067,75,75,40,0,55.0,54.840504,54.936201095581055,HIGH,Cost overrun above 10% | Schedule delay above 6 months
332,Barhi-Koderma Section of NH31 km 0.00 - km 27.5,National Highways Authority of India [NHAI],618863,Jharkhand,National Highways Authority of India [NHAI],662.44,826.59,478.57,98.5,24.77960268099752,21.0,-40.60309827121064,50,75,0,0,37.5,80.816666,54.82666778564453,HIGH,Cost overrun above 10% | Schedule delay above 6 months
333,Khurda-Bolangir New Broad Gauge Rail Link [301km],East Coast Railway [ECoR] - II,705358,Odisha,East Coast Railway [ECoR] - II,3792.0,5089.0,5671.96,92.0,34.20358649789029,0.0,19.45529573590096,75,0,0,40,28.5,93.93323,54.67329177856445,HIGH,Cost overrun above 10% | Expenditure exceeds revised project cost
334,4L of Haridwar-Nagina section from km. 0.00 to km. 71.614 of NH-74,National Highways Authority of India [NHAI],619217,"Multi-States (Uttar
Pradesh,
Uttarakhand)",National Highways Authority of India [NHAI],1659.12,1622.49,822.5,97.64,-2.207796904383039,70.0,-46.94631313598235,0,100,0,0,30.0,91.68261,54.67304611206055,HIGH,Schedule delay above 6 months
335,Belgaum-Khanapur Pkg I Km 0.000-Km 30.800 of NH-4A,National Highways Authority of India [NHAI],619164,Karnataka,National Highways Authority of India [NHAI],1214.3,1195.74,497.43,72.77,-1.5284526064399198,66.0,-31.169819358723466,0,100,40,0,40.0,76.59399,54.63759422302246,HIGH,Schedule delay above 6 months
336,Hariharganj to Parwa Mode section from km 23.284 to km 57.049 of NH-98,National Highways Authority of India [NHAI],618951,"Multi-States
(Bihar, Jharkhand)",National Highways Authority of India [NHAI],1125.78,1186.56,609.94,91.3,5.398923413100248,28.0,-39.89594120819848,25,100,0,0,37.5,79.92701,54.47080421447754,HIGH,Schedule delay above 6 months
337,4L of Greenfield section from Sirhind to Mohali,National Highways Authority of India [NHAI],618776,Punjab,National Highways Authority of India [NHAI],1237.65,1301.15,979.97,88.82,5.1306912293459375,13.0,-13.50431771894094,25,75,0,0,30.0,90.95904,54.38361740112305,HIGH,Schedule delay above 6 months
338,4L of existing 2/4L stretch from Lonand to Dive Ghat Km 166.400 to Km 220.900 of Mohol Alandi section of NH-965 Pkg - V,National Highways Authority of India [NHAI],619209,Maharashtra,National Highways Authority of India [NHAI],1709.56,2049.51,1125.89,98.52,19.885233627366123,23.0,-43.585405877502424,50,75,0,0,37.5,79.67157,54.36862754821777,HIGH,Cost overrun above 10% | Schedule delay above 6 months
339,4-L of Rajamunda to Barkote Section of NH-23 from km. 287.200 to km. 337.185,National Highways Authority of India [NHAI],618913,Odisha,National Highways Authority of India [NHAI],609.63,630.97,114.77,96.52,3.50048390007054,42.0,-78.33054566778135,25,100,0,0,37.5,79.63511,54.35404396057129,HIGH,Schedule delay above 6 months
340,Bal. Works of Fagne Km. 510.000 to Maharashtra/Gujarat Border Km. 650.794,National Highways Authority of India [NHAI],618637,"Multi-States
(Gujarat,
Maharashtra)",National Highways Authority of India [NHAI],1654.07,1672.89,1356.95,97.66,1.1377994885343523,51.0,-16.545880123618417,25,100,0,0,37.5,79.57225,54.328901290893555,HIGH,Schedule delay above 6 months
341,3rd Line Wardha - Ballarshah [132 Kilometres],Central Railway [CR] - II,705502,Maharashtra,Central Railway [CR] - II,1384.72,2033.59,1813.52,98.0,46.85929285342884,2.0,-8.821748730078326,75,25,0,0,30.0,90.68228,54.27291488647461,HIGH,Cost overrun above 10%
342,2L PS of JH / WB Border km. 70.524 - Purulia km.84.400 & Purulia km. 94.30 - Chandil Junction with NH-33 km. 153.705 of Old NH-32,National Highways Authority of India [NHAI],618909,"Multi-States
(Jharkhand, West
Bengal)",National Highways Authority of India [NHAI],1652.4,1771.88,749.26,97.4,7.230694747034618,50.0,-55.11384066641082,25,100,0,0,37.5,79.32485,54.22994041442871,HIGH,Schedule delay above 6 months
343,Tindivanam-Nagari New Line Project [184.5 km],Ministry of Railways,400275,"Multi-States
(Andhra Pradesh,
Tamil Nadu)",Ministry of Railways,3631.0,3631.0,1259.7,16.5,0.0,30.0,18.192922060038555,0,100,100,40,61.0,43.996056,54.19842300415039,HIGH,Schedule delay above 6 months | Low physical progress
344,Rehabilitation and Upgradation to 4L configuration & Strengthening of Sihuni to Rajol from Km 51.000 to Km 72.000 of NH-154 Package-IIA,National Highways Authority of India [NHAI],618878,Himachal Pradesh,National Highways Authority of India [NHAI],696.65,776.59,318.08,96.6,11.474915667838951,9.0,-55.64145044360602,50,50,0,0,30.0,90.47888,54.19155502319336,HIGH,Cost overrun above 10% | Schedule delay above 6 months
345,Doubling of Katni - Singrauli Railway Line [261 km],Indian Railway Construction International Limited [IRCON],705660,Madhya Pradesh,Indian Railway Construction International Limited [IRCON],2445.0,4377.0,3306.78,81.1,79.01840490797547,0.0,-5.550993831391352,100,0,0,0,30.0,90.471275,54.18851089477539,HIGH,Cost overrun above 10%
346,Construction of new road at the missing link portion of NH-81 along approved alignment between Harishchandrapur and Eastern approach of Kalindri Bridge from Km 46.550 to Km 59.697 in the district of Malda. Job No-081-WB-2015-16/400,MoRTH,617960,West Bengal,MoRTH,271.17,291.2,209.23,84.6,7.386510307187363,91.0,-12.74903846153846,25,100,0,0,37.5,79.22031,54.18812370300293,HIGH,Schedule delay above 6 months
347,Khammam-Devarapalle Pkg III [4L Access Controlled Greenfield from Chintagudem village to Recherla village Design Chainage 63117 to 105236],National Highways Authority of India [NHAI],618747,"Multi-States
(Andhra Pradesh,
Telangana)",National Highways Authority of India [NHAI],829.5,1227.07,518.85,98.82,47.92887281494876,20.0,-56.53634870056312,75,75,0,0,45.0,67.60343,54.041372299194336,HIGH,Cost overrun above 10% | Schedule delay above 6 months
348,Multi tracking of Son Nagar-Andal 374.53 rkm & 814.38 tkm,East Central Railway [ECR] - I,616699,"Multi-States
(Bihar, Jharkhand)",East Central Railway [ECR] - I,12333.57,12333.6,816.82,17.5,0.0002432385756975,,-10.877278329117209,25,50,100,0,47.5,63.772995,54.009199142456055,HIGH,Low physical progress
349,6L Greenfield Varanasi-Ranchi-Kolkata Highway from Pachmon village to Anarbansalea village From KM. 116000 to KM. 151200 Package-6,National Highways Authority of India [NHAI],618725,Bihar,National Highways Authority of India [NHAI],1915.99,1920.21,64.59,10.38,0.2202516714596645,0.0,-7.0163054040964274,25,0,100,0,32.5,86.15643,53.96257400512695,HIGH,Low physical progress
350,Sagauli-Valmiknagar,East Central Railway [ECR] - I,705527,Bihar,East Central Railway [ECR] - I,1216.0,2222.0,2097.52,92.8,82.73026315789474,0.0,1.5978397839784009,100,0,0,0,30.0,89.56192,53.82476806640625,HIGH,Cost overrun above 10%
351,4L Access Controlled Greenfield Section Mancherial Warangal from Puttapaka village at Design Ch. 35.300 Km to Pangidipalle village at Design Ch. 72.350 KmPackage-II,National Highways Authority of India [NHAI],618812,Telangana,National Highways Authority of India [NHAI],1129.33,1145.41,78.94,6.3,1.4238530810303591,6.0,0.5918553181830086,25,25,100,0,40.0,74.55949,53.823795318603516,HIGH,Low physical progress
352,Delhi-Vadodara Greenfield Alignment NH-148N Pkg-26 Ch.696890 to Ch.726390,National Highways Authority of India [NHAI],618459,Gujarat,National Highways Authority of India [NHAI],1555.2,1556.4,1084.2,77.2,0.0771604938271634,21.0,-7.539244410177332,25,75,0,0,30.0,89.4915,53.796600341796875,HIGH,Schedule delay above 6 months
353,4L PS of Ambala Ring Road of New NH-44,National Highways Authority of India [NHAI],619080,Haryana,National Highways Authority of India [NHAI],1093.35,1225.41,429.79,79.34,12.07847441349981,11.0,-44.26684081246277,50,50,0,0,30.0,89.15039,53.66015625,HIGH,Cost overrun above 10% | Schedule delay above 6 months
354,"Construction of 2-Lane with paved shoulder of Kohima-Bypass Road connecting NH- 39New NH-02, NH-150New NH-02, NH-61New NH-29 and NH-39New NH-02 from design Km 0.00 to Km 10.500 in the State of Nagaland under SARDP-NE on EPC Mode Package-1 -Balance work",NHIDCL,618293,Nagaland,NHIDCL,232.29,350.88,12.48,25.61,51.052563605837534,0.0,-22.05322845417237,100,0,75,0,48.75,61.01659,53.65663719177246,HIGH,Cost overrun above 10% | Low physical progress
355,Establishment of new GMC Pithoragarh,"Medical Education, Ministry of Health and Family Welfare",707087,Uttarakhand,"Medical Education, Ministry of Health and Family Welfare",325.0,768.89,325.08,84.0,136.58153846153846,,-41.720870345563085,100,50,0,0,45.0,66.631386,53.65255546569824,HIGH,Cost overrun above 10%
356,4L of Addahole Near Gundya to Bantwal Cross section Pkg-02 from Design Km 270.270 to Design km 318.55 including flyover at Kalladka Town including approaches from Km. 311.57 to Km. 313.67 of NH-75 Old NH-48,National Highways Authority of India [NHAI],618702,Karnataka,National Highways Authority of India [NHAI],1660.19,1318.24,1358.81,94.21,-20.597040097820138,30.0,8.867588299550917,0,100,0,0,30.0,89.005356,53.602142333984375,HIGH,Schedule delay above 6 months | Expenditure exceeds revised project cost
357,Chhapra - Hajipur from km. 143.200 to km. 209.200,National Highways Authority of India [NHAI],618904,Bihar,National Highways Authority of India [NHAI],2127.86,2171.6,98.07,89.81,2.055586363764523,153.0,-85.29397494934611,25,100,0,0,37.5,77.74324,53.5972957611084,HIGH,Schedule delay above 6 months
358,Delhi-Amritsar-Katra Expressway Phase-I Pkg-VII from Junction with Patiala-Bathinda road NH-7 near Bhawanigarh to Junction with Ludhiana-Malerhkotla SH-11 near Bhogiwal village Km 188830 to km 225770,National Highways Authority of India [NHAI],618487,Punjab,National Highways Authority of India [NHAI],1759.82,1774.32,1250.45,95.8,0.8239479037628848,23.0,-25.325113846431307,25,75,0,0,30.0,88.64797,53.459190368652344,HIGH,Schedule delay above 6 months
359,Barwa Adda Km. 398.240 to Panagarh Km. 521.120,National Highways Authority of India [NHAI],618533,"Multi-States
(Jharkhand, West
Bengal)",National Highways Authority of India [NHAI],1560.39,1568.22,91.41,100.0,0.5017976275161932,116.0,-94.17109844282052,25,100,0,0,37.5,77.2983,53.419321060180664,HIGH,Schedule delay above 6 months
360,4L of NH-80 from km 215.00 to km 260.00 Mirza Chauki to Farkka Pkg-I,National Highways Authority of India [NHAI],618947,Jharkhand,National Highways Authority of India [NHAI],1504.8,1508.21,804.61,91.83,0.2266081871345084,36.0,-38.48132839591304,25,100,0,0,37.5,76.71784,53.187137603759766,HIGH,Schedule delay above 6 months
361,AIIMS Majra Rewari Haryana,PMSSY AND Institute of NATIONAL Importance,701173,Haryana,PMSSY AND Institute of NATIONAL Importance,1299.0,1646.43,651.42,57.2,26.74595842956121,0.0,-17.634394417011357,75,0,40,0,32.5,84.168076,53.167232513427734,HIGH,Cost overrun above 10%
362,4 Laning with PS of Pathrapalli-Katghora km 53.3 to km 92.6 Pkg-II of Bilaspur Kathghora,National Highways Authority of India [NHAI],619167,Chhattisgarh,National Highways Authority of India [NHAI],865.1,1275.26,587.68,93.1,47.41185990058952,42.0,-47.01684832896821,75,100,0,0,52.5,53.90079,53.06031608581543,HIGH,Cost overrun above 10% | Schedule delay above 6 months
363,DHULE [BORVIHIR] - NARDANA NEW LINE [50.60 KMS],Central Railway,400019,Maharashtra,Central Railway,492.76,1170.83,519.29,25.0,137.60654273885865,9.0,19.352297088390287,100,50,75,40,69.75,28.009972,53.053989028930665,HIGH,Cost overrun above 10% | Schedule delay above 6 months | Low physical progress
364,4L Greenfield Jalbhera Shahbad section from km. 0.000 to km. 22.850 of NH-152G,National Highways Authority of India [NHAI],618788,Haryana,National Highways Authority of India [NHAI],927.22,1173.66,367.54,87.05,26.57837406440759,12.0,-55.7342867610722,75,50,0,0,37.5,76.34421,53.03768348693848,HIGH,Cost overrun above 10% | Schedule delay above 6 months
365,Tanot -Ramgarh-Bhadasar-Jaisalmer NH-68 and BhadasarMokal-Sarkaritala up to Pakisthan Border NH-968 Pkg-BM/5,National Highways Authority of India [NHAI],618796,Rajasthan,National Highways Authority of India [NHAI],828.58,830.37,405.43,100.0,0.2160322479422582,61.0,-51.17477750882136,25,100,0,0,37.5,76.20985,52.983938217163086,HIGH,Schedule delay above 6 months
366,6 laning of Balance Work of Chennai - Tada from km. 21.40 to km. 54.40,National Highways Authority of India [NHAI],619077,"Multi-States
(Andhra Pradesh,
Tamil Nadu)",National Highways Authority of India [NHAI],464.62,472.37,182.82,100.0,1.6680297877835653,75.0,-61.29728814276944,25,100,0,0,37.5,76.126144,52.95045852661133,HIGH,Schedule delay above 6 months
367,"Construction of Permanent Campus for IIM Jammu Phase-1 at Jagti, Nagrota, Jammu, J&K","Indian Institute of Management, Jammu",602098,"Jammu and
Kashmir","Indian Institute of Management, Jammu",424.93,500.91,484.52,96.0,17.880592097521948,29.0,0.7279551216785336,50,100,0,0,45.0,64.665436,52.86617469787598,HIGH,Cost overrun above 10% | Schedule delay above 6 months
368,IISER BERHAMPUR,"Indian Institutes of Science Education and Research, Behrampur",610315,Odisha,"Indian Institutes of Science Education and Research, Behrampur",1229.32,843.09,874.09,98.5,-31.41818240978752,63.0,5.176950266282361,0,100,0,0,30.0,87.142006,52.85680389404297,HIGH,Schedule delay above 6 months | Expenditure exceeds revised project cost
369,4/6L of Spur to Haridwar Greenfield from Km. 0.000 to Km. 50.70,National Highways Authority of India [NHAI],618969,"Multi-States (Uttar
Pradesh,
Uttarakhand)",National Highways Authority of India [NHAI],2155.95,2612.3,1469.55,91.5,21.16700294533734,16.0,-35.24497569191901,50,75,0,0,37.5,75.60151,52.740604400634766,HIGH,Cost overrun above 10% | Schedule delay above 6 months
370,Chhapra-Ballia Patch Doubling,North Eastern Railway [NER],705562,"Multi-States
(Bihar, Uttar
Pradesh)",North Eastern Railway [NER],963.0,1046.0,917.1,95.9,8.618899273104882,15.0,-8.223135755258127,25,75,0,0,30.0,86.74206,52.69682312011719,HIGH,Schedule delay above 6 months
371,4L from Mathura Bypass Start at Existing Km. 154.20 of NH-44 to Gaju Village at Km 32.982 of NH-530B Pkg-IB,National Highways Authority of India [NHAI],618864,Uttar Pradesh,National Highways Authority of India [NHAI],1722.11,1820.77,1049.87,99.9,5.7290184715262145,14.0,-42.239230105944195,25,75,0,0,30.0,86.68706,52.67482376098633,HIGH,Schedule delay above 6 months
372,Kanpur Metro Rail Project,Uttar Pradesh metro rail corporation [UPMRC],702628,Uttar Pradesh,Uttar Pradesh metro rail corporation [UPMRC],11076.48,11076.5,9101.15,80.9,0.0001805627780706,34.0,1.2662980183270776,25,100,0,0,37.5,75.217094,52.58683776855469,HIGH,Schedule delay above 6 months
373,Expansion of Malanjkhand Copper Project,Hindustan Copper Limited [HCL],400426,Madhya Pradesh,Hindustan Copper Limited [HCL],1856.36,3800.0,965.07,84.87,104.70167424421987,107.0,-59.473421052631586,100,100,0,0,60.0,41.43049,52.572195053100586,HIGH,Cost overrun above 10% | Schedule delay above 6 months
374,Nimach-Badi Sadri New Rail Line Project,Western Railway [WR] - II,705764,"Multi-States
(Madhya Pradesh,
Rajasthan)",Western Railway [WR] - II,495.0,825.0,261.69,60.0,66.66666666666666,3.0,-28.28,100,25,40,0,47.5,59.45056,52.28022575378418,HIGH,Cost overrun above 10%
375,6L Access Controlled Ludhiana-Bathinda Greenfield highway from Jn. with Amritsar- Bathanda Greenfield Road NH-754A near Rampura Phul to Jn. with Moga-Barnala Road NH-703 near village Tallewal from Km 0.0 to Km 30.3 of NH-754AD Pkg-1,National Highways Authority of India [NHAI],618647,Punjab,National Highways Authority of India [NHAI],906.51,1020.52,490.17,81.5,12.576805550959172,10.0,-33.46860424097519,50,50,0,0,30.0,85.6107,52.24428176879883,HIGH,Cost overrun above 10% | Schedule delay above 6 months
376,Construction of Ring Road Kanpur from Ch. 32.090 to Ch.51.200 Transganaga to Sathara Package-II B,National Highways Authority of India [NHAI],618539,Uttar Pradesh,National Highways Authority of India [NHAI],1089.41,1106.92,38.74,13.67,1.607292020451436,0.0,-10.170198749683808,25,0,100,0,32.5,81.6958,52.178321838378906,HIGH,Low physical progress
377,6L Amritsar-Bathinda Greenfield section from Jn. with Bhagta Bhai Ka-Bhadaur Road near Dyalpura Bhai Ka to Jn. with Mandi Dabwali Bathinda Road on NH-54 near Sangat Kalan from km 93.000 to km 154.866 of NH-754A Pkg-3,National Highways Authority of India [NHAI],618618,Punjab,National Highways Authority of India [NHAI],2029.17,2677.23,513.42,72.0,31.93719599639261,0.0,-52.822716016180905,75,0,40,0,32.5,81.6279,52.151161193847656,HIGH,Cost overrun above 10%
378,Jogbani-Biratnagar New Rail Line project,Indian Railway Construction International Limited [IRCON],705450,Bihar,Indian Railway Construction International Limited [IRCON],402.0,486.0,369.28,86.26,20.8955223880597,57.0,-10.276460905349808,50,100,0,0,45.0,62.502605,52.00104331970215,HIGH,Cost overrun above 10% | Schedule delay above 6 months
379,Bhatni-Aurnihar with electrification excluding Indara-Mau,RVNL - I,705780,Uttar Pradesh,RVNL - I,2529.0,2529.46,2164.72,96.5,0.0181890075128523,18.0,-10.919678508456355,25,75,0,0,30.0,84.886,51.954402923583984,HIGH,Schedule delay above 6 months
380,Deogarh near Dhandhaniya-Rajasthan/Gujarat Border Phase-I AJ/DRGB-Package-6,National Highways Authority of India [NHAI],618612,Rajasthan,National Highways Authority of India [NHAI],846.59,740.62,676.17,100.0,-12.517275186335777,33.0,-8.702168453457915,0,100,0,0,30.0,84.12221,51.64888381958008,HIGH,Schedule delay above 6 months
381,Nagapattinam-Tiruturaipundi and Karaikal-Peralam New Line,Ministry of Railways,400223,"Multi-States
(Puducherry, Tamil
Nadu)",Ministry of Railways,713.0,981.0,635.3,80.0,37.58765778401122,12.0,-15.239551478083598,75,50,0,0,37.5,72.53839,51.51535606384277,HIGH,Cost overrun above 10% | Schedule delay above 6 months
382,4L of Purulia Bypass section from Km 84.030 to Km 94.345 of NH-32,National Highways Authority of India [NHAI],618910,West Bengal,National Highways Authority of India [NHAI],557.55,562.57,468.78,94.12,0.9003676800287143,33.0,-10.79170307695044,25,100,0,0,37.5,72.445526,51.47821044921875,HIGH,Schedule delay above 6 months
383,Aligarh -Daud Khan Flyover Construction & 3rd Railway Line Project,CAO/C/NCR,705774,Uttar Pradesh,CAO/C/NCR,758.0,779.49,484.51,83.0,2.8350923482849613,26.0,-20.842692016574944,25,100,0,0,37.5,72.25337,51.401350021362305,HIGH,Schedule delay above 6 months
384,Doubling of Kottavalasa-Koraput Rail Line [189 KM],East Coast Railway [ECoR] - II,705512,"Multi-States
(Andhra Pradesh,
Odisha)",East Coast Railway [ECoR] - II,2500.0,2500.0,2163.97,73.0,0.0,72.0,13.55879999999999,0,100,40,40,46.0,59.260605,51.30424270629882,HIGH,Schedule delay above 6 months
385,"Construction of four-lane elevated viaduct from km.4634 to km.6345 on NH-24A including Retaining wall, service lane, at grade road and improvement of junctions, on EPC mode",MoRTH,618008,Uttar Pradesh,MoRTH,185.09,269.81,175.09,100.0,45.7723269760657,15.0,-35.10618583447611,75,75,0,0,45.0,60.44659,51.17863655090332,HIGH,Cost overrun above 10% | Schedule delay above 6 months
386,"Balance works of four lane from km 43.950 Thiruvallur Bypass to km 61.470 Veppampattu Bypass passing through Thannerkulam, Thozur and Sevapet Bypass 17.520 kms of Tirupathi- Tiruttani- Chennai section of NH 205",National Highways Authority of India [NHAI],619222,Tamil Nadu,National Highways Authority of India [NHAI],467.99,699.68,450.86,97.92,49.507468108292905,20.0,-33.48197118682826,75,75,0,0,45.0,60.293682,51.11747360229492,HIGH,Cost overrun above 10% | Schedule delay above 6 months
387,Raising of speed to 160 kmph/200 kmph on existing New Delhi-Mumbai route incl. Vadodara-Ahmedabad,PCE/WR,705793,"Multi-States (Delhi,
Gujarat, Madhya
Pradesh,
Maharashtra,
Rajasthan)",PCE/WR,6806.44,8095.12,9480.86,66.32,18.933245573309986,24.0,50.798214430422306,50,75,40,100,62.5,34.035107,51.11404323577881,HIGH,Cost overrun above 10% | Schedule delay above 6 months | Expenditure is significantly ahead of physical progress | Expenditure exceeds revised project cost
388,Rehabilitation and Up-gradation of Thimmapuram to Gurajanapalli section from Km 26/150 to Km 41/161 of NH - 214 New NH - 216 to two lane with paved shoulder in the state of Andhra Pradesh under NHDP-IV,MoRTH,618238,Andhra Pradesh,MoRTH,350.61,432.91,233.92,98.2,23.473374975043495,96.0,-44.1656741586011,50,100,0,0,45.0,60.282715,51.11308670043945,HIGH,Cost overrun above 10% | Schedule delay above 6 months
389,"Construction of 4-lane flyover at Amberpet-X road, Hyderabad on NH-202 in the State of Telangana",MoRTH,618001,Telangana,MoRTH,216.53,265.88,154.05,92.1,22.79129912714173,36.0,-34.160327967504124,50,100,0,0,45.0,60.022175,51.00887107849121,HIGH,Cost overrun above 10% | Schedule delay above 6 months
390,Goa / Karnataka Km.93.700 to Kundapur Km.283.30,National Highways Authority of India [NHAI],619096,Karnataka,National Highways Authority of India [NHAI],1644.92,1990.99,329.44,97.8,21.03871312890596,119.0,-81.25345782751295,50,100,0,0,45.0,59.523678,50.809471130371094,HIGH,Cost overrun above 10% | Schedule delay above 6 months
391,"Balance work of Six Laning of Shamlaji-Motachiloda from Km. 401.200 to Km.494.410 section Design Chainage Km.447.385 to Km 540.595, Length- 93.210 Km of old NH-8 NH-48 in the state of Gujarat on single Percentage Item Rate Contract",National Highways Authority of India [NHAI],618507,Gujarat,National Highways Authority of India [NHAI],466.8,501.48,553.93,84.15,7.429305912596402,12.0,26.309041237935705,25,50,0,75,33.75,76.371956,50.79878234863281,HIGH,Schedule delay above 6 months | Expenditure is significantly ahead of physical progress | Expenditure exceeds revised project cost
392,Mumbai Urban Transport Project [MUTP] - PHASE II,Mumbai Rail Vikas Corporation Ltd.[MRVC],706779,Maharashtra,Mumbai Rail Vikas Corporation Ltd.[MRVC],8087.0,8087.0,7504.75,90.0,0.0,165.0,2.800173117348834,0,100,0,0,30.0,81.94802,50.77920913696289,HIGH,Schedule delay above 6 months
393,Delhi-Amritsar-Katra Expressway Phase-II Pkg-XIV from Junction with Pathankot- Gurdaspur road NH-54 near Balsua to Junction with Hiranagar Road near village Gurha Baildaran km 423500 to km 468100,National Highways Authority of India [NHAI],619066,"Multi-States
(Jammu and
Kashmir, Punjab)",National Highways Authority of India [NHAI],3044.02,3707.91,1551.33,83.6,21.80964645435969,24.0,-41.76160586422,50,75,0,0,37.5,70.365364,50.64614677429199,HIGH,Cost overrun above 10% | Schedule delay above 6 months
394,"Construction of Elevated corridor from Km. 135.650 to 136.300 on 63, from Km. 249 to Km. 250.050 on old NH-4 and from Km. 192.910 to Km. 193.350 on NH-218 from decongestion of traffic in Ranichennamma circle in Hubli city in the state of Karnataka on EPC basis",MoRTH,617935,Karnataka,MoRTH,298.0,349.49,167.23,52.0,17.27852348993289,29.0,-4.15027611662709,50,100,40,0,55.0,43.98389,50.593557357788086,HIGH,Cost overrun above 10% | Schedule delay above 6 months
395,4L of Madanapalle to Pileru Section from Km 0.000 to Km 55.900 of NH-71Package-I,National Highways Authority of India [NHAI],618778,Andhra Pradesh,National Highways Authority of India [NHAI],1877.47,1994.1,1145.97,94.9,6.212083282289458,17.0,-37.43196930946292,25,75,0,0,30.0,81.33621,50.53448486328125,HIGH,Schedule delay above 6 months
396,Sanchore - Santalpur from km 67.000 - km 99.000 of NH-754K AJ-RGBS-Package-3,National Highways Authority of India [NHAI],618614,Gujarat,National Highways Authority of India [NHAI],752.3,765.25,569.43,99.0,1.7213877442509695,33.0,-24.589023195034315,25,100,0,0,37.5,69.93457,50.47382926940918,HIGH,Schedule delay above 6 months
397,Delhi-Amritsar-Katra Expressway Phase-I Pkg-III from Junction with Jind-Panipat road NH-352A near Gangana village to Junction with Jind-Karnal road NH-709A near Alewa village Km 60800 to Km 91400,National Highways Authority of India [NHAI],618484,Haryana,National Highways Authority of India [NHAI],1606.27,1813.91,631.62,79.08,12.92684293425141,5.0,-44.25908826788539,50,25,0,0,22.5,92.38415,50.45365905761719,HIGH,Cost overrun above 10%
398,"4 lanning of Aligarh Palwal section from km 0.00 to km 46.39 package -1 from khereshwar junction-kurana of NH33D , including khair & jattari bypass in the state of UP on HAM mode",National Highways Authority of India [NHAI],618690,Uttar Pradesh,National Highways Authority of India [NHAI],1663.38,1685.69,534.65,15.75,1.34124493501184,0.0,15.966982363305233,25,0,100,40,38.5,68.035065,50.31402549743652,HIGH,Low physical progress
399,Doubling of Hatia [Ranchi]-Bondamunda Rail Line - 159 km,South Eastern Railway - JH,705628,"Multi-States
(Jharkhand,
Odisha)",South Eastern Railway - JH,3029.0,3029.04,2629.17,92.0,0.0013205678441717,12.0,-5.2012122652721615,25,50,0,0,22.5,91.52674,50.11069869995117,HIGH,Schedule delay above 6 months
400,6L Access Controlled Ludhiana-Bathinda Greenfield highway from Jn. with Moga- Barnala Road NH-703 near village Tallewal to Jn. with Delhi-Katra Expressway NE-5 near Ludhiana village Ballowal from Km 30.300 to Km 75.543 of NH-754AD Pkg-2,National Highways Authority of India [NHAI],619105,Punjab,National Highways Authority of India [NHAI],1555.13,1564.66,195.79,20.09,0.6128105045880391,0.0,-7.57673833292856,25,0,100,0,32.5,76.5244,50.10976028442383,HIGH,Low physical progress
401,4L Poanta SahebMednipur from Km. 435.65 to km. 458.65 of NH-07Pkg-1,NHAI,619291,"Multi-States
(Himachal
Pradesh,
Uttarakhand)",NHAI,524.54,657.32,253.88,94.25,25.3136081137759,14.0,-55.62649850909755,75,75,0,0,45.0,57.28407,49.91362762451172,MEDIUM,Cost overrun above 10% | Schedule delay above 6 months
402,"Improvement and Up-gradation to two Lane with Paved Shoulder/Four Lane configuration from existing Km 130.000 to Km 191.000 design km 131.500 to Km 188.735, Design length 57.235 Km of NH-227A near Barhalganj to Mehrauna Ghat in the state of Uttar Pradesh on Hybrid Annuity Model HAM basis",MoRTH,618252,Uttar Pradesh,MoRTH,974.19,1344.61,0.82,48.0,38.02338352888038,0.0,-47.93901577409063,75,0,75,0,41.25,62.75397,49.85158920288086,MEDIUM,Cost overrun above 10% | Low physical progress
403,4L of Karimnagar-Warangal section from km 49.500 to km 117.820 of NH-563,National Highways Authority of India [NHAI],618765,Telangana,National Highways Authority of India [NHAI],2146.86,2486.51,961.92,92.4,15.820780116076506,12.0,-53.71445278723995,50,50,0,0,30.0,79.534775,49.81390953063965,MEDIUM,Cost overrun above 10% | Schedule delay above 6 months
404,Rehabilitation & Upgradation of Road from Km 0.00 to Km 18.600 Total length-18.600 km of Kumarghat-Kailashahar section on NH-208 to 2-lane with Paved shoulder on EPC bais under NHO,NHIDCL,618386,Tripura,NHIDCL,277.5,302.03,0.0,0.0,8.839639639639628,33.0,0.0,25,100,100,0,62.5,30.749357,49.799742698669434,MEDIUM,Schedule delay above 6 months | Low physical progress
405,AIIMS Bibinagar,PMSSY AND Institute of NATIONAL Importance,701171,Telangana,PMSSY AND Institute of NATIONAL Importance,1028.0,1365.95,989.98,87.21,32.87451361867705,0.0,-14.73443354441963,75,0,0,0,22.5,90.645805,49.758323669433594,MEDIUM,Cost overrun above 10%
406,2L PS of Hamirpur Bypass from Km 121.175 to Km.138.295 of NH-103&3,National Highways Authority of India [NHAI],618890,Himachal Pradesh,National Highways Authority of India [NHAI],739.39,754.82,233.43,92.57,2.0868553807868735,8.0,-61.64474629713043,25,50,0,0,22.5,90.08387,49.53355026245117,MEDIUM,Schedule delay above 6 months
407,Realignment of NH-717A from Design Ch.0.00 Km 77.800 of NH-10 to Design Ch.2.00 Km 3.100 of NH-717A with two lane paved shoulder including Major Bridge of 680 m in the State of Sikkim on EPC Mode-COS work,NHIDCL,618428,Sikkim,NHIDCL,264.84,380.94,61.11,97.57,43.837788853647496,37.0,-81.52810363836824,75,100,0,0,52.5,44.959457,49.48378372192383,MEDIUM,Cost overrun above 10% | Schedule delay above 6 months
408,Construction of 4L Connector from Delhi Meerut Expressway Km 50.000 of Pkg IV to Km 8.520 of NH-235 Pkg-5,National Highways Authority of India [NHAI],618500,Uttar Pradesh,National Highways Authority of India [NHAI],1081.39,1116.19,419.14,76.0,3.2180804335161186,26.0,-38.44904541341528,25,100,0,0,37.5,67.424255,49.46970176696777,MEDIUM,Schedule delay above 6 months
409,Vizianagaram - Titlagarh 3rd line [272 Km including By - pass line of 7.68 KM],RVNL - II,400253,"Multi-States
(Andhra Pradesh,
Odisha)",RVNL - II,4803.0,6669.91,6211.43,97.0,38.8696647928378,12.0,-3.873855869119666,75,50,0,0,37.5,67.09834,49.339338302612305,MEDIUM,Cost overrun above 10% | Schedule delay above 6 months
410,Rehabilitation and upgradation to four lane road from km 70.500 to km 78.600 of NH- 92 under EPC mode in the State of Uttar Pradesh,MoRTH,617963,Uttar Pradesh,MoRTH,296.02,351.78,0.0,35.0,18.836565096952903,6.0,-35.0,50,25,75,0,41.25,60.15728,48.81291198730469,MEDIUM,Cost overrun above 10% | Low physical progress
411,Noapara-Barasat via Bimanbandar - Construction of Metro railway [18 km],"Metro Railway, Kolkata",706776,West Bengal,"Metro Railway, Kolkata",4830.0,4830.0,3258.95,32.0,0.0,31.0,35.47308488612836,0,100,75,75,60.0,31.944025,48.77760982513428,MEDIUM,Schedule delay above 6 months | Low physical progress | Expenditure is significantly ahead of physical progress
412,Widening to two lane with paved shoulders from Km 0/0 to 64/020 Pamarru to Akiveedu,MoRTH,617985,Andhra Pradesh,MoRTH,529.54,588.65,0.0,69.62,11.162518412206826,42.0,-69.62,50,100,40,0,55.0,39.257748,48.70309925079346,MEDIUM,Cost overrun above 10% | Schedule delay above 6 months
413,Up-gradation of Dhoraji-Jamkandorna-Kalavad Section of NH-927D from Design Chainage km 0/00 to km 58/115 to Two lane with PS configuration in the State of Gujarat on EPC,MoRTH,617906,Gujarat,MoRTH,246.6,291.19,0.0,35.0,18.081914030819146,0.0,-35.0,50,0,75,0,33.75,71.03118,48.66247367858887,MEDIUM,Cost overrun above 10% | Low physical progress
414,Indore - Edlabad Pkg-II [Tejajinagar to Balwara],National Highways Authority of India [NHAI],618621,Madhya Pradesh,National Highways Authority of India [NHAI],1162.8,1530.82,527.99,84.8,31.649466804265565,21.0,-50.309334866280814,75,75,0,0,45.0,53.565292,48.426116943359375,MEDIUM,Cost overrun above 10% | Schedule delay above 6 months
415,4L Access Controlled Greenfield Highway section on NH-163G Khammam Vijayawada from BrahmanapalliK village at Design Ch. 250.400 Km to Remidicherla village at Design Ch. 280.200 KmPackage-II,National Highways Authority of India [NHAI],619143,"Multi-States
(Andhra Pradesh,
Telangana)",National Highways Authority of India [NHAI],826.01,862.58,69.29,22.08,4.427307175457931,3.0,-14.047121890143522,25,25,100,0,40.0,61.036556,48.41462326049805,MEDIUM,Low physical progress
416,4L Access Controlled Greenfield Highway section on NH-163G Khammam Vijayawada from V. Venkatayapalem village at Design Ch. 220.480 Km to BrahmanapalliK village at Design Ch. 250.400 Km Package-I.,National Highways Authority of India [NHAI],618817,Telangana,National Highways Authority of India [NHAI],973.45,1021.96,227.62,42.15,4.983306795418356,3.0,-19.877112607147048,25,25,75,0,33.75,70.35428,48.3917121887207,MEDIUM,Low physical progress
417,Development of Chiloda - Gandhinagar- Sarkhej ofNH-147 Package -II,MoRTH,617977,Gujarat,MoRTH,211.28,234.44,0.0,99.55,10.961756910261265,20.0,-99.55,50,75,0,0,37.5,64.50398,48.30159378051758,MEDIUM,Cost overrun above 10% | Schedule delay above 6 months
418,Vadodara Mumbai Expressway Phase II - Pkg XVII [Km. 69.800 to Km. 79.783 of Spur] Bhoj - Morbe,National Highways Authority of India [NHAI],618473,Maharashtra,National Highways Authority of India [NHAI],2208.68,2463.02,827.11,84.25,11.515475306517928,11.0,-50.66886789388637,50,50,0,0,30.0,75.64466,48.257863998413086,MEDIUM,Cost overrun above 10% | Schedule delay above 6 months
419,"Improvement and Up-Gradation of Existing Road to 4L PS from Km 123.650 to 175.080, from Start of Shahabad Bypass to End of Hardoi bypass of NH 731 Pkg-2B",National Highways Authority of India [NHAI],618856,Uttar Pradesh,National Highways Authority of India [NHAI],1101.79,1212.26,346.55,63.51,10.026411566632484,12.0,-34.922898223153446,50,50,40,0,40.0,60.596443,48.238576889038086,MEDIUM,Cost overrun above 10% | Schedule delay above 6 months
420,DMRTS Phase - IV [3 Priority Corridors],Delhi Metro Rail Corporation Limited [DMRC],702632,Delhi,Delhi Metro Rail Corporation Limited [DMRC],24948.65,24948.7,20350.75,80.56,0.0002004116455169,21.0,1.0103824247355533,25,75,0,0,30.0,75.55457,48.22183036804199,MEDIUM,Schedule delay above 6 months
421,Establishment of new GMC Hoshiarpur,"Medical Education, Ministry of Health and Family Welfare",707070,Punjab,"Medical Education, Ministry of Health and Family Welfare",325.0,374.75,1.0,1.0,15.307692307692308,,-0.733155436957972,50,50,100,0,55.0,37.812458,48.12498378753662,MEDIUM,Cost overrun above 10% | Low physical progress
422,Hosur to Dhamrapuri Pkg-1 [Neraluru - Thorapalli Agraharam],National Highways Authority of India [NHAI],618581,"Multi-States
(Karnataka, Tamil
Nadu)",National Highways Authority of India [NHAI],1757.27,1828.66,927.75,78.7,4.062551571471664,21.0,-27.966129296862185,25,75,0,0,30.0,75.19381,48.077524185180664,MEDIUM,Schedule delay above 6 months
423,"Nabinagar Super Thermal Power Project, Stage-II [3x800 MW]",National Thermal Power Corporation [NTPC],619051,Bihar,National Thermal Power Corporation [NTPC],29948.0,29948.0,2676.55,10.17,0.0,,-1.2326753038600238,0,50,100,0,40.0,60.16247,48.06498908996582,MEDIUM,Low physical progress
424,4L of Bal Works of Talaja - Mahuva from 54.990 km. to 100.450 km. of Old NH-8E Package-II,National Highways Authority of India [NHAI],618835,Gujarat,National Highways Authority of India [NHAI],698.4,735.51,418.41,100.0,5.313573883161514,,-43.112942040216986,25,50,0,0,22.5,85.97896,47.89158248901367,MEDIUM,No major rule-based risk indicator detected
425,Construction of four laning of Bakarpur- Manikpur road section starting from village Chitarsenpur km 0000 and terminating at SH-74 near Manikpur 38814 at NH-139W under Bharatmalapariyona,National Highways Authority of India [NHAI],618790,Bihar,National Highways Authority of India [NHAI],1422.37,1537.99,273.52,41.0,8.128686628655,5.0,-23.21574912710746,25,25,75,0,33.75,68.68505,47.72402000427246,MEDIUM,Low physical progress
426,Dibang Multipurpose Project,National Hydroelectric Power Corporation Limited [NHPC],602182,Arunachal Pradesh,National Hydroelectric Power Corporation Limited [NHPC],31876.39,31876.4,4593.04,17.43,3.137118099645935e-05,0.0,-3.0210956067811914,25,0,100,0,32.5,70.53771,47.71508598327637,MEDIUM,Low physical progress
427,"4L of Km.165.092 to Km.171.855 North Bound and from Km.166.895 to Km.173.638 South Bound, excl. certain reaches of North Bound and South Bound of Ramban to Banihal Pkg-III of Old NH-1A New NH-44",National Highways Authority of India [NHAI],618545,"Jammu and
Kashmir",National Highways Authority of India [NHAI],614.48,444.76,257.32,42.8,-27.620101549277443,34.0,15.055922295170426,0,100,75,40,54.75,37.00458,47.651833152771,MEDIUM,Schedule delay above 6 months | Low physical progress
428,Rehabilitation and Upgradation to 2-lane/Intermediate lane configuration of Ashyari- Shri Kyari Section km 50.000 to km 75.000 of NH-707 in the state of Himachal Pradesh under Green National Highways Corridor Project GNHCP with the loan assistance of World Bank on EPC mode.,MoRTH,618050,Himachal Pradesh,MoRTH,345.89,359.56,146.64,98.16,3.952123507473479,14.0,-57.37682055846034,25,75,0,0,30.0,74.077835,47.631134033203125,MEDIUM,Schedule delay above 6 months
429,Satna Sewerage Management and Treatment Infrastructure Project,Ministry of Housing & Urban Affairs,702808,Madhya Pradesh,Ministry of Housing & Urban Affairs,191.56,215.89,200.32,96.0,12.700981415744405,26.0,-3.2120061142248346,50,100,0,0,45.0,51.357414,47.54296684265137,MEDIUM,Cost overrun above 10% | Schedule delay above 6 months
430,"500 KTA PDHPP Project, Usar",Ministry of Petroleum & Natural Gas,400168,Maharashtra,Ministry of Petroleum & Natural Gas,8797.0,11256.0,8003.66,90.7,27.95271115152893,24.0,-19.594278606965176,75,75,0,0,45.0,51.071907,47.428762435913086,MEDIUM,Cost overrun above 10% | Schedule delay above 6 months
431,Rehablitation in Junavadaj Area Smart City Project,ministry of housing and urban affairs,701719,Gujarat,ministry of housing and urban affairs,539.0,539.0,599.76,98.5,0.0,46.0,12.77272727272728,0,100,0,40,36.0,64.52164,47.408654785156244,MEDIUM,Schedule delay above 6 months | Expenditure exceeds revised project cost
432,Vadodara Mumbai Expressway Phase II - Pkg XVI [Km. 43.000 to Km. 69.800 of Spur] Amne - Bhoj,National Highways Authority of India [NHAI],618472,Maharashtra,National Highways Authority of India [NHAI],4051.8,4315.56,905.74,90.7,6.509699392862436,20.0,-69.71222552808905,25,75,0,0,30.0,73.46488,47.38595390319824,MEDIUM,Schedule delay above 6 months
433,4L of Munger Mirzachauki section from Km 157350 to Km 193931 Pkg-4,NHAI,619307,"Multi-States
(Bihar, Jharkhand)",NHAI,1376.56,1481.58,493.65,91.16,7.629162550124949,22.0,-57.84084072409185,25,75,0,0,30.0,72.78936,47.11574363708496,MEDIUM,Schedule delay above 6 months
434,PRP-VIII Group B [NH & BS Asset],Ministry of Petroleum & Natural Gas,709849,Offshore,Ministry of Petroleum & Natural Gas,2379.84,3165.53,2654.5,97.6,33.01440432970284,3.0,-13.743584170739185,75,25,0,0,30.0,72.725876,47.09035110473633,MEDIUM,Cost overrun above 10%
435,6L of Kumarajapet to Veera Kaveri Raja Puram from km 43.800 to km 61.380 of NH- 716B Pkg-II,National Highways Authority of India [NHAI],618772,"Multi-States
(Andhra Pradesh,
Tamil Nadu)",National Highways Authority of India [NHAI],702.52,799.36,370.57,97.75,13.784660934920009,7.0,-51.391663330664535,50,50,0,0,30.0,72.613525,47.04541015625,MEDIUM,Cost overrun above 10% | Schedule delay above 6 months
436,Indore - Harda Pkg-II [Raghavgarh to Nanasa from km. 29.30 to km. 92.30],National Highways Authority of India [NHAI],619114,Madhya Pradesh,National Highways Authority of India [NHAI],1081.51,1146.63,356.17,40.25,6.021211084502235,9.0,-9.187669518502048,25,50,75,0,41.25,55.347816,46.88912773132324,MEDIUM,Schedule delay above 6 months | Low physical progress
437,Rehabilitation and Up gradation from 4 to 8 laning of Chandikhole Paradip Section of NH-53 Old NH 5A from Km.60.000 to Km.76.646 Package-4,National Highways Authority of India [NHAI],619181,Odisha,National Highways Authority of India [NHAI],882.45,1009.92,163.87,32.0,14.445011048784623,12.0,-15.773962294043091,50,50,75,0,48.75,43.47137,46.63854789733887,MEDIUM,Cost overrun above 10% | Schedule delay above 6 months | Low physical progress
438,4L Ambala - Kalaamb from Km. -0.800 to Km. 33.015 of old NH-72,National Highways Authority of India [NHAI],618935,"Multi-States
(Haryana, Punjab)",National Highways Authority of India [NHAI],1183.7,1190.34,452.48,100.0,0.5609529441581375,11.0,-61.98733135070651,25,50,0,0,22.5,82.66606,46.56642532348633,MEDIUM,Schedule delay above 6 months
439,4L PS from Ch. 94.030 in Jabugam Village to Ch. 132.320 in Dhamasiya Village of NH-56 Pkg-III,National Highways Authority of India [NHAI],618930,Gujarat,National Highways Authority of India [NHAI],1188.46,898.0,79.04,13.98,-24.44003163758141,0.0,-5.1782182628062365,0,0,100,0,25.0,78.57983,46.43193054199219,MEDIUM,Low physical progress
440,Akshardham - DL/UP Border Pkg-01,National Highways Authority of India [NHAI],619122,"Multi-States (Delhi,
Uttar Pradesh)",National Highways Authority of India [NHAI],1479.22,1476.75,1343.18,100.0,-0.1669798948094284,17.0,-9.044862028102258,0,75,0,0,22.5,82.200424,46.38016891479492,MEDIUM,Schedule delay above 6 months
441,Umagaon-Saharsa Package-V Bakaur-Parsarma-Bangaon-Bariyahi & Spur to Mahishi,NHAI,619166,Bihar,NHAI,768.35,968.42,410.55,99.4,26.038914557167946,5.0,-57.00620391978687,75,25,0,0,30.0,70.90183,46.36073303222656,MEDIUM,Cost overrun above 10%
442,6L Minor Bridge Paloli Palam at km. 203.160 & Major Bridge Morad at km. 204.895 and allied works,National Highways Authority of India [NHAI],618598,Kerala,National Highways Authority of India [NHAI],210.0,216.94,77.9,100.0,3.3047619047619032,47.0,-64.09145385820963,25,100,0,0,37.5,59.545654,46.31826210021973,MEDIUM,Schedule delay above 6 months
443,JAYANT EXPN. [20 TO 38 MTPA],Northern Coalfields Limited [NCL],619032,Madhya Pradesh,Northern Coalfields Limited [NCL],25560.48,25560.5,126.68,1.32,7.824579194301733e-05,,-0.8243915416365095,25,50,100,0,47.5,44.513706,46.30548286437988,MEDIUM,Low physical progress
444,4L Access Controlled Greenfield Highway section on NH163G Warangal-Khammam from Oorugonda village in Hanamkonda District at Design Ch. 112.240 Km to Venkatpur village in Warangal District at Design Ch. 150.240 KmPackage-I,National Highways Authority of India [NHAI],618814,Telangana,National Highways Authority of India [NHAI],1142.6,1140.82,65.67,0.0,-0.1557850516366158,11.0,5.756385757612946,0,50,100,0,40.0,55.418907,46.16756248474121,MEDIUM,Schedule delay above 6 months | Low physical progress
445,Construction & upgradation of existing road to 2-lane with paved shoulder including geometric improvement of sect. from Pedong bypass to Reshi Border km 79.700 to km 96.254 of NH-717A under SARDP-NE-A on EPC as part of Alternate connectivity to Gangtok Lava More-Reshi Border Pkg-VB,NHIDCL,618429,West Bengal,NHIDCL,345.38,395.59,395.8,94.71,14.537610747582368,49.0,5.343085265047151,50,100,0,0,45.0,47.916622,46.166648864746094,MEDIUM,Cost overrun above 10% | Schedule delay above 6 months | Expenditure exceeds revised project cost
446,"Mughalsarai-Allahabad, 3rd line",North Central Railway,705772,Uttar Pradesh,North Central Railway,2649.0,2649.44,1930.12,71.0,0.0166100415251058,3.0,1.850111721722328,25,25,40,0,25.0,77.63393,46.053571701049805,MEDIUM,No major rule-based risk indicator detected
447,4L Mitigation Measure structures on CH/MH Border to Wainganga Bridge Section of NH-6 New NH-53,National Highways Authority of India [NHAI],618588,Maharashtra,National Highways Authority of India [NHAI],540.24,468.92,464.26,99.79,-13.201540056271286,30.0,-0.7837729250192069,0,100,0,0,30.0,69.2623,45.70491981506348,MEDIUM,Schedule delay above 6 months
448,4L of Shakral Village to Dhalli Section from Km 146.300 to Km 156.560 Shimla Bypass - Pkg II and Shimla connectivity from Km 0.000 to Km 0.725 of NH-5,National Highways Authority of India [NHAI],618922,Himachal Pradesh,National Highways Authority of India [NHAI],1956.26,2880.72,1236.15,63.17,47.25649964728614,9.0,-20.258852786803295,75,50,40,0,47.5,42.866924,45.64677047729492,MEDIUM,Cost overrun above 10% | Schedule delay above 6 months
449,4L of Ratnagiri - Kolhapur section of NH-166 from km 0.000 to km 19.769 and km 31.000 to km 67.140 Pkg I,National Highways Authority of India [NHAI],619149,Maharashtra,National Highways Authority of India [NHAI],1774.03,2108.41,749.83,93.75,18.848610226433593,24.0,-58.1862339393192,50,75,0,0,37.5,57.381256,45.4525032043457,MEDIUM,Cost overrun above 10% | Schedule delay above 6 months
450,2L PS of Hinotiya-Mehulwa section of NH-346 from Km. 27.000 to Km 75.700 Vidisha Mehulwa-Talbehat Pkg-II Section of NH- 346,National Highways Authority of India [NHAI],618751,Madhya Pradesh,National Highways Authority of India [NHAI],581.65,592.71,243.28,69.04,1.9014871486289109,16.0,-27.994632113512516,25,75,40,0,40.0,53.563507,45.4254035949707,MEDIUM,Schedule delay above 6 months
451,6L access control Greenfield highway of Vill-Khyawari to Vill-Latifpur at Saharanpur Bypass from Km. 82.000 to Km. 119.790 Pkg-4,National Highways Authority of India [NHAI],618968,Uttar Pradesh,National Highways Authority of India [NHAI],1428.19,1439.35,1220.87,97.5,0.7814086361058301,20.0,-12.679073887518683,25,75,0,0,30.0,68.50061,45.40024375915527,MEDIUM,Schedule delay above 6 months
452,Khagaria-Kusheshwar Asthan [42Km] new line project,East Central Railway [ECR] - I,705364,Bihar,East Central Railway [ECR] - I,614.0,1384.16,491.2,55.7,125.43322475570034,27.0,-20.212773089816217,100,100,40,0,70.0,8.417952,45.367180585861206,MEDIUM,Cost overrun above 10% | Schedule delay above 6 months
453,Bangalore/TN border to Hoskote,National Highways Authority of India [NHAI],619072,Karnataka,National Highways Authority of India [NHAI],1181.68,1297.76,799.84,94.72,9.823302416897969,18.0,-33.087648871902346,25,75,0,0,30.0,68.380486,45.35219383239746,MEDIUM,Schedule delay above 6 months
454,4L from Km 219.600 Khajuri to Km 260.483 Wyndhamganj on NH-75 Sec-V,National Highways Authority of India [NHAI],618828,"Multi-States
(Jharkhand, Uttar
Pradesh)",National Highways Authority of India [NHAI],1436.49,1465.55,830.18,92.02,2.0229865853573603,8.0,-35.37368974105284,25,50,0,0,22.5,78.79613,45.01845169067383,MEDIUM,Schedule delay above 6 months
455,Doubling of New Bonggigaon to Kamakhya via Goalpara - 176 km,Northeast Frontier Railway [NFR],705572,Assam,Northeast Frontier Railway [NFR],4060.0,4961.0,3797.35,95.13,22.192118226600986,0.0,-18.58595646039105,50,0,0,0,15.0,89.98171,44.9926872253418,MEDIUM,Cost overrun above 10%
456,Delhi-Amritsar-Katra Expressway Phase-I Pkg-IV from Junction with Jind-Karnal road NH-709A near Alewa village to Junction with Ambala-Kaithal-Hissar road NH-152 near Kharak Pandwa village Km 91400 to Km 120250,National Highways Authority of India [NHAI],618485,Haryana,National Highways Authority of India [NHAI],1306.95,1578.66,563.2,76.13,20.789624698726044,3.0,-40.45417366627392,50,25,0,0,22.5,78.468895,44.88755798339844,MEDIUM,Cost overrun above 10%
457,Chandigarh-Baddi New Rail Line- 36 km,Northen Railway [NR],705424,"Multi-States
(Haryana,
Himachal Pradesh)",Northen Railway [NR],1540.0,1540.13,590.11,43.0,0.0084415584415655,0.0,-4.68440326465948,25,0,75,0,26.25,72.80951,44.87380409240723,MEDIUM,Low physical progress
458,4L/2L PS of Govindpur Raiganj - Chas - WB border section of from km. 0.00 to km. 56.889 of Old NH-32,National Highways Authority of India [NHAI],619104,"Multi-States
(Jharkhand, West
Bengal)",National Highways Authority of India [NHAI],1139.65,1154.8,6.64,99.84,1.329355503882759,,-99.26500865950814,25,50,0,0,22.5,78.418335,44.86733436584473,MEDIUM,No major rule-based risk indicator detected
459,"Construction of 200 bedded ESIC Hospital with 62 Nos Staff quarters , Beltola",Employee's State Insurance Company [ESIC],612201,Assam,Employee's State Insurance Company [ESIC],143.23,154.75,130.08,98.0,8.0430077497731,14.0,-13.94184168012923,25,75,0,0,30.0,66.90247,44.760990142822266,MEDIUM,Schedule delay above 6 months
460,Tumkur-Chitradurga-Davangere New Rail Line Project [191 km],South Western Railway [SWR] - II,705496,Karnataka,South Western Railway [SWR] - II,1876.0,1876.0,563.37,15.5,0.0,105.0,14.530383795309168,0,100,100,40,61.0,20.393253,44.757301902771,MEDIUM,Schedule delay above 6 months | Low physical progress
461,4L PS from near Hemmige Village Periyapatna - Hassan Road Jn. to near Hunsur - KR Nagar Jn section from Km. 144.900 to Km. 169.000 of NH-275 Pkg. III,National Highways Authority of India [NHAI],618870,Karnataka,National Highways Authority of India [NHAI],883.62,1726.65,61.05,20.1,95.40639641474844,3.0,-16.564251585440015,100,25,100,0,62.5,17.625008,44.55000305175781,MEDIUM,Cost overrun above 10% | Low physical progress
462,4L of Basukinath- Deoghar Section of NH-114A,National Highways Authority of India [NHAI],618949,Jharkhand,National Highways Authority of India [NHAI],1444.94,1553.76,648.92,86.44,7.531108558140817,7.0,-44.6755061270724,25,50,0,0,22.5,77.25713,44.40285301208496,MEDIUM,Schedule delay above 6 months
463,Rehabilitation and up-gradation and completion of balance work of section from Km 155.00 to Km 181.00 End of Jarwa to Rangat of NH -4 Total length 26 Km to Intermediate Lane/2-lane with hard shoulders in the UT of A&N Islands on EPC basis - Package-III.B Balance work,NHIDCL,619185,"Andaman &
Nicobar",NHIDCL,183.56,333.12,0.0,47.28,81.4774460666812,7.0,-47.28,100,50,75,0,63.75,15.363882,44.39555311203003,MEDIUM,Cost overrun above 10% | Schedule delay above 6 months | Low physical progress
464,Saturation 4G mobile coverage of Uncovered Villages through USOF,Department of Telecommunications [DoT],400013,PAN India,Department of Telecommunications [DoT],26316.0,30620.0,9791.8,84.0,16.355069159446725,21.0,-52.02155453951666,50,75,0,0,37.5,54.52349,44.309396743774414,MEDIUM,Cost overrun above 10% | Schedule delay above 6 months
465,6L of existing 4L from Gundlapochampally to Bowenpally from km 471.300 to km 481.331 of NH-44,National Highways Authority of India [NHAI],618559,Telangana,National Highways Authority of India [NHAI],521.53,528.21,256.53,50.5,1.280846739401389,21.0,-1.9340887147157488,25,75,40,0,40.0,50.625294,44.250118255615234,MEDIUM,Schedule delay above 6 months
466,Tuticorin - Tirunelveli from km. 0.00 to km. 47.250,National Highways Authority of India [NHAI],618773,Tamil Nadu,National Highways Authority of India [NHAI],449.85,452.48,1.17,100.0,0.5846393242191831,,-99.74142503536068,25,50,0,0,22.5,76.62027,44.14810752868652,MEDIUM,No major rule-based risk indicator detected
467,4L of Urga - Pathalgaon from Km. 70.200 to km. 157.745 of NH-130A,National Highways Authority of India [NHAI],618640,Chhattisgarh,National Highways Authority of India [NHAI],2261.3,2860.36,939.34,72.77,26.491840976429483,0.0,-39.930077752450735,75,0,40,0,32.5,61.516537,44.10661506652832,MEDIUM,Cost overrun above 10%
468,Mobile connectivity in Left Wing Extremism [LWE] affected areas-Phase2,Department of Telecommunications [DoT],701599,"Multi-States
(Andhra Pradesh,
Bihar,
Chhattisgarh,
Jharkhand,
Madhya Pradesh,
Maharashtra,
Odisha,
Telangana, Uttar
Pradesh, West
Bengal)",Department of Telecommunications [DoT],1577.57,1577.57,701.66,88.0,0.0,36.0,-43.522734331915544,0,100,0,0,30.0,65.24703,44.09881401062012,MEDIUM,Schedule delay above 6 months
469,Upgradation to two lane with paved Shoulder Configuaration from Km. 0/00 to 47/000 of NH 351 Mahuva to Badhada section in the State of Gujarat,MoRTH,618022,Gujarat,MoRTH,173.06,219.08,22.53,67.0,26.59193343349128,16.0,-56.71608544823809,75,75,40,0,55.0,27.6093,44.04372024536133,MEDIUM,Cost overrun above 10% | Schedule delay above 6 months
470,Construction & Upgradation of existing road to 2-lane with paved shoulder from km27.200 End of Rongli bypass to km37.600New Rolep Bridge of Rhenok-Menla spur NH-717B on EPC Mode under SARDP-NE Phase-A in Sikkim Pkg-II B,NHIDCL,618449,Sikkim,NHIDCL,230.45,244.91,0.0,80.46,6.274679973963987,41.0,-80.46,25,100,0,0,37.5,53.807278,44.022911071777344,MEDIUM,Schedule delay above 6 months
471,Amritsar Bypass Pkg III from km. 71.496 to km. 105.158,National Highways Authority of India [NHAI],618795,Punjab,National Highways Authority of India [NHAI],1474.77,1228.42,866.12,81.05,-16.704299653505288,28.0,-10.543170088406242,0,100,0,0,30.0,64.828995,43.93159866333008,MEDIUM,Schedule delay above 6 months
472,Delhi-Amritsar-Katra Expressway Phase-I Pkg-X from Jn. with Jalandhar - Moga road NH-703 to Jn. with Jalandhar-Kapurthala road NH-703A and to Jn. with Kapurthala - Sultanpur Lodhi road NH-703A km 000 to km 24000 to Amritsar connectivity,National Highways Authority of India [NHAI],618490,Punjab,National Highways Authority of India [NHAI],2177.54,2062.74,1004.28,62.99,-5.272004188212395,14.0,-14.303301724890195,0,75,40,0,32.5,60.94708,43.87883186340332,MEDIUM,Schedule delay above 6 months
473,4L PS Mydukur - Badvel from Km 585.820 to Km 630.960 of NH-67,National Highways Authority of India [NHAI],618759,Andhra Pradesh,National Highways Authority of India [NHAI],1063.57,1103.87,502.6,90.4,3.78912530439933,8.0,-44.869276273474235,25,50,0,0,22.5,75.69261,43.77704429626465,MEDIUM,Schedule delay above 6 months
474,Mumbai Nagpur Jharsuguda Pipeline Project,Ministry of Petroleum & Natural Gas,701354,"Multi-States
(Chhattisgarh,
Madhya Pradesh,
Maharashtra,
Odisha)",Ministry of Petroleum & Natural Gas,7844.25,8255.0,7070.1,98.9,5.236319597157153,37.0,-13.25372501514235,25,100,0,0,37.5,53.101463,43.74058532714844,MEDIUM,Schedule delay above 6 months
475,Rehabilitation and Up gradation from 4 to 8 laning of Chandikhole Paradip Section of NH-53 Old NH 5A from Km 18.00 to Km 39.00 in the State of Odisha on HAM mode Package-2,National Highways Authority of India [NHAI],618821,Odisha,National Highways Authority of India [NHAI],920.47,950.4,412.89,91.0,3.2515997262268135,8.0,-47.55618686868687,25,50,0,0,22.5,75.446106,43.67844200134277,MEDIUM,Schedule delay above 6 months
476,Rehabilitation and Up gradation from 4 to 8 laning of Chandikhole Paradip Section of NH-53 Old NH 5A from Km.39.000 to Km.60.00 Package-3,National Highways Authority of India [NHAI],618820,Odisha,National Highways Authority of India [NHAI],861.84,938.55,383.65,91.0,8.90072403230297,9.0,-50.12311544403601,25,50,0,0,22.5,74.39653,43.25861167907715,MEDIUM,Schedule delay above 6 months
477,4L from Gaju Village at Km. 32.982 to Devinagar Bypass End at Km. 208.000 of NH- 530B Pkg-1C.,National Highways Authority of India [NHAI],618865,Uttar Pradesh,National Highways Authority of India [NHAI],1384.79,1496.44,823.04,99.99,8.062594328381929,,-44.99013365053059,25,50,0,0,22.5,74.169365,43.16774559020996,MEDIUM,No major rule-based risk indicator detected
478,Ara - Mohania Pkg-II,National Highways Authority of India [NHAI],618774,Bihar,National Highways Authority of India [NHAI],984.63,827.51,798.12,100.0,-15.95726313437535,28.0,-3.551618711556358,0,100,0,0,30.0,62.760483,43.10419273376465,MEDIUM,Schedule delay above 6 months
479,Development to 4/6-lanning of NH-31 New NH-10 with both side service roads from km 569.258 to km 581.030 end of AH-02 project on NH- 31 near Shivmandir to Sevoke Army Cantonment in districts of Darjeeling and Jalpaiguri in the state of West Bengal on EPC Mode Job No. 010/WB/2021-22/490,MoRTH,618227,West Bengal,MoRTH,995.04,1059.2,456.48,71.03,6.44798199067375,18.0,-27.93332326283988,25,75,40,0,40.0,47.679287,43.07171440124512,MEDIUM,Schedule delay above 6 months
480,6L of Azhiyur-Vengalam from km. 189.200 to km. 230.400 of NH-66,National Highways Authority of India [NHAI],618597,Kerala,National Highways Authority of India [NHAI],3205.77,3898.46,776.8,60.07,21.607601293916908,34.0,-40.14418313898309,50,100,40,0,55.0,25.116264,43.04650592803955,MEDIUM,Cost overrun above 10% | Schedule delay above 6 months
481,Dimapur [Dhansiri]-Sukhobi Kohima [Zubza] NL [82.5 Km],Northeast Frontier Railway [NFR] - II,705392,"Multi-States
(Assam,
Nagaland)",Northeast Frontier Railway [NFR] - II,6663.0,6663.0,6282.3,43.0,0.0,57.0,51.28635749662314,0,100,75,100,63.75,11.774981,42.95999240875244,MEDIUM,Schedule delay above 6 months | Low physical progress | Expenditure is significantly ahead of physical progress
482,AIIMS Kashmir at Awantipora Jammu & Kashmir,PMSSY AND Institute of NATIONAL Importance,701167,"Jammu and
Kashmir",PMSSY AND Institute of NATIONAL Importance,1828.0,2160.84,1545.05,76.0,18.207877461706794,12.0,-4.49771385202051,50,50,0,0,30.0,62.306797,42.922719955444336,MEDIUM,Cost overrun above 10% | Schedule delay above 6 months
483,Vadape to Thane from km 539.202 to km 563.000 section of NH-3 new NH-848,National Highways Authority of India [NHAI],619203,Maharashtra,National Highways Authority of India [NHAI],1252.92,1371.27,482.26,76.6,9.445934297481076,58.0,-41.43114193411946,25,100,0,0,37.5,50.85963,42.84385299682617,MEDIUM,Schedule delay above 6 months
484,"Upgradation of Keonchi - Ratanpur Road of NH 45 Package-I, from design chainage km 237.860 to km 273.200 of length 35.340 km to two lane with paved shoulders under Corridor scheme on EPC mode in the state of Chhattisgarh.",MoRTH,618015,Chhattisgarh,MoRTH,225.41,228.93,63.38,55.0,1.5615988642917396,11.0,-27.314681343642164,25,50,40,0,32.5,58.255535,42.80221366882324,MEDIUM,Schedule delay above 6 months
485,Conversion of Partially Excavated Escape Tunnel to Uni-Directional 2L Tunnelincluding construction of cross passages and approach roads on either side of the tunnel from Km 12.732 to Km 14.568 of Kiratpur to Nerchowk Section of NH-21,National Highways Authority of India [NHAI],618849,Chhattisgarh,National Highways Authority of India [NHAI],444.21,412.88,394.65,100.0,-7.052970441908103,26.0,-4.415326487114896,0,100,0,0,30.0,61.978104,42.791242599487305,MEDIUM,Schedule delay above 6 months
486,Construction of Additional Tankages and Allied Facilities at JNPT Terminal,MinistryofPetroleumNaturalGas,709780,Maharashtra,MinistryofPetroleumNaturalGas,341.43,436.14,300.5,70.9,27.739214480274132,0.0,-2.0001054707204133,75,0,40,0,32.5,57.850636,42.640254974365234,MEDIUM,Cost overrun above 10%
487,Construction of missing link from Birhu to Lathiani from Km 35/550 Design chainage Km 0.000 to Km 42/800 Design Chainage Km 8.153on NH-503A including Lathiani Bridge on back water of Govindsagar and its approaches in Himachal Pradesh.,MoRTH,618253,Himachal Pradesh,MoRTH,870.95,896.86,0.0,0.0,2.974912451920313,0.0,0.0,25,0,100,0,32.5,57.595093,42.53803825378418,MEDIUM,Low physical progress
488,Bodwad Parisar Sinchan Yojna,Department of Water Resources-MH,617422,Maharashtra,Department of Water Resources-MH,1923.81,1923.81,1949.56,49.5,0.0,,51.83848976770055,0,50,75,100,48.75,33.08998,42.485992431640625,MEDIUM,Low physical progress | Expenditure is significantly ahead of physical progress | Expenditure exceeds revised project cost
489,6L of Ambala-Chandigarh greenfield section from Km. 0.000 to Km. 25.000 with 4L spur to Lalru from Km. 0.000 to Km. 5.828 & spur to PR-7 road from Km. 0.000 to Km. 11.157,National Highways Authority of India [NHAI],619134,"Multi-States
(Haryana, Punjab)",National Highways Authority of India [NHAI],1641.66,1904.79,552.95,80.65,16.028288439750003,8.0,-51.62055318434054,50,50,0,0,30.0,61.167854,42.46714210510254,MEDIUM,Cost overrun above 10% | Schedule delay above 6 months
490,Mangloor to Telangana Maharashtra Border,National Highways Authority of India [NHAI],618624,"Multi-States
(Maharashtra,
Telangana)",National Highways Authority of India [NHAI],1082.65,1323.12,180.13,96.02,22.21124093659075,-1.0,-82.40596650341617,50,0,0,0,15.0,83.665726,42.46628952026367,MEDIUM,Cost overrun above 10%
491,Construction of 4-lane connectivity to Banbasa ICP at India Nepal border from NH-09 old NH-125 Sitarganj-Tanakpur at Km 40.00 near Jagbuda bridge under Bharatmala Priyojana of NH-109D on EPC mode in the State of Uttarakhand,National Highways Authority of India [NHAI],619142,Uttarakhand,National Highways Authority of India [NHAI],216.97,237.01,161.97,75.24,9.236299949301744,31.0,-6.901111345512845,25,100,0,0,37.5,49.819836,42.427934646606445,MEDIUM,Schedule delay above 6 months
492,4L from Km 147.450 Bhogu to Km 196.870 Sankha on NH-75 Sec-III,National Highways Authority of India [NHAI],618830,Jharkhand,National Highways Authority of India [NHAI],1517.87,1652.09,991.9,76.95,8.842654509279454,7.0,-16.910898014030714,25,50,0,0,22.5,71.92022,42.26808738708496,MEDIUM,Schedule delay above 6 months
493,"Construction of Terminal Building & Associated works at Leh Airport, Ladakh",400010,N04000078,Ladakh,Airport Authority of India [AAI],480.0,640.0,501.81,78.9,33.33333333333333,58.0,-0.4921875000000142,75,100,0,0,52.5,26.710182,42.18407344818115,MEDIUM,Cost overrun above 10% | Schedule delay above 6 months
494,Boridand - Ambikapur Doubling Line Project,South East Central Railway [SECR] - II,706854,Chhattisgarh,South East Central Railway [SECR] - II,1376.0,1576.72,258.97,27.0,14.587209302325585,0.0,-10.57539702673905,50,0,75,0,33.75,54.20775,41.9330997467041,MEDIUM,Cost overrun above 10% | Low physical progress
495,6L Access Controlled Greenfield Highway of Nandinne village to Julekal village from Km 202.900 to Km 242.200 Pkg-1,National Highways Authority of India [NHAI],618632,"Multi-States
(Karnataka,
Telangana)",National Highways Authority of India [NHAI],972.06,1044.06,408.4,90.13,7.406950188259985,19.0,-51.01347412983928,25,75,0,0,30.0,58.654057,41.46162223815918,MEDIUM,Schedule delay above 6 months
496,Anand Vihar-Tilak Bridge 3rd & 4th line,CAO/C/NR,705583,Delhi,CAO/C/NR,667.0,667.0,312.74,23.0,0.0,57.0,23.887556221889056,0,100,100,75,66.25,4.264942,41.45597684383392,MEDIUM,Schedule delay above 6 months | Low physical progress | Expenditure is significantly ahead of physical progress
497,Development of 4L Road from Samarlakota to Achampeta Junction as part of Kakinada Port Connectivity to NH-16 Rajanagaram Junction in East Godavari District,National Highways Authority of India [NHAI],618803,Andhra Pradesh,National Highways Authority of India [NHAI],645.63,750.2,595.09,90.5,16.196583182318054,9.0,-11.175819781391624,50,50,0,0,30.0,58.48369,41.393476486206055,MEDIUM,Cost overrun above 10% | Schedule delay above 6 months
498,4L from km 0.000 to 42.040 Bhopal Ratnaigiri Tiraha to Vidisha Morikodi,National Highways Authority of India [NHAI],618661,Madhya Pradesh,National Highways Authority of India [NHAI],1032.3,1038.18,44.78,8.96,0.5696018599244511,0.0,-4.646682463541969,25,0,100,0,32.5,54.379612,41.25184440612793,MEDIUM,Low physical progress
499,Widening to 2 Lanes with paved shoulders from Km.87/000 to 133/720 Nattukal to Thanau Jn. in Palakkad of NH-966 Old NH-213 on EPC mode Basis under NHO Annual Plan 2016-17 in the state of Kerala,MoRTH,618070,Kerala,MoRTH,294.28,315.63,0.0,98.0,7.254995242626079,80.0,-98.0,25,100,0,0,37.5,46.710564,41.18422508239746,MEDIUM,Schedule delay above 6 months
500,6L Greenfield Kanpur - Lucknow Expressway Pkg II from km. 28.500 to km. 73.744,National Highways Authority of India [NHAI],618498,Uttar Pradesh,National Highways Authority of India [NHAI],2471.56,2489.0,1178.84,99.8,0.7056272152001187,11.0,-52.43800723182001,25,50,0,0,22.5,68.771225,41.00848960876465,MEDIUM,Schedule delay above 6 months
501,Satna-Rewa Railway Line Doubling Project,West Central Railway [WCR] - II,705659,Madhya Pradesh,West Central Railway [WCR] - II,500.0,584.0,566.56,86.0,16.8,0.0,11.013698630136986,50,0,0,40,21.0,70.84837,40.9393497467041,MEDIUM,Cost overrun above 10%
502,NLC Talabira Thermal Power Project,NLC India Limited [NLCIL],400231,Odisha,NLC India Limited [NLCIL],27212.96,27213.0,3454.06,2.1,0.0001469887876984,,10.592683643846692,25,50,100,40,53.5,21.738592,40.79543743133545,MEDIUM,Low physical progress
503,Commercial Polymer Flooding Project in Bechraji field,Oil and Natural Gas Corporation Limited [ONGC],709838,Gujarat,Oil and Natural Gas Corporation Limited [ONGC],621.4,739.02,222.8,42.0,18.928226585130353,30.0,-11.851966117290466,50,100,75,0,63.75,6.3369513,40.784780502319336,MEDIUM,Cost overrun above 10% | Schedule delay above 6 months | Low physical progress
504,Jagadhari - Tajewala from Km -0.175 to 32.337 km of NH-344,National Highways Authority of India [NHAI],618936,Haryana,National Highways Authority of India [NHAI],1269.5,919.43,679.31,63.0,-27.57542339503742,27.0,10.883819322841331,0,100,40,40,46.0,32.792168,40.71686706542968,MEDIUM,Schedule delay above 6 months
505,4L PS from Mandlem Existing Km. 38.000/Design Km.30.600 to Atmakur Existing Km.73.000/Design Km 66.115 of NH340C Package2,National Highways Authority of India [NHAI],618919,Andhra Pradesh,National Highways Authority of India [NHAI],887.28,913.03,374.39,99.94,2.902127851411054,,-58.934775637164165,25,50,0,0,22.5,68.039,40.71560096740723,MEDIUM,No major rule-based risk indicator detected
506,Balance work of Panikoili Rimoli Section of new NH-20 from Km 0.00 to Km. 163.000,National Highways Authority of India [NHAI],618819,Odisha,National Highways Authority of India [NHAI],183.03,200.79,89.36,99.0,9.703327323389605,4.0,-54.4957916230888,25,25,0,0,15.0,78.71605,40.486419677734375,MEDIUM,No major rule-based risk indicator detected
507,Delhi-Amritsar-Katra Expressway Phase-I Pkg-XII from Junction with Amritsar-Mehta- SriHargobindpur-Tanda road NH-503A near SriHargobindpur to Junction with Pathankot-Gurdaspur road NH-54 near Gurdaspur Km 362420 to km 397700,National Highways Authority of India [NHAI],618492,Punjab,National Highways Authority of India [NHAI],1734.18,1538.47,470.92,27.05,-11.285449030665792,14.0,3.5596316470259417,0,75,75,0,41.25,39.33796,40.48518371582031,MEDIUM,Schedule delay above 6 months | Low physical progress
508,4L PS Divided Carriageway from Patan Near Rajpur to Gojariya From Km 52.000 to Km 128.940 of NH-68,National Highways Authority of India [NHAI],618901,Gujarat,National Highways Authority of India [NHAI],1181.34,1098.23,876.25,84.7,-7.035231178153614,17.0,-4.912523788277511,0,75,0,0,22.5,67.42554,40.47021484375,MEDIUM,Schedule delay above 6 months
509,6L of Kagal-Satara section from Km 592.500 to Km 658.000 of NH-48 Pkg-I,National Highways Authority of India [NHAI],618513,Maharashtra,National Highways Authority of India [NHAI],2111.95,1435.46,631.63,49.88,-32.03153483747247,25.0,-5.8780772713973235,0,100,75,0,48.75,27.863459,40.39538383483887,MEDIUM,Schedule delay above 6 months | Low physical progress
510,Phase II extension of MRTS from Velachery to St Thomas Mount,Ministry of Railways,400280,Tamil Nadu,Ministry of Railways,734.0,734.01,486.53,99.9,0.0013623978201622,2.0,-33.61616190515116,25,25,0,0,15.0,78.442276,40.37691116333008,MEDIUM,No major rule-based risk indicator detected
511,Greenfield connectivity from Govindsar village on Delhi Amritsar Katra Expressway to Talwara village on NH-44 Pathankot by-pass,National Highways Authority of India [NHAI],618551,Punjab,National Highways Authority of India [NHAI],666.81,690.47,48.07,24.75,3.548237129017274,0.0,-17.78807551378047,25,0,100,0,32.5,51.969456,40.28778266906738,MEDIUM,Low physical progress
512,Bridge over Ganga River at d/s of Farraka Barrage including Approaches connecting Farakka-Raiganj,National Highways Authority of India [NHAI],618825,West Bengal,National Highways Authority of India [NHAI],622.04,646.1,340.02,96.17,3.8679184618352616,57.0,-43.543471598823714,25,100,0,0,37.5,44.328075,40.23122978210449,MEDIUM,Schedule delay above 6 months
513,4L of Sahibganj - Manihari Ganga Bridge including Manihari Bypass,National Highways Authority of India [NHAI],618952,"Multi-States
(Bihar, Jharkhand)",National Highways Authority of India [NHAI],1954.77,1978.01,1820.63,85.17,1.1888866720893,26.0,6.873518485750836,25,100,0,0,37.5,43.67961,39.971845626831055,MEDIUM,Schedule delay above 6 months
514,6L of Agra Bypass Northern connecting Km. 174.500 of NH-2 new NH-19 to Km. 141.000 of Yamuna Expressways,National Highways Authority of India [NHAI],618553,Uttar Pradesh,National Highways Authority of India [NHAI],957.62,1034.42,758.4,99.7,8.019882625676162,15.0,-26.38355213549623,25,75,0,0,30.0,54.713303,39.88532066345215,MEDIUM,Schedule delay above 6 months
515,6L of Kodugallur to Edapppally section from km 397.750 to km 423.780 of NH - 66 old NH-17,National Highways Authority of India [NHAI],618603,Kerala,National Highways Authority of India [NHAI],3465.82,3606.2,768.14,64.93,4.050412312237786,20.0,-43.62946203760191,25,75,40,0,40.0,39.677464,39.870985984802246,MEDIUM,Schedule delay above 6 months
516,Lara Super Thermal Power Project Stage-II [2 x 800 MW],National Thermal Power Corporation [NTPC],611930,Chhattisgarh,National Thermal Power Corporation [NTPC],15530.0,16106.0,4787.3,28.6,3.708950418544752,3.0,1.123705451384577,25,25,75,0,33.75,49.016087,39.856435775756836,MEDIUM,Low physical progress
517,Widening with additional 3L abetting Chhapra Bypass Section of NH-19 from Km. 143.200 to Km. 159.255 Pkg-1,National Highways Authority of India [NHAI],618905,Bihar,National Highways Authority of India [NHAI],470.5,528.48,243.02,68.87,12.323060573857603,0.0,-22.885289131092954,50,0,40,0,25.0,62.04725,39.818899154663086,MEDIUM,Cost overrun above 10%
518,Balance work of 4L of NarimbangloJatinga Junction- Harangajoroad section from Km 0.000 to Km 49.230 of NH-27,NHAI,619089,Assam,NHAI,1909.98,2745.74,1307.33,93.08,43.75752625681943,5.0,-45.46697036135978,75,25,0,0,30.0,54.332428,39.73297119140625,MEDIUM,Cost overrun above 10%
519,4L of Moradabad western side spur connecting NH-734 & NH-24 from Km. 0.000 to Km. 33.200 Pkg-I,National Highways Authority of India [NHAI],618929,Uttar Pradesh,National Highways Authority of India [NHAI],1841.92,1843.54,982.74,76.9,0.087951702571224,9.0,-23.592775855148258,25,50,0,0,22.5,65.38209,39.652835845947266,MEDIUM,Schedule delay above 6 months
520,KG-DWN-98/2 Cluster - II Development Project - NELP Block,Oil and Natural Gas Corporation Limited [ONGC],400120,Andhra Pradesh,Oil and Natural Gas Corporation Limited [ONGC],34012.0,34012.0,33006.7,96.5,0.0,75.0,0.5442784899447162,0,100,0,0,30.0,54.01233,39.60493278503418,MEDIUM,Schedule delay above 6 months
521,Widening and up-gradation to 2-lane with paved shoulder configuration and geometric improvements from km 298.00 to km 339.00 on Aizawl-Tuipang section under JICA ODA Loan assistance Phase-I Package-7,NHIDCL,618382,Mizoram,NHIDCL,605.76,750.32,0.01,100.0,23.864236661384055,13.0,-99.99866723531294,50,75,0,0,37.5,42.638935,39.55557441711426,MEDIUM,Cost overrun above 10% | Schedule delay above 6 months
522,Construction of Rudrapur Bypass Section from Km. 0.000 to 20.640 in the state of Uttar Pradesh & Uttarakhand,National Highways Authority of India [NHAI],618912,"Multi-States (Uttar
Pradesh,
Uttarakhand)",National Highways Authority of India [NHAI],1051.73,1117.17,665.1,99.1,6.222129253705804,4.0,-39.5656408603883,25,25,0,0,15.0,76.3833,39.55331993103027,MEDIUM,No major rule-based risk indicator detected
523,Hospet - Chitradurga from km. 299.00 to km. 418.750,National Highways Authority of India [NHAI],619144,Karnataka,National Highways Authority of India [NHAI],1519.72,387.48,36.36,100.0,-74.50319795751848,94.0,-90.6162898730257,0,100,0,0,30.0,53.118015,39.24720573425293,MEDIUM,Schedule delay above 6 months
524,4L Prayagraj Greenfield By-pass from design Km 50860 near Nibi Kala Uperhar to design Km 64763 on NH-19 near Khodaypur Kasgaon including Interchange loop at NH-19,National Highways Authority of India [NHAI],618959,Uttar Pradesh,National Highways Authority of India [NHAI],1017.99,427.54,406.6,100.0,-58.00155207811471,,-4.897787341535292,0,50,0,0,15.0,75.50119,39.20047569274902,MEDIUM,No major rule-based risk indicator detected
525,6L access control Greenfield highway of Vill-Lohadda to Vill-Karaunda Mahajan from Km. 27.000 to Km. 56.500 Pkg-2,National Highways Authority of India [NHAI],618970,Uttar Pradesh,National Highways Authority of India [NHAI],1335.45,1335.38,1016.38,92.89,-0.0052416788348449,20.0,-16.778331411283688,0,75,0,0,22.5,63.267284,38.80691337585449,MEDIUM,Schedule delay above 6 months
526,4L of Indore - Boregaon Pkg-III [Balwara to Dhangaon] from km. 42.260 to km. 82.660 of NH347BG & 753L,National Highways Authority of India [NHAI],618622,Madhya Pradesh,National Highways Authority of India [NHAI],1001.69,888.81,698.97,89.0,-11.268955465263716,27.0,-10.35889560198467,0,100,0,0,30.0,51.80143,38.720571517944336,MEDIUM,Schedule delay above 6 months
527,Integrated Multi Modal Logistics Hub at Nangal Chaudhary in Haryana - Other Trunk Infrastructure Development Phase 1,National Highways & Infrastructure Development Corporation Ltd. [NHIDCL],707410,Haryana,National Highways & Infrastructure Development Corporation Ltd. [NHIDCL],763.0,763.0,430.0,60.0,0.0,53.0,-3.643512450851894,0,100,40,0,40.0,36.19512,38.47804927825928,MEDIUM,Schedule delay above 6 months
528,Jagdalpur-Koraput,East Coast Railway [ECoR] - II,705511,"Multi-States
(Chhattisgarh,
Odisha)",East Coast Railway [ECoR] - II,1547.0,1547.0,1379.69,94.46,0.0,33.0,-5.275126050420155,0,100,0,0,30.0,51.10821,38.44328498840332,MEDIUM,Schedule delay above 6 months
529,"Upgradation to 4L PS from Bhimasar, Junction of NH-41 to Anjar- Bhuj upto Airport Junction from Km 0.000 to Km 65.478 of NH-341",National Highways Authority of India [NHAI],618787,Gujarat,National Highways Authority of India [NHAI],1373.06,1687.25,834.0,96.0,22.882466898751694,15.0,-46.57045488220477,50,75,0,0,37.5,39.780403,38.4121618270874,MEDIUM,Cost overrun above 10% | Schedule delay above 6 months
530,MHN TCPP PGC BGC Project [MTPBP],Ministry of Petroleum & Natural Gas,709848,Offshore,Ministry of Petroleum & Natural Gas,2329.45,2354.23,1613.16,92.7,1.0637704179098155,0.0,-24.178232797984904,25,0,0,0,7.5,83.994606,38.097843170166016,MEDIUM,No major rule-based risk indicator detected
531,4L of Mehgama - Hansdiha from km. 41.900 to km. 93.000 of NH -133A Pkg-II,National Highways Authority of India [NHAI],618946,Jharkhand,National Highways Authority of India [NHAI],1479.72,1568.18,878.2,99.5,5.978158029897551,12.0,-43.498775650754375,25,50,0,0,22.5,61.46554,38.08621788024902,MEDIUM,Schedule delay above 6 months
532,Petrochemical and Lube Integration Project at Gujarat Refinery,Ministry of Petroleum & Natural Gas,701329,Gujarat,Ministry of Petroleum & Natural Gas,18936.0,17825.0,13579.35,88.3,-5.867131389945078,27.0,-12.118513323983166,0,100,0,0,30.0,49.95167,37.980669021606445,MEDIUM,Schedule delay above 6 months
533,Jhansi - Bina Third Railway Line [153 Km],CAO/C/NCR,705598,"Multi-States
(Madhya Pradesh,
Uttar Pradesh)",CAO/C/NCR,2002.0,2002.0,1939.11,96.0,0.0,48.0,0.8586413586413499,0,100,0,0,30.0,49.745758,37.8983039855957,MEDIUM,Schedule delay above 6 months
534,Revamping/ Augmentation of facilities at existing port terminal at Mangalore,Ministry of Petroleum & Natural Gas,709774,Karnataka,Ministry of Petroleum & Natural Gas,463.0,500.62,302.1,83.0,8.125269978401729,18.0,-22.65482801326355,25,75,0,0,30.0,49.30495,37.721981048583984,MEDIUM,Schedule delay above 6 months
535,6L access-controlled highway from Ganeshpur tonear Mohand of Ganeshpur Dehradun section from Km.0 to Km.8.3 of NH-72A Package-1,NHAI,619308,Uttar Pradesh,NHAI,836.24,835.74,808.7,98.92,-0.0597914474313594,33.0,-2.1554560030631507,0,100,0,0,30.0,48.56622,37.42648887634277,MEDIUM,Schedule delay above 6 months
536,"Rehabilitation and Up gradation to 2-lane with paved shoulder of Keifang Section Economic Corridor of NH-06 from Existing Chainage Km 30050 Keifang to Km 50360 Keifang, Design Chainage Km 27400 to Km 45040 PkgIII in the State of Mizoram under Bharatmala Pariyojna on EPC Mode Seling-Dulte - III",NHIDCL,618343,Mizoram,NHIDCL,292.23,292.23,0.0,0.0,0.0,30.0,0.0,0,100,100,0,55.0,10.3307295,37.13229179382324,MEDIUM,Schedule delay above 6 months | Low physical progress
537,NIGAHI EXPANSION [15 TO 25 MTP,Northern Coalfields Limited [NCL],400321,Madhya Pradesh,Northern Coalfields Limited [NCL],1729.68,1729.68,929.02,48.76,0.0,36.0,4.950512927246656,0,100,75,0,48.75,19.52914,37.06165647506714,MEDIUM,Schedule delay above 6 months | Low physical progress
538,Improvement of Geometrics of Kalkallu to Gundla Pochanpalli from Km 454.00 to Km 471.00 of NH-44,National Highways Authority of India [NHAI],618558,Telangana,National Highways Authority of India [NHAI],955.49,903.17,427.43,35.96,-5.475724497378313,18.0,11.36553118460533,0,75,75,40,47.25,21.440647,36.92625865936279,MEDIUM,Schedule delay above 6 months | Low physical progress
539,Sattanathapuram to Nagapattinam from Km 123.800 to Km 179.555,National Highways Authority of India [NHAI],618847,"Multi-States
(Puducherry, Tamil
Nadu)",National Highways Authority of India [NHAI],2899.77,2899.77,1201.6,82.3,0.0,46.0,-40.862230797614984,0,100,0,0,30.0,47.155888,36.862356185913086,MEDIUM,Schedule delay above 6 months
540,PCMC To Nigdi- Extension Of North South Corridor Of Phase-1,Maharashtra Metro Rail Corporation Limited [MMRCL],617225,Maharashtra,Maharashtra Metro Rail Corporation Limited [MMRCL],910.18,960.18,269.74,41.58,5.493418884176757,,-13.487350705076128,25,50,75,0,41.25,29.684263,36.62370586395264,MEDIUM,Low physical progress
541,Jharsuguda-Barpali-Sardega Ph II Works- Rail Connectivity for Coal Loading Bulb at Barpali.,South Eastern Railway [SER] - I,400006,Odisha,South Eastern Railway [SER] - I,808.99,808.99,701.15,38.0,0.0,14.0,48.669798143363934,0,75,75,75,52.5,12.721629,36.58865165710449,MEDIUM,Schedule delay above 6 months | Low physical progress | Expenditure is significantly ahead of physical progress
542,Sulwade-Jamphal-Kanoli Lift Irrigation Scheme,Department of water resources-MH - II,400107,Maharashtra,Department of water resources-MH - II,2407.67,2407.67,2779.38,80.54,0.0,48.0,34.898577545926145,0,100,0,75,41.25,29.44806,36.52922344207764,MEDIUM,Schedule delay above 6 months | Expenditure is significantly ahead of physical progress | Expenditure exceeds revised project cost
543,Rajnandgaon - Nagpur [Kalumna] Third Railway Line [228.30 km],South East Central Railway [SECR] - II,705617,"Multi-States
(Chhattisgarh,
Maharashtra)",South East Central Railway [SECR] - II,3545.0,3545.0,3639.58,96.0,0.0,18.0,6.667983074753181,0,75,0,0,22.5,57.444183,36.47767448425293,MEDIUM,Schedule delay above 6 months | Expenditure exceeds revised project cost
544,Improvement and upgradation to two lane with Paved Shoulder configuration from existing km 55.00 to km 90.00 Design length 34.76 of NH-227A near Chhapia Village to near Sikriganj in the State of UP on EPC Mode.,MoRTH,618110,Uttar Pradesh,MoRTH,307.11,307.11,125.88,0.0,0.0,14.0,40.98857087037218,0,75,100,75,58.75,2.9788435,36.441537380218506,MEDIUM,Schedule delay above 6 months | Low physical progress | Expenditure is significantly ahead of physical progress
545,4L Bangalore-Chennai Expressway from Km. 230.000 to Km. 261.705 of Kanchepuram to Sriperumbudur Section Phase-III/Package-IV,National Highways Authority of India [NHAI],618481,Tamil Nadu,National Highways Authority of India [NHAI],3605.73,3605.73,903.19,83.45,0.0,27.0,-58.40125813635519,0,100,0,0,30.0,45.984272,36.39370918273926,MEDIUM,Schedule delay above 6 months
546,3L Major Bridge over River Brahmani at Km. 401.250 Duburi - Chandikhole Section of NH-200 New NH -53,National Highways Authority of India [NHAI],618908,Odisha,National Highways Authority of India [NHAI],153.61,103.68,73.59,38.0,-32.50439424516633,23.0,32.97800925925925,0,75,75,75,52.5,12.144373,36.357749462127686,MEDIUM,Schedule delay above 6 months | Low physical progress | Expenditure is significantly ahead of physical progress
547,Dharampuri-Lonand from km. 117.00 to 166.40 Pkg-IV on Mohol-Alandi Section,National Highways Authority of India [NHAI],619210,Maharashtra,National Highways Authority of India [NHAI],1411.71,1358.68,1047.19,97.4,-3.7564372286092738,32.0,-20.32592810669179,0,100,0,0,30.0,45.437138,36.174856185913086,MEDIUM,Schedule delay above 6 months
548,Saryu Nahar CADWM Project,Irrigation & Water Resources-UP,400093,Uttar Pradesh,Irrigation & Water Resources-UP,1672.7,1672.7,22.24,1.76,0.0,75.0,-0.4304131045614874,0,100,100,0,55.0,7.7889605,36.11558413505554,MEDIUM,Schedule delay above 6 months | Low physical progress
549,AURANGABAD-ANKAI - DOUBLING PROJECT 98.25 Km,South Central Railway [SCR] - II,611751,Maharashtra,South Central Railway [SCR] - II,960.64,960.64,1304.54,2.02,0.0,,133.77905063291138,0,50,100,100,55.0,7.686484,36.07459354400635,MEDIUM,Low physical progress | Expenditure is significantly ahead of physical progress | Expenditure exceeds revised project cost
550,Mumbai-Ahmedabad High Speed Rail Project- 508 km,National High Speed Rail Corporation [NHSRC],705728,"Multi-States
(Dadra & Nagar
Haveli and Daman
& Diu, Gujarat,
Maharashtra)",National High Speed Rail Corporation [NHSRC],108000.0,108000.0,90501.89,59.86,0.0,28.0,23.938046296296292,0,100,40,75,51.25,13.310444,36.074177742004395,MEDIUM,Schedule delay above 6 months | Expenditure is significantly ahead of physical progress
551,"Phase 1B - Construction of Academic Block, Hostel, Residential Tower, Directors Residence and External Development works at National Institute of Technology, Delhi Campus on Engineering, Procurement and Construction basis",National Institute of Technology Delhi,612851,Delhi,National Institute of Technology Delhi,333.49,336.42,321.76,99.72,0.8785870640798844,4.0,-4.077648177872902,25,25,0,0,15.0,67.615166,36.04606628417969,MEDIUM,No major rule-based risk indicator detected
552,4L of existing Beas Baba Bakala - Dera Baba Nanak Section from start of Batala Bypass till intersection with Ajnala Gurdaspur Highway NH 354 near Dera Baba Nanak from Km. 31.300 to Km. 69.100 with Additional batala Bypass Pkg-II,National Highways Authority of India [NHAI],618810,Punjab,National Highways Authority of India [NHAI],1003.38,993.6,590.84,78.99,-0.9747054954254591,21.0,-19.525426731078905,0,75,0,0,22.5,56.33935,36.03574180603027,MEDIUM,Schedule delay above 6 months
553,Transmission Network Expansion in Gujarat to increase its ATC from ISTS Part B,Power Grid Corporation of India Limited [POWERGRID],400005,"Multi-States
(Dadra & Nagar
Haveli and Daman
& Diu, Gujarat,
Maharashtra)",Power Grid Corporation of India Limited [POWERGRID],4546.26,4546.26,4528.07,99.9,0.0,35.0,-0.3001091006673704,0,100,0,0,30.0,44.91327,35.96530723571777,MEDIUM,Schedule delay above 6 months
554,Construction of 4/6 Laning from existing Km 159.400 of NH-36 to existing Km 102.500 of NH-39 and upto end point of Assam portion [Design Km 118.050 to design Km 132.375] Total New Alignment length of 14.325 Km of Daboka -Dimapur Section Dimapur Bypass in the state of Assam under SARDP-NE 'Phase-A' on EPC mode Assam Portion,NHIDCL,618330,Assam,NHIDCL,511.02,511.02,647.21,100.0,0.0,34.0,26.650620327971524,0,100,0,75,41.25,28.034681,35.9638729095459,MEDIUM,Schedule delay above 6 months | Expenditure is significantly ahead of physical progress | Expenditure exceeds revised project cost
555,Construction of 2 laning with Hard shoulder of Peren-Dimapur section on NH 129A from Design Km 146.208 to Km 163.592 Length- 17.384 km in the state of Nagaland on EPC mode under NHO-TSP Package-III,NHIDCL,618413,Nagaland,NHIDCL,177.77,199.02,0.0,93.37,11.953647972098778,12.0,-93.37,50,50,0,0,30.0,44.842415,35.93696594238281,MEDIUM,Cost overrun above 10% | Schedule delay above 6 months
556,4th LINE BETWEEN BAREJADI NANDEJ-SANAND-AHMEDABAD BYPASS,Western Railway WR - II,612072,Gujarat,Western Railway WR - II,961.67,961.67,507.6,21.0,0.0,16.0,31.783179261077088,0,75,100,75,58.75,1.5802883,35.88211530447006,MEDIUM,Schedule delay above 6 months | Low physical progress | Expenditure is significantly ahead of physical progress
557,4L PS bijni to mandi section from Km 202.815 to Km 208.000 of NH-20 New NH-154 of Pathankot-Mandi Package-VB,National Highways Authority of India [NHAI],618881,Himachal Pradesh,National Highways Authority of India [NHAI],1113.02,1112.39,335.79,27.8,-0.0566027564643835,0.0,2.3863555048139595,0,0,75,0,18.75,60.99158,35.64663314819336,MEDIUM,Low physical progress
558,Kalinarayanpur-Krishnanagar Doubling Alongwith Krishnanagar - Chapra New Line And Naihati-Ranaghat 3rd Line.,Eastern Railway [ER] - I,400247,West Bengal,Eastern Railway [ER] - I,1000.0,1000.0,1065.08,74.5,0.0,13.0,32.00800000000001,0,75,40,75,43.75,23.345682,35.58827304840088,MEDIUM,Schedule delay above 6 months | Expenditure is significantly ahead of physical progress | Expenditure exceeds revised project cost
559,4L Access Controlled Greenfield Section Mancherial Warangal from Narva village at Design Ch. 3.834 Km to Puttapaka village at Design Ch. 35.300 Km Package-I,National Highways Authority of India [NHAI],618813,Telangana,National Highways Authority of India [NHAI],1127.9,1104.27,110.86,9.0,-2.095043886869413,10.0,1.0392114247421382,0,50,100,0,40.0,28.970545,35.58821773529053,MEDIUM,Schedule delay above 6 months | Low physical progress
560,"Improvement/construction of existing CL-5 Road to NH Intermediate lane specification with hard shoulder from Km 133.000 to 166.000 net Length 33.000 kms of NH-505 Sumdo-Kaza-Gramphoo road in the state of Himachal Pradesh on EPC mode under project Deepak, BRO",MoRTH,618216,Himachal Pradesh,MoRTH,230.55,203.15,15.16,23.24,-11.884623725872917,15.0,-15.777533841988678,0,75,100,0,47.5,17.482529,35.493011474609375,MEDIUM,Schedule delay above 6 months | Low physical progress
561,Construction of 4/6 Laning from Km 132.375 to Km 153.058 Total New Alignment length of 20.683 Km of Daboka-Dimapur Section Dimapur Bypass Nagaland Portion of NH-36 & 39 in the State of Nagaland on EPC basis under PhaseA of SARDP-NE,NHIDCL,618329,Nagaland,NHIDCL,819.39,819.39,0.0,0.0,0.0,29.0,0.0,0,100,100,0,55.0,6.0882525,35.435301065444946,MEDIUM,Schedule delay above 6 months | Low physical progress
562,Bangalore Suburban Railway Project,Karnataka Rail Infrastructure Development Company Limited [K-RIDE],705941,Karnataka,Karnataka Rail Infrastructure Development Company Limited [K-RIDE],15767.0,15767.0,3224.09,19.95,0.0,39.0,0.4983414726961399,0,100,100,0,55.0,5.967832,35.3871328830719,MEDIUM,Schedule delay above 6 months | Low physical progress
563,Haldia Panagarh Pipeline Project,Hindustan Petroleum Corporation Limited,709753,West Bengal,Hindustan Petroleum Corporation Limited,1010.0,1107.0,846.32,95.0,9.603960396039604,6.0,-18.548328816621503,25,25,0,0,15.0,65.85477,35.3419075012207,MEDIUM,No major rule-based risk indicator detected
564,Up-gradation to two lane with paved shoulder configuration of NH-354 Section Arifkes- Ferozepur-Muktsar-Malaut from Km 201.500 to Km 212.500 & Km 229.690 to Km 269.960 and strengthening of existing pavement from Km 212.500 to Km 229.690 excluding Km 218.500 to 223.690 of NH-354 on EPC Mode in the State of Punjab. Job No. NH-354-PB-2020-21-532,MoRTH,618024,Punjab,MoRTH,263.19,263.19,0.0,83.0,0.0,14.0,-83.0,0,75,0,0,22.5,54.388382,35.255353927612305,MEDIUM,Schedule delay above 6 months
565,NATHDWARA- NATHDWARA TOWN NL,North Western Railway [NWR],617408,Rajasthan,North Western Railway [NWR],166.33,166.33,109.96,15.0,0.0,,51.1095412733722,0,50,100,100,55.0,5.632319,35.25292754173279,MEDIUM,Low physical progress | Expenditure is significantly ahead of physical progress
566,Yekkambi-Haveri,National Highways Authority of India [NHAI],619138,Karnataka,National Highways Authority of India [NHAI],309.9,309.9,82.28,21.12,0.0,39.0,5.430500161342369,0,100,100,0,55.0,5.5737424,35.22949695587158,MEDIUM,Schedule delay above 6 months | Low physical progress
567,Construction of alternative highway to Gangtok in Sikkim via Bagrakot -Chuikhim- Nimbong -Kafer-Bakhim-Algarah-Rhenock in the State of West Bengal and from Rhenok-Rorathang-Pakyong along with spur from Aritar-Rolep-Menla in the State of Sikkim from Km 0.00 to Km 13.00 of Bagrakot -Kafer section of NH 717A on EPC Mode under Phase-A of SARDP-NE in the State of West Bengal PKG- IVA,NHIDCL,618430,West Bengal,NHIDCL,402.94,402.94,0.0,98.54,0.0,49.0,-98.54,0,100,0,0,30.0,42.86103,35.144412994384766,MEDIUM,Schedule delay above 6 months
568,Hubli-Ankola New Line Project [164.44 km],South Western Railway [SWR] - II,705493,Karnataka,South Western Railway [SWR] - II,5174.0,5174.0,178.42,4.7,0.0,300.0,-1.2516041747197533,0,100,100,0,55.0,5.2086654,35.08346629142761,MEDIUM,Schedule delay above 6 months | Low physical progress
569,Widening of existing single lane to intermediate lane road from Mokokchung to Chare via Dikhu in the state of Nagaland on EPC mode,MoRTH,618002,Nagaland,MoRTH,192.93,192.93,99.65,0.0,0.0,,51.65085782408128,0,50,100,100,55.0,5.1578784,35.063151359558105,MEDIUM,Low physical progress | Expenditure is significantly ahead of physical progress
570,4L Bhiwani-Hansi road section of NH-148B,National Highways Authority of India [NHAI],618792,Haryana,National Highways Authority of India [NHAI],1330.23,1144.21,440.38,99.5,-13.98404787142073,5.0,-61.012309803270384,0,25,0,0,7.5,75.89399,34.857595443725586,MEDIUM,No major rule-based risk indicator detected
571,Tubed Coal Mine,Damodar Valley Corporation,400192,Jharkhand,Damodar Valley Corporation,1581.0,1581.0,601.03,36.0,0.0,0.0,2.0158127767235925,0,0,75,0,18.75,58.971004,34.838401794433594,MEDIUM,Low physical progress
572,6L Greenfield Varanasi-Ranchi-Kolkata Highway from Anarbansalea village to Sagrampur village From KM. 151200 to KM. 184700Package-7,National Highways Authority of India [NHAI],618724,"Multi-States
(Bihar, Jharkhand)",National Highways Authority of India [NHAI],1719.2,1723.42,64.54,17.1,0.2454630060493268,0.0,-13.355120632231262,25,0,100,0,32.5,38.17477,34.76990795135498,MEDIUM,Low physical progress
573,Construction of Greenfield Connectivity to Jewar International Airport from DND- Faridabad-Ballabhgarh Bypass KMP Link - Spur to Delhi Mumbai Expressway,National Highways Authority of India [NHAI],619068,"Multi-States
(Haryana, Uttar
Pradesh)",National Highways Authority of India [NHAI],2920.69,3485.77,1024.9,69.77,19.347482957794217,22.0,-40.367601103916776,50,75,40,0,47.5,15.632324,34.7529296875,MEDIUM,Cost overrun above 10% | Schedule delay above 6 months
574,Bodhre - Dhule,National Highways Authority of India [NHAI],618693,Maharashtra,National Highways Authority of India [NHAI],1344.78,1292.7,791.69,97.69,-3.8727524204702575,24.0,-36.44686547536164,0,75,0,0,22.5,53.131073,34.7524299621582,MEDIUM,Schedule delay above 6 months
575,4L of Baramati to Indapur Pkg-II from km. 41.400 to km. 84.550 of NH-965G Saint Tukaram Marg,National Highways Authority of India [NHAI],619163,Maharashtra,National Highways Authority of India [NHAI],1471.32,1297.48,927.1,86.2,-11.815240736209658,33.0,-14.746104756913413,0,100,0,0,30.0,41.819798,34.72791862487793,MEDIUM,Schedule delay above 6 months
576,6L from Belgaum to Sankeshwar Bypass from Km. 515.000 to Km. 555.017 of NH-48 Pkg-I,National Highways Authority of India [NHAI],618515,"Multi-States
(Karnataka,
Maharashtra)",National Highways Authority of India [NHAI],1479.3,1237.04,1178.11,100.0,-16.376664638680456,13.0,-4.763790984931788,0,75,0,0,22.5,52.888752,34.655500411987305,MEDIUM,Schedule delay above 6 months
577,4L of Gola-BokaroJaina More section from Km 53.600 to Km 21.110 of NH-320PKG-1,National Highways Authority of India [NHAI],618645,Jharkhand,National Highways Authority of India [NHAI],1007.97,1030.64,437.79,78.1,2.249074873260124,11.0,-35.62251028487153,25,50,0,0,22.5,52.886562,34.654624938964844,MEDIUM,Schedule delay above 6 months
578,Widening/Development of Existing NH-85 from Km 0.000 to Km 124.636 section to 2L/LPS section in the state of Kerala on EPC Mode under Bharatmala Pariyojana,National Highways Authority of India [NHAI],618708,Kerala,National Highways Authority of India [NHAI],1187.47,1265.47,631.69,52.71,6.568586995882002,11.0,-2.7925780144926335,25,50,40,0,32.5,37.743782,34.59751319885254,MEDIUM,Schedule delay above 6 months
579,4L of Greenfield Alignment from Km. 47.000 to Km. 89.210 of Balbhadarpur to Bela Nawda Section of NH-119D,NHAI,619127,Bihar,NHAI,2185.75,2118.46,373.63,24.67,-3.0785771474322297,17.0,-7.03313170888287,0,75,100,0,47.5,15.094773,34.537909507751465,MEDIUM,Schedule delay above 6 months | Low physical progress
580,2L PS of Raebareli - Jagdishpur with 4L Jagdishpur Bypass Spur,National Highways Authority of India [NHAI],618854,Uttar Pradesh,National Highways Authority of India [NHAI],706.41,752.52,515.53,97.2,6.527370790334228,17.0,-28.6928506883538,25,75,0,0,30.0,41.069992,34.42799758911133,MEDIUM,Schedule delay above 6 months
581,Dholpur - Sirmuttra Gauge Conversion,North Central Railway,705482,Rajasthan,North Central Railway,747.0,747.0,491.95,49.5,0.0,96.0,16.356760374832675,0,100,75,40,54.75,3.8129191,34.37516770362854,MEDIUM,Schedule delay above 6 months | Low physical progress
582,Lodhma - Piska - Link Line bypassing Hatia/Ranchi with Y connection,South Eastern Railway [SER] - I,705785,Jharkhand,South Eastern Railway [SER] - I,473.0,473.0,306.22,10.0,0.0,11.0,54.73995771670191,0,50,100,100,55.0,3.383877,34.35355079174042,MEDIUM,Schedule delay above 6 months | Low physical progress | Expenditure is significantly ahead of physical progress
583,GUNTAKAL WEST-MALLAPPA GATE RAIL OVER RAIL - ROR TRACK,South Central Railway [SCR] - II,611754,Andhra Pradesh,South Central Railway [SCR] - II,293.3,293.3,267.51,0.23,0.0,,90.9769553358336,0,50,100,100,55.0,3.373646,34.34945845603943,MEDIUM,Low physical progress | Expenditure is significantly ahead of physical progress
584,4L of Madurai Ring Road Phase 1 [Vadipatti-Thamrapatti] from km 0.00 - km 29.960,National Highways Authority of India [NHAI],618563,Tamil Nadu,National Highways Authority of India [NHAI],900.05,900.05,669.19,97.8,0.0,51.0,-23.449686128548393,0,100,0,0,30.0,40.853386,34.34135437011719,MEDIUM,Schedule delay above 6 months
585,Thanamcherla-Jamandlapally 2LPS,National Highways Authority of India [NHAI],619165,Telangana,National Highways Authority of India [NHAI],177.18,18.65,8.31,100.0,-89.47398126199346,39.0,-55.442359249329755,0,100,0,0,30.0,40.771656,34.30866241455078,MEDIUM,Schedule delay above 6 months
586,Kurnool Coach Midlife Rehabilitation Project,South Central Railway [SCR] - II,705253,Andhra Pradesh,South Central Railway [SCR] - II,563.0,560.72,949.34,75.0,-0.404973357015981,72.0,94.30731916107862,0,100,0,100,45.0,17.814924,34.125969886779785,MEDIUM,Schedule delay above 6 months | Expenditure is significantly ahead of physical progress | Expenditure exceeds revised project cost
587,Construction & Upgradation to 2 lane with paved shoulder from Design Km. 31.449 Khellani Ex. Km 44.946 to Km 51.700 Prem Nagar Ex. Km 68617 of 20.251 Km length on Khellani - Kishtwar - Chattroo section of NH-244 in the UT of J&K on EPC Mode under NHO-Gen PKG- 1,NHIDCL,618396,"Jammu and
Kashmir",NHIDCL,486.45,486.45,0.0,0.0,0.0,26.0,0.0,0,100,100,0,55.0,2.533948,34.01357924938202,MEDIUM,Schedule delay above 6 months | Low physical progress
588,"Construction of Balance Work of 4-Laning of the Section from Jhanji to Demow of NH- 37 Old from Km 490.800 to Km 534.800, under SARDP- NE on EPC Mode in the state of Assam Pkg- IV Structures & Toll Plaza",NHIDCL,618440,Assam,NHIDCL,187.09,100.22,0.0,0.0,-46.43219840718371,,0.0,0,50,100,0,40.0,24.892431,33.9569730758667,MEDIUM,Low physical progress
589,Jhansi Water Supply Infrastructure Phase-II Project,Ministry of Housing & Urban Affairs,702949,Uttar Pradesh,Ministry of Housing & Urban Affairs,561.74,561.74,500.04,95.0,0.0,34.0,-5.9837291273542945,0,100,0,0,30.0,39.709137,33.88365459442139,MEDIUM,Schedule delay above 6 months
590,4L Access Controlled Greenfield Highway Section Mancherial Warangal from Pangidipalle village at Design Ch. 72.350 Km to Oorugonda village at Design Ch. 112.240 KmPackage-III,National Highways Authority of India [NHAI],618811,Telangana,National Highways Authority of India [NHAI],1183.71,1170.64,83.68,0.0,-1.1041555786467916,0.0,7.148226611084535,0,0,100,0,25.0,47.04205,33.81682014465332,MEDIUM,Low physical progress
591,Widening to four lane with paved shoulder from Design Km.49.200 to Km.89.285 of NH-731B on EPC mode in the state of Uttar Pradesh,MoRTH,618168,Uttar Pradesh,MoRTH,917.91,965.3,128.0,56.0,5.162815526576678,12.0,-42.73987361442039,25,50,40,0,32.5,35.69974,33.77989673614502,MEDIUM,Schedule delay above 6 months
592,Construction work of 4-laning of Shahganj bypass end to Badi Package-IV of NH-146B from design km 102.000 to design km 142.357 Design length 40.357 km,National Highways Authority of India [NHAI],618963,Madhya Pradesh,National Highways Authority of India [NHAI],784.14,836.64,317.58,42.83,6.695232994108196,0.0,-4.871021227768217,25,0,75,0,26.25,44.86188,33.694753646850586,MEDIUM,Low physical progress
593,"Modernization of Chennai Airport, Phase II, Part 2",611602,-,Tamil Nadu,Airport Authority of India [AAI],1207.0,1207.0,289.5,38.0,0.0,17.0,-14.014913007456505,0,75,75,0,41.25,22.224405,33.63976192474365,MEDIUM,Schedule delay above 6 months | Low physical progress
594,Widening to 2 lane with paved shoulder from Km. 103.225 Pattadakal to Km. 133.00 Shirur cross of NH-367 in the state of Karnataka on EPC Mode.Job No. NH-367-KNT- 2021-22-934,MoRTH,618030,Karnataka,MoRTH,264.14,264.14,3.58,0.0,0.0,31.0,1.355341864162944,0,100,100,0,55.0,1.4908227,33.59632909297943,MEDIUM,Schedule delay above 6 months | Low physical progress
595,SIDULI [OC & UG],ECL - CIL,400182,West Bengal,ECL - CIL,535.18,535.17,5.74,14.61,-0.0018685302141318,36.0,-13.537443616047236,0,100,100,0,55.0,1.4548721,33.58194887638092,MEDIUM,Schedule delay above 6 months | Low physical progress
596,6L of Varadharajula to Kumarajapet from km 0.000 to km 43.800 of NH-716B Pkg-I,National Highways Authority of India [NHAI],618771,"Multi-States
(Andhra Pradesh,
Tamil Nadu)",National Highways Authority of India [NHAI],1924.75,1887.38,947.66,99.19,-1.9415508507598336,16.0,-48.97965550127691,0,75,0,0,22.5,50.027805,33.51112174987793,MEDIUM,Schedule delay above 6 months
597,Itarsi Km. 63.000 to Betul Km. 137.000 of NH-69 in Madhya Pradesh,National Highways Authority of India [NHAI],618762,Madhya Pradesh,National Highways Authority of India [NHAI],950.27,788.33,397.17,100.0,-17.041472423626963,75.0,-49.61881445587508,0,100,0,0,30.0,38.703396,33.48135852813721,MEDIUM,Schedule delay above 6 months
598,Anandnagar - Ghugli via Maharajganj New line 52.7 km,Construction NER,617252,Uttar Pradesh,Construction NER,958.27,958.27,635.41,23.8,0.0,,42.50803427009089,0,50,100,75,51.25,6.4421988,33.32687950134277,MEDIUM,Low physical progress | Expenditure is significantly ahead of physical progress
599,"Improvement/construction of existing CL-5 Road to NH Intermediate lane specification with hard shoulder from Km 166.000 to 203.77 net Length 37.770 kms of NH-505 Sumdo-Kaza-Gramphoo road in the state of Himachal Pradesh on EPC mode under project Deepak, BRO",MoRTH,618215,Himachal Pradesh,MoRTH,274.36,194.0,0.0,22.26,-29.28998396267678,0.0,-22.26,0,0,100,0,25.0,45.737675,33.29507064819336,MEDIUM,Low physical progress
600,North Region Video Surveillance Project,RCIL,705298,PAN India,RCIL,274.39,274.39,0.0,48.0,0.0,,-48.0,0,50,75,0,33.75,32.604313,33.291725158691406,MEDIUM,Low physical progress
601,Modasa-Shamlaji Road Railway Line Project,Western Railway WR - II,706757,Gujarat,Western Railway WR - II,262.0,262.0,383.67,64.0,0.0,12.0,82.43893129770993,0,50,40,100,40.0,23.16471,33.265883445739746,MEDIUM,Schedule delay above 6 months | Expenditure is significantly ahead of physical progress | Expenditure exceeds revised project cost
602,BONJEMEHARI EXPANSION OCP,Eastern Coal Fields Limited [ECL],400180,West Bengal,Eastern Coal Fields Limited [ECL],570.11,570.11,88.78,17.1,0.0,48.0,-1.5275666099524656,0,100,100,0,55.0,0.65968955,33.2638758122921,MEDIUM,Schedule delay above 6 months | Low physical progress
603,"City Gas Distribution Project at Jammu, Udhampur, Reasi, Samba and Kathua Districts",MinistryofPetroleumNaturalGas,709773,"Jammu and
Kashmir",MinistryofPetroleumNaturalGas,538.0,538.0,4.32,0.6,0.0,30.0,0.2029739776951674,0,100,100,0,55.0,0.3254242,33.13016967475414,MEDIUM,Schedule delay above 6 months | Low physical progress
604,BINA KAKRI AMALGAMATION EXPANS,Northern Coalfields Limited [NCL],400369,"Multi-States
(Madhya Pradesh,
Uttar Pradesh)",Northern Coalfields Limited [NCL],836.42,836.42,835.34,89.9,0.0,36.0,9.970878266899405,0,100,0,0,30.0,37.562138,33.024855613708496,MEDIUM,Schedule delay above 6 months
605,Rayadurg-Tumkur via Kalyandurg New Line [207 km],South Western Railway [SWR] - II,705494,"Multi-States
(Andhra Pradesh,
Karnataka)",South Western Railway [SWR] - II,2496.0,2496.0,1898.7,72.0,0.0,149.0,4.069711538461533,0,100,40,0,40.0,22.311106,32.924442291259766,MEDIUM,Schedule delay above 6 months
606,Katni Grade Separator/Bye Pass,Indian Railway Construction International Limited [IRCON],705661,Madhya Pradesh,Indian Railway Construction International Limited [IRCON],1248.0,1248.0,1817.51,95.0,0.0,24.0,50.63381410256411,0,75,0,100,37.5,25.919134,32.86765384674072,MEDIUM,Schedule delay above 6 months | Expenditure is significantly ahead of physical progress | Expenditure exceeds revised project cost
607,Gosikhurd CADWM Project,Department of water resources-MH - II,400095,Maharashtra,Department of water resources-MH - II,743.73,743.73,459.06,53.93,0.0,78.0,7.794012746561251,0,100,40,0,40.0,22.115942,32.8463773727417,MEDIUM,Schedule delay above 6 months
608,DL/UP Border - EPE Crossing Pkg-02,National Highways Authority of India [NHAI],618710,Uttar Pradesh,National Highways Authority of India [NHAI],2002.79,1889.78,1732.92,100.0,-5.6426285331961905,30.0,-8.300437087914986,0,100,0,0,30.0,37.086304,32.83452129364014,MEDIUM,Schedule delay above 6 months
609,Trichy 135.800 to Karur 218.000 section of NH-67 - Trichy Bypass,National Highways Authority of India [NHAI],618743,Tamil Nadu,National Highways Authority of India [NHAI],876.88,360.88,66.59,100.0,-58.84499589453517,,-81.54788295278209,0,50,0,0,15.0,59.58108,32.83243370056152,MEDIUM,No major rule-based risk indicator detected
610,2.0 MTPA BHOJUDIH NLW WASHERY,Ministry of Coal,611016,West Bengal,Ministry of Coal,384.57,384.57,363.14,97.6,0.0,68.0,-3.172457549990895,0,100,0,0,30.0,37.04403,32.81761169433594,MEDIUM,Schedule delay above 6 months
611,Redevelopment of Chhatrapati Shivaji Maharaj Terminus [CSMT] and construction of associated infrastructure,Rail Land Development Authority,613015,Maharashtra,Rail Land Development Authority,1813.0,1813.0,833.84,23.0,0.0,,22.992277992278,0,50,100,75,51.25,5.0929146,32.78716588020325,MEDIUM,Low physical progress | Expenditure is significantly ahead of physical progress
612,TRANSMISSION SYSTEM FOR EVACUATION OF POWER FROM POTENTIAL RENEWABLE ENERGY ZONE IN KHAVDA AREA OF GUJARAT UNDER PHASE-V [8 GW] PART A [SPV Name POWERGRID West Central Transmission Limited],Power Grid Corporation of India Limited [POWERGRID],615347,"Multi-States
(Gujarat,
Maharashtra)",Power Grid Corporation of India Limited [POWERGRID],24819.0,24819.0,2481.9,9.67,0.0,,0.33,0,50,100,0,40.0,21.880974,32.752389907836914,MEDIUM,Low physical progress
613,Varanasi Ring Road Pkg-II connecting Sandaha Village km 11.70 / NH-29 with Revasa Village km 818.80 / NH-2,National Highways Authority of India [NHAI],618529,Uttar Pradesh,National Highways Authority of India [NHAI],1991.71,1832.66,1008.02,94.79,-7.98560031329862,56.0,-39.78688976678708,0,100,0,0,30.0,36.59053,32.63621234893799,MEDIUM,Schedule delay above 6 months
614,4L of Bal. works of Patna - Gaya -Dobhi Pkg-III from km. 83.00 to km. 127.217 of Old NH-83,National Highways Authority of India [NHAI],618916,Bihar,National Highways Authority of India [NHAI],1077.46,799.7,774.78,92.0,-25.779147253726354,30.0,4.883831436788796,0,100,0,0,30.0,36.534878,32.613951683044434,MEDIUM,Schedule delay above 6 months
615,Coach Production Factory Upgradation Project,CPM/ICF,705244,Tamil Nadu,CPM/ICF,520.0,520.0,192.25,0.0,0.0,,36.97115384615385,0,50,100,75,51.25,4.585875,32.58434998989105,MEDIUM,Low physical progress | Expenditure is significantly ahead of physical progress
616,Redevelopment of Santhal Field [Onshore-Mehsana Asset],Oil and Natural Gas Corporation Limited [ONGC],400167,Gujarat,Oil and Natural Gas Corporation Limited [ONGC],1162.56,1162.56,1152.51,95.9,0.0,9.0,3.2355284888521822,0,50,0,0,15.0,58.923275,32.56931114196777,MEDIUM,Schedule delay above 6 months
617,Bangalore Chennai Expressway Phase-III Package I Gudipala to Walajajhpet from Km 156.000 to Km 180.000,National Highways Authority of India [NHAI],618477,"Multi-States
(Andhra Pradesh,
Tamil Nadu)",National Highways Authority of India [NHAI],1481.87,1481.87,711.04,99.02,0.0,25.0,-51.03738344119254,0,100,0,0,30.0,36.381866,32.55274677276611,MEDIUM,Schedule delay above 6 months
618,Tunnel at Khambataki Ghat Section and its approaches from existing Km. 771.730 to existing Km. 782.000,National Highways Authority of India [NHAI],618512,Maharashtra,National Highways Authority of India [NHAI],907.03,816.12,538.76,87.27,-10.022821736877498,54.0,-21.255198255158547,0,100,0,0,30.0,36.26361,32.50544452667236,MEDIUM,Schedule delay above 6 months
619,6L Kantakapalle Sabbavaram Section of NH-130CD Road from Km 445.100 to Km 464.662 Pkg-4,National Highways Authority of India [NHAI],619112,Andhra Pradesh,National Highways Authority of India [NHAI],1012.57,1012.57,568.13,81.06,0.0,26.0,-24.952274114382227,0,100,0,0,30.0,36.09695,32.438780784606934,MEDIUM,Schedule delay above 6 months
620,6L of Aurangabad to Bihar-Jharkhand border Chordaha section from km. 209.827 to Km. 249.525 of NH-19 PKG-02,National Highways Authority of India [NHAI],618532,"Multi-States
(Bihar, Jharkhand)",National Highways Authority of India [NHAI],1822.46,738.11,605.5,97.92,-59.49924826882346,26.0,-15.886156805896135,0,100,0,0,30.0,36.05402,32.421607971191406,MEDIUM,Schedule delay above 6 months
621,"Rehabilitation and up-gradation of section to Intermediate/2-Lane with hard shoulder from Km 107.760 to Km 129.445 After Middle strait to Humphrey, Km 130.600 to Km 138.00 After Humphrey to Kadamtala & Km 155.00 to Km 181.0 End of Jarwa to Rangat of NH-04 in UT of A&N on EPC Package-IIIA",NHIDCL,619184,"Andaman &
Nicobar",NHIDCL,207.45,376.48,0.0,78.01,81.47987466859486,8.0,-78.01,100,50,0,0,45.0,13.515478,32.40619134902954,MEDIUM,Cost overrun above 10% | Schedule delay above 6 months
622,Patna Metro Rail Project,Patna Metro Rail Corporation Ltd. [PMRCL],702627,Bihar,Patna Metro Rail Corporation Ltd. [PMRCL],13365.77,13365.8,5197.09,50.0,0.000224453959621,40.0,-11.116506307142105,25,100,40,0,47.5,9.704234,32.381693601608276,MEDIUM,Schedule delay above 6 months
623,6L of Bhubaneswar - Jagatpur - Chandikhole Section of NH-16,National Highways Authority of India [NHAI],619075,Odisha,National Highways Authority of India [NHAI],639.3,632.89,52.23,97.48,-1.0026591584545548,143.0,-89.22738106147989,0,100,0,0,30.0,35.52735,32.21094036102295,MEDIUM,Schedule delay above 6 months
624,Omkareshwar CADWM Project,Water resource-mp,400096,Madhya Pradesh,Water resource-mp,648.09,648.09,208.06,49.78,0.0,90.0,-17.676434137234033,0,100,75,0,48.75,7.354214,32.19168567657471,MEDIUM,Schedule delay above 6 months | Low physical progress
625,Six Laning of Bihar - Jharkhand Border Chordaha - Gorhar section of NH-2 from km 249.525 to km 320.810,National Highways Authority of India [NHAI],619078,"Multi-States
(Bihar, Jharkhand)",National Highways Authority of India [NHAI],1772.7,1689.17,562.76,78.0,-4.7120212105827255,61.0,-44.684229532847496,0,100,0,0,30.0,35.466057,32.18642330169678,MEDIUM,Schedule delay above 6 months
626,Establishment of new GMC Rudrapur,"Medical Education, Ministry of Health and Family Welfare",707086,Uttarakhand,"Medical Education, Ministry of Health and Family Welfare",325.0,325.0,272.0,60.0,0.0,,23.692307692307693,0,50,40,75,36.25,25.974476,32.139790534973145,MEDIUM,Expenditure is significantly ahead of physical progress
627,Dahod Rolling Stock Workshop Provision of Infrastructure for CBS at,PCE/WR,611978,Gujarat,PCE/WR,158.0,158.0,51.87,10.0,0.0,,22.82911392405063,0,50,100,75,51.25,3.415425,32.116170048713684,MEDIUM,Low physical progress | Expenditure is significantly ahead of physical progress
628,DINESH[MAKARDHOKRA-III] OC,Western Coalfields Limited [WCL],400178,Maharashtra,Western Coalfields Limited [WCL],822.88,822.88,652.67,40.54,0.0,,38.775331518568926,0,50,75,75,45.0,12.774044,32.109617710113525,MEDIUM,Low physical progress | Expenditure is significantly ahead of physical progress
629,NER Provision of Automatic Block Signalling on Gorakhpur Cantt[Excl] Chhapra Gramin & Burhwal Jn [Excl] Sitapur Jn section of high density routes,North Eastern Railway [NER],611669,"Multi-States
(Bihar, Uttar
Pradesh)",North Eastern Railway [NER],380.47,380.47,256.53,20.0,0.0,12.0,47.42450127473913,0,50,100,75,51.25,3.3737447,32.09949791431427,MEDIUM,Schedule delay above 6 months | Low physical progress | Expenditure is significantly ahead of physical progress
630,Bhandai - Flyover for Etawah bound down train- 10 Km,North Central Railway [NCR] - II,705777,Uttar Pradesh,North Central Railway [NCR] - II,250.18,250.18,139.49,9.0,0.0,12.0,46.75585578383564,0,50,100,75,51.25,3.3239694,32.07958781719208,MEDIUM,Schedule delay above 6 months | Low physical progress | Expenditure is significantly ahead of physical progress
631,Doubling between Mudkhed Medchal & Mahbubnagar Dhone section 417.88 Km,South Central Railway [SCR] - II,617212,"Multi-States
(Andhra Pradesh,
Maharashtra,
Telangana)",South Central Railway [SCR] - II,4686.09,4686.09,1938.02,2.08,0.0,,39.27686681220378,0,50,100,75,51.25,3.187071,32.02482843399048,MEDIUM,Low physical progress | Expenditure is significantly ahead of physical progress
632,Poondiyankuppam Km.67.000 to Sattanathapuram Km.123.800,National Highways Authority of India [NHAI],618846,Tamil Nadu,National Highways Authority of India [NHAI],2565.63,2319.35,1084.43,99.8,-9.599201755514247,29.0,-53.04422790868131,0,100,0,0,30.0,35.01289,32.00515651702881,MEDIUM,Schedule delay above 6 months
633,4L of Najibabad Bypass from Km. 105.423 to Km. 118.373 excluding 2.45 Km. of NH- 74 Bypass of NH-119,National Highways Authority of India [NHAI],619162,Uttar Pradesh,National Highways Authority of India [NHAI],578.02,566.9,438.87,100.0,-1.9238088647451657,23.0,-22.584230022931735,0,75,0,0,22.5,46.25883,32.00353240966797,MEDIUM,Schedule delay above 6 months
634,Upgradation and reconstruction of Shahpura-Dindori Section of NH 45 from Km 103.700 Design to Km 164.580 Design including 3 bypasses Total length 60.88km to Two lane with paved shoulder configuration along with One time improvement in 03 nos of bypassed built-up areas in a total length of 12.341 km in the State of Madhya Pradesh on EPC mode,MoRTH,617914,Madhya Pradesh,MoRTH,241.23,250.09,0.0,29.09,3.672843344525977,18.0,-29.09,25,75,75,0,48.75,6.8473806,31.98895239830017,MEDIUM,Schedule delay above 6 months | Low physical progress
635,Redevelopment of Sobhasan Complex,Oil and Natural Gas Corporation Limited [ONGC],400087,Gujarat,Oil and Natural Gas Corporation Limited [ONGC],885.63,1347.61,990.06,87.5,52.163996251256165,0.0,-14.032156929675494,100,0,0,0,30.0,34.961746,31.98469829559326,MEDIUM,Cost overrun above 10%
636,Nangal Dam-Talwara New Broad Gauge Line [84 KM] and Taking Over Siding Mukerian-Talwara [29 KM],Northen Railway [NR],705410,"Multi-States
(Himachal
Pradesh, Punjab)",Northen Railway [NR],2018.0,2018.0,2384.29,84.0,0.0,24.0,34.15113974231912,0,75,0,75,33.75,29.335503,31.984201431274414,MEDIUM,Schedule delay above 6 months | Expenditure is significantly ahead of physical progress | Expenditure exceeds revised project cost
637,2L NH-1 from km 8.660 to km 33.775 Sumbal to Wayul to 4L dual carriageway NH standard as part of Srinagar Ring Road PhaseII [Design Ch. 41.907 to Ch. 66.609],National Highways Authority of India [NHAI],618547,"Jammu and
Kashmir",National Highways Authority of India [NHAI],961.0,643.64,412.37,48.8,-33.02393340270552,10.0,15.268423342241007,0,50,75,40,39.75,20.310257,31.97410259246826,MEDIUM,Schedule delay above 6 months | Low physical progress
638,4L Behsuma at Km 39.250 Ex. Km 39240 To Bijnor at Km 78.810 Ex. Km 86590 Design Length 39.560 Km of NH-119 Pkg-II,National Highways Authority of India [NHAI],618923,Uttar Pradesh,National Highways Authority of India [NHAI],2158.2,2553.12,694.43,65.21,18.29858215179317,0.0,-38.010730087109096,50,0,40,0,25.0,42.399536,31.959814071655273,MEDIUM,Cost overrun above 10%
639,Construction of ROB and its approaches in lieu of LC No. 10/B/T at Km 307.050 of NH-60.,MoRTH,617931,West Bengal,MoRTH,155.87,138.57,0.0,15.7,-11.098992750368904,19.0,-15.7,0,75,100,0,47.5,8.538693,31.915477514266968,MEDIUM,Schedule delay above 6 months | Low physical progress
640,4L of twin tube tunnel configuration including approaches from Marog to Digdol from Km.154.210 to Km.158.650 North Bound and from Km.155.940 to Km.160.260 South Bound of Ramban to Banihal Pkg-I of Old NH-1A New NH-44,National Highways Authority of India [NHAI],618543,"Jammu and
Kashmir",National Highways Authority of India [NHAI],1912.17,1034.3,357.42,27.0,-45.90962100650047,28.0,7.556705017886493,0,100,75,0,48.75,6.6430345,31.907213926315308,MEDIUM,Schedule delay above 6 months | Low physical progress
641,Widening and Up-gradation to 2-Lane with Paved Shoulder of configuration and geometric improvement from Km 0.000 to Km 16.990 on Chenani Sudhmahadev section of NH-244 in UT of Jammu and Kashmir to be executed on EPC basis,NHIDCL,618397,"Jammu and
Kashmir",NHIDCL,255.9,255.9,0.0,0.0,0.0,15.0,0.0,0,75,100,0,47.5,8.411672,31.864668607711792,MEDIUM,Schedule delay above 6 months | Low physical progress
642,"Construction of 2-lane with Paved shoulder of Kohima- Bypass Road Connecting NH- 39New NH-02, NH-150New NH-02, NH-61New NH-29, NH-39New NH-02 from Design Km 32.00 to Design Km 43.454Design Length-11.454 Km in the State of Nagaland under SARDP-NE on EPC Mode Package-IV",NHIDCL,618290,Nagaland,NHIDCL,202.36,202.36,94.2,45.52,0.0,56.0,1.0307017197074444,0,100,75,0,48.75,6.4856744,31.84426975250244,MEDIUM,Schedule delay above 6 months | Low physical progress
643,Augmentation/Revamping of Facilities at existing Guwahati Terminal at Betkuchi,MinistryofPetroleumNaturalGas,709776,Assam,MinistryofPetroleumNaturalGas,277.0,323.09,226.36,81.2,16.63898916967508,0.0,-11.13902627750781,50,0,0,0,15.0,56.946236,31.778493881225586,MEDIUM,Cost overrun above 10%
644,Deogarh near Dhandhaniya-Rajasthan/Gujarat Border Phase-I AJ/DRGB-Package-7,National Highways Authority of India [NHAI],618613,Rajasthan,National Highways Authority of India [NHAI],662.08,597.77,508.83,99.2,-9.713327694538432,34.0,-14.078632249861997,0,100,0,0,30.0,34.28332,31.71332836151123,MEDIUM,Schedule delay above 6 months
645,Redevelopment of Chennai Egmore Station,Ministry of Railways,613002,Tamil Nadu,Ministry of Railways,842.0,842.0,340.0,0.0,0.0,,40.38004750593824,0,50,100,75,51.25,2.1734886,31.619395434856415,MEDIUM,Low physical progress | Expenditure is significantly ahead of physical progress
646,Jigaon Irrigation Project,Department of water resources-MH - II,400112,Maharashtra,Department of water resources-MH - II,7222.95,7222.95,10516.63,92.0,0.0,,53.600204902429056,0,50,0,100,30.0,33.977104,31.590842247009277,MEDIUM,Expenditure is significantly ahead of physical progress | Expenditure exceeds revised project cost
647,6L from Sankeshwar Bypass to MH-KNT Border from Km. 555.017 to Km. 592.853 of NH-48 Pkg-II,National Highways Authority of India [NHAI],618516,"Multi-States
(Karnataka,
Maharashtra)",National Highways Authority of India [NHAI],1388.7,1066.86,1130.54,83.5,-23.175631885936497,19.0,22.46891813358829,0,75,0,75,33.75,28.184319,31.523727416992188,MEDIUM,Schedule delay above 6 months | Expenditure is significantly ahead of physical progress | Expenditure exceeds revised project cost
648,Jarapada- Budhapank with flyover at Talcher road 3rd and 4th Line,East Coast Railway [ECoR] - II,705514,Odisha,East Coast Railway [ECoR] - II,1000.0,810.02,455.8,59.0,-18.998,112.0,-2.729784449766676,0,100,40,0,40.0,18.588747,31.43549871444702,MEDIUM,Schedule delay above 6 months
649,CHANDRAGUPT OCP,Ministry of Coal,400138,Jharkhand,Ministry of Coal,973.5,973.5,440.75,24.86,0.0,,20.41478171545968,0,50,100,75,51.25,1.6871611,31.42486447095871,MEDIUM,Low physical progress | Expenditure is significantly ahead of physical progress
650,Construction of New Double Tier 4L Elevated Corridor from Chennai Port to Maduravoyal in Chennai District from km -0.342 to Km 20.593 and Package III from Km 9.700 to Km 14.185,National Highways Authority of India [NHAI],619139,Tamil Nadu,National Highways Authority of India [NHAI],1299.36,1299.36,146.74,16.88,0.0,18.0,-5.586747937446125,0,75,100,0,47.5,7.190221,31.3760883808136,MEDIUM,Schedule delay above 6 months | Low physical progress
651,"Raghunathpur Thermal Power Station Phase II [2X660 MW] at Raghunathpur, Purulia, West Bengal",Damodar Valley Corporation,400062,West Bengal,Damodar Valley Corporation,17673.0,17673.0,1950.25,9.4,0.0,,1.6351949301193898,0,50,100,0,40.0,18.320272,31.32810926437378,MEDIUM,Low physical progress
652,EPR PUNDI OCP,Ministry of Coal,400154,Jharkhand,Ministry of Coal,713.35,713.35,236.58,10.19,0.0,,22.974645685848465,0,50,100,75,51.25,1.4282525,31.321300983428955,MEDIUM,Low physical progress | Expenditure is significantly ahead of physical progress
653,Widening to 6L of Existing 4L Jetpur - Gondal - Rajkot Section from Km. 117.600 to Km. 185.00 on NH-27,National Highways Authority of India [NHAI],619087,Gujarat,National Highways Authority of India [NHAI],2070.44,1390.29,914.03,69.66,-32.85050520662275,16.0,-3.916162383387629,0,75,40,0,32.5,29.248222,31.199289321899414,MEDIUM,Schedule delay above 6 months
654,Doubling between Parbhani Parli Vaijanath stations 64.71 Km,South Central Railway [SCR] - II,617215,Maharashtra,South Central Railway [SCR] - II,769.93,769.93,197.06,0.19,0.0,,25.40453456807762,0,50,100,75,51.25,1.0960166,31.188406676054,MEDIUM,Low physical progress | Expenditure is significantly ahead of physical progress
655,Balance work of 4L of Nauradehi Sanctuary de-scoped stretch of Hiran River to Sindoor River from Km. 66.00 to 130.00 NH-12 New NH-45,National Highways Authority of India [NHAI],618701,Madhya Pradesh,National Highways Authority of India [NHAI],178.18,153.15,142.2,57.14,-14.047592322370637,9.0,35.710146914789405,0,50,40,75,36.25,23.585169,31.184067726135254,MEDIUM,Schedule delay above 6 months | Expenditure is significantly ahead of physical progress
656,Kallagam km.38.700 to Meensurutti Km.98.433 of NH-227 in Tamil Nadu,National Highways Authority of India [NHAI],618899,Tamil Nadu,National Highways Authority of India [NHAI],1499.12,1499.12,682.68,100.0,0.0,61.0,-54.461283953252575,0,100,0,0,30.0,32.752094,31.10083770751953,MEDIUM,Schedule delay above 6 months
657,Construction of New Double Tier 4L Elevated Corridor from Chennai Port to Maduravoyal in Chennai District from km -0.342 to Km 20.593 and Package II from Km 4.604 to Km 9.700,National Highways Authority of India [NHAI],618800,Tamil Nadu,National Highways Authority of India [NHAI],1616.97,1616.97,185.63,17.54,0.0,18.0,-6.059885959541612,0,75,100,0,47.5,6.222998,30.98919939994812,MEDIUM,Schedule delay above 6 months | Low physical progress
658,BLOCK B EXPANSION [3.5 TO 8.0,Northern Coalfields Limited [NCL],400162,Madhya Pradesh,Northern Coalfields Limited [NCL],998.71,998.71,518.17,50.0,0.0,48.0,1.88393027004836,0,100,40,0,40.0,17.310469,30.924187660217285,MEDIUM,Schedule delay above 6 months
659,TIRAP OCP,MIS MoCoal Integration Logins,615821,Assam,MIS MoCoal Integration Logins,289.46,289.46,105.61,3.26,0.0,,33.22517929938506,0,50,100,75,51.25,0.43495953,30.923983812332153,MEDIUM,Low physical progress | Expenditure is significantly ahead of physical progress
660,3rd Line between Gudur Renigunta 83.17 Km,South Central Railway [SCR] - II,617216,Andhra Pradesh,South Central Railway [SCR] - II,877.34,877.34,205.35,0.16,0.0,,23.24597715822828,0,50,100,75,51.25,0.34473765,30.887895062565804,MEDIUM,Low physical progress | Expenditure is significantly ahead of physical progress
661,Rehabilitation and upgradation to 2 Lane with Paved shoulder of Economic corridor of NH-6 from Design chaiange Km 0.000 to Km 13.510 Package-1 in the state of Mizoram under Bharatmala Pariyojana on EPC mode,NHIDCL,618342,Mizoram,NHIDCL,206.9,206.9,0.0,0.0,0.0,24.0,0.0,0,75,100,0,47.5,5.8714585,30.848583459854126,MEDIUM,Schedule delay above 6 months | Low physical progress
662,6L Bridge and its approaches across River Ganga as Part of Patna Ring Road NH- 131G starting from Km 8.480 near Sherpur to Km 23.000 near Dighwara,National Highways Authority of India [NHAI],618738,Bihar,National Highways Authority of India [NHAI],6291.69,3351.62,581.87,19.02,-46.7294161028277,18.0,-1.659141668804935,0,75,100,0,47.5,5.7645593,30.805823802947998,MEDIUM,Schedule delay above 6 months | Low physical progress
663,Bagalkot-Kudachi New Railway Line [142 km],South Western Railway [SWR] - II,705495,Karnataka,South Western Railway [SWR] - II,1378.0,1649.0,797.87,36.0,19.666182873730044,-2.0,12.385081867798668,50,0,75,40,39.75,17.062637,30.675055122375486,MEDIUM,Cost overrun above 10% | Low physical progress
664,4L of Sagar - Mohari from Km.8 to Km.50 Pkg-I,National Highways Authority of India [NHAI],618665,Madhya Pradesh,National Highways Authority of India [NHAI],790.78,660.38,454.77,98.64,-16.490047800905433,25.0,-29.775104031012447,0,100,0,0,30.0,31.64877,30.659507751464844,MEDIUM,Schedule delay above 6 months
665,Bangalore Chennai Expressway Phase-II Pkg-III from km.127.000 to Km 156.000 Bangarupalem to Gudipala section,National Highways Authority of India [NHAI],618476,Andhra Pradesh,National Highways Authority of India [NHAI],1407.33,1407.33,689.49,99.46,0.0,19.0,-50.46722645008632,0,75,0,0,22.5,42.73141,30.592565536499023,MEDIUM,Schedule delay above 6 months
666,"Ratle HE Project - 850 MW, Ratle Hydroelectric Power Corporation Limited.",National Hydroelectric Power Corporation Limited [NHPC],602535,"Jammu and
Kashmir",National Hydroelectric Power Corporation Limited [NHPC],5281.94,5281.94,1566.39,29.85,0.0,33.0,-0.1944189066895845,0,100,75,0,48.75,3.246095,30.5484379529953,MEDIUM,Schedule delay above 6 months | Low physical progress
667,"Development of Dholera International Greenfield Airport , Gujarat",701126,N04000099,Gujarat,Airport Authority of India [AAI],1305.0,1551.0,896.82,82.0,18.850574712643677,0.0,-24.17794970986461,50,0,0,0,15.0,53.84466,30.537864685058594,MEDIUM,Cost overrun above 10%
668,Bangalore Chennai Expressway Phase-III Package III Arakkonam to Kancheepuram from Km 204.500 to Km 230.000,National Highways Authority of India [NHAI],618479,Tamil Nadu,National Highways Authority of India [NHAI],1525.1,1525.1,360.29,53.56,0.0,38.0,-29.93597534587896,0,100,40,0,40.0,15.99969,30.3998761177063,MEDIUM,Schedule delay above 6 months
669,Viluppuram Km.0.000 to Puducherry Km.29.000,National Highways Authority of India [NHAI],618844,"Multi-States
(Puducherry, Tamil
Nadu)",National Highways Authority of India [NHAI],1358.31,1162.44,524.82,98.32,-14.420125008282344,31.0,-53.1718633219779,0,100,0,0,30.0,30.972872,30.389148712158203,MEDIUM,Schedule delay above 6 months
670,4L of Bal. works of Patna - Gaya -Dobhi Pkg-II from km. 39.00 to km. 83.00 of Old NH- 83,National Highways Authority of India [NHAI],618915,Bihar,National Highways Authority of India [NHAI],1637.29,777.2,728.91,89.01,-52.53131699332433,30.0,4.776670097786919,0,100,0,0,30.0,30.762486,30.304994583129883,MEDIUM,Schedule delay above 6 months
671,Delhi Amritsar Katra Expressway Phase-II Pkg XVIII Development and Upgradation of Four lane Access Control Expressway from Design Chainage KM 530.00 to KM 545.300 Sidhra to Domel Section of NH-44,National Highways Authority of India [NHAI],618497,"Jammu and
Kashmir",National Highways Authority of India [NHAI],975.38,975.38,564.21,62.41,0.0,16.0,-4.564852467756154,0,75,40,0,32.5,26.959955,30.283982276916504,MEDIUM,Schedule delay above 6 months
672,Morna [Gureghar] Irrigation Project,"Department of Water Resources, River Development & GR",701395,Uttar Pradesh,"Department of Water Resources, River Development & GR",219.9,219.9,115.2,31.5,0.0,,20.887448840381992,0,50,75,75,45.0,8.2060795,30.282431840896606,MEDIUM,Low physical progress | Expenditure is significantly ahead of physical progress
673,"Singrauli Super Thermal Power Project, Stage-III [2x800 MW]",National Thermal Power Corporation [NTPC],612142,Uttar Pradesh,National Thermal Power Corporation [NTPC],17195.0,17195.0,3306.21,19.8,0.0,,-0.572259377726084,0,50,100,0,40.0,15.6627,30.265079975128174,MEDIUM,Low physical progress
674,4/6L of Bangalore - Pune Section of bypass connecting Dharwad - Hubli from km. 403.80 to km. 433.20,National Highways Authority of India [NHAI],618517,Karnataka,National Highways Authority of India [NHAI],1135.39,763.36,732.44,82.89,-32.7667145210016,14.0,13.059486480821633,0,75,0,40,28.5,32.864883,30.24595317840576,MEDIUM,Schedule delay above 6 months
675,Construction of four lane highway with paved shoulder from Km.74.700 to Km.112.950 of NH-731A i/c Yamuna Bridge on HAM in the state of Uttar Pradesh.,MoRTH,618164,Uttar Pradesh,MoRTH,1141.67,1157.31,0.0,85.0,1.3699230075240545,0.0,-85.0,25,0,0,0,7.5,64.346985,30.238794326782227,MEDIUM,No major rule-based risk indicator detected
676,"4L twin tube tunnel including approaches from Digdol to Khuni Nallah North Bound connecting with existing major bridge on NB and South Bound connecting with Tunnel T4 ,Single tube tunnel of Ramban to Banihal Pkg-II of Old NH-1A New NH-44",National Highways Authority of India [NHAI],618544,"Jammu and
Kashmir",National Highways Authority of India [NHAI],1401.87,1020.99,989.45,87.1,-27.169423698345778,26.0,9.810841438211938,0,100,0,0,30.0,30.462795,30.185118675231934,MEDIUM,Schedule delay above 6 months
677,6L of MH/KN Border Nimbal Village to KN/TS Border Singnodi Village from Km. 26.000 to Km. 97.000 in Gulbarga of NH-150C Pkg-II,National Highways Authority of India [NHAI],618630,Karnataka,National Highways Authority of India [NHAI],2355.56,1923.3,868.81,76.12,-18.350625753536313,17.0,-30.947120054073736,0,75,0,0,22.5,41.579117,30.13164710998535,MEDIUM,Schedule delay above 6 months
678,Delhi-Amritsar-Katra Expressway Phase-I Spur-I from Jn. with Kapurthala - Sultanpur Lodhi Road NH-703A near Isharwal village to Jn. with Kapurthala - Tarn Taran road NH-703AA near Goinwal Sahib [Km 24000 to Km 41000 of Amritsar connectivity],National Highways Authority of India [NHAI],618493,Punjab,National Highways Authority of India [NHAI],2165.23,1519.6,396.24,31.77,-29.81807937263016,23.0,-5.694717030797577,0,75,75,0,41.25,13.358005,30.093202114105225,MEDIUM,Schedule delay above 6 months | Low physical progress
679,Construction of New Double Tier 4-lane Elevated Corridor from Chennai Port to Maduravoyal in Chennai District from Km -0342 to Km 20223 Package 1 from Km - 0342 to Km 4604,National Highways Authority of India [NHAI],618801,Tamil Nadu,National Highways Authority of India [NHAI],1388.59,1388.59,200.25,21.93,0.0,18.0,-7.5088965785437,0,75,100,0,47.5,3.9384506,30.075380206108093,MEDIUM,Schedule delay above 6 months | Low physical progress
680,6L access controlled Greenfield highway of Junction of EPE Vill.-Mavikalan to Vill.- Lohadda from Km. 0.000 to Km. 27.000 Pkg-1,National Highways Authority of India [NHAI],619168,Uttar Pradesh,National Highways Authority of India [NHAI],1602.48,1497.94,1215.04,99.11,-6.523638360541159,20.0,-17.99593668638265,0,75,0,0,22.5,41.40164,30.060657501220703,MEDIUM,Schedule delay above 6 months
681,4L from km 196.87 Sankha to km 219.6 Khajuri on NH-75 [Rehla / Garhwa Bypass],National Highways Authority of India [NHAI],618829,Jharkhand,National Highways Authority of India [NHAI],1129.48,1129.48,527.11,93.45,0.0,,-46.78162163119312,0,50,0,0,15.0,52.608578,30.043432235717773,MEDIUM,No major rule-based risk indicator detected
682,6L of Pondavakkam to Kannigaipair from km 96.040 to km 116.100 of NH 716B Pkg- IV,National Highways Authority of India [NHAI],618635,Tamil Nadu,National Highways Authority of India [NHAI],1359.81,1359.81,335.27,37.44,0.0,22.0,-12.784349578249902,0,75,75,0,41.25,13.115184,29.996073722839355,LOW,Schedule delay above 6 months | Low physical progress
683,Khurda Road - Balangir Electrification of Railway Track Project,Ministry of Railways,706898,Odisha,Ministry of Railways,267.61,267.61,0.0,0.0,0.0,,0.0,0,50,100,0,40.0,14.979754,29.991901874542236,LOW,Low physical progress
684,Widening and strengthening of existing 2-lane to 2- lane with paved shoulders from km 159/0 to 165/4 and 186/0 to 215/0 of NH-163 on EPC mode int the state of Telangana,MoRTH,617982,Telangana,MoRTH,230.03,230.03,0.0,0.0,0.0,13.0,0.0,0,75,100,0,47.5,3.530621,29.912248492240906,LOW,Schedule delay above 6 months | Low physical progress
685,Akkalkot MH/KN border New Greenfield corridor from Km 512.000 to Km 548.400 of NH-150C part of Akkalkot KN/TS Border section Package XIV,National Highways Authority of India [NHAI],618636,"Multi-States
(Karnataka,
Maharashtra)",National Highways Authority of India [NHAI],1370.75,1403.49,275.76,47.0,2.3884734634324283,8.0,-27.35183720582263,25,50,75,0,41.25,12.895306,29.908122539520264,LOW,Schedule delay above 6 months | Low physical progress
686,4L Access Controlled Greenfield Highway section on NH-163G Khammam Vijayawada from Remidicherla village at Design Ch. 280.200 Km to Jakkampudi village on NH-16 at Design Ch. 309.909 Km Package-III,National Highways Authority of India [NHAI],618818,"Multi-States
(Andhra Pradesh,
Telangana)",National Highways Authority of India [NHAI],1183.23,1225.14,1.28,2.8,3.541999442204819,7.0,-2.695522144407986,25,50,100,0,47.5,3.2652724,29.806108951568604,LOW,Schedule delay above 6 months | Low physical progress
687,MOHANPUR EXPANSION OC -PHASE I,Eastern Coal Fields Limited [ECL],400173,West Bengal,Eastern Coal Fields Limited [ECL],888.99,888.99,142.55,31.52,0.0,48.0,-15.48494898705272,0,100,75,0,48.75,1.2121334,29.734853357076645,LOW,Schedule delay above 6 months | Low physical progress
688,Rehabilitation & Upgradation of existing road to 2-lane with paved shoulder including geometric improvement of section from start of Rabangla km33.600 to km58.840 under SARDP-NE Phase A Pkg- IV,NHIDCL,618450,Sikkim,NHIDCL,292.8,292.8,1.91,65.1,0.0,49.0,-64.4476775956284,0,100,40,0,40.0,14.333004,29.733201503753662,LOW,Schedule delay above 6 months
689,"Koderma Thermal Power Station Phase II [2X800 MW] At Koderma, Jharkhand",Damodar Valley Corporation,611509,Jharkhand,Damodar Valley Corporation,14358.0,14358.0,1890.03,11.0,0.0,,2.1636021730045965,0,50,100,0,40.0,14.278028,29.71121120452881,LOW,Low physical progress
690,"Additional works 2VUPs, MR-10 junction flyover and underpass in Six lane Indore- Dewas section of NH-52 in the state of Madhya Pradesh on EPC Mode",National Highways Authority of India [NHAI],618620,Madhya Pradesh,National Highways Authority of India [NHAI],207.77,211.27,122.83,76.77,1.68455503681956,29.0,-18.63112557391016,25,100,0,0,37.5,17.803167,29.621266841888428,LOW,Schedule delay above 6 months
691,Jawahar Khani Open Cast Mine,Singareni Collieries Company Limited [SCCL],615818,Telangana,Singareni Collieries Company Limited [SCCL],297.88,297.88,47.48,20.0,0.0,24.0,-4.060695582113604,0,75,100,0,47.5,2.6107602,29.544304132461548,LOW,Schedule delay above 6 months | Low physical progress
692,4L of Channarayapatna Bypass and Hassan Bypass with structures in Devihalli - Hassan section,National Highways Authority of India [NHAI],619214,Karnataka,National Highways Authority of India [NHAI],688.0,684.54,586.06,82.34,-0.5029069767441914,41.0,3.2736967890846387,0,100,0,0,30.0,28.854073,29.54162883758545,LOW,Schedule delay above 6 months
693,Rehabilitation and Upgradation to 2-lane configuration of Kalwahn-Mandi Section km 208.950 to 250.592 of NH-70 in the State of Himachal Pradesh under Green National Highways Corridor Project GNHCP with the loan assistance of World Bank on EPC mode.Package-3,MoRTH,618230,Himachal Pradesh,MoRTH,314.32,314.32,0.0,67.92,0.0,20.0,-67.92,0,75,40,0,32.5,25.094604,29.537841796875,LOW,Schedule delay above 6 months
694,Rehabilitation and Up-gradation to 4L configuration & Strengthening of Thanpuri to Paror section from Km 85.135 to Km 100.840 of NH-154 Pkg-IIC,National Highways Authority of India [NHAI],618880,Himachal Pradesh,National Highways Authority of India [NHAI],815.68,666.79,200.36,51.56,-18.25348175755198,16.0,-21.511558961592105,0,75,40,0,32.5,25.056967,29.52278709411621,LOW,Schedule delay above 6 months
695,"Improvement & Up-gradation of NH-734 Section of Moradabad-Thakurdwara Kashipur including Moradabad & Kashipur Bypasse Package-III Kashipur Bypass Length 14.490 Km., Starts from Ch. 38770 and ends at Ch. 53260 existing Ch. 05560",National Highways Authority of India [NHAI],618928,"Multi-States (Uttar
Pradesh,
Uttarakhand)",National Highways Authority of India [NHAI],936.12,717.5,332.92,44.14,-23.353843524334486,15.0,2.260000000000005,0,75,75,0,41.25,11.914989,29.515995979309082,LOW,Schedule delay above 6 months | Low physical progress
696,Delhi-Vadodara Greenfield Alignment NH-148N Pkg-10 Ch. 292.950 to Ch. 319.400 [End of Interchange on NH-166 near village Mui to Hardeoganj village near Indergarh],National Highways Authority of India [NHAI],618457,Rajasthan,National Highways Authority of India [NHAI],1272.97,1265.16,1091.66,95.25,-0.6135258489987938,38.0,-8.963680483100958,0,100,0,0,30.0,28.713194,29.485278129577637,LOW,Schedule delay above 6 months
697,Construction of 2-Lane with paved shoulder of Kohima-Bypass Road connecting New NH-02 and New NH-29 from Design Km 10.500 to design Km 21.000 [Design Length- 10.500 km] including TUNNEL of 500m at Ch. 11.000 in the state of Nagaland Under SARDP-NE on EPC Mode Package-2,NHIDCL,618292,Nagaland,NHIDCL,277.44,277.44,192.45,69.82,0.0,44.0,-0.4536505190311288,0,100,40,0,40.0,13.611863,29.444745540618896,LOW,Schedule delay above 6 months
698,SUBHADRA OCP,Mahanadi Coalfields Limited [MCL],400165,Odisha,Mahanadi Coalfields Limited [MCL],1693.81,1693.81,1329.14,45.57,0.0,,32.90043056777325,0,50,75,75,45.0,6.0166183,29.406647443771362,LOW,Low physical progress | Expenditure is significantly ahead of physical progress
699,"Widening/Improvement to 2 Lane with earthen shoulder of Jessami to Laynen bridge Nagaland border section of NH-29 of Imphal -Ukhrul - Jessami Economic Corridor from km 0.000 to km 11.009 in the State of Manipur on EPC mode under Bharatmala Pariyojana, under NHO-NE Package-7",NHIDCL,618304,Manipur,NHIDCL,164.89,164.89,125.76,23.56,0.0,4.0,52.70902783673965,0,25,100,100,47.5,2.112234,29.344893634319305,LOW,Low physical progress | Expenditure is significantly ahead of physical progress
700,Kashedi to Parshuram Ghat section of NH-66 from Km 161/600 - Km 205/400 - 4L PS,MoRTH,617946,Maharashtra,MoRTH,1142.62,1142.62,0.0,97.5,0.0,70.0,-97.5,0,100,0,0,30.0,28.347189,29.338875770568848,LOW,Schedule delay above 6 months
701,4L of Haridwar Nagina section Design Ch. LME from km 13.829 to km 17.110 & km 26.077 to km 27.508 and Design Ch. RME from km 13.839 to km 17.120 & km 26.078 to km 27.509 of EUP mitigation measures on NH74,National Highways Authority of India [NHAI],618875,Uttarakhand,National Highways Authority of India [NHAI],183.92,142.11,102.18,70.42,-22.732709873858187,28.0,1.482047709520785,0,100,40,0,40.0,13.285366,29.314146518707275,LOW,Schedule delay above 6 months
702,Corridor Efficiency Improvement including removal of black spots in Lakhanpur - Samba section of NH-44 from Chainage Km. 16.300 to Km. 74.100,National Highways Authority of India [NHAI],618550,"Jammu and
Kashmir",National Highways Authority of India [NHAI],855.74,215.68,197.46,74.63,-74.79608292238295,27.0,16.922299703264102,0,100,40,40,46.0,4.1466594,29.258663749694822,LOW,Schedule delay above 6 months
703,"Construction of Bypass to Madurai Achambathu Viratipathu in between km 6/850 10/382 of NH 49 Extn New NH 85 including Land Acquisition on Engineering, Procurement & Construction EPC basis Contract under NH O Annual Plan 2021-22 in the state of Tamil Nadu job No.NH-49 Extn New NH 85 - TN-2021-22-997",MoRTH,617962,Tamil Nadu,MoRTH,238.97,260.07,119.33,93.0,8.82956019584048,0.0,-47.116199484754105,25,0,0,0,7.5,61.705666,29.182266235351562,LOW,No major rule-based risk indicator detected
704,Dillai to Lahorijan Package-7,NHIDCL,618325,Assam,NHIDCL,204.1,204.1,0.0,0.0,0.0,17.0,0.0,0,75,100,0,47.5,1.6489668,29.15958672761917,LOW,Schedule delay above 6 months | Low physical progress
705,Parasnath-Madhuban-Giridih new line,East Central Railway [ECR] - I,705747,Jharkhand,East Central Railway [ECR] - I,902.86,902.86,0.0,0.1,0.0,24.0,-0.1,0,75,100,0,47.5,1.5909811,29.1363924741745,LOW,Schedule delay above 6 months | Low physical progress
706,Belakeri Port to Kumta - Sirsi road from km 0.00 - km 4.265 of Belekeri Port Road Link Rd. and km 4.965 - km 60.00 of SH-69,National Highways Authority of India [NHAI],618799,Karnataka,National Highways Authority of India [NHAI],456.79,456.79,436.72,91.65,0.0,42.0,3.956296109809756,0,100,0,0,30.0,27.735743,29.094297409057617,LOW,Schedule delay above 6 months
707,Thuravoor Thekku-Paravoor,National Highways Authority of India [NHAI],618605,Kerala,National Highways Authority of India [NHAI],2878.97,2638.67,2120.87,78.28,-8.346735117073111,27.0,2.0964775436109733,0,100,0,0,30.0,27.709991,29.083996772766113,LOW,Schedule delay above 6 months
708,Jammu-Akhnoor Road Pkg-I,NHIDCL,618407,"Jammu and
Kashmir",NHIDCL,245.3,245.3,82.06,68.07,0.0,17.0,-34.617085201793714,0,75,40,0,32.5,23.95065,29.080260276794434,LOW,Schedule delay above 6 months
709,"Construction of 100 Bedded ESI Hospital at Duburi, Odisha.",Employee's State Insurance Company [ESIC],612513,Odisha,Employee's State Insurance Company [ESIC],164.6,164.6,16.4,7.2,0.0,,2.7635479951397324,0,50,100,0,40.0,12.6083555,29.043342113494873,LOW,Low physical progress
710,Development of Jharia CBM Block [Phase-1],Oil and Natural Gas Corporation Limited [ONGC],610984,Jharkhand,Oil and Natural Gas Corporation Limited [ONGC],431.0,431.0,261.97,65.3,0.0,28.0,-4.518097447795817,0,100,40,0,40.0,12.537331,29.01493215560913,LOW,Schedule delay above 6 months
711,Belgaum-Dharwad via Kittur [73.10Km],South Western Railway [SWR] - II,706835,Karnataka,South Western Railway [SWR] - II,1591.0,1591.0,0.38,0.0,0.0,15.0,0.0238843494657448,0,75,100,0,47.5,1.1564504,28.962580174207687,LOW,Schedule delay above 6 months | Low physical progress
712,Jeypore-Navarangpur New Rail Line Project,East Coast Railway [ECoR] - II,705741,Odisha,East Coast Railway [ECoR] - II,748.0,748.0,15.91,1.97,0.0,17.0,0.1570053475935828,0,75,100,0,47.5,1.0738728,28.929549127817154,LOW,Schedule delay above 6 months | Low physical progress
713,Upgradation of Bilaspur-Takhatpur-Mungeli-Pandariya-Pondi Road on N.H.-130A Package IIIA Takhatpur By-pass from existing Ch. 26.542 to 32.093 [Design Ch. 18.700 to 25.900] & Mungeli By-pass from existing Ch. 45.786 to 56.275 [Design Ch. 29.600 to 51.600] and Package IIIB Pandariya By-Pass from existing Ch. 82.582 to 87.133 [Design Ch. 77.900 to 81.1000 & Pondi By-pass from existing Ch. 103.166 to 104.756 [Design Ch. 97.000 to 103.395] to two lane with paved shoulder configuration in the,MoRTH,618018,Chhattisgarh,MoRTH,351.19,351.19,11.48,10.0,0.0,17.0,-6.731114211680287,0,75,100,0,47.5,1.0300024,28.912000954151154,LOW,Schedule delay above 6 months | Low physical progress
714,Construction of 6-Lane Elevated / Extra Dose Cable Bridge on River Ganga parallel to & Western side of Digha-Sonepur Rail cum-Road Bridge of NH 139W in the State of Bihar,MoRTH,618250,Bihar,MoRTH,3064.45,3064.45,0.0,10.69,0.0,13.0,-10.69,0,75,100,0,47.5,0.9822864,28.892914563417435,LOW,Schedule delay above 6 months | Low physical progress
715,Kashedi ghat tunnel NH-66 [Bhogaon Khurd - Kashedi section] 4 lanes under NHDP on EPC mode,MoRTH,617944,Maharashtra,MoRTH,680.43,701.46,0.0,98.37,3.0906926502358933,0.0,-98.37,25,0,0,0,7.5,60.95214,28.880857467651367,LOW,No major rule-based risk indicator detected
716,BALABHADRA OCP,MCL - CIL,616233,Odisha,MCL - CIL,978.44,978.44,251.55,15.24,0.0,,10.469292342913208,0,50,100,40,46.0,3.2010765,28.880430674552915,LOW,Low physical progress
717,350 Bedded [Upgradable to 500 beds] ESI Hospital at Sanand,Employee's State Insurance Company [ESIC],612186,Gujarat,Employee's State Insurance Company [ESIC],558.12,558.12,55.81,21.0,0.0,14.0,-11.00035834587544,0,75,100,0,47.5,0.91899943,28.86759978532791,LOW,Schedule delay above 6 months | Low physical progress
718,INTEGRATED KULDA GARJANBAHAL O,Mahanadi Coalfields Limited [MCL],616226,Odisha,Mahanadi Coalfields Limited [MCL],3563.5,3563.5,672.78,6.18,0.0,,12.69975305177494,0,50,100,40,46.0,3.1524076,28.860963082313535,LOW,Low physical progress
719,Karaipettai to Walajapet from Km 71.015 to 107.091,National Highways Authority of India [NHAI],618521,Tamil Nadu,National Highways Authority of India [NHAI],766.51,766.51,439.37,93.55,0.0,63.0,-36.22915617539236,0,100,0,0,30.0,27.00069,28.80027675628662,LOW,Schedule delay above 6 months
720,Widening to Two with Paved shoulders from Km 59.500 to Km 132.033 of Manneguda- Ravunapally section of NH-163 Erstwhile SH-4 in the State of Telangana on EPC mode under NH O Annual Plan 2016-17,MoRTH,617981,Telangana,MoRTH,359.0,359.0,0.0,99.92,0.0,84.0,-99.92,0,100,0,0,30.0,26.962639,28.785056114196777,LOW,Schedule delay above 6 months
721,Doubling between Jaunpur Jn - Zaffarabad 6.28 km,M/S SRC company Infra Private Limited,617370,Uttar Pradesh,M/S SRC company Infra Private Limited,180.66,180.66,43.65,10.5,0.0,,13.661408170043174,0,50,100,40,46.0,2.9513063,28.7805225610733,LOW,Low physical progress
722,SHYAMSUNDARPUR UG INCLUDING SA,Eastern Coal Fields Limited [ECL],613793,West Bengal,Eastern Coal Fields Limited [ECL],483.65,483.65,77.79,16.79,0.0,24.0,-0.7060549984492894,0,75,100,0,47.5,0.66949016,28.76779606938362,LOW,Schedule delay above 6 months | Low physical progress
723,City Gas Distribution Maharashtra Natural Gas Limited,Ministry of Petroleum & Natural Gas,701338,"Multi-States
(Karnataka,
Maharashtra)",Ministry of Petroleum & Natural Gas,5535.0,5535.0,4230.6,47.0,0.0,0.0,29.433604336043373,0,0,75,75,30.0,26.896301,28.75852108001709,LOW,Low physical progress | Expenditure is significantly ahead of physical progress
724,Construction of a new 4-lane major bridge across river Kosi at Phulaut including Rehabilitation and upgradation of existing Birpur and Bihpur section of NH-106 from km 106.000 to km 136.000 to 2-lane with paved shoulders in the State of Bihar on EPC mode,MoRTH,618234,Bihar,MoRTH,1478.4,1478.4,823.93,94.2,0.0,32.0,-38.46880411255412,0,100,0,0,30.0,26.854683,28.741873741149902,LOW,Schedule delay above 6 months
725,"City Gas Distribution [CGD] Project in Gajapati, Kandhamal, Boudh, & Sonepur GA",Ministry of Petroleum & Natural Gas,617818,Odisha,Ministry of Petroleum & Natural Gas,514.91,514.91,22.08,5.9,0.0,22.0,-1.6118719776271586,0,75,100,0,47.5,0.45306078,28.681224316358566,LOW,Schedule delay above 6 months | Low physical progress
726,Puducherry Km.29.000 to Poondiyankuppam Km.67.000,National Highways Authority of India [NHAI],618845,"Multi-States
(Puducherry, Tamil
Nadu)",National Highways Authority of India [NHAI],1588.4,1415.9,405.48,98.75,-10.859984890455804,31.0,-70.1123843491772,0,100,0,0,30.0,26.646841,28.65873622894287,LOW,Schedule delay above 6 months
727,Tetlia-Byrnihat New Railway Line,Northeast Frontier Railway [NFR],705394,"Multi-States
(Assam,
Meghalaya)",Northeast Frontier Railway [NFR],1304.62,1304.62,1254.47,86.16,0.0,187.0,9.99596878784628,0,100,0,0,30.0,26.62071,28.64828395843506,LOW,Schedule delay above 6 months
728,Construction of 2-laning with hard shoulder of Lunglei to Chhumkhum from Design Chainage Km 0.000 to Km 37.420 of NH-302 [Lunglei-Tlabung] Package-A,NHIDCL,618362,Mizoram,NHIDCL,698.45,698.45,556.91,64.78,0.0,42.0,14.95512778294794,0,100,40,40,46.0,2.476054,28.590421593189237,LOW,Schedule delay above 6 months
729,JHAJHA - BATIA,East Central Railway [ECR] - I,900874,Bihar,East Central Railway [ECR] - I,588.18,588.18,2.38,0.1,0.0,22.0,0.3046380359753816,0,75,100,0,47.5,0.17683804,28.570735216140747,LOW,Schedule delay above 6 months | Low physical progress
730,Eastern Region Expansion Scheme-44 [ERES-44],Power Grid Corporation of India Limited [POWERGRID],617270,"Multi-States
(Bihar, West
Bengal)",Power Grid Corporation of India Limited [POWERGRID],408.94,408.94,6.13,1.5,0.0,13.0,-0.0010025920672958,0,75,100,0,47.5,0.13226295,28.552905179560184,LOW,Schedule delay above 6 months | Low physical progress
731,6L of Aurangabad to Bihar-Jharkhand border Chordaha section from km. 180.000 to km. 209.827 of NH-2 PKG-01,National Highways Authority of India [NHAI],618531,"Multi-States
(Bihar, Jharkhand)",National Highways Authority of India [NHAI],1054.46,786.81,110.8,20.88,-25.382660319025863,0.0,-6.79782005820973,0,0,100,0,25.0,33.858307,28.543322563171387,LOW,Low physical progress
732,"Gadarwara Super Thermal Power Project, Stage-II [2x800 MW]",National Thermal Power Corporation [NTPC],618976,Madhya Pradesh,National Thermal Power Corporation [NTPC],20446.0,20446.0,1721.18,7.5,0.0,,0.918174704098602,0,50,100,0,40.0,11.151547,28.46061897277832,LOW,Low physical progress
733,300 MW SPP part of 510 MW CPSU scheme,NLC India Limited [NLCIL],612819,Rajasthan,NLC India Limited [NLCIL],1813.0,1813.0,1753.07,100.0,0.0,15.0,-3.305570876999454,0,75,0,0,22.5,37.085514,28.334205627441406,LOW,Schedule delay above 6 months
734,AJMER- CHANDERIYA DOUBLING,North Western Railway [NWR],616843,Rajasthan,North Western Railway [NWR],1634.79,1634.79,377.37,12.0,0.0,,11.083698823702129,0,50,100,40,46.0,1.6538767,28.261550700664518,LOW,Low physical progress
735,KOTRE BASANTPUR PACHMO OCP,Ministry of Coal,400139,Jharkhand,Ministry of Coal,861.06,625.4,455.95,47.95,-27.36859220031124,,24.955340582027503,0,50,75,75,45.0,2.995816,28.198326468467712,LOW,Low physical progress | Expenditure is significantly ahead of physical progress
736,6L of Naidupeta Junction - Turpukanupur Section from km 57.046 to km 91.927,National Highways Authority of India [NHAI],619140,Andhra Pradesh,National Highways Authority of India [NHAI],1398.84,965.58,297.06,43.4,-30.97280603928969,16.0,-12.635071148946746,0,75,75,0,41.25,8.577543,28.18101739883423,LOW,Schedule delay above 6 months | Low physical progress
737,Delhi-Vadodara Greenfield Alignment NH-148N Pkg-15 Ch. 419.000 to Ch.427.300 [Junction with NH-12 near village Ummedpura to Major bridge over Takli river near Nayagaon Jageer village],National Highways Authority of India [NHAI],618458,Rajasthan,National Highways Authority of India [NHAI],1854.68,1854.68,1386.51,93.44,0.0,30.0,-18.68262945629435,0,100,0,0,30.0,25.4051,28.162039756774902,LOW,Schedule delay above 6 months
738,Development of New Bijwasan Railway Terminal,Northern Railways,617379,Delhi,Northern Railways,446.21,446.21,553.14,80.0,0.0,81.0,43.964052800251,0,100,0,75,41.25,8.502802,28.151120901107788,LOW,Schedule delay above 6 months | Expenditure is significantly ahead of physical progress | Expenditure exceeds revised project cost
739,Paravoor-Kottankulangara,National Highways Authority of India [NHAI],618606,Kerala,National Highways Authority of India [NHAI],3273.61,3200.24,1226.55,71.2,-2.2412565944019094,25.0,-32.87318701097418,0,100,40,0,40.0,10.314395,28.125758171081543,LOW,Schedule delay above 6 months
740,Doubling between Motumari Vishnupuram - 88.81 Km and Rail over Rail - RoR at Motumari - 10.877 Km,South Central Railway [SCR] - II,616857,"Multi-States
(Andhra Pradesh,
Telangana)",South Central Railway [SCR] - II,1595.55,1595.55,212.11,2.04,0.0,,11.25384851618564,0,50,100,40,46.0,1.2422153,28.09688610434532,LOW,Low physical progress
741,GOKUL EXTENSION OC MINE,Western Coalfields Limited [WCL],615192,Maharashtra,Western Coalfields Limited [WCL],309.58,309.58,57.46,8.44,0.0,,10.120630531688096,0,50,100,40,46.0,1.2336786,28.093471443653105,LOW,Low physical progress
742,Mehsana-Bhatinda & Bhatinda-Jammu Natural Gas Pipeline,Ministry of Petroleum & Natural Gas,701330,"Multi-States
(Gujarat, Haryana,
Punjab,
Rajasthan)",Ministry of Petroleum & Natural Gas,7392.0,7392.0,6354.05,90.2,0.0,30.0,-4.241531385281377,0,100,0,0,30.0,25.212414,28.084965705871582,LOW,Schedule delay above 6 months
743,Development of 6L of Basanwahi Marangpuri Section from km 99.500 to km 124.661 of NH-130-CD,National Highways Authority of India [NHAI],618675,Chhattisgarh,National Highways Authority of India [NHAI],1307.16,1303.63,456.22,63.66,-0.2700511031549292,17.0,-28.66387379854713,0,75,40,0,32.5,21.420269,28.06810760498047,LOW,Schedule delay above 6 months
744,Construction of Balurghat-Hilli new BG Line,Northeast Frontier Railway [NFR],612096,West Bengal,Northeast Frontier Railway [NFR],1209.0,1181.57,491.05,16.0,-2.268817204301081,0.0,25.55911202891069,0,0,100,75,36.25,15.771162,28.058465003967285,LOW,Low physical progress | Expenditure is significantly ahead of physical progress
745,"Improvement of existing road to 2 laning with Hard Shoulders of Maram -Peren section Package-1A, length- 22.340Km from Design Chainage 0.000 km to 22.340 km on NH-129A in the State of Manipur on EPC mode",NHIDCL,618416,Manipur,NHIDCL,226.32,226.32,179.09,74.58,0.0,43.0,4.55131848709793,0,100,40,0,40.0,10.143038,28.057215213775635,LOW,Schedule delay above 6 months
746,Singrauli Sewerage Management and Treatment Infrastructure Project,Ministry of Housing & Urban Affairs,702810,Madhya Pradesh,Ministry of Housing & Urban Affairs,402.01,438.1,357.68,90.0,8.977388622173587,39.0,-8.356539602830395,25,100,0,0,37.5,13.860366,28.04414653778076,LOW,Schedule delay above 6 months
747,2.5 MTPA PATHERDIH NLW WASHERY,Ministry of Coal,611017,Jharkhand,Ministry of Coal,334.27,334.27,162.75,51.81,0.0,104.0,-3.121813803212973,0,100,40,0,40.0,10.089501,28.035800457000732,LOW,Schedule delay above 6 months
748,Amritsarairport Junction - Ramdas from km. 100.835 to km. 139.813 Pkg - IV,National Highways Authority of India [NHAI],618794,Punjab,National Highways Authority of India [NHAI],524.88,416.58,387.07,96.0,-20.633287608596255,32.0,-3.0838734456767014,0,100,0,0,30.0,25.06575,28.02630043029785,LOW,Schedule delay above 6 months
749,600 MW Khavda Solar Power Project,NLC India Limited [NLCIL],617730,Gujarat,NLC India Limited [NLCIL],3335.85,3335.85,2171.16,40.0,0.0,,25.08566032645352,0,50,75,75,45.0,2.4139917,27.965596675872803,LOW,Low physical progress | Expenditure is significantly ahead of physical progress
750,MAKARDHOKRA EXPN OC 4.9 MTY,Western Coalfields Limited [WCL],615189,Maharashtra,Western Coalfields Limited [WCL],361.87,361.87,96.64,12.2,0.0,,14.505723049713986,0,50,100,40,46.0,0.797331,27.918932384252546,LOW,Low physical progress
751,Widening to two lane with paved shoulders from Km 0/000 to Km 45/946 of Nizampet- Narayankhed-bidar section of NH-161B in the state of Telangana under Annual Plan 2021-22 on EPC mode under NHO,MoRTH,618091,Telangana,MoRTH,512.98,512.98,117.6,41.8,0.0,13.0,-18.87512963468361,0,75,75,0,41.25,7.920721,27.918288469314575,LOW,Schedule delay above 6 months | Low physical progress
752,Widening to 2 -Lane with Paved shoulder of Imphal to Jiribam section of NH-37 from Design Chainage 33.000 km to 66.390 Km Existing Chainage from km 33.395 to km 67.496 on EPC Mode in Manipur PKG-3,NHIDCL,618337,Manipur,NHIDCL,467.0,467.0,568.72,86.33,0.0,36.0,35.45158458244113,0,100,0,75,41.25,7.899222,27.909688711166382,LOW,Schedule delay above 6 months | Expenditure is significantly ahead of physical progress | Expenditure exceeds revised project cost
753,Flyover between Siju and Paradeep coaching Yard to avoid Surface crossing of trains,East Coast Railway [ECoR] - II,616694,Odisha,East Coast Railway [ECoR] - II,200.77,200.77,34.06,5.5,0.0,,11.464685959057627,0,50,100,40,46.0,0.68979555,27.875918215513227,LOW,Low physical progress
754,Construction of alternative highway to Gangtok in Sikkim via Bagrakot -Chuikhim- Nimbong -Kafer-Bakhim-Algarah-Rhenock in the State of West Bengal and from Rhenok-Rorathang-Pakyong along with spur from Aritar-Rolep-Menla in the State of Sikkim from Km 13.00 to Km 25.60 of Bagrakot -Kafer section of NH 717A on EPC Mode under Phase-A of SARDP-NE in the State of West Bengal PKG- IVB,NHIDCL,618431,West Bengal,NHIDCL,295.97,295.97,0.39,96.91,0.0,37.0,-96.77822988816432,0,100,0,0,30.0,24.661371,27.864548683166504,LOW,Schedule delay above 6 months
755,Rail Connectivity to Errupalem Amravati Namburu 57 Km,South Central Railway [SCR] - II,617214,"Multi-States
(Andhra Pradesh,
Telangana)",South Central Railway [SCR] - II,2047.4,2047.4,208.59,0.16,0.0,,10.028043372081664,0,50,100,40,46.0,0.54079133,27.816316536068914,LOW,Low physical progress
756,Doubling between Bhadrachalam Road and Dornakal,South Central Railway [SCR] - II,616856,Telangana,South Central Railway [SCR] - II,770.12,770.12,87.93,0.05,0.0,,11.367701137485067,0,50,100,40,46.0,0.46881238,27.787524959444998,LOW,Low physical progress
757,PARASEA-BELBAID UG PROJECT,Eastern Coal Fields Limited [ECL],613794,West Bengal,Eastern Coal Fields Limited [ECL],389.1,389.1,132.48,22.13,0.0,,11.917802621434074,0,50,100,40,46.0,0.4592601,27.783704048395155,LOW,Low physical progress
758,URDHAN EXPANSION OC COST PLUS,Western Coalfields Limited [WCL],615194,Madhya Pradesh,Western Coalfields Limited [WCL],206.88,206.88,27.32,2.02,0.0,,11.185723124516628,0,50,100,40,46.0,0.40997756,27.76399101912975,LOW,Low physical progress
759,Construction of 2 lane with paved shoulder of Kund Bypass from Design Km 35.130 to Km 47.700 existing Km 33.130 to Km 41.260 of NH-109 in the State of Uttarakhand,MoRTH,617929,Uttarakhand,MoRTH,247.41,247.41,110.98,73.5,0.0,79.0,-28.6432844266602,0,100,40,0,40.0,9.27189,27.70875597000122,LOW,Schedule delay above 6 months
760,Construction of IIT Bhubaneswar -Phase III,"Indian Institute of Technology, Bhubaneshwar",611961,Odisha,"Indian Institute of Technology, Bhubaneshwar",454.27,454.27,100.77,7.0,0.0,,15.18284280273846,0,50,100,40,46.0,0.24321817,27.697287267446516,LOW,Low physical progress
761,KATKONA RO UG MINE,South Eastern Coalfields Limited [SECL],615191,Chhattisgarh,South Eastern Coalfields Limited [SECL],329.21,329.21,62.03,2.01,0.0,,16.832076486133474,0,50,100,40,46.0,0.2383118,27.69532471746206,LOW,Low physical progress
762,UKNI DEEP OC MINE -COST PLUS,Western Coalfields Limited [WCL],616044,Maharashtra,Western Coalfields Limited [WCL],237.06,237.06,166.87,93.51,0.0,60.0,-23.118537922888738,0,100,0,0,30.0,24.237476,27.69499111175537,LOW,Schedule delay above 6 months
763,Jamrani Dam Multipurpose Project,Irrigation-UK,613787,Uttarakhand,Irrigation-UK,2584.1,2584.1,1267.4,25.08,0.0,,23.966089547618132,0,50,75,75,45.0,1.734816,27.69392639398575,LOW,Low physical progress | Expenditure is significantly ahead of physical progress
764,Indore - Gujarat / MP Border from km. Km 9.500 to Km 171.000 of NH-59 in MP,National Highways Authority of India [NHAI],618625,Madhya Pradesh,National Highways Authority of India [NHAI],1175.0,217.22,14.04,99.93,-81.5131914893617,159.0,-93.46650676733266,0,100,0,0,30.0,23.735653,27.494261741638184,LOW,Schedule delay above 6 months
765,6L with PS of Samakhiyali to Santalpur section from km. 339.700 to Km. 430.100 of NH-27,National Highways Authority of India [NHAI],618564,Gujarat,National Highways Authority of India [NHAI],1553.76,34.34,28.18,57.59,-97.78987745855216,13.0,24.471735585323216,0,75,40,75,43.75,3.0880432,27.485217332839966,LOW,Schedule delay above 6 months | Expenditure is significantly ahead of physical progress
766,Installation of new Biturox Unit along with allied facilities at Gujarat Refinery,MinistryofPetroleumNaturalGas,709778,Gujarat,MinistryofPetroleumNaturalGas,328.29,344.36,214.63,84.1,4.8950622924853,16.0,-21.772784295504707,25,75,0,0,30.0,23.6919,27.476759910583496,LOW,Schedule delay above 6 months
767,Improvement of Geometrics of Thondupally to Kothur from Km 22.300 to Km 34.14 of NH-44,National Highways Authority of India [NHAI],618560,Telangana,National Highways Authority of India [NHAI],541.58,527.43,72.23,17.05,-2.6127257284242567,,-3.355291697476442,0,50,100,0,40.0,8.635633,27.454253435134888,LOW,Low physical progress
768,Pollution Abatement Works for River Kali Meerut under Meerut Municipality Interception & Diversion with STP,National Mission for Clean Ganga,616605,Uttar Pradesh,National Mission for Clean Ganga,690.71,690.71,34.79,51.0,0.0,29.0,-45.96315385617698,0,100,40,0,40.0,8.59642,27.438568115234375,LOW,Schedule delay above 6 months
769,Upgradation & rehabilitation of Service Roads on both sides in urban areas of Pune City on PuneSatara section of NH48,National Highways Authority of India [NHAI],618511,Maharashtra,National Highways Authority of India [NHAI],604.59,388.78,44.03,14.7,-35.69526455945352,12.0,-3.374828952106588,0,50,100,0,40.0,8.495417,27.39816665649414,LOW,Schedule delay above 6 months | Low physical progress
770,"TEESTA-VI HE PROJECT, SIKKIM [500 MW], executed by LANCO TEESTA HYDRO POWER LIMITED [A wholly owned Subsidiary of NHPC LTD. acquired through NCLT]",National Hydroelectric Power Corporation Limited [NHPC],602181,Sikkim,National Hydroelectric Power Corporation Limited [NHPC],5748.04,5748.04,4356.15,72.51,0.0,45.0,3.2749632222461713,0,100,40,0,40.0,8.417542,27.367017030715942,LOW,Schedule delay above 6 months
771,6L Access Controlled Greenfield Highway from Somavarappadu Ch.314.600 to Muppavaram Ch.343240 of [NH-544G] Package-14,National Highways Authority of India [NHAI],619125,Andhra Pradesh,National Highways Authority of India [NHAI],1103.9,943.66,197.36,43.16,-14.515807591267334,13.0,-22.24568764173537,0,75,75,0,41.25,6.333832,27.283532857894897,LOW,Schedule delay above 6 months | Low physical progress
772,Strengthening of Existing Alignment of Pandharpur Town Part Bypassed Section of NH 965 from KM 36.230 to KM 44.230 from Chh. Shivaji Maharaj Chowk to Wakhari,National Highways Authority of India [NHAI],618628,Maharashtra,National Highways Authority of India [NHAI],150.21,87.59,58.75,48.0,-41.6883030424073,10.0,19.073866879780795,0,50,75,40,39.75,8.565024,27.276009893417356,LOW,Schedule delay above 6 months | Low physical progress
773,Rehabilitation and upgradation of New NH 544DD from design Chainage Km. 56/000 to 102/20 of Kalyandrg - Molakalmuru Section,MoRTH,618194,Andhra Pradesh,MoRTH,294.13,285.29,312.39,98.52,-3.005473770101647,67.0,10.979106172666404,0,100,0,40,36.0,14.100547,27.24021873474121,LOW,Schedule delay above 6 months | Expenditure exceeds revised project cost
774,4L Access Controlled Greenfield Highway section on NH-163G Warangal-Khammam from Venkatpur village in Warangal District at Design Ch. 150.240 Km to Thallasenkesa village in Mahabubabed District at Design Ch. 189.650 kmPackage-II,National Highways Authority of India [NHAI],618815,Telangana,National Highways Authority of India [NHAI],1092.88,1083.11,304.89,65.68,-0.8939682307298339,6.0,-37.5305045655566,0,25,40,0,17.5,41.755543,27.20221710205078,LOW,No major rule-based risk indicator detected
775,New Delhi- Howrah Speed Booster[160Kmph] Project,PCE/NCR,705794,"Multi-States
(Bihar, Delhi,
Jharkhand, Uttar
Pradesh, West
Bengal)",PCE/NCR,6684.81,6684.81,127.03,0.0,0.0,,1.9002783923552051,0,50,100,0,40.0,7.985069,27.19402766227722,LOW,Low physical progress
776,Kalai-II Hydro Electric Project [1200 MW],THDC India Limited,619311,Arunachal Pradesh,THDC India Limited,14105.83,14105.8,187.16,0.0,-0.0002126780203692,,1.3268300982574543,0,50,100,0,40.0,7.9179077,27.167163133621216,LOW,Low physical progress
777,"Construction, Operation & Maintenance of 2-L Bi-directional Silkyara Bend- Barkot Tunnel with escape passage including approaches Tunnel-4.531 & Approach road- 0.328 on Dharasu-Yamunotri section b/w Chainage 25.400km and 51.00km falling along NH-134 Old NH-94 on EPC mode",NHIDCL,618390,Uttarakhand,NHIDCL,1383.78,1383.78,688.93,70.64,0.0,56.0,-20.853906834901508,0,100,40,0,40.0,7.837127,27.13485097885132,LOW,Schedule delay above 6 months
778,Construction of Four Lane Highway from Ghazipur- Ballia-UP/Bihar State Border Greenfield section of NH-31 Package III [from Pindari km 78.150 to Rawalganj Bypass Km 117.120] on EPC Mode in the state of Uttar Pradesh.,National Highways Authority of India [NHAI],619154,"Multi-States
(Bihar, Uttar
Pradesh)",National Highways Authority of India [NHAI],1493.5,1493.59,540.0,78.15,0.0060261131570082,15.0,-41.99549976901292,25,75,0,0,30.0,22.734144,27.09365749359131,LOW,Schedule delay above 6 months
779,Melur - Pilayarpatti - Karaikudi from km 99.920 of NH 38 to km 12.9 of NH 383 Ext.,National Highways Authority of India [NHAI],618756,Tamil Nadu,National Highways Authority of India [NHAI],1103.86,1085.41,774.36,92.15,-1.6714076060369811,52.0,-20.807373711316473,0,100,0,0,30.0,22.729202,27.091681480407715,LOW,Schedule delay above 6 months
780,Development of 6L of Jhanki Sargi Section Road from km 0.000 to km 42.800 of NH- 130CD Pkg-CG-1,National Highways Authority of India [NHAI],618673,Chhattisgarh,National Highways Authority of India [NHAI],1368.19,1129.14,654.33,98.39,-17.471988539603416,28.0,-40.44058717253839,0,100,0,0,30.0,22.713713,27.085485458374023,LOW,Schedule delay above 6 months
781,Construction of Major Bridge Across Sharavathi Backwaters and approches between Ambargodu and Kalasavalli Near Sigandhur in Sagar Taluk on NH 369E in the State of Karnataka on EPC mode.Job No. NH-369E-KNT-2018-19-895 dated 06.03.2019.,MoRTH,618144,Karnataka,MoRTH,423.15,423.15,0.0,0.0,0.0,,0.0,0,50,100,0,40.0,7.5810843,27.03243374824524,LOW,Low physical progress
782,Lalitpur-Birari with flyover at Lalitpur- 16 Km,North Central Railway,705766,Uttar Pradesh,North Central Railway,304.44,356.0,255.32,86.0,16.93601366443306,13.0,-14.280898876404493,50,75,0,0,37.5,11.273353,27.0093412399292,LOW,Cost overrun above 10% | Schedule delay above 6 months
783,Rehabilitation and upgradation to two lane with paved shoulders from Km 0/000 to 72/6 of NH-365 Nakrekal to Tanamcherla section under NHDP IV in the state of Telangana under EPC mode,MoRTH,618026,Telangana,MoRTH,605.08,605.08,585.2,99.9,0.0,79.0,-3.1855159648310973,0,100,0,0,30.0,22.51826,27.007304191589355,LOW,Schedule delay above 6 months
784,GEVRA OC [70 MTY],South Eastern Coalfields Limited [SECL],400424,Chhattisgarh,South Eastern Coalfields Limited [SECL],11816.4,11816.4,6905.46,78.48,0.0,48.0,-20.040373717883615,0,100,0,0,30.0,22.424526,26.969810485839844,LOW,Schedule delay above 6 months
785,Barabanki-Malhaur 3rd & 4th Railway Line Project,Ministry of Railways,705782,Uttar Pradesh,Ministry of Railways,407.0,407.0,409.54,77.0,0.0,17.0,23.624078624078635,0,75,0,75,33.75,16.763472,26.95538854598999,LOW,Schedule delay above 6 months | Expenditure is significantly ahead of physical progress | Expenditure exceeds revised project cost
786,Kadambattukonam-Kazhakuttom,National Highways Authority of India [NHAI],619208,Kerala,National Highways Authority of India [NHAI],3635.64,3526.33,573.31,44.34,-3.0066233180402886,23.0,-28.08202074111045,0,75,75,0,41.25,5.467001,26.936800479888916,LOW,Schedule delay above 6 months | Low physical progress
787,Dhanbad Water Supply Infrastructure Project,Ministry of Housing & Urban Affairs,702741,Jharkhand,Ministry of Housing & Urban Affairs,216.55,216.55,129.16,76.0,0.0,39.0,-16.355576079427394,0,100,0,0,30.0,22.325329,26.930131912231445,LOW,Schedule delay above 6 months
788,4L Elevated Highway and at grade improvements at Gopalganj Town from Km. 384.000 to Km. 386.750 on NH-27,National Highways Authority of India [NHAI],618570,Bihar,National Highways Authority of India [NHAI],325.57,248.92,225.44,99.78,-23.543324016340573,20.0,-9.212749477743856,0,75,0,0,22.5,33.547966,26.91918659210205,LOW,Schedule delay above 6 months
789,Six Laning of Varanasi to Aurangabad from km. 786.00 to km. 978.40 of Old NH-2,National Highways Authority of India [NHAI],618530,"Multi-States
(Bihar, Uttar
Pradesh)",National Highways Authority of India [NHAI],3241.56,3241.56,1248.48,95.58,0.0,147.0,-57.065210824417875,0,100,0,0,30.0,22.145601,26.858241081237793,LOW,Schedule delay above 6 months
790,Widening of existing Single lane / Intermediate lane road to 2 lane from Km 101 to Km 125 of NH 61,MoRTH,617886,Nagaland,MoRTH,252.2,252.2,0.0,44.46,0.0,6.0,-44.46,0,25,75,0,26.25,27.68088,26.822352409362793,LOW,Low physical progress
791,Tezpur University Projects,Tezpur University,606112,Assam,Tezpur University,153.71,153.71,137.84,97.7,0.0,25.0,-8.02463730401405,0,100,0,0,30.0,21.992186,26.796874046325684,LOW,Schedule delay above 6 months
792,construction of a new 4 lane Parallel to existing MG Setu with its approaces from km 0.00 to km 14.500 across river Ganga on NH-19 at Patna in the state of Bihar.,MoRTH,618228,Bihar,MoRTH,2926.42,2926.42,0.0,72.51,0.0,33.0,-72.51,0,100,40,0,40.0,6.967435,26.78697395324707,LOW,Schedule delay above 6 months
793,Tumkur - Nelamangala 6L,National Highways Authority of India [NHAI],619071,Karnataka,National Highways Authority of India [NHAI],2032.15,1664.2,580.01,59.83,-18.10643899318456,19.0,-24.97781877178224,0,75,40,0,32.5,18.191103,26.77644109725952,LOW,Schedule delay above 6 months
794,"Demolition, Construction and upgradation of ESI Hospital, Kalol, Gujarat from 50 beds to 150 beds.",Employee's State Insurance Company [ESIC],612211,Gujarat,Employee's State Insurance Company [ESIC],205.87,205.87,51.74,46.0,0.0,13.0,-20.86763491523777,0,75,75,0,41.25,4.9328275,26.72313106060028,LOW,Schedule delay above 6 months | Low physical progress
795,RAJASTHAN PART I POWER TRANSMISSION LIMITED,Adani Transmission Limited,619025,"Multi-States
(Madhya Pradesh,
Rajasthan, Uttar
Pradesh)",Adani Transmission Limited,25000.0,25000.0,230.05,2.0,0.0,,-1.0798,0,50,100,0,40.0,6.7718005,26.708720207214355,LOW,Low physical progress
796,Agra Metro Rail Project,Uttar Pradesh metro rail corporation [UPMRC],702629,Uttar Pradesh,Uttar Pradesh metro rail corporation [UPMRC],8379.62,8379.62,6071.78,69.5,0.0,37.0,2.9588943174034057,0,100,40,0,40.0,6.677948,26.67117929458618,LOW,Schedule delay above 6 months
797,Construction & up gradation of existing road to 2-Lane with paved shoulder from existing chainage km 468000 to km 489350 Design Chainage km 465150 to km 471500 of NH-07 Old NH-58 including Joshimath bypass on EPC mode in the state of Uttarakhand Length 6.35 km,MoRTH,618209,Uttarakhand,MoRTH,258.85,258.85,0.0,35.6,0.0,23.0,-35.6,0,75,75,0,41.25,4.7715425,26.65861701965332,LOW,Schedule delay above 6 months | Low physical progress
798,Bhadrak-Nergundi Third Line,East Coast Railway [ECoR] - II,705510,Odisha,East Coast Railway [ECoR] - II,1284.0,1284.0,1352.81,95.0,0.0,14.0,10.359034267912776,0,75,0,40,28.5,23.861252,26.644501304626463,LOW,Schedule delay above 6 months | Expenditure exceeds revised project cost
799,Chengapalli km 102.035 to Neelambur Km144.680 and Madukkarai Km 170.880 to Walayar K183.010 Package No. NS-2/BOT/TN-08,National Highways Authority of India [NHAI],619086,Tamil Nadu,National Highways Authority of India [NHAI],852.0,285.55,5.09,100.0,-66.48474178403757,163.0,-98.21747504815268,0,100,0,0,30.0,21.399746,26.559898376464844,LOW,Schedule delay above 6 months
800,6L Access Controlled Greenfield Highway from Yerragudipadu Ch. 129000 to Audireddipalle Ch. 160000 of [NH 544G] Package-6,National Highways Authority of India [NHAI],618713,Andhra Pradesh,National Highways Authority of India [NHAI],1200.42,1019.69,218.52,38.41,-15.055563885973244,14.0,-16.97995753611391,0,75,75,0,41.25,4.4821696,26.54286789894104,LOW,Schedule delay above 6 months | Low physical progress
801,"Lalitpur-Satna, Rewa-Singrauli & Mahoba-Khajuraho",North Central Railway,705480,Madhya Pradesh,North Central Railway,8914.0,8914.0,6806.95,74.0,0.0,9.0,2.362463540498098,0,50,40,0,25.0,28.82317,26.529268264770508,LOW,Schedule delay above 6 months
802,Rehabilitation and upgradation to 2-lane with paved sholuders configuration of Bewar- naer Karri village section Km0.00 to Km30.00 Pakage-I of NH-92 in state of Uttar Pradesh undergreen national Highway Corridor Project GNHCP with the loan assistance of world Bank on EPC mode.,MoRTH,618240,Uttar Pradesh,MoRTH,236.47,236.47,0.0,90.0,0.0,27.0,-90.0,0,100,0,0,30.0,21.274559,26.5098237991333,LOW,Schedule delay above 6 months
803,Rehabilitation and Upgradation to 2-lane configuration of Karnohal- Kalwahn Section km 181.00 to 208.950 of NH-70 in the State of Himachal Pradesh under Green National Highways Corridor Project GNHCP with the loan assistance of World Bank on EPC mode.Package-2,MoRTH,618232,Himachal Pradesh,MoRTH,251.62,190.02,74.12,55.85,-24.481360782131784,7.0,-16.843579623197563,0,50,40,0,25.0,28.582197,26.43287944793701,LOW,Schedule delay above 6 months
804,Bangalore Chennai Expressway Phase-II Pkg-II from km.96.000 to Km 127.000 Baireddypalle to Bangarupalem section,National Highways Authority of India [NHAI],618475,Andhra Pradesh,National Highways Authority of India [NHAI],2548.04,2548.04,1226.85,92.14,0.0,15.0,-43.99122682532457,0,75,0,0,22.5,32.309074,26.423629760742188,LOW,Schedule delay above 6 months
805,Harmuty-Murkongselek Branch Line Electrification Project,GM/C/ NFR,706942,Assam,GM/C/ NFR,237.52,237.52,0.0,0.0,0.0,,0.0,0,50,100,0,40.0,6.0526514,26.42106056213379,LOW,Low physical progress
806,"HEFA projects on development of student hostels, playgrounds, departmental buildings, class room complex and other campus facilities in IIT Kharagpur","Indian Institute of Technology, Kharagpur",609019,West Bengal,"Indian Institute of Technology, Kharagpur",500.0,442.0,415.35,96.0,-11.6,36.0,-2.02941176470587,0,100,0,0,30.0,20.83785,26.335140228271484,LOW,Schedule delay above 6 months
807,6L of Gundugolanu Design km 1023.280 to Kalaparru Design km 1050.680 of NH-5 New NH-16,National Highways Authority of India [NHAI],618526,Andhra Pradesh,National Highways Authority of India [NHAI],665.59,665.59,512.09,95.73,0.0,58.0,-18.79224552652535,0,100,0,0,30.0,20.831411,26.33256435394287,LOW,Schedule delay above 6 months
808,Kwar HE Project,National Hydroelectric Power Corporation Limited [NHPC],605155,"Jammu and
Kashmir",National Hydroelectric Power Corporation Limited [NHPC],4526.12,4526.12,1569.55,34.21,0.0,16.0,0.4676046591782778,0,75,75,0,41.25,3.9236832,26.319473266601562,LOW,Schedule delay above 6 months | Low physical progress
809,Borolia Irrigation Project,"Department of Water Resources, River Development & GR",701370,Assam,"Department of Water Resources, River Development & GR",256.16,256.16,44.7,55.44,0.0,39.0,-37.98996876951905,0,100,40,0,40.0,5.7958426,26.318337202072144,LOW,Schedule delay above 6 months
810,Four Laning of Chettikulam to Natham section of NH-785,National Highways Authority of India [NHAI],619131,Tamil Nadu,National Highways Authority of India [NHAI],837.61,823.93,169.31,99.75,-1.63321832356348,67.0,-79.20092422900004,0,100,0,0,30.0,20.768389,26.307355880737305,LOW,Schedule delay above 6 months
811,Tumkur-Chitradurga,National Highways Authority of India [NHAI],619070,Karnataka,National Highways Authority of India [NHAI],839.0,47.44,8.42,100.0,-94.3456495828367,150.0,-82.2512647554806,0,100,0,0,30.0,20.694193,26.277677536010742,LOW,Schedule delay above 6 months
812,PORDA CHIMTAPANI OCP [10 MTY],South Eastern Coalfields Limited [SECL],400144,Chhattisgarh,South Eastern Coalfields Limited [SECL],2310.12,2310.12,113.83,11.81,0.0,,-6.8825503437050894,0,50,100,0,40.0,5.6552563,26.262102603912354,LOW,Low physical progress
813,6L Jakkuva Korlam Section of NH-130CD Road from km 396.800 to km 421.100 Pkg 2,National Highways Authority of India [NHAI],619111,Andhra Pradesh,National Highways Authority of India [NHAI],840.51,840.51,549.56,99.32,0.0,26.0,-33.93588797277843,0,100,0,0,30.0,20.629951,26.251980781555176,LOW,Schedule delay above 6 months
814,SAAP-3 Water Supply Infrastructure SAAP-3 Project,Ministry of Housing & Urban Affairs,702742,Jharkhand,Ministry of Housing & Urban Affairs,159.31,159.31,87.5,67.0,0.0,32.0,-12.075638691858645,0,100,40,0,40.0,5.608777,26.243510961532593,LOW,Schedule delay above 6 months
815,Four Laning of Trichy - Dindigul from km. 333.00 to km. 421.273 of NH-45,National Highways Authority of India [NHAI],618874,Tamil Nadu,National Highways Authority of India [NHAI],1003.11,435.81,9.43,100.0,-56.5541166970721,190.0,-97.8362130286134,0,100,0,0,30.0,20.518793,26.207517623901367,LOW,Schedule delay above 6 months
816,AIIMS Darbhanga,PMSSY AND Institute of NATIONAL Importance,701172,Bihar,PMSSY AND Institute of NATIONAL Importance,1264.0,1264.0,0.0,0.0,0.0,,0.0,0,50,100,0,40.0,5.3561606,26.14246439933777,LOW,Low physical progress
817,Rehabilitation and Up gradation from 4 to 8 laning of Chandikhole Paradip Section of NH-53 Old NH 5A from Km.0.00 to Km.18.00Package-1,National Highways Authority of India [NHAI],618822,Odisha,National Highways Authority of India [NHAI],929.91,869.45,365.01,92.3,-6.501704466023586,8.0,-50.31828742308356,0,50,0,0,15.0,42.831097,26.13243865966797,LOW,Schedule delay above 6 months
818,"Construction of Field Gas Gathering Station at Baghjan area for collection, processing & transportation of natural Gas to be produced from Baghjan Field",Ministry of Petroleum & Natural Gas,616858,Assam,Ministry of Petroleum & Natural Gas,430.76,430.76,346.97,92.4,0.0,27.0,-11.851666821431891,0,100,0,0,30.0,20.326267,26.130507469177246,LOW,Schedule delay above 6 months
819,Tumakuru Node - Phase 1 - Roads and Services Development,National Highways & Infrastructure Development Corporation Ltd. [NHIDCL],701657,Karnataka,National Highways & Infrastructure Development Corporation Ltd. [NHIDCL],1701.81,1701.81,278.35,23.18,0.0,,-6.823885040045596,0,50,100,0,40.0,5.212561,26.08502459526062,LOW,Low physical progress
820,"Construction of Permanent Campus of Indian Institute of Management [IIM] Amritsar, Punjab, Phase-I","Indian intitue of Management, Amritsar",605292,Punjab,"Indian intitue of Management, Amritsar",348.31,348.31,293.1,91.7,0.0,39.0,-7.55082254313686,0,100,0,0,30.0,20.103796,26.041518211364746,LOW,Schedule delay above 6 months
821,2L with ES of Yagyi - Kalewa section from Milepost 40/0 to Milepost 115/5 in Myanmar,National Highways Authority of India [NHAI],618958,Assam,National Highways Authority of India [NHAI],1200.14,1200.14,0.0,52.0,0.0,49.0,-52.0,0,100,40,0,40.0,5.094945,26.037977933883667,LOW,Schedule delay above 6 months
822,4-Laning of Balance work of Dimapur-Kohima Road from design km 152.490 to km 166.700 Existing km 156.000 to km 172.900 Excluding Dimapur & Kohima Bypass under SARDP-NE Package-III,NHIDCL,618328,Nagaland,NHIDCL,562.98,794.75,119.71,82.59,41.168425166080496,,-67.52740169864738,75,50,0,0,37.5,8.782698,26.013079166412354,LOW,Cost overrun above 10%
823,4L of Bareilly-Pilibhit-Sitarganj from Km. 0.000 to Km. 32.500 of NH-30 Pkg-1,National Highways Authority of India [NHAI],618782,Uttar Pradesh,National Highways Authority of India [NHAI],1394.14,1394.14,561.53,58.86,0.0,8.0,-18.582122598878172,0,50,40,0,25.0,27.528614,26.011445999145508,LOW,Schedule delay above 6 months
824,Badam Coal Mining project of NTPC,National Thermal Power Corporation [NTPC],603293,Jharkhand,National Thermal Power Corporation [NTPC],502.0,784.0,471.08,67.86,56.17529880478087,-356.0,-7.773265306122447,100,0,40,0,40.0,4.871156,25.94846248626709,LOW,Cost overrun above 10%
825,MURAIDIH UG PROJECT,BCCL,613808,Jharkhand,Bharat Coking Coal Limited (BCCL),339.87,339.87,191.0,70.47,0.0,152.0,-14.27204195721894,0,100,40,0,40.0,4.82744,25.930975914001465,LOW,Schedule delay above 6 months
826,Transmission System for Kurnool Wind Energy Zone/ Solar Energy Zone Part-A and Part-B,Power Grid Corporation of India Limited [POWERGRID],900808,"Multi-States
(Andhra Pradesh,
Telangana)",Power Grid Corporation of India Limited [POWERGRID],3546.94,3546.94,3532.75,99.69,0.0,18.0,-0.0900631530276854,0,75,0,0,22.5,30.964521,25.88580894470215,LOW,Schedule delay above 6 months
827,Gomoh - Flyover for DN trains,East Central Railway [ECR] - I,705765,Jharkhand,East Central Railway [ECR] - I,686.0,686.0,631.52,66.5,0.0,0.0,25.55830903790087,0,0,40,75,21.25,32.710438,25.83417510986328,LOW,Expenditure is significantly ahead of physical progress
828,Integrated Para Xylene [PX] and Purified Terephthalic Acid [PTA] Project at Paradip Refinery,Ministry of Petroleum & Natural Gas,604859,Odisha,Ministry of Petroleum & Natural Gas,13805.0,11783.0,8450.45,93.9,-14.64686707714596,31.0,-22.18269540863956,0,100,0,0,30.0,19.567106,25.826842784881592,LOW,Schedule delay above 6 months
829,Up-gradation to 4-lane with Paved Shoulder of Jammu-Akhnoor road section of NH- 144A from Ganesh Vihar Km 6.000 to Khati Chowk Km 26.350 in UT of Jammu and Kashmir on EPC basis Pkg-3A,NHIDCL,618406,"Jammu and
Kashmir",NHIDCL,322.49,322.49,0.0,0.0,0.0,10.0,0.0,0,50,100,0,40.0,4.444975,25.777989983558655,LOW,Schedule delay above 6 months | Low physical progress
830,"Sipat Super Thermal Power Project, Stage-III [1x800 MW]",National Thermal Power Corporation [NTPC],617188,Chhattisgarh,National Thermal Power Corporation [NTPC],9791.0,9791.0,1619.63,18.91,0.0,,-2.36797160657747,0,50,100,0,40.0,4.3857665,25.7543066740036,LOW,Low physical progress
831,"Creation of Gas Dehydration Facilities, Tripura Asset",Oil and Natural Gas Corporation Limited [ONGC],709837,Tripura,Oil and Natural Gas Corporation Limited [ONGC],209.33,131.51,78.98,68.9,-37.17575120622941,27.0,-8.843730514789748,0,100,40,0,40.0,4.299746,25.719898462295532,LOW,Schedule delay above 6 months
832,Construction of Bhabhua Bypass from Ch. 10800Design Ch. 10800 to Ch. 19860 Design Ch. 18150 and Chand Bypass from Ch. 38060 Design Ch. 36250 to Ch. 40460 Design Ch. 38650 and widening of existing road to 2 - lane with Paved shoulder from Ch. 40460 Design Ch. 38650 to Ch. 46860 Design Ch. 45050 of NH-219 Total length- 16.150 Kmunder EPC mode in the state of Bihar,MoRTH,618004,Bihar,MoRTH,179.86,179.86,0.0,0.05,0.0,9.0,-0.05,0,50,100,0,40.0,4.2918105,25.716724276542664,LOW,Schedule delay above 6 months | Low physical progress
833,NEW MAJRI UG TO OC 3 MTY COST,Western Coalfields Limited [WCL],615188,Maharashtra,Western Coalfields Limited [WCL],402.27,402.27,67.11,24.17,0.0,,-7.487175031695131,0,50,100,0,40.0,4.2732816,25.709312677383423,LOW,Low physical progress
834,BASUNDHARA WEST EXTENSION OPEN,MCL - CIL,615193,Odisha,MCL - CIL,479.15,479.15,281.57,67.58,0.0,120.0,-8.815521235521231,0,100,40,0,40.0,4.26261,25.70504403114319,LOW,Schedule delay above 6 months
835,Balance work of Construction of Ring Road for Raebareli City on eastern side of NH- 24B Phase-1 on EPC mode.,MoRTH,618009,Uttar Pradesh,MoRTH,319.96,347.8,0.0,95.0,8.701087635954504,50.0,-95.0,25,100,0,0,37.5,8.007767,25.70310664176941,LOW,Schedule delay above 6 months
836,New Suburba Station Development Project,ministry of housing and urban affairs,701745,Maharashtra,ministry of housing and urban affairs,262.76,262.76,17.62,6.0,0.0,,0.7057390774851582,0,50,100,0,40.0,4.2488074,25.699522972106934,LOW,Low physical progress
837,Sahjanwa-Dohrighat,North Eastern Railway [NER],400205,Uttar Pradesh,North Eastern Railway [NER],1319.75,1319.75,492.3,4.0,0.0,0.0,33.302519416556166,0,0,100,75,36.25,9.852741,25.691096544265747,LOW,Low physical progress | Expenditure is significantly ahead of physical progress
838,Rewas Port Project,Reliance Industries Ltd,400382,Maharashtra,Reliance Industries Ltd,6000.0,6000.0,5999.89,88.0,0.0,,11.998166666666677,0,50,0,40,21.0,32.696915,25.678765869140626,LOW,No major rule-based risk indicator detected
839,4 laning of Barasat - Barajaguli Section of NH-12 from Km. 31.000 to Km. 48.679 in the district of North 24 - Parganas,National Highways Authority of India [NHAI],618823,West Bengal,National Highways Authority of India [NHAI],352.01,346.39,84.95,35.78,-1.5965455526831638,13.0,-11.25561996593435,0,75,75,0,41.25,2.257299,25.652919590473175,LOW,Schedule delay above 6 months | Low physical progress
840,Kandla Gorakhpur LPG Pipeline,Ministry of Petroleum & Natural Gas,400012,"Multi-States
(Gujarat, Madhya
Pradesh, Uttar
Pradesh)",Ministry of Petroleum & Natural Gas,10088.0,10088.0,8529.58,95.2,0.0,54.0,-10.648255352894523,0,100,0,0,30.0,19.077559,25.631023406982422,LOW,Schedule delay above 6 months
841,Provision of 4G based Mobile Services in Uncovered Villages and National Highways of Meghalaya,Department of Telecommunications,701598,Meghalaya,Department of Telecommunications,971.96,971.96,232.79,99.84,0.0,51.0,-75.88942590230052,0,100,0,0,30.0,18.96128,25.58451223373413,LOW,Schedule delay above 6 months
842,4L of Vadugapatti to Therkuvenganallur Rajapalyam section from km 36.000 to km 71.600 of NH-744,National Highways Authority of India [NHAI],618745,Tamil Nadu,National Highways Authority of India [NHAI],1317.6,1137.16,926.56,99.98,-13.694596235579832,13.0,-18.499821309226505,0,75,0,0,22.5,30.18409,25.573636054992676,LOW,Schedule delay above 6 months
843,Bangalore-Satyamanglam New Line Project [260 Km] - Part Hejjala - Chamarajanagar [142 Km],South Western Railway [SWR] - II,705464,Karnataka,South Western Railway [SWR] - II,1382.78,1382.78,0.0,0.0,0.0,,0.0,0,50,100,0,40.0,3.840671,25.53626847267151,LOW,Low physical progress
844,Construction of Two lane with paved shoulder configuration of Shujalpur Bypass section of NH-752C from km 33100 Design to km. 42570 Design total design length 10.470 km in the State of Madhya Pradesh on EPC mode.,MoRTH,618170,Madhya Pradesh,MoRTH,214.07,214.07,0.0,40.3,0.0,15.0,-40.3,0,75,75,0,41.25,1.9440862,25.527634501457214,LOW,Schedule delay above 6 months | Low physical progress
845,RAJRAPPA RCE OCP,Ministry of Coal,400160,Jharkhand,Ministry of Coal,510.85,510.85,488.71,78.25,0.0,132.0,17.416046784770472,0,100,0,40,36.0,9.8090315,25.52361259460449,LOW,Schedule delay above 6 months
846,Construction of Shohratgarh Bypass on NH-730 under EPC mode in the State of Uttar Pradesh,MoRTH,618057,Uttar Pradesh,MoRTH,189.31,189.31,0.0,49.22,0.0,19.0,-49.22,0,75,75,0,41.25,1.9308335,25.52233338356018,LOW,Schedule delay above 6 months | Low physical progress
847,Indore Metro Rail Project,Madhya Pradesh Metro Rail Co Limited [MPMRCL],702626,Madhya Pradesh,Madhya Pradesh Metro Rail Co Limited [MPMRCL],7500.8,7500.8,4923.05,64.15,0.0,73.0,1.4836657423208237,0,100,40,0,40.0,3.7845902,25.513836145401,LOW,Schedule delay above 6 months
848,4L of Madathukulam - Pollachi from km. 74.38 to km. 116.95 of old NH-209 New NH- 83,National Highways Authority of India [NHAI],618894,Tamil Nadu,National Highways Authority of India [NHAI],1772.13,1772.13,499.6,91.84,0.0,42.0,-63.64793734094,0,100,0,0,30.0,18.755981,25.502392768859863,LOW,Schedule delay above 6 months
849,Construction of 2-Laning with Paved Shoulder of New Greenfield Alignment From Chochenpheri at Km 52000 to Helipad near Menla at Km 82000 of Rhenock-Menla Spur NH-717B Package-IIIA on EPC Basis under SARDP-NE Phase 'A' in the State of Sikkim.,NHIDCL,618448,Sikkim,NHIDCL,816.79,786.6,32.28,60.88,-3.696176495794506,34.0,-56.77626239511823,0,100,40,0,40.0,3.7188082,25.487523317337036,LOW,Schedule delay above 6 months
850,TETARIAKHAR OC,Ministry of Coal,615843,Jharkhand,Ministry of Coal,243.52,243.52,50.82,31.27,0.0,24.0,-10.401077529566358,0,75,75,0,41.25,1.8330725,25.48322904109955,LOW,Schedule delay above 6 months | Low physical progress
851,"Mariani-Jorhat, Tinsukia-Dangri and Makum -TirapTrack Electrification Project",GM/C/ NFR,706940,Assam,GM/C/ NFR,183.99,183.99,0.0,0.0,0.0,,0.0,0,50,100,0,40.0,3.6732304,25.469292163848877,LOW,Low physical progress
852,6L of Gonde Km. 439.038 to Pimpri Sado Km. 459.905 section of NH-848 Old NH-3,National Highways Authority of India [NHAI],618585,Maharashtra,National Highways Authority of India [NHAI],856.93,718.84,123.7,31.5,-16.11450176793903,7.0,-14.291719993322577,0,50,75,0,33.75,13.0456,25.46824026107788,LOW,Schedule delay above 6 months | Low physical progress
853,Thane Integral Ring Metro Rail Project,Maharashtra Metro Rail Corporation Limited [MMRCL],617327,Maharashtra,Maharashtra Metro Rail Corporation Limited [MMRCL],12200.1,12200.1,81.63,8.25,0.0,,-7.580907123712101,0,50,100,0,40.0,3.6642325,25.46569299697876,LOW,Low physical progress
854,6L Elevated Kona Expressway from Km. 0.145 to Km. 7.337 of NH-117,National Highways Authority of India [NHAI],618808,West Bengal,National Highways Authority of India [NHAI],1212.56,1203.11,302.61,37.35,-0.7793428778782119,12.0,-12.197686412713718,0,50,75,0,33.75,12.936666,25.42466640472412,LOW,Schedule delay above 6 months | Low physical progress
855,Barauni-Bachwara [16 km] - 3rd & 4th line incl. Barauni yard remodelling [32 km],East Central Railway [ECR] - I,706860,Bihar,East Central Railway [ECR] - I,645.0,645.0,47.53,56.7,0.0,14.0,-49.33100775193799,0,75,40,0,32.5,14.704432,25.38177251815796,LOW,Schedule delay above 6 months
856,Widening and strengthening to 4 lane / 2-lane with paved shoulders of Mahabubnagar - Chincholi section from km 60/255 to Km 102/834 of NH-167N in the State of Telangana on EPC mode.,MoRTH,618105,Telangana,MoRTH,631.49,631.49,92.56,30.8,0.0,13.0,-16.14260241650699,0,75,75,0,41.25,1.4888372,25.345534920692444,LOW,Schedule delay above 6 months | Low physical progress
857,Rehabilitation and upgradation to 2 lane with paved shoulder from existing chainage Km 166.100 to Km 192.98 design chainage Km 146.700 to Km 162.800 including construction of Bhimber Gali Tunnel Total Length of Tunnel 1.100 Km under 31 BRTF on Akhnoor-Poonch Roads on EPC mode NH-144A Package-VII,MoRTH,618221,"Jammu and
Kashmir",MoRTH,734.64,734.64,0.0,45.41,0.0,,-45.41,0,50,75,0,33.75,12.704751,25.331900596618652,LOW,Low physical progress
858,6-laning of Krishnagiri Km.0.000 to Walajahpet Km.148.300 section on NH-46 under NHDP-V,National Highways Authority of India [NHAI],619074,Tamil Nadu,National Highways Authority of India [NHAI],1673.17,781.74,269.61,99.99,-53.27790959675347,150.0,-65.50155115511551,0,100,0,0,30.0,18.316029,25.326411724090576,LOW,Schedule delay above 6 months
859,Gudha-Thatha Mithri Construction of Railway Track Project,North Western Railway [NWR],705752,Rajasthan,North Western Railway [NWR],819.48,967.06,400.92,94.0,18.008981305217933,0.0,-52.54238620147664,50,0,0,0,15.0,40.71796,25.28718376159668,LOW,Cost overrun above 10%
860,Rishikesh-Karnaprayag New Rail Line- 125 km,RVNL - II,705429,Uttarakhand,RVNL - II,38953.0,38953.0,28286.15,74.0,0.0,36.0,-1.3838985443996563,0,100,40,0,40.0,3.192171,25.27686846256256,LOW,Schedule delay above 6 months
861,"502 Aspirational District Scheme in Four states - Bihar, Madhya Pradesh, Rajastha and Uttar Pradesh",Department of Telecommunications [DoT],704495,"Multi-States
(Bihar, Madhya
Pradesh,
Rajasthan, Uttar
Pradesh)",Department of Telecommunications [DoT],421.65,228.94,152.96,99.0,-45.70378275821179,51.0,-32.187734777671,0,100,0,0,30.0,18.180754,25.27230167388916,LOW,Schedule delay above 6 months
862,4L of Moradabad-Thakurdwara-Kashipur Section from Km. 0.000 to Km. 38.77 of NH- 734 Pkg-II,National Highways Authority of India [NHAI],618927,Uttar Pradesh,National Highways Authority of India [NHAI],2006.82,1890.05,878.74,47.51,-5.818658374941449,9.0,-1.0170500780402634,0,50,75,0,33.75,12.386084,25.20443344116211,LOW,Schedule delay above 6 months | Low physical progress
863,Banaras Hindu University [ Kayakalp of Institute of Medical Sciences],Banaras Hindu University,606479,Uttar Pradesh,Banaras Hindu University,246.0,246.0,207.02,99.0,0.0,42.0,-14.845528455284551,0,100,0,0,30.0,17.94968,25.179872035980225,LOW,Schedule delay above 6 months
864,Widening/Improvement of existing 2-Lane road to 4-Lane Divided Highway from Sekmai to Nilakuthi section of Imphal-Kohima Road Design Chainage from Km 297700 to Km 308729 of NH-39 New NH-02 in state of Manipur on EPC mode Pkg-5B,NHIDCL,618298,Manipur,NHIDCL,211.7,211.7,227.95,90.96,0.0,41.0,16.7159565422768,0,100,0,40,36.0,8.929917,25.171966886520384,LOW,Schedule delay above 6 months | Expenditure exceeds revised project cost
865,Up-gradation of Blast Furnace No. 3 at Durgapur Steel Plant,Steel Authority of India Limited [SAIL],617246,West Bengal,Steel Authority of India Limited [SAIL],758.09,758.09,219.33,38.12,0.0,16.0,-9.188078987982957,0,75,75,0,41.25,1.0358391,25.164335638284683,LOW,Schedule delay above 6 months | Low physical progress
866,Bhopal Metro Rail Project,Madhya Pradesh Metro Rail Co Limited [MPMRCL],702625,Madhya Pradesh,Madhya Pradesh Metro Rail Co Limited [MPMRCL],6941.4,6941.4,4259.25,59.94,0.0,67.0,1.4201002679574728,0,100,40,0,40.0,2.8277004,25.131080150604248,LOW,Schedule delay above 6 months
867,Gauge Conversion of Pachora-Jamner with Extension upto Malkapur [Bodwad] [84.34 Kms],Central Railway [CR] - II,612845,Maharashtra,Central Railway [CR] - II,955.39,955.39,13.97,10.0,0.0,,-8.537769915950554,0,50,100,0,40.0,2.713507,25.085402846336365,LOW,Low physical progress
868,6L Greenfield Varanasi-Ranchi-Kolkata Highway from junction with NH-19 & Varanasi Ring Road near Rewasa village to junction with Chandauli-Chainpur road near Khainti village from Km. 0.000 to Km. 27.000 - Pkg-1,National Highways Authority of India [NHAI],618728,"Multi-States
(Bihar, Uttar
Pradesh)",National Highways Authority of India [NHAI],1433.39,1564.15,373.57,38.92,9.122430043463396,6.0,-15.036740721797784,25,25,75,0,33.75,12.047317,25.06892681121826,LOW,Low physical progress
869,Construction of six lane elevated corridor from km 7.950 Uppal to km 14.200 of NH- 163 to De-Congest the urban limits of Hyderabad-Bhoopalapatnam section on EPC mode in the state of Telangana,MoRTH,617980,Telangana,MoRTH,626.76,626.76,16.13,51.7,0.0,75.0,-49.126447124896295,0,100,40,0,40.0,2.6499305,25.059972167015076,LOW,Schedule delay above 6 months
870,Construction of 2-lane Aizawl Bypass from km 15.200 to km 34.500 Package-3 on Sairang - Phaibawk section of NH-6 in the State of Mizoram under Bharatmala Pariyojna on EPC Mode under NHO-NE,NHIDCL,618324,Mizoram,NHIDCL,720.72,720.72,0.0,15.1,0.0,,-15.1,0,50,100,0,40.0,2.6474812,25.058992505073547,LOW,Low physical progress
871,Construction of 2 Lane with paved shoulder from km 55.6 to km 90.7 existing chainages of NH-766C complete Realignment of 13.76 km with 2 major Bridges across Sharavathi Backwaters on EPC mode under Annual Plan 2022-23 in the state of Karnataka NH-766C-KNT-2022-23 dated 14.10.2022,MoRTH,618184,Karnataka,MoRTH,313.56,313.56,0.0,46.52,0.0,22.0,-46.52,0,75,75,0,41.25,0.7620045,25.054801791906357,LOW,Schedule delay above 6 months | Low physical progress
872,Chunar-Chopan doubling project,North Central Railway,617284,Uttar Pradesh,North Central Railway,1423.96,1423.96,123.09,17.0,0.0,,-8.355796511137953,0,50,100,0,40.0,2.6354814,25.054192543029785,LOW,Low physical progress
873,200 MW SPP part of 510 MW CPSU scheme,NLC India Limited [NLCIL],618991,Gujarat,NLC India Limited [NLCIL],1221.41,1221.41,64.03,0.0,0.0,,5.242301929736943,0,50,100,0,40.0,2.561058,25.024423241615295,LOW,Low physical progress
874,Construction of 2 lane with Paved Shoulder for Northern Bypass Phase-II of Kota city in the State of Rajasthan.,MoRTH,618200,Rajasthan,MoRTH,317.74,317.74,6.07,36.87,0.0,22.0,-34.95963303329766,0,75,75,0,41.25,0.635789,25.004315584897995,LOW,Schedule delay above 6 months | Low physical progress
875,"Darlipali Super Thermal Power Project, Stage-II [1x800 MW]",National Thermal Power Corporation [NTPC],619056,Odisha,National Thermal Power Corporation [NTPC],11131.0,11131.0,460.85,1.95,0.0,,2.1902389722396913,0,50,100,0,40.0,2.4871957,24.99487829208374,LOW,Low physical progress
876,Construction of 6 lane Indore western bypass from km 34000 to Km 64000 Pkg-II in the state of Madhya Pradesh on Hybrid Annuity Mode under NHO,National Highways Authority of India [NHAI],618933,Madhya Pradesh,National Highways Authority of India [NHAI],1430.56,1430.56,8.62,0.0,0.0,,0.6025612347612124,0,50,100,0,40.0,2.3706372,24.948254883289337,LOW,Low physical progress
877,C/o NITB Imphal Airport,706718,N04000100,Manipur,Airport Authority of India [AAI],499.0,499.0,201.99,50.69,0.0,29.0,-10.211042084168334,0,100,40,0,40.0,2.3500865,24.940034568309784,LOW,Schedule delay above 6 months
878,Upgradation of Sarvardewla to Pal MP/MH Border Road section of NH-347 C from Design Chainge km 81.600 to 137.400 Total length 55.80 km to two lane with paved shoulder configuration along with One time improvement of 1 .95 km in the State of Madhya Pradesh on EPC mode.,MoRTH,619007,Madhya Pradesh,MoRTH,461.23,461.23,0.0,0.0,0.0,,0.0,0,50,100,0,40.0,2.31589,24.92635601758957,LOW,Low physical progress
879,4L Ring road/bypass around Srinagar city from km 0.000 to km 42.100 Phase-I,National Highways Authority of India [NHAI],618541,"Jammu and
Kashmir",National Highways Authority of India [NHAI],2919.96,2604.76,1770.97,87.0,-10.794668420115338,29.0,-19.010242786283584,0,100,0,0,30.0,17.30066,24.92026376724243,LOW,Schedule delay above 6 months
880,DHUPTALA OC [SASTI UG TO OC ],Western Coalfields Limited [WCL],400353,Maharashtra,Western Coalfields Limited [WCL],711.01,711.01,174.62,19.02,0.0,,5.5394295438882715,0,50,100,0,40.0,2.2675562,24.90702247619629,LOW,Low physical progress
881,Improvement to two lane with paved shoulders of BH WB Border Amdabad Manihari section from design Km 0.000 to Km 23.945 of NH 131 A Total length 23.945 Km under EPC mode in the state of Bihar,MoRTH,618080,Bihar,MoRTH,353.27,353.27,0.0,3.1,0.0,,-3.1,0,50,100,0,40.0,2.2652388,24.906095504760742,LOW,Low physical progress
882,Storm water drainag Development Project,ministry of housing and urban affairs,702355,"Dadra & Nagar
Haveli and Daman
& Diu",ministry of housing and urban affairs,210.0,210.0,0.0,20.0,0.0,,-20.0,0,50,100,0,40.0,2.2533855,24.901354253292084,LOW,Low physical progress
883,Rehabilitation and Up-gradation of Pasarlapudi to Dhindi section from Km 105/170 to Km 126/510 of NH -214 New NH -216 to two lane with paved shoulder in the state of Andhra Pradesh under NHDP-IV,MoRTH,618237,Andhra Pradesh,MoRTH,263.45,263.45,151.56,98.4,0.0,72.0,-40.87105712658949,0,100,0,0,30.0,17.222063,24.88882541656494,LOW,Schedule delay above 6 months
884,"Balance work of 8 nos. of Elephant Underpasses EUPs, 1 no. of Vehicular Underpass VUP, 1 nos. of Light Vehicular Underpass LVUP, 1 nos. of Pedestrian Underpass PUP, 1 nos. of Foot Over Bridge FOB and A2 side approach of Jharpokharia Flyover at Km.215.270 in Baharagora-Singhara section of NH-49",National Highways Authority of India [NHAI],618592,Odisha,National Highways Authority of India [NHAI],320.64,244.85,33.71,18.0,-23.637100798403193,10.0,-4.2323871758219305,0,50,100,0,40.0,2.181004,24.872401654720306,LOW,Schedule delay above 6 months | Low physical progress
885,Vadodara Mumbai Expressway Jujuwa - Gandeva from Km. 154.600 to Km. 190.000 Phase-I Package-VIII,National Highways Authority of India [NHAI],618466,Gujarat,National Highways Authority of India [NHAI],3834.24,3820.2,197.13,4.85,-0.3661742613920872,8.0,0.3102010365949432,0,50,100,0,40.0,2.1547225,24.861889004707336,LOW,Schedule delay above 6 months | Low physical progress
886,Vadodara Mumbai Expressway Karvad - Jujuwa from Km. 128.000 to Km. 154.600 Phase-I Package-IX,National Highways Authority of India [NHAI],618467,Gujarat,National Highways Authority of India [NHAI],2594.17,2587.04,212.76,21.75,-0.2748470609096593,8.0,-13.525929247325127,0,50,100,0,40.0,2.0921762,24.83687049150467,LOW,Schedule delay above 6 months | Low physical progress
887,"Construction of 200 bed ESI Hospital at Bommasandra, Karnataka",Employee's State Insurance Company [ESIC],612745,Karnataka,Employee's State Insurance Company [ESIC],278.0,278.0,68.23,23.0,0.0,4.0,1.5431654676259008,0,25,100,0,32.5,13.269274,24.80770969390869,LOW,Low physical progress
888,Upgradation of Shahdol- Sagartola Section of NH 543 from km 0000 to km 69400 to 2 lane with paved shoulders under Hybrid Annuity Mode HAM in the State of Madhya Pradesh,MoRTH,618044,Madhya Pradesh,MoRTH,851.4,851.4,0.0,0.0,0.0,,0.0,0,50,100,0,40.0,1.9794283,24.791771352291107,LOW,Low physical progress
889,4L Spur of Meerut-Garh-Mukteshwar section connecting NH-119 and NH-58 bypassing Meerut Town of NH 709 A,National Highways Authority of India [NHAI],618761,Uttar Pradesh,National Highways Authority of India [NHAI],991.89,977.73,815.91,95.22,-1.4275776547802648,17.0,-11.770581448866253,0,75,0,0,22.5,28.203163,24.781265258789062,LOW,Schedule delay above 6 months
890,Upgradation to Two Lane with Paved Shoulders from Km 0.000 to Km 41.920 Green Field Alignment of Gowrelly to Valigonda Section of NH-930P in the State of Telangana on EPC Mode under Annual Plan 2022-23,MoRTH,619009,Telangana,MoRTH,690.33,690.33,0.0,0.0,0.0,,0.0,0,50,100,0,40.0,1.9219445,24.768777787685394,LOW,Low physical progress
891,Mahan Transmission Limited,Adani Transmission Limited,619024,Madhya Pradesh,Adani Transmission Limited,3125.32,3125.32,286.79,17.0,0.0,,-7.823659657251097,0,50,100,0,40.0,1.8856758,24.754270315170288,LOW,Low physical progress
892,4 Lane with PS from Des. Ch 89.900 to Des. Ch. 136.100 of Belgaum-Hungund- Raichur Section of NH-748A Package-3,National Highways Authority of India [NHAI],618650,Karnataka,National Highways Authority of India [NHAI],1363.9,1219.62,115.76,19.25,-10.578488158955947,8.0,-9.758519046916252,0,50,100,0,40.0,1.8734567,24.74938267469406,LOW,Schedule delay above 6 months | Low physical progress
893,Construction of Four Lane Highway from Ghazipur- Ballia-UP/Bihar State Border Greenfield section of NH-31 Package II [from Shahapur km 42.500 to Pindari km 78.150] on EPC Mode in the state of Uttar Pradesh.,National Highways Authority of India [NHAI],618884,Uttar Pradesh,National Highways Authority of India [NHAI],1493.65,1311.44,705.07,95.5,-12.198975663642756,10.0,-41.73696089794424,0,50,0,0,15.0,39.361706,24.74468231201172,LOW,Schedule delay above 6 months
894,Rehabilitation and Up-gradation of Dhindi - Digamarru section from Km 126/510 to Km 135/740 of NH -214New NH -216 and digamarru -Losari section from Km 0/000 tp Km 34/230 of NH-214 ANew Nh-216 to two lane with paved shoulder in the state of AP- NH,MoRTH,618236,Andhra Pradesh,MoRTH,316.06,288.76,220.75,100.0,-8.637600455609698,66.0,-23.55243108463776,0,100,0,0,30.0,16.829092,24.731637001037598,LOW,Schedule delay above 6 months
895,700 MW Tato-II HE Project,North Eastern Electric Power Corporation Limited,611716,Arunachal Pradesh,North Eastern Electric Power Corporation Limited,8146.21,8146.21,243.25,6.41,0.0,,-3.423948817916553,0,50,100,0,40.0,1.7659802,24.706392109394073,LOW,Low physical progress
896,Construction of Kishtwar bypass with 2 lane with paved shoulder from Design Km. 80.675 Dulhasti to km 95.550 Bandarkoot of 14.88 km & a link road to Kishtwar town from 0000 to 1.871 of length1.871 Km on Khellani - Kishtwar - Chattroo section in UT of Jammu and Kashmir on EPC Mode Pkg-4,NHIDCL,618399,"Jammu and
Kashmir",NHIDCL,859.67,859.67,308.95,50.05,0.0,46.0,-14.111791152418943,0,100,40,0,40.0,1.7288264,24.691530585289,LOW,Schedule delay above 6 months
897,Rehabilitation and Upgradation to Two lanes with Paved Shoulders configuration and Strengthening from Km 175.00 to Km 196.00 Gumkhal to Satpuli of NH-119 New NH- 534 in the State of Uttarakhand under NHO Annual Plan 2021-22 under EPC mode,MoRTH,618040,Uttarakhand,MoRTH,452.81,452.81,0.0,42.0,0.0,,-42.0,0,50,75,0,33.75,11.084018,24.68360710144043,LOW,Low physical progress
898,Road Safety Improvement of Critical Junctions on MuzaffarnagarHaridwar Section of NH-334 from Km 143000 to Km 196000,National Highways Authority of India [NHAI],618886,"Multi-States (Uttar
Pradesh,
Uttarakhand)",National Highways Authority of India [NHAI],238.66,0.1,11.65,11.12,-99.95809938825109,0.0,11638.88,0,0,100,100,40.0,1.6716331,24.6686532497406,LOW,Low physical progress | Expenditure is significantly ahead of physical progress | Expenditure exceeds revised project cost
899,KARO EXPANSION OCP,Ministry of Coal,400074,Jharkhand,Ministry of Coal,908.47,908.47,289.45,23.57,0.0,,8.29126124142789,0,50,100,0,40.0,1.6559932,24.66239732503891,LOW,Low physical progress
900,Construction of 4 Nos Grade separtor between km. 281.000 to km. 307.600 km. 286.400 kumhari km. 299.000 Transport Nagar km. 302.000 Power House km. 304.000 Chandra Moura Chowk to km. 305.000 supeia of NH-53 old NH-06 Raipur - Durg 4 Lane on EPC mode in the state of chhattisgarh job NO. NH-53old NH-06 CG- 2017-18-56,MoRTH,617919,Chhattisgarh,MoRTH,349.03,349.03,0.0,97.9,0.0,55.0,-97.9,0,100,0,0,30.0,16.654522,24.661808967590332,LOW,Schedule delay above 6 months
901,North East Gas Grid,Ministry of Petroleum & Natural Gas,701346,"Multi-States
(Arunachal
Pradesh, Assam,
Manipur,
Meghalaya,
Mizoram,
Nagaland, Sikkim,
Tripura, West
Bengal)",Ministry of Petroleum & Natural Gas,9265.0,9265.0,6877.97,87.6,0.0,28.0,-13.363950350782517,0,100,0,0,30.0,16.632236,24.652894496917725,LOW,Schedule delay above 6 months
902,Transmission Scheme for integration of Davanagere/ Chitradurga and Bellary REZ in Karnataka [POWERGRID Chitradurga Bellary REZ Transmission Limited],Power Grid Corporation of India Limited [POWERGRID],617184,Karnataka,Power Grid Corporation of India Limited [POWERGRID],3453.0,3453.0,414.36,13.41,0.0,,-1.4099999999999984,0,50,100,0,40.0,1.6256224,24.65024894475937,LOW,Low physical progress
903,Four laning of Agra-Aligarh Section from Km. 0.000 Junction of NH-34 Aligarh Km 144.60 to Km. 28.000 near Asroi village in Hathras of NH-509 Package-I,National Highways Authority of India [NHAI],618768,Uttar Pradesh,National Highways Authority of India [NHAI],1309.08,1309.08,0.0,0.0,0.0,8.0,0.0,0,50,100,0,40.0,1.6201109,24.64804434776306,LOW,Schedule delay above 6 months | Low physical progress
904,RPR OF BHANEGAON OC,Western Coalfields Limited [WCL],615918,Maharashtra,Western Coalfields Limited [WCL],405.2,405.2,35.03,15.95,0.0,,-7.304886475814412,0,50,100,0,40.0,1.6090715,24.64362859725952,LOW,Low physical progress
905,JHANJRA EXPANSION UG,Eastern Coal Fields Limited [ECL],400312,West Bengal,Eastern Coal Fields Limited [ECL],1210.12,1210.12,619.6,45.48,0.0,,5.721533732191851,0,50,75,0,33.75,10.967414,24.63696575164795,LOW,Low physical progress
906,Construction of 2-lane with hard shoulder of Kohima - Jessami road on NH-29 Old NH- 150 from existing Km 30.474 Near Kidwema road Chakahabama to existing Km 53.220 Near Kikruma Village Design Km 29.60 to Km 51.50 Design length-21.90 Km in the state of Nagaland Under Bharatmala Pariyojna on EPC Mode under NHO Package-II -Balance work,NHIDCL,618297,Nagaland,NHIDCL,355.79,355.79,0.0,40.88,0.0,11.0,-40.88,0,50,75,0,33.75,10.945639,24.628255367279053,LOW,Schedule delay above 6 months | Low physical progress
907,GHONSA EXPANSION DEEP OC MINE,Western Coalfields Limited [WCL],615914,Maharashtra,Western Coalfields Limited [WCL],184.71,184.71,15.72,12.83,0.0,,-4.31936170212766,0,50,100,0,40.0,1.5519377,24.62077510356903,LOW,Low physical progress
908,"Construction of 100 bed ESI Hospital and Staff Quarters [32 Nos.] at Harohalli, Karnataka",Employee's State Insurance Company [ESIC],612748,Karnataka,Employee's State Insurance Company [ESIC],150.92,150.92,6.76,10.0,0.0,,-5.520805724887357,0,50,100,0,40.0,1.5416951,24.616678059101105,LOW,Low physical progress
909,KUSMUNDA OC EXPANSION PROJECT,SECL - CIL,617287,Chhattisgarh,SECL - CIL,4516.88,4516.88,817.06,22.0,0.0,,-3.910965090947734,0,50,100,0,40.0,1.5368148,24.614725947380066,LOW,Low physical progress
910,Taranga Hill-Abu Road via Ambaji,North Western Railway [NWR],400022,"Multi-States
(Gujarat,
Rajasthan)",North Western Railway [NWR],2798.0,2798.0,2439.32,37.0,0.0,0.0,50.180843459614024,0,0,75,100,33.75,10.8894415,24.6057767868042,LOW,Low physical progress | Expenditure is significantly ahead of physical progress
911,Construction of 2-laning with hard shoulder configuration of Chhumkhum to Tlabung from Design Chainage Km 37.420 to Km 74.950 of NH-302 in Mizoram under Bharatmala Pariyojana on EPC mode [Pkg-B],NHIDCL,618363,Mizoram,NHIDCL,740.58,740.58,430.45,61.34,0.0,47.0,-3.216637230278984,0,100,40,0,40.0,1.4931115,24.59724462032318,LOW,Schedule delay above 6 months
912,System Strengthening at Koppal-II and GadagII for integration of RE generation projects [SPV Name POWERGRID Koppal Gadag Augmentation Transmission Limited],Power Grid Corporation of India Limited [POWERGRID],616672,Karnataka,Power Grid Corporation of India Limited [POWERGRID],1354.0,1354.0,270.8,22.5,0.0,,-2.5,0,50,100,0,40.0,1.4819989,24.592799603939056,LOW,Low physical progress
913,SONEPUR BAZARI EXPANSION OCP [,Eastern Coal Fields Limited [ECL],400315,West Bengal,Eastern Coal Fields Limited [ECL],5365.88,5365.88,623.88,18.47,0.0,,-6.843202531551208,0,50,100,0,40.0,1.4620292,24.584811687469482,LOW,Low physical progress
914,Construction of 4-Laning of West Serawlg-Sairang section of NH-6 from Existing Chainage km 142000 to km 158900 Design Chainage km 123400 to km 136260 on Silchar - Vairengte - Sairang road in the State of Mizoram under Bharatmala Pariyojna on EPC mode under NHO-NE Package-8,NHIDCL,618321,Mizoram,NHIDCL,875.79,875.79,0.0,13.95,0.0,,-13.95,0,50,100,0,40.0,1.4488491,24.5795396566391,LOW,Low physical progress
915,"Metro connectivity from Millennium City Centre to Cyber City with Spur to Dwarka Expressway, Gurugram.",Gurugram Metro Rail Limited [GMRL],619022,Haryana,Gurugram Metro Rail Limited [GMRL],5452.72,5452.72,92.12,0.0,0.0,,1.689432063263839,0,50,100,0,40.0,1.4218167,24.56872671842575,LOW,Low physical progress
916,Pipeline Replacement Project- PRP-IX,Ministry of Petroleum & Natural Gas,619314,Offshore,Ministry of Petroleum & Natural Gas,6175.0,6175.0,520.71,11.3,0.0,,-2.8674493927125493,0,50,100,0,40.0,1.4199419,24.567976772785187,LOW,Low physical progress
917,Doubling of Guntur Bibinagar 239 Km,South Central Railway [SCR] - II,617211,"Multi-States
(Andhra Pradesh,
Telangana)",South Central Railway [SCR] - II,2853.23,2853.23,348.95,2.5,0.0,,9.72999898360805,0,50,100,0,40.0,1.3512022,24.54048091173172,LOW,Low physical progress
918,"Construction & Upgradation to 2-lane with paved shoulder from Design Ch. Km 51700 at Premnagar km 66315 to Km 66535 New Thatri at Start of Km 83rd, Tunnel Km 82665 of 14.835 Km design length on Chenani-Sudhmahadev-Goha Khellani- Kishtwar-Vailoo Donipawa-Ashajipora section of NH-244 in the UT of J&K on EPC Mode under NHO-Gen Pkg - 2",NHIDCL,618395,"Jammu and
Kashmir",NHIDCL,512.43,512.43,155.69,53.49,0.0,44.0,-23.10731358429444,0,100,40,0,40.0,1.3495228,24.5398091673851,LOW,Schedule delay above 6 months
919,4 Lane with PS from Des. Ch 228.500 to Des. Ch. 273.400 of Belgaum-Hungund- Raichur Section of NH 748 A Package-6,National Highways Authority of India [NHAI],618649,Karnataka,National Highways Authority of India [NHAI],1246.15,1012.78,241.66,45.8,-18.727280022469213,7.0,-21.93894429194889,0,50,75,0,33.75,10.703536,24.53141450881958,LOW,Schedule delay above 6 months | Low physical progress
920,6L access Controlled Greenfield Highway from Adhoya Musalmana to Sadopur section of Shamli -Ambala Package-III Design Ch. Form km 84.400 to km 121.786,National Highways Authority of India [NHAI],619216,"Multi-States
(Haryana, Punjab)",National Highways Authority of India [NHAI],1491.72,1122.86,644.11,71.11,-24.727160593140812,19.0,-13.746659957608244,0,75,40,0,32.5,12.532549,24.513019561767578,LOW,Schedule delay above 6 months
921,4TH LINE - BHATAPARA-HATHBAND [8.8 KM] [PB-72/NR/2022-23],SECR,709815,Chhattisgarh,SECR,177.03,177.03,4.8,16.0,0.0,11.0,-13.288595153363836,0,50,100,0,40.0,1.2760726,24.510429084300995,LOW,Schedule delay above 6 months | Low physical progress
922,Lumding Furkating Doubling Project 140 km,Northeast Frontier Railway [NFR],616701,"Multi-States
(Assam,
Nagaland)",Northeast Frontier Railway [NFR],2123.7,2123.7,121.34,10.0,0.0,,-4.2863869661439935,0,50,100,0,40.0,1.2607907,24.50431627035141,LOW,Low physical progress
923,Widening/Improvement to 4-Lane with Paved Shoulder from KM 113300 to Km 146230 Design Chainage 113830 to 145712 of Kwaram Taro Village - Dillai Section in Assam on EPC Package-6,NHIDCL,618327,Assam,NHIDCL,625.64,625.64,0.0,0.0,0.0,8.0,0.0,0,50,100,0,40.0,1.2216008,24.488640308380127,LOW,Schedule delay above 6 months | Low physical progress
924,SHARDA UG MINE,Western Coalfields Limited [WCL],615195,Madhya Pradesh,Western Coalfields Limited [WCL],166.25,166.25,5.19,9.39,0.0,,-6.268195488721805,0,50,100,0,40.0,1.1634715,24.465388596057892,LOW,Low physical progress
925,TAPIN SOUTH EXPN,Ministry of Coal,615349,Jharkhand,Ministry of Coal,230.41,230.41,22.02,22.76,0.0,,-13.203123128336443,0,50,100,0,40.0,1.1616825,24.46467301249504,LOW,Low physical progress
926,"Provision of 4G based mobile services in 7,287 uncovered villages of 44 Aspirational District across 5 states of Andhra Pradesh, Chhattisgarh, Jharkhand, Maharashtra & Odisha",Department of Telecommunications [DoT],701602,"Multi-States
(Andhra Pradesh,
Chhattisgarh,
Jharkhand,
Maharashtra,
Odisha)",Department of Telecommunications [DoT],3685.0,3685.0,1457.51,83.0,0.0,30.0,-43.44748982360923,0,100,0,0,30.0,16.124817,24.44992685317993,LOW,Schedule delay above 6 months
927,Up-gradation to 2 lane with Paved shoulder from Charbhuja at Design km 0.00 existing km 150.00 to Neechli Oden Nathdwara at Design ch. Km 88.800 existing km 55.950 of NH-162E on EPC mode.,MoRTH,618093,Rajasthan,MoRTH,838.43,838.43,55.04,0.0,0.0,,6.564650596949059,0,50,100,0,40.0,1.0556544,24.422261774539948,LOW,Low physical progress
928,SANGHMITRA OC,Ministry of Coal,400136,Jharkhand,Ministry of Coal,2660.0,2660.0,16.1,16.77,0.0,,-16.164736842105263,0,50,100,0,40.0,1.0479223,24.419168919324875,LOW,Low physical progress
929,RATLAM- DUNGARPUR VIA BANSWARA NEW LINE PROJECT,North Western Railway [NWR],617406,"Multi-States
(Madhya Pradesh,
Rajasthan)",North Western Railway [NWR],2417.24,2417.24,7.19,8.0,0.0,,-7.702553325280071,0,50,100,0,40.0,1.0376772,24.415070861577988,LOW,Low physical progress
930,Kazipet Wagon Overhauling Project,RVNL,705252,Telangana,RVNL,385.0,385.0,0.0,0.0,0.0,,0.0,0,50,100,0,40.0,1.0276897,24.41107589006424,LOW,Low physical progress
931,IMC at Prayagraj,National Industrial Corridor Development Corporation,707419,Uttar Pradesh,National Industrial Corridor Development Corporation,658.0,658.0,0.0,6.5,0.0,,-6.5,0,50,100,0,40.0,1.0191299,24.407651960849762,LOW,Low physical progress
932,Sardega -Bhalumuda New Double line [37.24 Km],SECR,617390,"Multi-States
(Chhattisgarh,
Odisha)",SECR,1281.81,1281.81,128.07,4.0,0.0,,5.991340370257683,0,50,100,0,40.0,1.0122702,24.40490809082985,LOW,Low physical progress
933,Delhi Metro Rail Phase V A,Delhi Metro Rail Corporation Limited [DMRC],619031,Delhi,Delhi Metro Rail Corporation Limited [DMRC],12014.91,12014.9,17.4,5.34,-8.322992015935432e-05,,-5.195179818392163,0,50,100,0,40.0,1.0094584,24.40378338098526,LOW,Low physical progress
934,Construction of 6 lane Indore western bypass from km 0000 to Km 34000 Pkg -l in the State of Madhya Pradesh on Hybrid Annuity Mode under NHO,National Highways Authority of India [NHAI],618932,Madhya Pradesh,National Highways Authority of India [NHAI],1534.7,1472.68,307.46,10.07,-4.041180686779174,0.0,10.807583724909689,0,0,100,40,31.0,14.494369,24.39774761199951,LOW,Low physical progress
935,Estimate for Improvement to two lane with paved shoulder from Ramnagar to Roseda from km 3.500 to 43.000 of NH 527 E on EPC mode in State of Bihar,MoRTH,618146,Bihar,MoRTH,495.16,495.16,0.0,33.0,0.0,12.0,-33.0,0,50,75,0,33.75,10.357584,24.393033504486084,LOW,Schedule delay above 6 months | Low physical progress
936,DIPKA EXPANSION OCP [40 MTY],South Eastern Coalfields Limited [SECL],400354,Chhattisgarh,South Eastern Coalfields Limited [SECL],5241.4,5241.4,2910.11,38.0,0.0,,17.52161636204068,0,50,75,40,39.75,1.338038,24.38521519899368,LOW,Low physical progress
937,Rehabilitation and upgradation to 2 lane / 2 lane with paved shoulder configuration for design chainage km 107.347 to km 129.208 & km 133.878 to km 138.570 existing chainage km 110.000 to km 133.020 & km 137.330 to km 142.028 and land slide treatment at existing km 138.500 Design chainage km 134.970 of NH -94 on EPC mode under improvement to NH connectivity to Chardham in the state of Uttarakhand.,MoRTH,618214,Uttarakhand,MoRTH,346.5,346.5,0.0,100.0,0.0,35.0,-100.0,0,100,0,0,30.0,15.9517765,24.38071060180664,LOW,Schedule delay above 6 months
938,Construction of Balance work of 2-Lane with PS of Joram Koloriang Road from existing Km122.600 to km138.00 [Design Km108.724 to Km123.714] in Arunachal Pradesh on EPC Mode under SARDP-NE Pkg-7,NHIDCL,618433,Arunachal Pradesh,NHIDCL,184.89,184.89,0.0,99.69,0.0,48.0,-99.69,0,100,0,0,30.0,15.945601,24.37824058532715,LOW,Schedule delay above 6 months
939,Delhi Metro Rail Phase-IV [2 Corridors],Delhi Metro Rail Corporation Limited [DMRC],617207,Delhi,Delhi Metro Rail Corporation Limited [DMRC],8399.81,8399.81,94.53,3.64,0.0,,-2.514617402060285,0,50,100,0,40.0,0.94291794,24.37716719508171,LOW,Low physical progress
940,4-Laning of Jamugurihat to end of Biswanath Chariali By-Pass from Km 182.000 to Km 208.000 of NH-52 on EPC mode in state of Assam under SARDP-NE,NHIDCL,618436,Assam,NHIDCL,599.0,599.0,405.02,100.0,0.0,73.0,-32.38397328881469,0,100,0,0,30.0,15.939206,24.37568235397339,LOW,Schedule delay above 6 months
941,Construction of 4-Laning of N. Kawnpui N. Mualvum Mualkhang via Khamrang Village section Package-7 of NH-6 from Existing Chainage km 127200 to km 142000 Design Chainage km 111850 to km 123400 on Silchar - Vairengte - Sairang road in the State of Mizoram on EPC mode,NHIDCL,618320,Mizoram,NHIDCL,866.32,866.32,0.0,18.9,0.0,,-18.9,0,50,100,0,40.0,0.93227893,24.37291157245636,LOW,Low physical progress
942,Widening of Existing Road from Intermediate Lane 2-lane to 4-lane Between Km 19.994 to Km 35.180 of NH-848A Rakholi-Khadoli-Velugam Section in U.T. of Dadra and Nagar Haveli and Daman and Diu,MoRTH,619183,"Dadra & Nagar
Haveli and Daman
& Diu",MoRTH,198.06,239.57,73.03,52.0,20.958295466020395,,-21.51621655466043,50,50,40,0,40.0,0.93196535,24.37278613448143,LOW,Cost overrun above 10%
943,Augmentation and Strenghthning of Urban Water Supply Phase 1 - SAAP 3,Ministry of Housing & Urban Affairs,702746,Jharkhand,Ministry of Housing & Urban Affairs,278.28,278.28,186.5,81.0,0.0,39.0,-13.981170044559434,0,100,0,0,30.0,15.913192,24.36527681350708,LOW,Schedule delay above 6 months
944,Phase B Construction of Permanent Campus of IIT Bhilai,"Indian Institute of Technology, Bhilai",617877,Chhattisgarh,"Indian Institute of Technology, Bhilai",1188.97,1188.97,0.0,0.0,0.0,,0.0,0,50,100,0,40.0,0.9016751,24.360670059919357,LOW,Low physical progress
945,Rehabilitation and upgrading to two lanes with paved shoulders and Strengthening of Kotdwar-Pauri-Srinagar road section from Km 232.00 to 274.470 on NH-119 New 534 Paidul to Srinagar in the State of Uttarakhand on EPC Mode under NHO Annual Plan 2021-22.,MoRTH,618041,Uttarakhand,MoRTH,299.31,299.31,0.0,2.0,0.0,,-2.0,0,50,100,0,40.0,0.8976482,24.359059303998947,LOW,Low physical progress
946,Construction of New BG line between Hassan [Alur] to Belur [ Km 27.34],South Western Railway [SWR] - II,705762,Karnataka,South Western Railway [SWR] - II,748.86,748.86,1.15,0.3,0.0,8.0,-0.1464332451993697,0,50,100,0,40.0,0.8846147,24.3538458943367,LOW,Schedule delay above 6 months | Low physical progress
947,Transmission System for Reliable Power Supply to Dholera,Power Grid Corporation of India Limited [POWERGRID],619029,Gujarat,Power Grid Corporation of India Limited [POWERGRID],319.42,319.42,51.1,18.0,0.0,9.0,-2.002254085530023,0,50,100,0,40.0,0.8697695,24.347907811403275,LOW,Schedule delay above 6 months | Low physical progress
948,Stamp Charge Battery No.12 Battery Proper at IISCO Steel Plant,Steel Authority of India Limited [SAIL],617338,West Bengal,Steel Authority of India Limited [SAIL],2518.39,2518.39,375.65,22.5,0.0,,-7.583724125334042,0,50,100,0,40.0,0.8679259,24.34717035293579,LOW,Low physical progress
949,SETTING UP OF PHYSICAL INFRASTRUCTURE FOR THE NATIONAL INSTITUTE OF COMMUNICATION FINANCE [NICF] AT GHITORNI,National Communication Academy - Finance [Erstwhile NICF],709859,Delhi,National Communication Academy - Finance [Erstwhile NICF],248.2,248.2,237.39,98.0,0.0,76.0,-2.355358581788878,0,100,0,0,30.0,15.867728,24.34709119796753,LOW,Schedule delay above 6 months
950,Grade separated Interchanges at Km. 113.730 junction with Ranchi Hazaribagh Road & Km. 139.225 junction with Ranchi Jamshedpur road on 4L Ranchi Bypass of NH-33,National Highways Authority of India [NHAI],618737,Jharkhand,National Highways Authority of India [NHAI],303.53,5.58,3.16,0.0,-98.16163146970644,0.0,56.63082437275986,0,0,100,100,40.0,0.852512,24.341004818677902,LOW,Low physical progress | Expenditure is significantly ahead of physical progress
951,"Construction of One Tower of Office Complex and another Tower of Residential quarters consisting of 10Nos. Type-V, 10Nos. Type-VI & 1No.Type-VII Quarters i/c internal water supply, sanitary installation and all development and bulk services, Horticulture works on EPC Mode-I basis i/c comprehensive operation and maintenance of Civil, E&M services for 7 years after completion of original construction work for Ranga Reddy, Secunderabad, Medchal, AuditI, Audit-II Commissionerates of Central Tax at Khajaguda, Serilingampally, Hyderabad.",Central Public Works Department - CPWD,617412,Telangana,Central Public Works Department - CPWD,644.0,644.0,161.57,21.0,0.0,,4.088509316770185,0,50,100,0,40.0,0.84603345,24.338413387537003,LOW,Low physical progress
952,Naupada-Gunupur - New line upto Theruvali [73.62 km],Indian Railway,616839,Odisha,Indian Railway,1165.89,1165.89,0.0,0.0,0.0,,0.0,0,50,100,0,40.0,0.82582355,24.330329418182373,LOW,Low physical progress
953,Dindigul Bypass - Samyanallore from km. 373.275 to km. 426.00,National Highways Authority of India [NHAI],618562,Tamil Nadu,National Highways Authority of India [NHAI],579.0,295.5,1.4,100.0,-48.96373056994819,,-99.52622673434855,0,50,0,0,15.0,38.325783,24.330313682556152,LOW,No major rule-based risk indicator detected
954,Kosamba Umarpada 70 Km,PCE/WR,611918,Gujarat,PCE/WR,468.0,468.0,44.62,9.0,0.0,,0.5341880341880341,0,50,100,0,40.0,0.80836105,24.323344439268112,LOW,Low physical progress
955,PUSHKAR- MERTA CITY NEW LINE,North Western Railway [NWR],616841,Rajasthan,North Western Railway [NWR],799.64,799.64,131.75,8.0,0.0,,8.476164273923267,0,50,100,0,40.0,0.8034882,24.32139527797699,LOW,Low physical progress
956,Delhi Metro Rail Phase-IV [Rithala - Kundli Corridor],Delhi Metro Rail Corporation Limited [DMRC],617206,"Multi-States (Delhi,
Haryana)",Delhi Metro Rail Corporation Limited [DMRC],6230.99,6230.99,72.98,0.0,0.0,,1.1712424510390804,0,50,100,0,40.0,0.7981446,24.319257825613022,LOW,Low physical progress
957,Construction of byepass around Lohardaga town of NH-143A in the Sate of Jharkhand under EPC mode.,MoRTH,618083,Jharkhand,MoRTH,458.78,458.78,0.0,3.0,0.0,8.0,-3.0,0,50,100,0,40.0,0.7783887,24.311355471611023,LOW,Schedule delay above 6 months | Low physical progress
958,Kosamba Umarpada GC PROJECT,Ministry of Railways-,616983,Gujarat,Ministry of Railways-,467.58,467.58,70.54,16.0,0.0,,-0.9138115402711816,0,50,100,0,40.0,0.7650391,24.306015640497208,LOW,Low physical progress
959,Widening to 2-lane with Hard Shoulder configuration of Mana Ch. 0.00 to Mana Pass Ch. 50.987 road on NH-07 under Bharatmala Pariyojna in the state of Uttarakhand under Annual Plan 2022-23 length 50.987,MoRTH,618207,Uttarakhand,MoRTH,573.96,573.96,0.0,20.78,0.0,12.0,-20.78,0,50,100,0,40.0,0.7483641,24.299345642328262,LOW,Schedule delay above 6 months | Low physical progress
960,4th line between Nipania Bhatapara 14.4 Km,South East Central Railway [SECR] - II,612815,Chhattisgarh,South East Central Railway [SECR] - II,170.49,170.49,9.56,15.0,0.0,,-9.392632999002874,0,50,100,0,40.0,0.7334087,24.293363481760025,LOW,Low physical progress
961,GOOTY-PENDEKALLU DOUBLING 29.225 Km,South Central Railway [SCR] - II,611752,Andhra Pradesh,South Central Railway [SCR] - II,351.83,351.83,330.25,3.03,0.0,0.0,90.83635591052496,0,0,100,100,40.0,0.72833073,24.29133230447769,LOW,Low physical progress | Expenditure is significantly ahead of physical progress
962,Pune Metro Rail Project Phase-2 Line-4 Kharadi to Khadakwasla with Spur Line 4A Nal Stop - Warje - Manikbaug,Maharashtra Metro Rail Corporation Limited [MMRCL],618985,Maharashtra,Maharashtra Metro Rail Corporation Limited [MMRCL],9857.85,9857.85,3.94,0.48,0.0,,-0.4400318527873725,0,50,100,0,40.0,0.7252481,24.2900992333889,LOW,Low physical progress
963,RPR FOR RAMPUR BATURA OCP,SECL - CIL,619053,Madhya Pradesh,SECL - CIL,1604.69,1604.69,74.71,0.3,0.0,,4.355727897600159,0,50,100,0,40.0,0.71313584,24.285254329442978,LOW,Low physical progress
964,EPR ROHINI - KARKETTA OCP,Ministry of Coal,400153,Jharkhand,Ministry of Coal,1020.42,1020.42,84.94,22.84,0.0,,-14.51597655867192,0,50,100,0,40.0,0.711829,24.284731596708298,LOW,Low physical progress
965,Widening/Improvement to 2-Lane Lane with Paved Shoulder from km 16900 Bogapani to km 27150 Golai Goan on existing Dibrugarh to Ledo section with proposed Digboi Bypass Green Field and Brownfield 2-LanePS of NH-315 OLD NH-38 in Tinsukia District under NHO- NE Package-4,NHIDCL,618339,Assam,NHIDCL,356.65,356.65,0.0,20.45,0.0,,-20.45,0,50,100,0,40.0,0.69780153,24.2791206240654,LOW,Low physical progress
966,Transmission System for evacuation of power from Mahan Energen Limited Generating Station in Madhya Pradesh [SPV Name - POWERGRID MEL Power Transmission Limited],Power Grid Corporation of India Limited [POWERGRID],617279,Madhya Pradesh,Power Grid Corporation of India Limited [POWERGRID],558.0,558.0,50.22,9.75,0.0,,-0.75,0,50,100,0,40.0,0.68888944,24.275555789470673,LOW,Low physical progress
967,Kalyan-Dombivali Water Supply Infrastructure Project,Ministry of Housing & Urban Affairs,702833,Maharashtra,Ministry of Housing & Urban Affairs,194.2,194.2,136.56,75.0,0.0,32.0,-4.680741503604523,0,100,0,0,30.0,15.6811905,24.272476196289062,LOW,Schedule delay above 6 months
968,Muzaffarpur-Sugauli,East Central Railway [ECR] - I,705528,Bihar,East Central Railway [ECR] - I,1586.0,1586.0,1494.93,99.0,0.0,24.0,-4.742118537200497,0,75,0,0,22.5,26.912025,24.26481056213379,LOW,Schedule delay above 6 months
969,Augmentation of Transformation Capacity at KPS1 [GIS] and KPS2 [GIS] [Phase-V Part B1 and Part B2 Scheme] [SPV Name- POWERGRID KPS1 and 2 Augmentation Transmission Limited],Power Grid Corporation of India Limited [POWERGRID],617069,Gujarat,Power Grid Corporation of India Limited [POWERGRID],466.0,466.0,93.2,22.5,0.0,,-2.5,0,50,100,0,40.0,0.66166747,24.264667004346848,LOW,Low physical progress
970,Maintenance cum workshop depot for Vande Bharat Sleeper Trains as per conditions under WTA 527,WPO/Patna,611929,Rajasthan,WPO/Patna,166.86,166.86,0.0,0.0,0.0,,0.0,0,50,100,0,40.0,0.65127677,24.260510712862015,LOW,Low physical progress
971,Construction and Developement of National Institute of Technology Meghalaya Permanent Campus at Sohra,"National Institute of Technology, Meghalaya",612885,Meghalaya,"National Institute of Technology, Meghalaya",494.52,429.7,368.98,95.0,-13.10765995308582,55.0,-9.130788922504069,0,100,0,0,30.0,15.649708,24.259883403778076,LOW,Schedule delay above 6 months
972,Surface triangle line bet. Bhadura stn and new crossing stn Karma,East Central Railway [ECR] - I,617333,Uttar Pradesh,East Central Railway [ECR] - I,199.96,199.96,5.19,0.5,0.0,,2.095519103820764,0,50,100,0,40.0,0.63710797,24.254843205213547,LOW,Low physical progress
973,Sawai Madhopur-Jaipur Railway Line Project,North Western Railway [NWR],705912,Rajasthan,North Western Railway [NWR],1203.89,1203.89,207.11,19.0,0.0,,-1.7966010183654646,0,50,100,0,40.0,0.635278,24.25411120057106,LOW,Low physical progress
974,4-laning of Pilibhit - Sitarganj from Km. 32.500 to Km. 70.800 Pkg-2 of NH-30,National Highways Authority of India [NHAI],618783,"Multi-States (Uttar
Pradesh,
Uttarakhand)",National Highways Authority of India [NHAI],1471.19,1471.19,416.11,35.2,0.0,10.0,-6.916093774427505,0,50,75,0,33.75,9.999291,24.24971652030945,LOW,Schedule delay above 6 months | Low physical progress
975,100 MW SPP part of SECI 150 MW Hybrid,NLC India Limited [NLCIL],618992,Gujarat,NLC India Limited [NLCIL],480.68,480.68,2.62,1.2,0.0,,-0.6549388366480818,0,50,100,0,40.0,0.61431384,24.2457255423069,LOW,Low physical progress
976,Varanasi-Pt. Deen Dayal Upadhyaya multitracking 15km including construction of new Rail-cum-Road Bridge across Ganga River.,Northern Railways,617213,Uttar Pradesh,Northern Railways,2464.46,2464.46,59.82,2.42,0.0,,0.0073065904904119,0,50,100,0,40.0,0.59649014,24.238596066832542,LOW,Low physical progress
977,4L of Sonauli - Gorakhpur,National Highways Authority of India [NHAI],618798,Uttar Pradesh,National Highways Authority of India [NHAI],2555.5,2275.43,1247.39,84.0,-10.959499119546082,15.0,-29.18003190605731,0,75,0,0,22.5,26.840582,24.23623275756836,LOW,Schedule delay above 6 months
978,4L PS from near Yalachahalli village KR Nagara - Yelawala Road junction to Srirangapatna Bypass Near Paschima Vahini from km 195.550 to Km 214.535 of NH- 275 Pkg-V,National Highways Authority of India [NHAI],618873,Karnataka,National Highways Authority of India [NHAI],1272.71,1203.2,97.43,13.05,-5.461574121363075,6.0,-4.952426861702127,0,25,100,0,32.5,11.821507,24.22860288619995,LOW,Low physical progress
979,Transmission system for evacuation of Power from REZ in Rajasthan [20 GW] under phase-III Part-D Phase-II,Power Grid Corporation of India Limited [POWERGRID],615336,Delhi,Power Grid Corporation of India Limited [POWERGRID],284.0,284.0,22.72,7.75,0.0,10.0,0.25,0,50,100,0,40.0,0.56487393,24.225949570536613,LOW,Schedule delay above 6 months | Low physical progress
980,"2-laning of Zorinpui - Longmasu section of NH-502A from km 0.000 to km 28.244 in the State of Mizoram on EPC mode under NHO-NE, stretch of IMBR",NHIDCL,618452,Mizoram,NHIDCL,781.85,781.85,20.64,4.71,0.0,7.0,-2.070107437488009,0,50,100,0,40.0,0.5618241,24.224729642271996,LOW,Schedule delay above 6 months | Low physical progress
981,CHUPERBHITA SIMLONG OCP MDO 6,Eastern Coal Fields Limited [ECL],616225,Jharkhand,Eastern Coal Fields Limited [ECL],979.08,979.08,0.0,0.05,0.0,,-0.05,0,50,100,0,40.0,0.56068635,24.224274545907974,LOW,Low physical progress
982,"lmprovement and Widening to 2 lane with paved Shoulder of NH-15 old NH-52 from Existing Km 770.600 Design Km 24.819 to Existing km 805.750 Design Km 59.885 Kamlang T-Junction to Chowkham, Existing Length 35.150 Km, Design Length-35.066 Km in the state of Arunachal Pradesh on EPC mode Pkg-2",NHIDCL,619014,Arunachal Pradesh,NHIDCL,316.73,316.73,0.0,0.0,0.0,,0.0,0,50,100,0,40.0,0.5501191,24.220047637820244,LOW,Low physical progress
983,SINGHORI DEEP OC MIN 2.0 MTY,Western Coalfields Limited [WCL],615190,Maharashtra,Western Coalfields Limited [WCL],335.75,335.75,49.75,9.57,0.0,,5.247572598659717,0,50,100,0,40.0,0.5494882,24.219795271754265,LOW,Low physical progress
984,Pune Metro Phase-1 Extension line towards south from Swargate to Katraj,Maharashtra Metro Rail Corporation Limited [MMRCL],617226,Maharashtra,Maharashtra Metro Rail Corporation Limited [MMRCL],2954.53,2954.53,46.13,5.2,0.0,,-3.6386687561134936,0,50,100,0,40.0,0.5440998,24.217639923095703,LOW,Low physical progress
985,ITAPARA OCP,Eastern Coal Fields Limited [ECL],612816,West Bengal,Eastern Coal Fields Limited [ECL],929.1,929.1,71.23,8.35,0.0,,-0.6834409643741246,0,50,100,0,40.0,0.54337394,24.21734957396984,LOW,Low physical progress
986,MANIKPUR OC EXPANSION PROJECT,South Eastern Coalfields Limited [SECL],617288,Chhattisgarh,South Eastern Coalfields Limited [SECL],382.61,382.61,116.09,21.29,0.0,,9.05160110817804,0,50,100,0,40.0,0.5135037,24.205401465296745,LOW,Low physical progress
987,Redevelopment of New Delhi Railway Station and construction of associated infrastructure,Rail Land Development Authority,613785,Delhi,Rail Land Development Authority,4744.0,4744.0,257.53,3.0,0.0,,2.4285413153457,0,50,100,0,40.0,0.5129313,24.205172523856163,LOW,Low physical progress
988,4L of Chandesara to Khedakhajuriya from Km. 0.000 to - 750 & Km 0.000 to km 41.400 of NH-148NG Pkg-I,National Highways Authority of India [NHAI],618735,Madhya Pradesh,National Highways Authority of India [NHAI],909.84,976.55,436.44,99.0,7.332058383891664,24.0,-54.30797194204086,25,75,0,0,30.0,15.51182,24.20472812652588,LOW,Schedule delay above 6 months
989,Upgradation to Two lane with Paved Shoulder Configuration of Narayanpur Kasturmeta pkg-II from design ch. 48.693 to 70.453 design length21.760 Km. on NH-130D under EPC mode in the state of Chhattisgarh.,MoRTH,617972,Chhattisgarh,MoRTH,200.67,200.67,14.99,0.0,0.0,,7.469975581800966,0,50,100,0,40.0,0.510441,24.204176411032677,LOW,Low physical progress
990,Construction of Four Lane Highway from Ghazipur- Ballia-UP/Bihar State Border Greenfield section of NH-31 Package IV [from Buxur Spur of length km 17.270 on EPC Mode in the state of Uttar Pradesh.,National Highways Authority of India [NHAI],618885,Uttar Pradesh,National Highways Authority of India [NHAI],617.88,549.02,235.64,83.88,-11.144558814009194,14.0,-40.95988780008014,0,75,0,0,22.5,26.757315,24.20292568206787,LOW,Schedule delay above 6 months
991,Construction of Twin Tube Uni-directional Aizawl Bypass Tunnel of 2.5 km and its approaches of 2.1 km from km 10.600 to km 15.200 on Sarrang - Phaibawk section of NH-6 in the State of Mizoram on EPC Mode under NHO-NE Package-2,NHIDCL,618323,Mizoram,NHIDCL,1313.28,1313.28,0.0,0.0,0.0,,0.0,0,50,100,0,40.0,0.48598656,24.194394633173943,LOW,Low physical progress
992,MADANNAGAR OCP 12 MTY - MDO,SECL - CIL,619172,Chhattisgarh,SECL - CIL,1859.19,1859.19,0.45,0.0,0.0,,0.0242040888774143,0,50,100,0,40.0,0.47937772,24.191751092672348,LOW,Low physical progress
993,New Mundra Panipat Crude Oil Pipeline,Ministry of Petroleum & Natural Gas,400078,"Multi-States
(Gujarat, Haryana,
Rajasthan)",Ministry of Petroleum & Natural Gas,9028.0,9028.0,7160.82,91.4,0.0,18.0,-12.08210013291982,0,75,0,0,22.5,26.727808,24.191123008728027,LOW,Schedule delay above 6 months
994,Udgir Raavi Degloor Aadampur phata to Sagroli fata,MoRTH,617937,Maharashtra,MoRTH,809.77,809.77,0.0,0.0,0.0,,0.0,0,50,100,0,40.0,0.4698845,24.18795381486416,LOW,Low physical progress
995,RPR TAWA-III UG 0.84 MTY,Western Coalfields Limited [WCL],613804,Madhya Pradesh,Western Coalfields Limited [WCL],314.09,314.09,17.89,17.78,0.0,,-12.084180330478524,0,50,100,0,40.0,0.4605546,24.184221848845482,LOW,Low physical progress
996,Construction of two lane with paved shoulder of Ghatol Bypass from km 133.250 to km 140.950 of NH-56 old NH No. 113 on EPC mode in the State of Rajasthan.,MoRTH,619251,Rajasthan,MoRTH,170.49,170.49,0.0,0.0,0.0,,0.0,0,50,100,0,40.0,0.45952705,24.18381081521511,LOW,Low physical progress
997,TILABONI UG,Eastern Coal Fields Limited [ECL],400186,West Bengal,Eastern Coal Fields Limited [ECL],749.08,749.07,53.88,11.9,-0.0013349708976332,,-4.7070807801674075,0,50,100,0,40.0,0.45530936,24.182123750448227,LOW,Low physical progress
998,Revamping of Air Pollution Control Systems of SP-1 at Durgapur Steel Plant,Steel Authority of India Limited [SAIL],617251,West Bengal,Steel Authority of India Limited [SAIL],196.4,196.4,35.36,24.8,0.0,,-6.795926680244399,0,50,100,0,40.0,0.45342717,24.181370869278908,LOW,Low physical progress
999,Rehabilitation and upgradation of NH-167 from design km 113.900 to 154.479 Mallepally Haliya section to two lane with paved shoulders on EPC mode in the stte of Telangana,MoRTH,617994,Telangana,MoRTH,294.13,257.61,239.25,88.22,-12.41627851630231,73.0,4.652947478746938,0,100,0,0,30.0,15.4399605,24.175984382629395,LOW,Schedule delay above 6 months
1000,RPR OF VISHNUPURI UG TO OC,Western Coalfields Limited [WCL],615187,Madhya Pradesh,Western Coalfields Limited [WCL],220.62,220.62,0.0,11.2,0.0,,-11.2,0,50,100,0,40.0,0.43247557,24.17299023270607,LOW,Low physical progress
1001,Delhi University Eastern Campus at Surajmal Vihar,Delhi University,616886,Delhi,Delhi University,373.0,373.0,28.13,12.0,0.0,,-4.458445040214478,0,50,100,0,40.0,0.43209013,24.172836050391197,LOW,Low physical progress
1002,Double Chord line Between Nilaje-Kopar,CentralRailway,617364,Maharashtra,CentralRailway,338.33,205.0,24.04,24.0,-39.40827003221706,,-12.273170731707316,0,50,100,0,40.0,0.43065915,24.17226366698742,LOW,Low physical progress
1003,KOLGAON EXPANSION DEEP OC MINE,Western Coalfields Limited [WCL],615199,Maharashtra,Western Coalfields Limited [WCL],198.71,198.71,23.54,2.82,0.0,,9.026409340244577,0,50,100,0,40.0,0.422019,24.168807610869408,LOW,Low physical progress
1004,KHARSIA- NAYA RAIPUR-PARMALKASA 5th and 6th Line [278KM],CAO/C/SECR,617200,Chhattisgarh,CAO/C/SECR,7853.84,7853.84,0.64,0.0,0.0,,0.0081488800382997,0,50,100,0,40.0,0.41483608,24.165934428572655,LOW,Low physical progress
1005,Development of New Civil Enclave at Bihta,612183,-,Bihar,Airport Authority of India [AAI],1413.0,1413.0,7.64,1.28,0.0,,-0.7393064401981599,0,50,100,0,40.0,0.41429237,24.16571694612503,LOW,Low physical progress
1006,Devbhumi Dwarka [Okha] - Kanalus Doubling,Western Railway [WR] - II,618972,Gujarat,Western Railway [WR] - II,1456.77,1456.77,0.0,0.0,0.0,,0.0,0,50,100,0,40.0,0.40788394,24.16315357387066,LOW,Low physical progress
1007,Augmentation of Transformation Capacity at jam Khambhaliya PS [GIS] [SPV Name POWERGRID Jam Khambhaliya Transmission Limited],Power Grid Corporation of India Limited [POWERGRID],615342,Gujarat,Power Grid Corporation of India Limited [POWERGRID],329.0,329.0,36.19,13.5,0.0,9.0,-2.5000000000000018,0,50,100,0,40.0,0.4072537,24.162901490926743,LOW,Schedule delay above 6 months | Low physical progress
1008,Construction of Bulb line at Nabinagar Ankorah of East Central Railway,East Central Railway [ECR] - I,617231,Bihar,East Central Railway [ECR] - I,611.74,611.74,0.0,0.0,0.0,,0.0,0,50,100,0,40.0,0.38212842,24.15285137295723,LOW,Low physical progress
1009,AMLG GAURI PAUNI EXPANSION OC,Western Coalfields Limited [WCL],615916,Maharashtra,Western Coalfields Limited [WCL],1225.21,1225.21,88.88,4.21,0.0,,3.0442666155189713,0,50,100,0,40.0,0.38049138,24.152196556329727,LOW,Low physical progress
1010,LUCKNOW METRO RAIL PROJECT PHASE-1B EAST WEST CORRIDOR,Uttar Pradesh metro rail corporation [UPMRC],619052,Uttar Pradesh,Uttar Pradesh metro rail corporation [UPMRC],5801.05,5801.05,0.0,1.0,0.0,,-1.0,0,50,100,0,40.0,0.3752828,24.150113120675087,LOW,Low physical progress
1011,"Construction of Sikkim University Campus Phase-I Package-II at Yangang, South Sikkim",Sikkim University,609736,Sikkim,Sikkim University,314.06,314.06,292.0,95.0,0.0,14.0,-2.024135515506586,0,75,0,0,22.5,26.616516,24.1466064453125,LOW,Schedule delay above 6 months
1012,"Construction of Screening Plant-II for Donimalai and Kumaraswamy Iron Ore Mining Complex of NMDC Limited at Ballari Dt, Karnataka.",National Mineral Development Corporation Limited [NMDC],400121,Karnataka,National Mineral Development Corporation Limited [NMDC],1043.63,1043.63,609.8,63.1,0.0,,-4.669330126577442,0,50,40,0,25.0,22.856274,24.14250946044922,LOW,No major rule-based risk indicator detected
1013,Construction of Shopian Bypass on NH-444 taking off from existing chainage Km 36500 and re-joining at km 47588 of existing Chainage New Design Ch. From km 28000 to km 36925 as 2- lane with paved shoulder in the UT of Jammu & Kashmir on EPC mode.,MoRTH,618038,"Jammu and
Kashmir",MoRTH,224.44,224.44,0.0,3.0,0.0,,-3.0,0,50,100,0,40.0,0.35387504,24.14155001938343,LOW,Low physical progress
1014,Widening and Strengthening/Reconstruction to Two Lane with Paved Shoulder/ Two Lane with paved shoulders with service road from km 0000 to km 42250 excluding design Ch. 03220 to 04200 & 28350 to 29060 of NH-320G in the state of Jharkhand under EPC mode,MoRTH,618123,Jharkhand,MoRTH,423.18,423.18,4.11,0.0,0.0,,0.9712179214518646,0,50,100,0,40.0,0.33170003,24.132680013775826,LOW,Low physical progress
1015,Phase B of Construction of Permanent Campus of IIT Palakkad,INDIAN INSTITUTE OF TECHNOLOGY PALAKKAD,617878,Kerala,INDIAN INSTITUTE OF TECHNOLOGY PALAKKAD,1527.0,1527.0,9.8,0.0,0.0,,0.641781270464964,0,50,100,0,40.0,0.32189712,24.12875884771347,LOW,Low physical progress
1016,Flyover between Pendurthi and Simhachalam North to avoid surface crossing at Simhachalam 7.135 km PB 73 of 2023 24 NR,East Coast Railway [ECoR] - II,612827,Andhra Pradesh,East Coast Railway [ECoR] - II,183.65,183.65,14.79,15.0,0.0,,-6.946637625918868,0,50,100,0,40.0,0.32005888,24.12802354991436,LOW,Low physical progress
1017,186 MW Tato-I H E Project,North Eastern Electric Power Corporation Limited,611699,Arunachal Pradesh,North Eastern Electric Power Corporation Limited,1750.07,1750.07,73.91,5.04,0.0,,-0.8167403589570705,0,50,100,0,40.0,0.3190796,24.127631843090057,LOW,Low physical progress
1018,Network Expansion Scheme in Maharashtra for removal of Transmission constraints in Pune Region-I [765/400kV AIS Pune East],Power Grid Corporation of India Limited [POWERGRID],619227,Maharashtra,Power Grid Corporation of India Limited [POWERGRID],1420.0,1420.0,2.84,0.5,0.0,,-0.3,0,50,100,0,40.0,0.3156286,24.126251444220543,LOW,Low physical progress
1019,"STABILIZATION OF LAND SLIDE AND SLOPE PROTECTION AT KM 11.00 TO KM 11.08, 29,730 KM TO 30,060 KM, 30,400 KM TO 31,060 KM, 34,750 KM TO 35,300 KM, 38,950 KM TO 39,030 KM & 39,460 KM TO 39,540 KM TWO LOC CLUBBED, KM 40,400 TO KM 40,650, KM 43,500 KM 43,680, 52,460 RISHIKESH - DHARASU ROAD NH-94 ON EPC MODE IN THE STATE OF UTTARAKHAND. NOSE OF LAND SLIDE - 12 NOS",MoRTH,618212,Uttarakhand,MoRTH,197.26,197.26,0.0,15.06,0.0,,-15.06,0,50,100,0,40.0,0.3142267,24.125690683722496,LOW,Low physical progress
1020,Construction & Widening Including Augustmuni Bypass Ch-16.545 to Ch - 19.890 to 2L/PS from Km 16.545-Km 33.130 & 45.980 -57.975 Augustmuni to Kund & Guptkashi to Sitapur on NH 109 in UK,MoRTH,617968,Uttarakhand,MoRTH,418.89,418.89,422.72,95.0,0.0,49.0,5.914321182171946,0,100,0,0,30.0,15.310456,24.12418270111084,LOW,Schedule delay above 6 months | Expenditure exceeds revised project cost
1021,Transmission System Strengthening for integration of additional RE Potential at Davanagere [0.25 GW] and Bellary [2.75 GW],Power Grid Corporation of India Limited [POWERGRID],619228,Karnataka,Power Grid Corporation of India Limited [POWERGRID],1111.0,1111.0,5.5,1.0,0.0,,-0.504950495049505,0,50,100,0,40.0,0.30817416,24.12326966971159,LOW,Low physical progress
1022,PARASCOLE JAMBAD OCP,Eastern Coal Fields Limited [ECL],616230,West Bengal,Eastern Coal Fields Limited [ECL],1193.55,1193.55,11.42,0.22,0.0,,0.736809517824976,0,50,100,0,40.0,0.30802685,24.12321074306965,LOW,Low physical progress
1023,GAURIDEEP/GAURI CENTRAL OCP 7.,Western Coalfields Limited [WCL],615917,Maharashtra,Western Coalfields Limited [WCL],973.07,973.07,1.55,2.31,0.0,,-2.150710329164397,0,50,100,0,40.0,0.30067664,24.120270662009716,LOW,Low physical progress
1024,"Augmentation of Transformation Capacity by 3x500 MVA, 400/220 KV ICTS [6th-8th] and 1x1500 MVA, 765/400 KV ICT [4th] at Bidar PS [SPV Name- POWERGRID Bidar Augmentation Transmission Limited]",Power Grid Corporation of India Limited [POWERGRID],617068,Karnataka,Power Grid Corporation of India Limited [POWERGRID],288.0,288.0,20.16,7.2,0.0,,-0.1999999999999993,0,50,100,0,40.0,0.30054733,24.12021893262863,LOW,Low physical progress
1025,810 MW Solar Power Project - Rajasthan,NLC India Limited [NLCIL],618981,Rajasthan,NLC India Limited [NLCIL],4147.07,4147.07,224.77,0.0,0.0,,5.419971208588232,0,50,100,0,40.0,0.29980907,24.119923628866673,LOW,Low physical progress
1026,Paradeep - Badabandha 3rd & 4th Line / 18.51kms,East Coast Railway [ECoR] - II,616695,Odisha,East Coast Railway [ECoR] - II,300.15,300.15,0.89,10.5,0.0,,-10.203481592537065,0,50,100,0,40.0,0.29426363,24.117705456912518,LOW,Low physical progress
1027,Orvakal Industrial Area,NICDC,617727,Andhra Pradesh,NICDC,2786.0,2786.0,112.0,6.14,0.0,,-2.1198994974874372,0,50,100,0,40.0,0.29059806,24.116239227354527,LOW,Low physical progress
1028,Goa Airport Terminal Building Extension Project,701105,N04000095,Goa,Airport Authority of India [AAI],255.69,255.69,156.7,100.0,0.0,52.0,-38.71485001368845,0,100,0,0,30.0,15.289686,24.115874767303467,LOW,Schedule delay above 6 months
1029,Buramara-Chakulia new line [59.96 km],South Eastern Railway [SER] - I,616588,"Multi-States
(Jharkhand,
Odisha, West
Bengal)",South Eastern Railway [SER] - I,1459.13,1459.13,7.58,0.0,0.0,,0.5194876398950059,0,50,100,0,40.0,0.28486332,24.113945327699184,LOW,Low physical progress
1030,Doubling of Narkatiaganj Raxaul Sitamarhi Darbhanga & Sitamarhi Muzaffarpur 256 KM,East Central Railway [ECR] - I,617239,Bihar,East Central Railway [ECR] - I,4079.95,4079.95,2.67,0.0,0.0,,0.0654419784556183,0,50,100,0,40.0,0.2826408,24.11305632442236,LOW,Low physical progress
1031,KOLARPIMPRI EXPANSION OC [2.5,Western Coalfields Limited [WCL],617278,Maharashtra,Western Coalfields Limited [WCL],630.37,630.37,0.61,0.35,0.0,,-0.2532314355061313,0,50,100,0,40.0,0.28131533,24.1125261336565,LOW,Low physical progress
1032,RPR FOR DURGAPUR OCP 10 MTY,SECL - CIL,619171,Chhattisgarh,SECL - CIL,2415.91,2415.91,2.35,0.01,0.0,,0.0872718354574466,0,50,100,0,40.0,0.2797243,24.111889719963074,LOW,Low physical progress
1033,"Setting up IT Infrastructure including Network Security and Hosting at AIIMS, New Delhi",PMSSY AND Institute of NATIONAL Importance,617882,Delhi,PMSSY AND Institute of NATIONAL Importance,358.19,358.19,0.0,0.0,0.0,,0.0,0,50,100,0,40.0,0.27937296,24.111749187111855,LOW,Low physical progress
1034,Augmentation of Transformation Capacity at Bhuj-II PS [GIS],Power Grid Corporation of India Limited [POWERGRID],617391,Gujarat,Power Grid Corporation of India Limited [POWERGRID],488.29,488.29,5.86,1.5,0.0,7.0,-0.299893505908374,0,50,100,0,40.0,0.2730285,24.109211400151253,LOW,Schedule delay above 6 months | Low physical progress
1035,Inter-Regional Strengthening between SR Grid and ER Grid,Power Grid Corporation of India Limited [POWERGRID],619030,"Multi-States
(Andhra Pradesh,
Odisha)",Power Grid Corporation of India Limited [POWERGRID],2722.5,2722.5,13.4,1.0,0.0,,-0.5078053259871442,0,50,100,0,40.0,0.2718577,24.108743086457253,LOW,Low physical progress
1036,Provision of Dynamic Reactive Compensation at Khavda pooling Station 1 [KPS1] and Khavda Pooling station 3 [KPS3],Power Grid Corporation of India Limited [POWERGRID],615343,Gujarat,Power Grid Corporation of India Limited [POWERGRID],501.0,501.0,25.05,6.0,0.0,,-1.0,0,50,100,0,40.0,0.27119905,24.108479619026184,LOW,Low physical progress
1037,Gondia - Dongargarh 4th line [84 Km],South Eastern Central Railway,618978,"Multi-States
(Chhattisgarh,
Maharashtra)",South Eastern Central Railway,2222.53,2222.53,0.0,0.0,0.0,,0.0,0,50,100,0,40.0,0.2649685,24.105987407267094,LOW,Low physical progress
1038,Widening to Two Lane with Paved Shoulder of NH-73 New Spur Road Ujire - Dharmasthala - Periyashanthi in the State of Karnataka under on HAM under NHO Annual Plan 2023-24Job No NH-73Spur-KNT-2023-24-996,MoRTH,618189,Karnataka,MoRTH,613.65,613.65,0.0,0.0,0.0,,0.0,0,50,100,0,40.0,0.25150904,24.100603617727757,LOW,Low physical progress
1039,Inter-Regional Strengthening between SR Grid and WR Grid,Power Grid Corporation of India Limited [POWERGRID],617808,"Multi-States
(Karnataka,
Maharashtra)",Power Grid Corporation of India Limited [POWERGRID],1007.0,1007.0,20.14,2.5,0.0,,-0.5,0,50,100,0,40.0,0.24790743,24.099162973463535,LOW,Low physical progress
1040,Furkating-New Tinsukia[194 Km],Northeast Frontier Railway [NFR],618986,Assam,Northeast Frontier Railway [NFR],3633.58,3633.58,0.0,0.0,0.0,,0.0,0,50,100,0,40.0,0.24655883,24.098623536527157,LOW,Low physical progress
1041,BLOCK E OCP,Ministry of Coal,616253,Jharkhand,Ministry of Coal,5850.83,5850.83,20.32,4.17,0.0,,-3.8226988478557744,0,50,100,0,40.0,0.2415342,24.096613682806492,LOW,Low physical progress
1042,Kopparthy Industrial Area,NICDC,617729,Andhra Pradesh,NICDC,2136.0,2136.0,39.75,3.0,0.0,,-1.1390449438202246,0,50,100,0,40.0,0.24062353,24.096249416470528,LOW,Low physical progress
1043,New Line between Junagarh - Nabarangpur [116.21 Km],Indian Railway,618995,Odisha,Indian Railway,2864.51,2864.51,0.0,0.0,0.0,,0.0,0,50,100,0,40.0,0.22913173,24.09165269136429,LOW,Low physical progress
1044,Badampahar-Kendujhargarh new line [82.06 km],CAO/C/SER,616587,Odisha,CAO/C/SER,1875.72,1875.72,2.15,0.0,0.0,,0.1146226515684643,0,50,100,0,40.0,0.22899103,24.09159641712904,LOW,Low physical progress
1045,WAGHODA UG MINE [1.02 MTY],Western Coalfields Limited [WCL],617233,Maharashtra,Western Coalfields Limited [WCL],379.3,379.3,0.0,0.01,0.0,,-0.01,0,50,100,0,40.0,0.22353895,24.089415580034256,LOW,Low physical progress
1046,Construction of Champawat Bypass with two lane with paved shoulder configuration starting from existing chainage 121.700 to existing chainage 129.450 Design Length 9.847 of NH-125 in District-Champawat in the state of Uttrakhand on EPC mode.,MoRTH,617890,Uttarakhand,MoRTH,220.89,220.89,0.0,5.0,0.0,,-5.0,0,50,100,0,40.0,0.22269948,24.089079789817333,LOW,Low physical progress
1047,GADEGAON OC 3 MTY,Western Coalfields Limited [WCL],615331,Maharashtra,Western Coalfields Limited [WCL],497.41,497.41,27.55,2.19,0.0,,3.3486904163567277,0,50,100,0,40.0,0.21829762,24.087319046258926,LOW,Low physical progress
1048,Desalpar-Hajipir-Luna and Vayor-Lakhpat New Line,Western Railway [WR] - II,617880,Gujarat,Western Railway [WR] - II,2526.47,2526.47,0.0,0.0,0.0,,0.0,0,50,100,0,40.0,0.21755446,24.08702179044485,LOW,Low physical progress
1049,Koderma-Arigada Doubling 133.38 Km of East Central Railway,East Central Railway [ECR] - I,617832,Jharkhand,East Central Railway [ECR] - I,2887.11,2887.11,0.0,0.0,0.0,,0.0,0,50,100,0,40.0,0.2135391,24.08541563898325,LOW,Low physical progress
1050,Babupeth - Sasti New Rail Line [13.114 KMs],CentralRailway,617361,Maharashtra,CentralRailway,362.81,362.81,0.48,0.0,0.0,,0.1323006532344753,0,50,100,0,40.0,0.21041669,24.084166675806046,LOW,Low physical progress
1051,240MW Heo HE Project,North Eastern Electric Power Corporation Limited,611698,Arunachal Pradesh,North Eastern Electric Power Corporation Limited,1938.85,1938.85,96.94,4.95,0.0,,0.0498710575856824,0,50,100,0,40.0,0.20359561,24.08143824338913,LOW,Low physical progress
1052,4L Ismailabad to Ambala Section of NH-152 Lot-4/Package-1,National Highways Authority of India [NHAI],619093,"Multi-States
(Haryana, Punjab)",National Highways Authority of India [NHAI],609.32,454.34,169.1,70.83,-25.434911048381817,16.0,-33.6111770920456,0,75,40,0,32.5,11.446018,24.078407287597656,LOW,Schedule delay above 6 months
1053,Rehabilitation and upgradation from ch km 50/200 to 56/800 and km 62/600 to 100/403 of Kolde to Visarwadi Near Junction with NH-6 section of NH 752G total length 44.40 to two-lane with paved shoulder / four lanes in the State of Maharashtra on EPC mode.,MoRTH,618176,Maharashtra,MoRTH,349.08,349.08,0.0,21.6,0.0,,-21.6,0,50,100,0,40.0,0.19526464,24.078105859458447,LOW,Low physical progress
1054,Bangriposi-Gorumahisani new line [ 85.60 km ],CAO/C/SER,616586,Odisha,CAO/C/SER,2269.49,2269.49,7.14,0.0,0.0,,0.3146081278172629,0,50,100,0,40.0,0.19184247,24.076736986637115,LOW,Low physical progress
1055,Transmission Scheme for evacuation of Power from Ratle HEP [850 MW] & kiru [624 MW] Part B,Power Grid Corporation of India Limited [POWERGRID],617179,"Jammu and
Kashmir",Power Grid Corporation of India Limited [POWERGRID],218.6,218.6,3.72,1.7,0.0,11.0,0.0017383348581887,0,50,100,0,40.0,0.19106579,24.076426319777966,LOW,Schedule delay above 6 months | Low physical progress
1056,Gondia-Balharshah [Chanda Fort] Doubling [240 Km],South East Central Railway,617201,Maharashtra,South East Central Railway,4373.04,4373.04,1.0,1.0,0.0,,-0.977132612553281,0,50,100,0,40.0,0.18969056,24.075876228511333,LOW,Low physical progress
1057,Development of Palakkad Node under extension of CBIC to Kochi,National Industrial Corridor Development Corporation,701668,Kerala,National Industrial Corridor Development Corporation,3805.0,3805.0,0.0,1.0,0.0,,-1.0,0,50,100,0,40.0,0.18792517,24.075170069932938,LOW,Low physical progress
1058,AMAL GONDEGAON GHATROHANA EXPN,Western Coalfields Limited [WCL],616229,Maharashtra,Western Coalfields Limited [WCL],668.54,668.54,2.94,2.52,0.0,,-2.0802357375774077,0,50,100,0,40.0,0.1807635,24.072305403649807,LOW,Low physical progress
1059,Development of Zaheerabad Node under Hyderabad Nagpur Industrial Corridor,National Industrial Corridor Development Corporation,601812,Telangana,National Industrial Corridor Development Corporation,2360.0,2360.0,0.0,0.3,0.0,,-0.3,0,50,100,0,40.0,0.17648357,24.070593431591988,LOW,Low physical progress
1060,Pune Metro Rail Project Phase-2 Corridor 2A Vanaz to Chandani Chowk and Corridor 2B Ramwadi to Wagholi/Vitthalwadi,Maharashtra Metro Rail Corporation Limited [MMRCL],618971,Maharashtra,Maharashtra Metro Rail Corporation Limited [MMRCL],3626.24,3626.24,2.65,1.38,0.0,,-1.3069215495940698,0,50,100,0,40.0,0.17564929,24.07025971263647,LOW,Low physical progress
1061,Augmentation of 1x500 MVA 400/220kV ICT [3rd] at Thrissur VSC HVDC Station in Kerala,Power Grid Corporation of India Limited [POWERGRID],619028,Kerala,Power Grid Corporation of India Limited [POWERGRID],173.14,173.14,2.08,1.5,0.0,,-0.2986600438951137,0,50,100,0,40.0,0.16451141,24.065804563462734,LOW,Low physical progress
1062,Inter-regional [NR-WR] Transmission System strengthening to relieve the loading of 765 kV Vindhyachal-Varanasi D/c line,Power Grid Corporation of India Limited [POWERGRID],617807,"Multi-States
(Bihar, Uttar
Pradesh)",Power Grid Corporation of India Limited [POWERGRID],2368.0,2368.0,35.52,2.0,0.0,,-0.4999999999999998,0,50,100,0,40.0,0.16246955,24.06498782336712,LOW,Low physical progress
1063,Rehabilitation and upgradation of 2 lane with paved shoulder from existing km. 195.175 to km. 220.000 Design Chainage km71.300 to Km. 95.947 Excluding existing chainage Km 200.300 to Km 202.400 Design chainage Km 76.400 to Km 78.400 on Dharasu to Yamunotri Road of NH- 134 Old NH-94,MoRTH,617974,Uttarakhand,MoRTH,344.73,344.73,0.0,17.78,0.0,,-17.78,0,50,100,0,40.0,0.15424511,24.06169804558158,LOW,Low physical progress
1064,Chandil - Anara - Damodar - 3rd line [121.26 km],CAO/C/SER,616227,"Multi-States
(Jharkhand, West
Bengal)",CAO/C/SER,1932.01,1932.01,4.51,0.0,0.0,,0.2334356447430396,0,50,100,0,40.0,0.14839117,24.059356469660997,LOW,Low physical progress
1065,Improvement and Widening two lannig with paved Shoulder of NH 127B from km 31.500 Goeragre to km 63.224 Package-II in state of Meghalaya,MoRTH,618076,Meghalaya,MoRTH,504.0,350.67,0.0,2.5,-30.422619047619044,,-2.5,0,50,100,0,40.0,0.1471528,24.05886111781001,LOW,Low physical progress
1066,Tiupati Katpadi 104.39 kms,South Central Railway [SCR] - II,617210,Andhra Pradesh,South Central Railway [SCR] - II,1215.56,1215.56,0.16,0.05,0.0,,-0.0368373424594425,0,50,100,0,40.0,0.13752104,24.05500841885805,LOW,Low physical progress
1067,BALLARPUR NORTH WEST OC MINE,Western Coalfields Limited [WCL],615330,Maharashtra,Western Coalfields Limited [WCL],360.81,360.81,3.84,5.17,0.0,,-4.105727945456057,0,50,100,0,40.0,0.13537523,24.054150093346834,LOW,Low physical progress
1068,Mumbai Urban Transport Project Phase-III,Mumbai Rail Vikas Corporation Ltd.[MRVC],706781,Maharashtra,Mumbai Rail Vikas Corporation Ltd.[MRVC],10947.0,10947.0,6609.95,75.0,0.0,57.0,-14.61861697268658,0,100,0,0,30.0,15.132642,24.053056716918945,LOW,Schedule delay above 6 months
1069,SAONER-III EXPN UG MINE 1.54,Western Coalfields Limited [WCL],619055,Maharashtra,Western Coalfields Limited [WCL],444.42,444.42,0.0,0.0,0.0,,0.0,0,50,100,0,40.0,0.12526476,24.050105907022953,LOW,Low physical progress
1070,POKHRAN - RAMDEVRA New Line,North Western Railway [NWR],617404,Rajasthan,North Western Railway [NWR],189.21,189.21,0.0,0.0,0.0,,0.0,0,50,100,0,40.0,0.122684285,24.049073714762926,LOW,Low physical progress
1071,North Eastern Region Expansion Scheme-XXIII [NERES-XXIII],Power Grid Corporation of India Limited [POWERGRID],617375,Arunachal Pradesh,Power Grid Corporation of India Limited [POWERGRID],209.38,209.38,3.14,1.5,0.0,,-0.0003343203744388,0,50,100,0,40.0,0.118370086,24.04734803363681,LOW,Low physical progress
1072,Augmentation of Transformation Capacity and Implementation of Line Bays at Mandsaur S/S for RE Interconnection [SPV Name- POWERGRID Mandsaur I RE Transmission Limited],Power Grid Corporation of India Limited [POWERGRID],617802,Madhya Pradesh,Power Grid Corporation of India Limited [POWERGRID],319.0,319.0,12.76,2.5,0.0,,1.5,0,50,100,0,40.0,0.10186519,24.040746074169874,LOW,Low physical progress
1073,Transmission System Strengthening at Davanagere for Integration of RE Generation [SPV Name - POWERGRID Davanagere Power Transmission Limited],Power Grid Corporation of India Limited [POWERGRID],617803,Karnataka,Power Grid Corporation of India Limited [POWERGRID],379.0,379.0,17.06,2.5,0.0,,2.0013192612137205,0,50,100,0,40.0,0.057173353,24.02286934107542,LOW,Low physical progress
1074,KHADIA EXPANSION [10 TO 16 MTP,Northern Coalfields Limited [NCL],615183,"Multi-States
(Madhya Pradesh,
Uttar Pradesh)",Northern Coalfields Limited [NCL],491.67,491.67,276.75,55.57,0.0,24.0,0.7177539813289329,0,75,40,0,32.5,11.279438,24.011775493621826,LOW,Schedule delay above 6 months
1075,Dedicated Port road to Krishnapatnam Port Package-I from Km. 0.000 to Km. 18.000,National Highways Authority of India [NHAI],618804,Andhra Pradesh,National Highways Authority of India [NHAI],348.72,341.36,184.68,77.93,-2.110575820142238,68.0,-23.82875790953832,0,100,0,0,30.0,14.903472,23.96138906478882,LOW,Schedule delay above 6 months
1076,KHARAGPUR-ADITYAPUR THIRD RAIL LINE- 132 KM,RVNL - I,705668,"Multi-States
(Jharkhand, West
Bengal)",RVNL - I,3250.0,3250.0,3287.18,97.5,0.0,15.0,3.6439999999999912,0,75,0,0,22.5,26.068214,23.92728614807129,LOW,Schedule delay above 6 months | Expenditure exceeds revised project cost
1077,"Improvement and Up-Gradation of Existing Road to 4L PS from Km 88.750 to 123.650, from Start of Shahjahanpur Bypass to start of Shahabad bypass of NH 731Pkg.-2A",National Highways Authority of India [NHAI],618858,Uttar Pradesh,National Highways Authority of India [NHAI],955.34,955.34,269.0,64.2,0.0,10.0,-36.04248539786882,0,50,40,0,25.0,22.27032,23.90812873840332,LOW,Schedule delay above 6 months
1078,Rehabilitation and upgradation to 2-lane with paved sholuders configuration of Miranpur Katra to radhaita section of NH-730CKm.114.000 to Km 137.250pakage-III in state of Uttar Pradesh undergreen national Highway Corridor ProjectGNHCP with the loan assistance of world Bank on EPC mode.,MoRTH,618265,Uttar Pradesh,MoRTH,172.5,169.56,0.0,89.0,-1.7043478260869551,23.0,-89.0,0,75,0,0,22.5,25.660334,23.76413345336914,LOW,Schedule delay above 6 months
1079,6L of Veera Kaveri Raja Puram to Pondavakkam from km 61.380 to km 96.040 of NH 716B Pkg-III,National Highways Authority of India [NHAI],618634,"Multi-States
(Andhra Pradesh,
Tamil Nadu)",National Highways Authority of India [NHAI],1439.77,1439.77,734.85,98.89,0.0,16.0,-47.850597873271425,0,75,0,0,22.5,25.632122,23.752848625183105,LOW,Schedule delay above 6 months
1080,Upgradation and 4L of Haridwar Bypass from Km 0.000 Km 188.100 of NH-58 to Km. 15.100 Km 5.100 of NH 74 PKg-1,National Highways Authority of India [NHAI],619155,Uttarakhand,National Highways Authority of India [NHAI],1602.89,1423.89,588.94,76.74,-11.167329011972123,24.0,-35.378658885166686,0,75,0,0,22.5,25.584866,23.733946800231934,LOW,Schedule delay above 6 months
1081,Sewerage Management Scheme Part-3 Implementation,Ministry of Housing & Urban Affairs,702734,Haryana,Ministry of Housing & Urban Affairs,278.01,278.01,228.49,88.0,0.0,36.0,-5.812308909751437,0,100,0,0,30.0,14.282483,23.712993144989014,LOW,Schedule delay above 6 months
1082,4L of Left-Over Works of Hospet-Bellary -Karnataka/AP border from Km.280.080 Dec.Ch. to Km.375450Des.Ch. of NH-63 New-67,National Highways Authority of India [NHAI],618709,Karnataka,National Highways Authority of India [NHAI],1340.15,992.6,897.67,91.45,-25.933664142073653,35.0,-1.0137719121499202,0,100,0,0,30.0,14.229706,23.691882610321045,LOW,Schedule delay above 6 months
1083,Rehabilitation and Upgradation of Chorma - Bairgania Section of National Highway No 227F to 2 lane with paved shoulders from Design Ch.0.000 to Ch. 34.566,National Highways Authority of India [NHAI],619136,Bihar,National Highways Authority of India [NHAI],610.78,628.65,328.56,99.5,2.9257670519663392,4.0,-47.2356239560964,25,25,0,0,15.0,36.70734,23.682936668395996,LOW,No major rule-based risk indicator detected
1084,4 Lane with PS from Des. Ch 182.300 to Des. Ch. 228.500 of Belgaum-Hungund- Raichur Section of NH 748 A Package-5,National Highways Authority of India [NHAI],619106,Karnataka,National Highways Authority of India [NHAI],1141.88,868.65,214.81,33.04,-23.92808351140226,8.0,-8.31082254072411,0,50,75,0,33.75,8.528824,23.661529541015625,LOW,Schedule delay above 6 months | Low physical progress
1085,4L Green Field Northern East side Gorakhpur Bypass 26.616 Kms starting from NH- 29E Chainage 83.308 and end at NH-28 Chainage 285.100,National Highways Authority of India [NHAI],618566,Uttar Pradesh,National Highways Authority of India [NHAI],1973.98,1244.44,955.14,68.95,-36.95782125452132,12.0,7.802595544984072,0,50,40,0,25.0,21.631798,23.652719497680664,LOW,Schedule delay above 6 months
1086,Shirur-Kharda section from 55937 km to 114486 km to 2LPS/4L,MoRTH,618173,Maharashtra,MoRTH,381.77,381.77,0.0,83.93,0.0,75.0,-83.93,0,100,0,0,30.0,14.079004,23.631601810455322,LOW,Schedule delay above 6 months
1087,4L Medinipur to Ballupur from Km. 458.65 to Km. 487.65 of NH-07Pkg-2,NHAI,619292,Uttarakhand,NHAI,1092.9,1072.5,715.36,93.9,-1.866593466922874,17.0,-27.199766899766914,0,75,0,0,22.5,25.319757,23.62790298461914,LOW,Schedule delay above 6 months
1088,4L PS from near Hunsur - KR Nagar Junction to near Yalachahalli village KR Nagara - Yelawala Road Junction fcrom Km 169.000 to Km 195.550 of NH-275 Pkg-IV,National Highways Authority of India [NHAI],618872,Karnataka,National Highways Authority of India [NHAI],1062.76,952.03,93.08,14.85,-10.41909744439008,5.0,-5.072997174458788,0,25,100,0,32.5,10.048971,23.519588470458984,LOW,Low physical progress
1089,Satara to Mhaswad,MoRTH,618153,Maharashtra,MoRTH,653.46,653.46,7.33,98.08,0.0,71.0,-96.95827870106817,0,100,0,0,30.0,13.563903,23.42556142807007,LOW,Schedule delay above 6 months
1090,Bangalore Chennai Expressway Phase-III Package II Walajahpet to Arakkonam from Km 180.000 to Km 204.500,National Highways Authority of India [NHAI],618478,Tamil Nadu,National Highways Authority of India [NHAI],1106.65,1106.65,590.04,93.04,0.0,24.0,-39.72232955315594,0,75,0,0,22.5,24.781319,23.412528038024902,LOW,Schedule delay above 6 months
1091,50 MW Wind Power Project,NLC India Limited [NLCIL],617299,Gujarat,NLC India Limited [NLCIL],383.84,383.84,328.56,51.0,0.0,7.0,34.59816590245937,0,50,40,75,36.25,4.124594,23.399837732315063,LOW,Schedule delay above 6 months | Expenditure is significantly ahead of physical progress
1092,4 Laning of NH-544D from Km 37.000 to km 69.000 of Muchukota- Bugga section Pkg-2,National Highways Authority of India [NHAI],618827,Andhra Pradesh,National Highways Authority of India [NHAI],1097.57,1055.23,356.89,70.68,-3.857612726295354,11.0,-36.85893729329152,0,50,40,0,25.0,20.953794,23.381518363952637,LOW,Schedule delay above 6 months
1093,Construction & Upgradation of existing road to 2-lane with paved shoulder from New Rolep Bridge at km 37.600 to Chochenpheri at km 52.00 in the section of Rongli to Chochenpheri of NH 717B Pkg-II C,NHIDCL,618446,Sikkim,NHIDCL,493.42,478.79,0.0,77.07,-2.9650196587086044,25.0,-77.07,0,100,0,0,30.0,13.413904,23.365561962127686,LOW,Schedule delay above 6 months
1094,6L of MH/KN Border Nimbal Village to KN/TS Border Singnodi Village from Km. 162.5 to Km. 203.100 in Raichur of NH-150C Pkg-IV,National Highways Authority of India [NHAI],618631,"Multi-States
(Karnataka,
Telangana)",National Highways Authority of India [NHAI],1499.73,1457.48,829.47,99.51,-2.817173757943096,13.0,-42.59875593490134,0,75,0,0,22.5,24.663473,23.365389823913574,LOW,Schedule delay above 6 months
1095,4L of Ratnagiri - Kolhapur section from km 112.340 to km 145.300 of NH-166 PkgIII,National Highways Authority of India [NHAI],618837,Maharashtra,National Highways Authority of India [NHAI],1939.23,1910.41,458.94,66.45,-1.48615687669848,22.0,-42.42688454310856,0,75,40,0,32.5,9.637266,23.35490655899048,LOW,Schedule delay above 6 months
1096,6L access Controlled Greenfield Highway from Gogwan Jalalpur Shamli to Ranipur Barsi Saharanpur of Shamli -Ambala section Package-I Design Ch. Form km 00.600 to km 45.500,National Highways Authority of India [NHAI],618722,Uttar Pradesh,National Highways Authority of India [NHAI],1843.59,1247.55,685.93,58.9,-32.33039884139098,14.0,-3.917834956514767,0,75,40,0,32.5,9.564255,23.32570195198059,LOW,Schedule delay above 6 months
1097,Construction of New Integrated Terminal Building and associated works including apron to park 3 code E type of aircraft or 6 code C type of aircraft at Vijayawada Airport.,701107,N04000091,Andhra Pradesh,Airport Authority of India [AAI],611.8,611.8,523.14,87.2,0.0,49.0,-1.6916639424648563,0,100,0,0,30.0,13.108487,23.24339485168457,LOW,Schedule delay above 6 months
1098,4 Lane Inner Ring Road around Allahabad City Pkg-2 Prayagraj Southern Bypass 43.200 - 50.860,National Highways Authority of India [NHAI],618960,Uttar Pradesh,National Highways Authority of India [NHAI],1377.51,1007.62,394.66,42.26,-26.852073669156667,12.0,-3.092456680097648,0,50,75,0,33.75,7.2679796,23.15719199180603,LOW,Schedule delay above 6 months | Low physical progress
1099,Patiala Water Supply Infrastructure Part-2 Project,Ministry of Housing & Urban Affairs,703057,Punjab,Ministry of Housing & Urban Affairs,287.0,287.0,213.64,99.0,0.0,32.0,-24.5609756097561,0,100,0,0,30.0,12.764192,23.105676651000977,LOW,Schedule delay above 6 months
1100,Gauge Conversion of Kendri-Dhamtari including Abhanpur - Rajim Branch line 67.20 Kms - 2nd Material Modification to Raipur Titlagarh doubling.,SECR,602792,Chhattisgarh,SECR,1171.0,1171.0,404.58,100.0,0.0,16.0,-65.45004269854826,0,75,0,0,22.5,23.983202,23.093280792236328,LOW,Schedule delay above 6 months
1101,Construction of 4L Flyover from MES College Junction to Bogmalo Junction on NH- 566 from Km. 7.106 to Km. 10.460 and 4L VUP at Queeny Nagar Junction from Km. 3.330 to Km. 4.550,National Highways Authority of India [NHAI],618609,Goa,National Highways Authority of India [NHAI],463.08,316.28,127.09,43.75,-31.700786041288765,10.0,-3.56725053749841,0,50,75,0,33.75,7.024491,23.05979633331299,LOW,Schedule delay above 6 months | Low physical progress
1102,Surat Metro Rail Project,Gujarat Metro Rail Corporation Limited [GMRCL],702630,Gujarat,Gujarat Metro Rail Corporation Limited [GMRCL],12020.32,12020.3,8929.65,79.5,-0.0001663849215365,27.0,-5.211920667537413,0,100,0,0,30.0,12.610319,23.044127941131592,LOW,Schedule delay above 6 months
1103,Widening to two lane with paved shoulders from Km 0.00 to 102.310 Design Chainage of NH-548B Murrum-Maharashtra Border in the State of Karnataka,MoRTH,618149,Karnataka,MoRTH,957.09,957.09,248.13,0.0,0.0,0.0,25.925461555339623,0,0,100,75,36.25,3.2094765,23.033790588378906,LOW,Low physical progress | Expenditure is significantly ahead of physical progress
1104,Balance works of 4L Panvel Indapur section of NH66 old NH17 from km 42.300 kasu to km 84.600 Indapur,National Highways Authority of India [NHAI],619095,Maharashtra,National Highways Authority of India [NHAI],546.44,472.1,420.38,81.63,-13.604421345435917,25.0,7.414693920779499,0,100,0,0,30.0,12.552921,23.02116870880127,LOW,Schedule delay above 6 months
1105,6L access Controlled Greenfield Highway from Ranipur Barsi to Adhoya Musalmana section of Shamli -Ambala Package-II Design Ch. Form km 45.500 to km 84.400,National Highways Authority of India [NHAI],618723,"Multi-States
(Haryana, Uttar
Pradesh)",National Highways Authority of India [NHAI],1554.21,1241.89,721.32,74.5,-20.095096544225036,19.0,-16.417561136654612,0,75,40,0,32.5,8.711705,22.984682083129883,LOW,Schedule delay above 6 months
1106,Kamalapuram to Oddanchatram from km. 0.00 to km. 35.822,National Highways Authority of India [NHAI],618895,Tamil Nadu,National Highways Authority of India [NHAI],1319.42,1319.42,417.69,91.93,0.0,42.0,-60.272908247563336,0,100,0,0,30.0,12.431337,22.972535133361816,LOW,Schedule delay above 6 months
1107,4L PS from Kalar Bala Village to Nauni Chowk of NH 205 from Km 41.000 to Km 58.450,National Highways Authority of India [NHAI],618891,Himachal Pradesh,National Highways Authority of India [NHAI],1244.43,786.91,80.72,20.95,-36.7654267415604,4.0,-10.692156028008284,0,25,100,0,32.5,8.655686,22.9622745513916,LOW,Low physical progress
1108,4L Greenfield Western Side spur of Rampur-Rudrapur Section from Km 0.000 to Km 13.700 connecting NH-24 to NH-87 bypassing rampur town,National Highways Authority of India [NHAI],618911,Uttar Pradesh,National Highways Authority of India [NHAI],646.27,637.83,166.33,63.79,-1.3059557151035854,18.0,-37.71251853942273,0,75,40,0,32.5,8.631656,22.952662229537964,LOW,Schedule delay above 6 months
1109,2G Ethanol Biorefinery at Bathinda,Hindustan Petroleum Corporation Limited [HPCL],400171,Punjab,Hindustan Petroleum Corporation Limited [HPCL],1421.46,1421.46,1263.61,95.8,0.0,46.0,-6.904779592813028,0,100,0,0,30.0,12.333735,22.933494091033936,LOW,Schedule delay above 6 months
1110,BHARATPUR RE-ORGANIZATION OCP,Mahanadi Coalfields Limited [MCL],400392,Odisha,Mahanadi Coalfields Limited [MCL],2838.86,2838.86,1711.38,52.0,0.0,,8.284057685127138,0,50,40,0,25.0,19.830742,22.932296752929688,LOW,No major rule-based risk indicator detected
1111,MOONIDIH XV SEAM UG,BCCL,400425,Jharkhand,Bharat Coking Coal Limited (BCCL),1230.27,1230.27,709.81,82.45,0.0,89.0,-24.754534776918895,0,100,0,0,30.0,12.297002,22.918800830841064,LOW,Schedule delay above 6 months
1112,Rehabilitation and upgradation to 2-lane with paved sholuders configuration of Bewar- Allahaganj- section of NH-730C Km.0.000 to Km 52.770 pakage-I in state of Uttar Pradesh undergreen national Highway Corridor Project GNHCP with the loan assistance of world Bank on EPC mode.,MoRTH,618266,Uttar Pradesh,MoRTH,325.24,340.16,0.0,98.0,4.587381625876281,19.0,-98.0,25,75,0,0,30.0,12.287302,22.914920806884766,LOW,Schedule delay above 6 months
1113,Durg-Raipur-Arang Package - 2 from km. 44.50 to km. 92.23 near Khatti Village to near Aurang,National Highways Authority of India [NHAI],618590,Chhattisgarh,National Highways Authority of India [NHAI],1958.9,1561.97,583.62,68.7,-20.26290264944612,19.0,-31.335646011126975,0,75,40,0,32.5,8.526557,22.9106228351593,LOW,Schedule delay above 6 months
1114,Talcher Thermal Power Station Stage III [2 x 660 MW] Expansion,National Thermal Power Corporation [NTPC],602961,Odisha,National Thermal Power Corporation [NTPC],11843.75,12543.0,6454.35,50.2,5.903957783641161,10.0,1.257785218847168,25,50,40,0,32.5,8.486383,22.894553422927856,LOW,Schedule delay above 6 months
1115,Widening to 2/4 Lane with paved shoulders from Km 182.120 to Km 227.600 of NH 167 on Haggari-Jadcherla Road on EPC mode under NHO in the state of Telangana,MoRTH,617996,Telangana,MoRTH,298.0,298.0,234.7,95.6,0.0,85.0,-16.841610738255028,0,100,0,0,30.0,12.190812,22.876325130462646,LOW,Schedule delay above 6 months
1116,"Construction of Permanent Campus for NIT Mizoram at Lengpui, Aizawl",NIT Mizoram,612876,Mizoram,NIT Mizoram,474.23,474.23,167.55,4.0,0.0,-93.0,31.33095755224258,0,0,100,75,36.25,2.800225,22.870090007781982,LOW,Low physical progress | Expenditure is significantly ahead of physical progress
1117,Up-gradation to 2-lane with Paved Shoulder from Km 12.850 to Km20.300 of 7.450Km length on Goha-Khellani section and a link road to Goha village of 2.016 km on NH- 244 in UT of Jammu and Kashmir on EPC Mode Pkg-1,NHIDCL,618394,"Jammu and
Kashmir",NHIDCL,228.39,225.37,163.81,94.26,-1.322299575287877,54.0,-21.575081865376944,0,100,0,0,30.0,12.164288,22.86571502685547,LOW,Schedule delay above 6 months
1118,"Improvement and Up-Gradation of Existing Road to 4L PS from Km 229.070 to 260.800, End of Hardoi District to Lucknow Ring road of NH 731 Pkg-4",National Highways Authority of India [NHAI],618859,Uttar Pradesh,National Highways Authority of India [NHAI],575.66,553.61,371.82,99.33,-3.830385991731223,19.0,-32.16719585990138,0,75,0,0,22.5,23.358871,22.84354877471924,LOW,Schedule delay above 6 months
1119,Sarsam - Kothari of NH-161A - 2L PS from Km.33/00 to 90/00,MoRTH,618090,Maharashtra,MoRTH,545.64,545.64,0.0,97.25,0.0,77.0,-97.25,0,100,0,0,30.0,11.998547,22.799418926239014,LOW,Schedule delay above 6 months
1120,Rampur Dumra-Tal-Rajendrapul Additional Bridge and Railway Line Doubling,Indian Railway Construction International Limited [IRCON],706759,Bihar,Indian Railway Construction International Limited [IRCON],2373.64,1700.24,1610.45,98.5,-28.369929728181187,12.0,-3.7810191502376114,0,50,0,0,15.0,34.466805,22.78672218322754,LOW,Schedule delay above 6 months
1121,Marikuppam - Kuppam New Line Project [23.70 Km],South Western Railway [SWR] - II,705491,"Multi-States
(Andhra Pradesh,
Karnataka)",South Western Railway [SWR] - II,297.0,297.0,145.78,21.0,0.0,0.0,28.084175084175087,0,0,100,75,36.25,2.5732198,22.779287934303284,LOW,Low physical progress | Expenditure is significantly ahead of physical progress
1122,Guwahati-Dibrugarh via Tinsukia & Simaluguri-Dibrugarh,Central Organisation for Railway Electrification [CORE],706922,Assam,Central Organisation for Railway Electrification [CORE],890.36,889.36,391.73,89.0,-0.1123141201311829,45.0,-44.95371952864981,0,100,0,0,30.0,11.842418,22.736967086791992,LOW,Schedule delay above 6 months
1123,Krishnapatnam Node - Phase 1 - Roads and Services Development,National Industrial Corridor Development Corporation,701658,Andhra Pradesh,National Industrial Corridor Development Corporation,2139.44,2139.44,814.26,39.14,0.0,,-1.0805077964327126,0,50,75,0,33.75,6.0249624,22.659985065460205,LOW,Low physical progress
1124,6L with access control provision Saharanpur bypass to Ganeshpur section from 13.89 Km to 41.820 Km of Delhi- Dehradun Economic Corridor package-2,National Highways Authority of India [NHAI],618711,"Multi-States (Uttar
Pradesh,
Uttarakhand)",National Highways Authority of India [NHAI],796.65,560.03,499.88,99.29,-29.701876608297244,18.0,-10.030496044854743,0,75,0,0,22.5,22.885708,22.65428352355957,LOW,Schedule delay above 6 months
1125,Construction of 2-lane road of Potin to Pangin section of NH-13 from Km 163.59 to Km 206.66 Package-5 on EPC Mode in the State of Arunachal Pradesh under Arunachal Pradesh Package of Roads and Highways of SARDP-NE [Job No SARDP-NE/P- P/Pkg-A/NH-13/Ar.Pr./PWD/2018-19/116],MoRTH,617892,Arunachal Pradesh,MoRTH,450.65,450.65,308.61,96.61,0.0,30.0,-28.128917119715965,0,100,0,0,30.0,11.518787,22.60751485824585,LOW,Schedule delay above 6 months
1126,4-Laning of Itanagar to Bandardewa section of NH-415from km 40430 to km 51735 Package-Bon EPC Mode in the state of Arunachal Pradesh Job NO. 415/Ar. P/2020- 21/031,MoRTH,618033,Arunachal Pradesh,MoRTH,496.47,496.47,165.43,51.37,0.0,19.0,-18.048751989042636,0,75,40,0,32.5,7.709997,22.583998918533325,LOW,Schedule delay above 6 months
1127,Balance work of 2L PS from Km 30.800 to Km 70.800 and 2L with Rigid Carriageway from Km 70.800 to km 84.120 of Khanapur- KA/GOA Border section of NH-4A,National Highways Authority of India [NHAI],618942,"Multi-States (Goa,
Karnataka)",National Highways Authority of India [NHAI],226.76,149.44,109.78,82.45,-34.09772446639619,34.0,-8.989079229122055,0,100,0,0,30.0,11.139061,22.4556245803833,LOW,Schedule delay above 6 months
1128,"Rehabilitation and up-gradation of NH-167 from Km 14/900 to Km70/000 Design Ch. 14/900 to 69/700 Chintakunta to Adoni section to two lane with paved shoulders in the State of Andhra Pradesh under Corridor Approach through Engineering, Procurement",MoRTH,617991,Andhra Pradesh,MoRTH,290.15,290.15,140.23,91.9,0.0,89.0,-43.56982595209375,0,100,0,0,30.0,11.096821,22.43872833251953,LOW,Schedule delay above 6 months
1129,Sakri -Hasanpur [via Harnagar - Kusheshwar Asthan] New Railway line,East Central Railway [ECR] - I,400254,Bihar,East Central Railway [ECR] - I,735.2,735.2,589.37,84.2,0.0,27.0,-4.035418933623504,0,100,0,0,30.0,11.091107,22.436442852020264,LOW,Schedule delay above 6 months
1130,Strengthening and widening of existing 2 lane road to two lane paved shoulder from km 7.750 to 26.542 & km. 32.093 to 45.786 of NH-130 on EPC mode in the state of chhattisgarh.job No. 130-CG-2017-18-348,MoRTH,617973,Chhattisgarh,MoRTH,188.8,188.8,102.56,97.0,0.0,63.0,-42.67796610169492,0,100,0,0,30.0,11.025785,22.410314083099365,LOW,Schedule delay above 6 months
1131,Construction of Permanent Campus of Central Tribal University of Andhra Pradesh Phase-1,Central Tribal University of Andhra Pradesh,613008,Andhra Pradesh,Central Tribal University of Andhra Pradesh,305.0,305.0,64.25,44.0,0.0,,-22.9344262295082,0,50,75,0,33.75,5.3565254,22.39261031150818,LOW,Low physical progress
1132,Solapur Sewerage Management Infrastructure Project,Ministry of Housing & Urban Affairs,702854,Maharashtra,Ministry of Housing & Urban Affairs,180.24,180.24,172.22,98.0,0.0,39.0,-2.4496227252552245,0,100,0,0,30.0,10.934972,22.37398862838745,LOW,Schedule delay above 6 months
1133,Paithan - Shirur section 2LPS Km 0.0 to 55.00,MoRTH,618172,Maharashtra,MoRTH,341.8,341.8,0.0,82.0,0.0,83.0,-82.0,0,100,0,0,30.0,10.917226,22.36689043045044,LOW,Schedule delay above 6 months
1134,Durg-Raipur Bypass Section Package - 1 from km. 0.00 to km. 44.50 near Tendesara to near Khatti Village,National Highways Authority of India [NHAI],618589,Chhattisgarh,National Highways Authority of India [NHAI],1828.0,1656.73,690.27,69.87,-9.36925601750547,10.0,-28.205395628738543,0,50,40,0,25.0,18.238592,22.29543685913086,LOW,Schedule delay above 6 months
1135,Indore - Harda Pkg-I [Indore to Raghav Garh from km. 0.25 to km. 26.903],National Highways Authority of India [NHAI],618694,Madhya Pradesh,National Highways Authority of India [NHAI],1011.29,813.03,416.8,91.73,-19.60466335076981,20.0,-40.464979029064125,0,75,0,0,22.5,21.947435,22.278974533081055,LOW,Schedule delay above 6 months
1136,4L PS under NH configuration of Manikpur-Sahebganj of NH-139W,National Highways Authority of India [NHAI],618791,Bihar,National Highways Authority of India [NHAI],1538.76,1538.76,95.18,17.16,0.0,0.0,-10.97449998700252,0,0,100,0,25.0,18.188885,22.275554180145264,LOW,Low physical progress
1137,4L Elevated Section and at-grade improvements at Begusarai town Simaria - Khagaria section from Km. 221.047 to Km. 225.302 of NH-31,National Highways Authority of India [NHAI],618841,Bihar,National Highways Authority of India [NHAI],491.04,348.38,342.96,93.88,-29.05262300423591,18.0,4.564227567598607,0,75,0,0,22.5,21.936058,22.274423599243164,LOW,Schedule delay above 6 months
1138,Rehabilitation and Upgradation of road Rishikesh Dharasu Old NH-94 with 2-lane with paved shoulder from km 76.000 to km 110.000 Design Chainage from km 74.733 to km 107.347 32.614 km including construction of Kamand re-alignment from existing Chainage Km 105.200 to Km 108.600 design chainage Km 103.436 to Km 105.949 - total length 2513 mtrs and land slide treatment work between design chainage Km 73.800 to Km 74.00 200m on EPC mode under improvement to NH connectivity to Chardham in,MoRTH,618213,Uttarakhand,MoRTH,273.76,273.76,0.0,96.46,0.0,60.0,-96.46,0,100,0,0,30.0,10.626625,22.25064992904663,LOW,Schedule delay above 6 months
1139,Guhagar - Rampur - 2L-PS - km 0/00 Guhagar to 26/230 Rampur and 40/00 Mirjoli to 53/600 Sati on NH-166E,MoRTH,618097,Maharashtra,MoRTH,407.2,407.2,0.0,91.89,0.0,74.0,-91.89,0,100,0,0,30.0,10.490902,22.19636106491089,LOW,Schedule delay above 6 months
1140,6L of Ramanatukkara Junction to start of Valanchery bypass section of NH-66,National Highways Authority of India [NHAI],618599,Kerala,National Highways Authority of India [NHAI],4924.11,4919.46,1815.81,99.75,-0.0944333087603574,22.0,-62.83924150211609,0,75,0,0,22.5,21.659637,22.16385555267334,LOW,Schedule delay above 6 months
1141,Muzaffarpur Storm Water Drainage Phase-I Project,Ministry of Housing & Urban Affairs,702699,Bihar,Ministry of Housing & Urban Affairs,158.78,158.78,135.72,84.0,0.0,32.0,1.476760297266651,0,100,0,0,30.0,10.401888,22.160755157470703,LOW,Schedule delay above 6 months
1142,4/6L Access Control Expressway from Design Chainage Km 515.000 to 528.300 Kunjwani to Sidhra Section of NH-44 and from Design Chainage Km 550.900 to Km 566.520 Domel to Katra Section Phase II-Package XVII,National Highways Authority of India [NHAI],618495,"Jammu and
Kashmir",National Highways Authority of India [NHAI],2894.74,2894.74,810.99,62.0,0.0,21.0,-33.9840123810774,0,75,40,0,32.5,6.643842,22.15753698348999,LOW,Schedule delay above 6 months
1143,Reconstruction of existing 2 L/IL to 2L with paved shoulder from existing km 52.200 to 92.880 of NH-,MoRTH,617970,Uttarakhand,MoRTH,282.08,282.08,166.13,100.0,0.0,52.0,-41.105360181508786,0,100,0,0,30.0,10.354599,22.141839504241943,LOW,Schedule delay above 6 months
1144,"Upgradation of Keonchi - Ratanpur Road of NH 45 Package-II, from design chainage km 278.75 to km 321.348 of length 42.598 km to two lane with paved shoulders under Corridor scheme on EPC mode in the state of Chhattisgarh.",MoRTH,618017,Chhattisgarh,MoRTH,286.0,286.0,78.67,60.0,0.0,11.0,-32.49300699300699,0,50,40,0,25.0,17.729033,22.091613292694092,LOW,Schedule delay above 6 months
1145,Six laning with both sides Service Road of Ayodhya Bypass from Design Km 0000 near Ashram Tiraha on NH-46 to Km 16439 end at Ratnagiri Tiraha on Nh-146,National Highways Authority of India [NHAI],618966,Madhya Pradesh,National Highways Authority of India [NHAI],1123.17,1103.22,94.69,15.72,-1.7762226555196492,0.0,-7.136943130110042,0,0,100,0,25.0,17.71422,22.08568811416626,LOW,Low physical progress
1146,Construction of 2-Laning with Paved Shoulder of New Greenfield Alignment From Helipad near Menla at Km 82000 to Menla at Km 94030 of Rhenock-Menla Spur NH- 717B Package-IIIB on EPC Basis under SARDP-NE Phase 'A' in the State of Sikkim.,NHIDCL,618447,Sikkim,NHIDCL,410.6,379.3,0.0,81.83,-7.6229907452508545,27.0,-81.83,0,100,0,0,30.0,10.211173,22.084469318389893,LOW,Schedule delay above 6 months
1147,6L of Kappirikkad to Thalikulam section from km 335.85 to km 369.015 of NH - 66 old NH-17,National Highways Authority of India [NHAI],618601,Kerala,National Highways Authority of India [NHAI],4225.59,4225.59,708.02,88.2,0.0,17.0,-71.4444700030055,0,75,0,0,22.5,21.453657,22.081462860107422,LOW,Schedule delay above 6 months
1148,Pen to Khopoli 2LPS,MoRTH,618094,Maharashtra,MoRTH,369.39,369.39,323.75,86.3,0.0,72.0,1.3444949782073223,0,100,0,0,30.0,10.185686,22.07427453994751,LOW,Schedule delay above 6 months
1149,Belgavi Improvement in Sewerage System Project,Ministry of Housing & Urban Affairs,702760,Karnataka,Ministry of Housing & Urban Affairs,162.73,162.73,79.5,80.0,0.0,35.0,-31.146070177594787,0,100,0,0,30.0,10.173078,22.069231033325195,LOW,Schedule delay above 6 months
1150,Western Railway Samakhiali Gandhidham Quadrupiling 53 Kms,Western Railway [WR] - II,611974,Gujarat,Western Railway [WR] - II,1430.0,1430.0,519.4,35.0,0.0,12.0,1.32167832167832,0,50,75,0,33.75,4.536206,22.06448233127594,LOW,Schedule delay above 6 months | Low physical progress
1151,"Development to 4-laning of the de-scoped stretches from Km 115.342 to Km 191.700 of NH-34 in Nadia District 3.962 & Murshidabad District 5.538 pertaining to Krishnagar to Berhampore section of NH-34 New NH-12 , in the state of West Bengal under NHO.",National Highways Authority of India [NHAI],618824,West Bengal,National Highways Authority of India [NHAI],201.1,197.74,56.95,48.82,-1.6708105420188888,12.0,-20.019554971174266,0,50,75,0,33.75,4.536034,22.06441366672516,LOW,Schedule delay above 6 months | Low physical progress
1152,6L of Valanchery bypass to Kappirikkad of NH 66 from km. 298500 to km 335850,National Highways Authority of India [NHAI],618600,Kerala,National Highways Authority of India [NHAI],4023.94,4023.94,1497.69,98.84,0.0,22.0,-61.620508655695666,0,75,0,0,22.5,21.218466,21.98738670349121,LOW,Schedule delay above 6 months
1153,4L Greenfield a Malout bypass from ch. Km 44.500 to ch. Km 35.500 on NH-07 and Ch. Km 0.000 to Km 6.984 on NH-09 bMandi Dabwali Bypass from Ch. 38.450 Km to Km 27.910 Pkg-02,National Highways Authority of India [NHAI],618760,"Multi-States
(Haryana, Punjab)",National Highways Authority of India [NHAI],646.42,556.09,549.2,98.0,-13.973886946567236,21.0,0.7609919257674136,0,75,0,0,22.5,21.096703,21.938681602478027,LOW,Schedule delay above 6 months
1154,"Redevelopment of Ahmedabad railway station and associated infrastructure on engineering, procurement and construction mode",Rail Land Development Authority,613786,Gujarat,Rail Land Development Authority,2379.0,2379.0,977.35,31.4,0.0,,9.682387557797398,0,50,75,0,33.75,4.181384,21.922553658485413,LOW,Low physical progress
1155,NADIAD-PETLAD [37.26 KM],Railway,709812,Gujarat,Railway,461.91,461.91,186.78,8.0,0.0,0.0,32.43644865882964,0,0,100,75,36.25,0.3535728,21.891429111361504,LOW,Low physical progress | Expenditure is significantly ahead of physical progress
1156,Capacity expansion of Deposit-14 and 14 NMZ at Kirandul,National Mineral Development Corporation Limited [NMDC],615202,Chhattisgarh,National Mineral Development Corporation Limited [NMDC],1700.0,1756.2,258.41,20.3,3.3058823529411794,-9.0,-5.585844436852293,25,0,100,0,32.5,5.928793,21.871517181396484,LOW,Low physical progress
1157,Two laning with paved shoulders of Lambasingi to Paderusection of NH 516E,MoRTH,618255,Andhra Pradesh,MoRTH,361.24,358.05,109.5,43.22,-0.883069427527405,12.0,-12.637679095098449,0,50,75,0,33.75,4.038791,21.865516543388367,LOW,Schedule delay above 6 months | Low physical progress
1158,Widening to 2 lane with Paved Shoulders of Medak - Siddipet section from Km 0/0 to km 69/978 of NH-765DG in the State of Telangana under Annual plan 2021-22 on EPC mode,MoRTH,618197,Telangana,MoRTH,882.18,882.18,347.73,74.06,0.0,17.0,-34.64287424335169,0,75,40,0,32.5,5.834152,21.83366084098816,LOW,Schedule delay above 6 months
1159,Mhaswad to Tembhurni section of NH-548C - 2L PS,MoRTH,618152,Maharashtra,MoRTH,488.6,488.6,0.0,96.19,0.0,77.0,-96.19,0,100,0,0,30.0,9.5363,21.81451988220215,LOW,Schedule delay above 6 months
1160,25.5 MW WIND POWER PROJECT AT KAYATHAR IN TAMILNADU,National Aluminium Company Limited [NALCO],709832,Tamil Nadu,National Aluminium Company Limited [NALCO],166.0,166.0,135.0,66.73,0.0,12.0,14.59530120481928,0,50,40,40,31.0,8.025567,21.810226774215696,LOW,Schedule delay above 6 months
1161,Widening to Two Lane with Paved Shoulders from Km 67.000 to Km 114.425 of Kalwakurthy- Mallapally Section of NH 167 Erstwhile section of SH 18 in the State of Telangana on EPC mode under NH O Annual Plan 2016-17,MoRTH,617995,Telangana,MoRTH,300.0,300.0,175.1,99.2,0.0,79.0,-40.833333333333336,0,100,0,0,30.0,9.461457,21.78458285331726,LOW,Schedule delay above 6 months
1162,Construction of 6-lane bridge on Ganga on NH-96 and its approaches in Phaphamau Allahabad on EPC mode,MoRTH,618233,Uttar Pradesh,MoRTH,1948.25,1465.41,0.0,87.91,-24.78326703451815,31.0,-87.91,0,100,0,0,30.0,9.311799,21.724719762802124,LOW,Schedule delay above 6 months
1163,"4L Godibandha to Ballhar Chhak, Ballhar Chhak to Banarpal & Banarpal to Start of Angul bypass at Km.314.130 to Km.321.035 of NH53, at Km.75.200 to Km.84.000 of NH149 & at Km.84.000 to Km.86.100 of NH55",National Highways Authority of India [NHAI],618705,Odisha,National Highways Authority of India [NHAI],973.12,973.12,153.23,1.5,0.0,0.0,14.246259454126932,0,0,100,40,31.0,7.8035483,21.72141942977905,LOW,Low physical progress
1164,Establishment of new GMC Mahasamund,"Medical Education, Ministry of Health and Family Welfare",707045,Chhattisgarh,"Medical Education, Ministry of Health and Family Welfare",325.0,325.0,321.5,82.0,0.0,,16.92307692307692,0,50,0,40,21.0,22.76154,21.704616165161134,LOW,No major rule-based risk indicator detected
1165,Improvement/construction of existing Class-5 Road to NH Intermediate lane specification with hard shoulder from existing Km 76/340 to 134/940 Design chainage from Km 76/300 to 133/000 net Length 56.700 kms of NH-505 Sumdo-Kaza- Gramphoo road in the state of Himachal Pradesh Package I,MoRTH,618217,Himachal Pradesh,MoRTH,314.67,244.15,76.97,60.02,-22.41077954682684,15.0,-28.494298586934267,0,75,40,0,32.5,5.492564,21.697025775909424,LOW,Schedule delay above 6 months
1166,4 Lane with PS from Des. Ch 136.100 to Des. Ch. 182.300 of Belgaum-Hungund- Raichur Section of NH-748A Package-4,National Highways Authority of India [NHAI],619107,Karnataka,National Highways Authority of India [NHAI],1311.41,1123.35,46.41,8.88,-14.340290221974833,6.0,-4.748607290693017,0,25,100,0,32.5,5.3799195,21.651967763900757,LOW,Low physical progress
1167,4L of Budhni to Shahganj Bypass End Package-III of NH-146B from Km. 73.750 to Km. 102.000,National Highways Authority of India [NHAI],618962,Madhya Pradesh,National Highways Authority of India [NHAI],1102.97,770.21,65.45,18.4,-30.16945157166559,-3.0,-9.902317549759154,0,0,100,0,25.0,16.435123,21.574049472808838,LOW,Low physical progress
1168,CHITRA EAST OC,Eastern Coal Fields Limited [ECL],400172,Jharkhand,Eastern Coal Fields Limited [ECL],513.99,513.99,239.88,53.03,0.0,24.0,-6.359831319675479,0,75,40,0,32.5,5.16076,21.56430411338806,LOW,Schedule delay above 6 months
1169,Widening/Improvement to 2-lane with earthen shoulder of Yaingangpokpi - Finch corner road section of NH-202 from Km 0.000 to Km 16.900 of NH-202 in the state of Manipur on EPC mode Package-1,NHIDCL,618303,Manipur,NHIDCL,222.77,222.77,0.0,88.85,0.0,46.0,-88.85,0,100,0,0,30.0,8.909198,21.563679218292236,LOW,Schedule delay above 6 months
1170,Bahraich-Shravasti-Balrampur-Siddharthnagar -Santkabir nagar,North Eastern Railway [NER],400204,Uttar Pradesh,North Eastern Railway [NER],4939.78,4939.78,1055.82,8.9,0.0,0.0,12.473826364736892,0,0,100,40,31.0,7.2879953,21.51519808769226,LOW,Low physical progress
1171,"Rehabilitation/ Upgradation of existing Highway to four lane standards in Kurkheda town from km.413257 to km 410775, Two lane in Shankarpur Gurnuli km 42400 to km 43100 section and Reconstruction of Major Bridge at Ch. 448558 Bhuti Nallah and Ch. 411695 Sati River bridge, Minor Bridge at Ch. 411477 and Ch. 405800 Lendhari Bridge of NH 543 Bhamhapuri-wadsa-kurkheda-korchi-Deori-Amgaon road on EPC mode in the State of Maharashtra",MoRTH,618042,Maharashtra,MoRTH,163.86,163.86,0.0,42.78,0.0,10.0,-42.78,0,50,75,0,33.75,3.150094,21.510037660598755,LOW,Schedule delay above 6 months | Low physical progress
1172,Kotapalli - Narasapur New Line,South Central Railway [SCR] - II,705436,Andhra Pradesh,South Central Railway [SCR] - II,2501.0,2501.0,1417.65,30.01,0.0,0.0,26.673326669332265,0,0,75,75,30.0,8.750228,21.500091314315796,LOW,Low physical progress | Expenditure is significantly ahead of physical progress
1173,Nasratpur to Barasgaon section of NH-61 2L / 4L PS from Km.514/00 to 558/200,MoRTH,617934,Maharashtra,MoRTH,406.54,406.54,0.0,95.84,0.0,81.0,-95.84,0,100,0,0,30.0,8.731643,21.49265718460083,LOW,Schedule delay above 6 months
1174,"Work of Upgradation of Jirapur-Pachore Road including Pachore, Jirapur, Chhapiheda & Khujner Bypasses from 0000 to 58790 Design Length 58.79 Km section of NH-752C to 2LPS in the State of Madhya Pradesh under EPC mode",MoRTH,618171,Madhya Pradesh,MoRTH,352.69,352.69,0.0,47.29,0.0,9.0,-47.29,0,50,75,0,33.75,3.1046438,21.491857528686523,LOW,Schedule delay above 6 months | Low physical progress
1175,Kadur - Chickamagalur - Sakleshpur [93km],South Western Railway [SWR] - II,705492,Karnataka,South Western Railway [SWR] - II,825.0,825.0,774.11,84.2,0.0,6.0,9.631515151515146,0,25,0,0,7.5,42.363934,21.445573806762695,LOW,No major rule-based risk indicator detected
1176,Pollution Abatement works for River Ganga at Hooghly Chinsurah- Municipal Town Interception & Diversion with STP,National Mission for Clean Ganga,616604,West Bengal,National Mission for Clean Ganga,154.73,154.73,96.17,93.0,0.0,17.0,-30.846571447036773,0,75,0,0,22.5,19.85476,21.441903591156006,LOW,Schedule delay above 6 months
1177,Augmentation of Banaskantha [Raghanesda] PS [GIS] [POWERGRID Banaskantha Transco Limited],Power Grid Corporation of India Limited [POWERGRID],617182,Gujarat,Power Grid Corporation of India Limited [POWERGRID],172.0,172.0,58.48,36.0,0.0,,-2.0,0,50,75,0,33.75,2.9271045,21.420841813087463,LOW,Low physical progress
1178,GOPALJI KANIHA OCP [10 TO 30 M,MCL - CIL,400185,Odisha,MCL - CIL,8416.19,6107.87,1771.98,34.54,-27.42713745768573,,-5.52857703258255,0,50,75,0,33.75,2.8946686,21.407867431640625,LOW,Low physical progress
1179,Nagpur Metro Rail Phase II Development Project,Maharashtra Metro Rail Corporation Limited [MMRCL],702658,Maharashtra,Maharashtra Metro Rail Corporation Limited [MMRCL],6708.0,6708.0,1912.03,38.0,0.0,,-9.496273106738222,0,50,75,0,33.75,2.8783681,21.401347279548645,LOW,Low physical progress
1180,HINGULA II OC EXPN PH III 15 M,MCL - CIL,616232,Odisha,MCL - CIL,1561.85,1561.85,279.32,29.19,0.0,,-11.306080289400391,0,50,75,0,33.75,2.8675265,21.397010684013367,LOW,Low physical progress
1181,6L of Kagal-Satara section from Km 658.000 to Km 725.000 of NH-48 Pkg-II,National Highways Authority of India [NHAI],618514,Maharashtra,National Highways Authority of India [NHAI],2330.71,317.4,196.85,73.96,-86.38183214556938,24.0,-11.94046628859482,0,75,40,0,32.5,4.6524467,21.360978722572327,LOW,Schedule delay above 6 months
1182,Rehabilitation & upgradation of NH - 167 from design km 187.723 to 234.434 Miryalaguda to Kodad section to two lane with paved shoulder on EPC mode in the state of Telangana,MoRTH,617992,Telangana,MoRTH,322.81,322.81,148.48,98.14,0.0,69.0,-52.14390322480717,0,100,0,0,30.0,8.391317,21.356527090072632,LOW,Schedule delay above 6 months
1183,Gorakhpur-Valmikinagar Doubling project,NER,617224,"Multi-States
(Bihar, Uttar
Pradesh)",NER,1120.0,1120.0,401.82,26.4,0.0,,9.476785714285718,0,50,75,0,33.75,2.7423844,21.346953749656677,LOW,Low physical progress
1184,"Jaynagar-Bijalpura, incl. extn. Bet, Bijalpura-Bardibas [Nepal]",East Central Railway [ECR] - I,705362,Offshore,East Central Railway [ECR] - I,819.0,819.0,580.51,75.0,0.0,48.0,-4.119658119658126,0,100,0,0,30.0,8.262789,21.305115461349487,LOW,Schedule delay above 6 months
1185,6L of Thalikulam to Kodugallur section from km 369.015 to km 397.850 of NH - 66 old NH-17,National Highways Authority of India [NHAI],618602,Kerala,National Highways Authority of India [NHAI],4302.06,4302.06,772.89,84.18,0.0,16.0,-66.2144207193763,0,75,0,0,22.5,19.50796,21.303184032440186,LOW,Schedule delay above 6 months
1186,4L of Kishanganj - Bahadurganj section from Km. 0.000 to Km. 23.649 & interchange at Start Point Length - 1.200 Km of NH-27,National Highways Authority of India [NHAI],618584,"Multi-States
(Bihar, West
Bengal)",National Highways Authority of India [NHAI],962.84,855.56,60.94,9.21,-11.142038137177526,0.0,-2.0871798588059285,0,0,100,0,25.0,15.746861,21.298744678497314,LOW,Low physical progress
1187,Transmission System Strengthening for Interconnections of Bhadla-III & Bikaner III Complex [SPV Name POWERGRID BHADLA BIKANER TRANSMISSION LIMITED],Power Grid Corporation of India Limited [POWERGRID],615335,Rajasthan,Power Grid Corporation of India Limited [POWERGRID],1382.0,1382.0,552.8,42.0,0.0,7.0,-2.0,0,50,75,0,33.75,2.5892892,21.285715699195862,LOW,Schedule delay above 6 months | Low physical progress
1188,BHATADI EXPANSION OC,Western Coalfields Limited [WCL],400033,Maharashtra,Western Coalfields Limited [WCL],580.61,580.61,112.17,33.91,0.0,,-14.590663440174986,0,50,75,0,33.75,2.5470638,21.26882553100586,LOW,Low physical progress
1189,Construction of four lane access controlled highway from Chillakuru cross road to Turpu KanupurPart 1 of Package - II km 0.000 131.500 of NH - 16 to km 23.770 on New NH-516W including sixlane flyover and approaches on NH-16 length km 1.050 and six lane access controlled from TurpuKanupur to Port South Gate Part 2 of Package - II km 23.770 to km 35.015 on New NH-516W inthe state of Andhra Pradesh on HAM Mode under Bharatmala Pariyojana Phase I,National Highways Authority of India [NHAI],619141,Andhra Pradesh,National Highways Authority of India [NHAI],864.2,844.39,305.43,50.17,-2.292293450590148,11.0,-13.998325773635408,0,50,40,0,25.0,15.561591,21.224636554718018,LOW,Schedule delay above 6 months
1190,PELMA OC MDO,South Eastern Coalfields Limited [SECL],616234,Chhattisgarh,South Eastern Coalfields Limited [SECL],1725.04,1725.04,16.71,40.34,0.0,,-39.37132680981311,0,50,75,0,33.75,2.4216886,21.218675434589386,LOW,Low physical progress
1191,Rebuilding of COB 4 at Durgapur Steel Plant,Steel Authority of India Limited [SAIL],612781,West Bengal,Steel Authority of India Limited [SAIL],916.78,916.78,206.54,33.66,0.0,9.0,-11.13114902157551,0,50,75,0,33.75,2.3950205,21.208008229732513,LOW,Schedule delay above 6 months | Low physical progress
1192,Widening to 2 Lane with Paved Shoulders from design Km 103.200 Existing Km 103.200 to design Km 116.700 Existing Km 118.470 on AP/KNT Border to Sira Section of NH-544E in the State of Karnatakaon EPC mode under Annual plan 2022- 23,MoRTH,618147,Karnataka,MoRTH,166.58,166.58,35.33,40.0,0.0,11.0,-18.79097130507865,0,50,75,0,33.75,2.3726318,21.1990527510643,LOW,Schedule delay above 6 months | Low physical progress
1193,"1000 seater Boys hostel, 500 seater Girls hostel, 1.5 MLD Sewage Treatment Plant and Faculty Residence - 72 nos. Flats",NIT Rourkela,619033,Odisha,NIT Rourkela,198.97,198.97,42.55,42.0,0.0,,-20.61486656279841,0,50,75,0,33.75,2.3272314,21.18089258670807,LOW,Low physical progress
1194,Ethylene Cracker Project at Bina Refinery including downstream Petrochemical Plants and expansion of Refinery,MinistryofPetroleumNaturalGas,709798,Madhya Pradesh,MinistryofPetroleumNaturalGas,43367.0,43367.0,4802.7,25.5,0.0,0.0,-14.425450227131227,0,0,75,0,18.75,24.791761,21.16670513153076,LOW,Low physical progress
1195,Establishment of new GMC Mandla,"Medical Education, Ministry of Health and Family Welfare",707059,Madhya Pradesh,"Medical Education, Ministry of Health and Family Welfare",325.0,325.0,82.41,43.0,0.0,,-17.643076923076922,0,50,75,0,33.75,2.2265327,21.140613079071045,LOW,Low physical progress
1196,EPR ASHOK OC,Ministry of Coal,400155,Jharkhand,Ministry of Coal,2898.28,2898.28,185.19,28.85,0.0,,-22.46034820652249,0,50,75,0,33.75,2.2148008,21.135920345783234,LOW,Low physical progress
1197,AMERA OC RCE [1.0 MTY],South Eastern Coalfields Limited [SECL],613798,Chhattisgarh,South Eastern Coalfields Limited [SECL],335.97,335.97,90.88,42.47,0.0,,-15.419965770753343,0,50,75,0,33.75,2.2014554,21.13058215379715,LOW,Low physical progress
1198,Construction of four lane ROB and its approaches in lieu of existing Level Crossing No. RV-71 at km 435 on NH-217 New NH-353 at Khariar including land acquisition under NHO in Annual Plan 2021-22 for the state of Odisha for F.Y. 2021-22 to F.Y 2033-34,MoRTH,618003,Odisha,MoRTH,154.49,154.49,22.32,72.0,0.0,18.0,-57.55246294258528,0,75,40,0,32.5,4.056665,21.122666001319885,LOW,Schedule delay above 6 months
1199,LUNI- SAMDARI- BHILDI DOUBLING,North Western Railway [NWR],616842,"Multi-States
(Gujarat,
Rajasthan)",North Western Railway [NWR],3085.59,3085.59,778.73,30.0,0.0,,-4.762363113699486,0,50,75,0,33.75,1.9927489,21.04709953069687,LOW,Low physical progress
1200,"Rehabilitation & upgradation of Jamkhed to Sautada Section of NH548 D from km 195.375 to km 208.774, Length 13.399 Km to 2L PS /4L configuration with rigid pavement in the state of Maharashtra on EPC mode.",MoRTH,618154,Maharashtra,MoRTH,157.62,157.62,0.0,68.93,0.0,23.0,-68.93,0,75,40,0,32.5,3.8610983,21.0444393157959,LOW,Schedule delay above 6 months
1201,Rehabilitation and Up-gradation of Nongstoin Wahkaji section of Project Road Km 0000 to Km 43060 to Intermediate Lane with earthern shoulder under SARDP-NE Phase-A in the State of Meghalaya on EPC mode. Job No- SARDP-NE ong-Don- Maw/MG/2020-21/294,MoRTH,617885,Meghalaya,MoRTH,302.88,302.88,182.58,99.1,0.0,33.0,-38.81870047543581,0,100,0,0,30.0,7.5477524,21.01910090446472,LOW,Schedule delay above 6 months
1202,DCU Revamp Project,NRL,709864,Assam,NRL,370.0,370.0,281.31,76.3,0.0,27.0,-0.2702702702702595,0,100,0,0,30.0,7.4557385,20.982295513153076,LOW,Schedule delay above 6 months
1203,North Dhadu Western Part OCP,NLC India Limited [NLCIL],617764,Jharkhand,NLC India Limited [NLCIL],1354.2,1354.2,141.98,40.0,0.0,,-29.515581154925417,0,50,75,0,33.75,1.8302116,20.982084691524506,LOW,Low physical progress
1204,"Improvement of existing road to 2 laning with Hard Shoulders of Maram-Peren section Package-1B, length- 17.660 km from Design Chainage 22.340 km to 40.000 km on NH-129A in the State of Manipur on EPC mode",NHIDCL,618415,Manipur,NHIDCL,188.36,188.36,0.0,100.0,0.0,39.0,-100.0,0,100,0,0,30.0,7.4380093,20.9752037525177,LOW,Schedule delay above 6 months
1205,Installation of Bitumen Manufacturing Unit along with allied facilities at Barauni Refinery,MinistryofPetroleumNaturalGas,709777,Bihar,MinistryofPetroleumNaturalGas,389.35,340.0,115.69,60.8,-12.674971105688972,21.0,-26.773529411764702,0,75,40,0,32.5,3.6744933,20.969797372817993,LOW,Schedule delay above 6 months
1206,Doubling of Lingaraj SILO connectivity of NTPC line and augmentation of NTPC exchange yard and NTPC Block Cabin.,East Coast Railway [ECoR] - II,400047,Odisha,East Coast Railway [ECoR] - II,210.0,210.0,39.31,52.0,0.0,24.0,-33.28095238095238,0,75,40,0,32.5,3.5998492,20.939939737319946,LOW,Schedule delay above 6 months
1207,"Construction of Girls Hostel 400 seater, Boys Hostel 600 seater, Academic Block, International Hostel 100 seater, VC Residence and Purchase of Equipment",Central University of Punjab,617221,Punjab,Central University of Punjab,210.99,210.99,74.96,45.0,0.0,,-9.472249869662072,0,50,75,0,33.75,1.7201205,20.938048243522644,LOW,Low physical progress
1208,Improvement to Two lane with Paved Shoulder from Junction of NH22 near Hajipur to Junction of NH -122 at Bachhwara via Mahnar and Mohiuddin Nagar from Km 0.00 to Km 29.730 of NH 122 B in the State of Bihar.,MoRTH,618073,Bihar,MoRTH,226.16,226.16,0.0,44.0,0.0,10.0,-44.0,0,50,75,0,33.75,1.7068958,20.932758331298828,LOW,Schedule delay above 6 months | Low physical progress
1209,Transmission System for Integration of Ananthapur 2 REZ Phase 1 for 4.5 GW. SPV Name Anantapuram 2 REZ Transmission Ltd,Sterlite Power,617806,"Multi-States
(Andhra Pradesh,
Karnataka)",Sterlite Power,4535.99,4535.99,677.57,40.0,0.0,,-25.062356839411017,0,50,75,0,33.75,1.6839972,20.923598885536194,LOW,Low physical progress
1210,Interception & Diversion with Rehabilitation of sewerage scheme at Agra under Hybrid annuity based PPP model-Namami Gange Programme,National Mission for Clean Ganga,616594,Uttar Pradesh,National Mission for Clean Ganga,842.25,842.25,208.64,80.0,0.0,20.0,-55.228257643217574,0,75,0,0,22.5,18.534283,20.913712978363037,LOW,Schedule delay above 6 months
1211,Rourkela-Bondamunda A-Cabin 5th line [9.6 km],CAO/C/SER,615915,Odisha,CAO/C/SER,244.99,244.99,95.42,31.0,0.0,,7.948528511367812,0,50,75,0,33.75,1.6392758,20.905710339546204,LOW,Low physical progress
1212,INTEGRATED LAKHANPUR-BELPAHAR-,Mahanadi Coalfields Limited [MCL],400187,Odisha,Mahanadi Coalfields Limited [MCL],2434.75,2434.75,2002.75,79.05,0.0,,3.2069052264092903,0,50,0,0,15.0,29.721132,20.888453483581543,LOW,No major rule-based risk indicator detected
1213,AMALAGAMATED NTST KUJAMA OCP 8.5MTY,BCCL,611864,Jharkhand,Bharat Coking Coal Limited (BCCL),4011.85,4011.85,414.93,29.7,0.0,,-19.357389982177796,0,50,75,0,33.75,1.5732147,20.879285871982574,LOW,Low physical progress
1214,"Construction of Kaithi-Padaria Kala bypass, Patna-Tamoli bypass, Jaso bypass and Nagod bypass total length 15.44 Km to 2-lane with paved shoulders flexible pavement on NH-943 in the State of Madhya Pradesh on EPC Mode.",MoRTH,618068,Madhya Pradesh,MoRTH,158.36,158.36,0.0,60.0,0.0,14.0,-60.0,0,75,40,0,32.5,3.41697,20.866788029670715,LOW,Schedule delay above 6 months
1215,4LPS Access Controlled Highway of Bellary Bypass Balance work from Ch. 254750 to Ch. 266837 and construction of 4LPS from Ch. 277.690 to Ch. 278.690 at D. Hirehal Village Balance work of NH 150A of Bellary Byrapura Section,National Highways Authority of India [NHAI],618697,Karnataka,National Highways Authority of India [NHAI],626.01,284.05,97.26,35.5,-54.62532547403396,12.0,-1.2595493751100122,0,50,75,0,33.75,1.4774889,20.84099555015564,LOW,Schedule delay above 6 months | Low physical progress
1216,Rehabilitation and upgradation of NH 326A from km 0/0 to 41/979 excluding km 2/255 to 3/372 and km 36/820 to 38/275 Odisha border to Narasamapeta to two lane with paved Shoulders in the State of Andhra Pradesh under NHO on EPC Mode,MoRTH,618125,Andhra Pradesh,MoRTH,228.32,228.32,44.45,100.0,0.0,67.0,-80.53170988086896,0,100,0,0,30.0,7.0575433,20.823017358779907,LOW,Schedule delay above 6 months
1217,Transmission system strengthening at Kurnool- III PS for integration of additional RE generation projects [POWERGRID Kurnool III PS RE Transmission Limited],Power Grid Corporation of India Limited [POWERGRID],617183,Andhra Pradesh,Power Grid Corporation of India Limited [POWERGRID],2886.0,2886.0,721.48,26.19,0.0,,-1.1906930006930023,0,50,75,0,33.75,1.2819711,20.762788474559784,LOW,Low physical progress
1218,2L PS of Najibabad Kotdwar section from 112.575 to Km. 138.635 of NH 119,National Highways Authority of India [NHAI],618924,Uttar Pradesh,National Highways Authority of India [NHAI],188.87,99.2,33.37,50.44,-47.47710065124159,9.0,-16.800887096774197,0,50,40,0,25.0,14.376677,20.750670909881592,LOW,Schedule delay above 6 months
1219,Improvement and Up-gradation to two Lane with Paved Shoulder Configuration from existing km. 420.00 Shohrathgarh to km. 454.00 Uska Bazar of NH-730 in the state of Uttar Pradesh EPC basis,MoRTH,618056,Uttar Pradesh,MoRTH,509.65,484.42,98.47,56.0,-4.950456195428227,15.0,-35.672598158622684,0,75,40,0,32.5,3.1220784,20.748831391334534,LOW,Schedule delay above 6 months
1220,"Rehabilitation/Upgradation of existing Highway to 2LPS/4 lane of Dhawali to Rajoli from Design Km.149476 to 163476 existing Km.150000 to 164000, Pandhasala to Mohadongri from design Km.170476 to 181476 existing Km.171000 to 182000, Ambeshivni Fata to Bodli from design Km.183476 to 185476 existing Km.184000 to 186000 and Made Tukum to Gadchiroli from design Km.188476 to 189476 existing Km.188000 to 18900 having length 28 km of NH-930 of Dhawali to Gadchroli road in the",MoRTH,618065,Maharashtra,MoRTH,316.44,316.44,0.0,31.97,0.0,11.0,-31.97,0,50,75,0,33.75,1.2313567,20.74254271388054,LOW,Schedule delay above 6 months | Low physical progress
1221,4-Laning from Rangagara to Kaliabor Tiniali from km 297.00 to km 315.315 of NH-37 on EPC basis under SARDP-NE in state of Assam,NHIDCL,618435,Assam,NHIDCL,386.51,386.51,352.16,97.13,0.0,74.0,-6.017221546661133,0,100,0,0,30.0,6.848704,20.739481687545776,LOW,Schedule delay above 6 months
1222,JHARKHAND-LAIYO OCP,Ministry of Coal,400352,Jharkhand,Ministry of Coal,764.57,764.57,145.81,32.23,0.0,,-13.15914971814222,0,50,75,0,33.75,1.2055131,20.732205241918564,LOW,Low physical progress
1223,Construction of 2 lane with paved shoulders Baramulla Bypass Greenfield bypass from existing Ch. Km 47020 to Km 56720 and Design Ch. From 48500 to 62600 Total length 14.100 km on road Srinagar Baramulla Uri NH-01 in the UT of Jammu & Kashmir under Project.Package-III,MoRTH,618202,"Jammu and
Kashmir",MoRTH,992.43,992.43,34.01,39.84,0.0,,-36.41305804943422,0,50,75,0,33.75,1.175895,20.720357984304428,LOW,Low physical progress
1224,SASTI EXPANSION OPENCAST,Western Coalfields Limited [WCL],615186,Maharashtra,Western Coalfields Limited [WCL],319.04,319.04,111.17,32.21,0.0,,2.6351604814443306,0,50,75,0,33.75,1.1399173,20.70596691966057,LOW,Low physical progress
1225,JAGANNATHPUR OC RCE PROJECT,South Eastern Coalfields Limited [SECL],613800,Chhattisgarh,South Eastern Coalfields Limited [SECL],459.49,459.49,276.8,96.15,0.0,24.0,-35.90929835252128,0,75,0,0,22.5,18.002758,20.70110321044922,LOW,Schedule delay above 6 months
1226,N. EXTN. MUNGOLI NIRGUDA D OCP,Western Coalfields Limited [WCL],615919,Maharashtra,Western Coalfields Limited [WCL],1024.91,1024.91,217.01,27.92,0.0,,-6.7464335405060005,0,50,75,0,33.75,1.1184796,20.697391837835312,LOW,Low physical progress
1227,Transmission System for Evacuation of Power from Rajasthan REZ Ph-IV [Part-2 5.5 GW] [Jaisalmer/Barmer Complex] Part E [SPV Name POWERGRID Mewar Transmission Limited],Power Grid Corporation of India Limited [POWERGRID],615334,"Multi-States
(Madhya Pradesh,
Rajasthan)",Power Grid Corporation of India Limited [POWERGRID],3251.0,3251.0,1592.99,39.4,0.0,8.0,9.6,0,50,75,0,33.75,1.1121589,20.69486355781555,LOW,Schedule delay above 6 months | Low physical progress
1228,Construction of Ring Road around Kanpur from Ch.23.325 to Ch.32.090 Chaudhariya to Transganga Package-IIA,National Highways Authority of India [NHAI],618540,Uttar Pradesh,National Highways Authority of India [NHAI],1089.41,977.45,190.16,42.85,-10.277122479140086,6.0,-23.395296434600237,0,25,75,0,26.25,12.358978,20.693591594696045,LOW,Low physical progress
1229,Koraput - Singapur Railway Doubling,East Coast Railway [ECoR] - II,705513,Odisha,East Coast Railway [ECoR] - II,2362.0,2362.0,1962.43,74.6,0.0,3.0,8.483403895004244,0,25,40,0,17.5,25.483051,20.69322109222412,LOW,No major rule-based risk indicator detected
1230,NAKRAKONDA KUMARDIH- B OCP,Eastern Coal Fields Limited [ECL],400181,West Bengal,Eastern Coal Fields Limited [ECL],502.68,502.67,83.8,27.52,-0.0019893371528588,,-10.849023017088747,0,50,75,0,33.75,1.100159,20.690063625574112,LOW,Low physical progress
1231,Construction of Mangaldoi Bypass NH-15 starting at Ch 26400 and terminating at Ch 41505 under Rangia NH Division L 15.105 Km in the State of Assam. Job No. 15/AS/2021-22/234,MoRTH,617895,Assam,MoRTH,535.03,535.03,161.56,70.71,0.0,20.0,-40.51356241706071,0,75,40,0,32.5,2.9356892,20.674275755882263,LOW,Schedule delay above 6 months
1232,Goleti Opencast Mine,Singareni Collieries Company Limited [SCCL],615862,Telangana,Singareni Collieries Company Limited [SCCL],345.6,345.6,111.15,32.0,0.0,,0.1614583333333286,0,50,75,0,33.75,1.0519845,20.67079383134842,LOW,Low physical progress
1233,Widening and Strengthening of Rafiabad-Kupwara-Chowkibal-Tangdhar-Chamkot NH- 701 road from design Ch. From 0000 to 51000 to two lanes with paved shoulders under Project Beacon in the UT of Jammu & Kashmir on EPC mode Package-I.,MoRTH,618206,"Jammu and
Kashmir",MoRTH,1404.94,1404.94,118.37,36.5,0.0,,-28.074729169928965,0,50,75,0,33.75,1.0402083,20.666083335876465,LOW,Low physical progress
1234,SCREENING PLANT-III AT KIRANDUL,National Mineral Development Corporation Limited [NMDC],709826,Chhattisgarh,National Mineral Development Corporation Limited [NMDC],2718.84,2718.84,1524.61,82.17,0.0,18.0,-26.09424710538319,0,75,0,0,22.5,17.848557,20.63942289352417,LOW,Schedule delay above 6 months
1235,Capacity Expansion of Digboi Refinery from 0.65 to 1.0 MMTPA,MinistryofPetroleumNaturalGas,709779,Assam,MinistryofPetroleumNaturalGas,768.0,740.0,174.5,56.0,-3.6458333333333335,16.0,-32.41891891891892,0,75,40,0,32.5,2.7540162,20.601606488227844,LOW,Schedule delay above 6 months
1236,EPR AMRAPALI OCP,Ministry of Coal,400156,Jharkhand,Ministry of Coal,5136.15,5136.15,1326.01,44.45,0.0,,-18.632802293546725,0,50,75,0,33.75,0.87003595,20.598014384508133,LOW,Low physical progress
1237,Secondary Emission Control in Converters of SMS-II at Bokaro Steel Plant,Steel Authority of India Limited [SAIL],617250,Jharkhand,Steel Authority of India Limited [SAIL],207.13,207.13,57.34,39.92,0.0,,-12.236902428426587,0,50,75,0,33.75,0.85150945,20.590603798627853,LOW,Low physical progress
1238,Rehabilitation & Upgradation of NH-731A from Km.0.00 to Km.35.00 to 2-lane with paved shoulder under EPC mode,MoRTH,618167,Uttar Pradesh,MoRTH,264.86,264.86,0.0,93.0,0.0,33.0,-93.0,0,100,0,0,30.0,6.474919,20.589967489242554,LOW,Schedule delay above 6 months
1239,"Widening and strengthening to 2 lane with paved shoulder from existing Ch. Km 56720 to Km 100820 and Design Ch. From Km 62600 to Km 106360 Total Length43.760 Km on SRINAGAR -BARAMULA URINH-01 in the UT of Jammu & Kashmir under project BEACON, Border Roads Organization BRO on EPC mode.",MoRTH,618201,"Jammu and
Kashmir",MoRTH,702.1,702.1,0.0,45.0,0.0,,-45.0,0,50,75,0,33.75,0.84627354,20.588509410619736,LOW,Low physical progress
1240,Construction of left out portion of Agra Inner Ring Road connecting village Deori to NH-44 village Bad from Km. 0.000 to Km. 7.772,National Highways Authority of India [NHAI],618554,Uttar Pradesh,National Highways Authority of India [NHAI],879.26,787.58,623.64,91.7,-10.426949935172754,21.0,-12.515663170725515,0,75,0,0,22.5,17.686625,20.574649810791016,LOW,Schedule delay above 6 months
1241,MAHAMAYA OCP [1.50 MTY],South Eastern Coalfields Limited [SECL],613801,Chhattisgarh,South Eastern Coalfields Limited [SECL],410.26,410.26,187.63,54.6,0.0,24.0,-8.865587676107836,0,75,40,0,32.5,2.6772554,20.570902228355408,LOW,Schedule delay above 6 months
1242,"Widening of basic strip at Western Side of Runway Chainage 80m to 920m i/c slope stabilization Measures [Balance work] of uphill and Improvement of Storm Water Drainage System at Pakyong Airport, Sikkim on design & build basis [EPC] with integrated 10 years maintenance.",612793,N04000110,Sikkim,Airport Authority of India [AAI],323.26,323.26,80.84,34.25,0.0,12.0,-9.242266287199154,0,50,75,0,33.75,0.78527194,20.564108788967133,LOW,Schedule delay above 6 months | Low physical progress
1243,RPR MAGADH EXP OCP,Ministry of Coal,400150,Jharkhand,Ministry of Coal,7254.37,7254.37,1688.4,40.21,0.0,,-16.935752891016033,0,50,75,0,33.75,0.7768438,20.560737520456314,LOW,Low physical progress
1244,Implementation of LILO of both circuits of 400KV vindhyachal PS-Sasan D/C Line at Hindalco Switchyard,Power Grid Corporation of India Limited [POWERGRID],617272,Madhya Pradesh,Power Grid Corporation of India Limited [POWERGRID],370.0,370.0,114.7,35.03,0.0,,-4.030000000000001,0,50,75,0,33.75,0.7682793,20.55731174349785,LOW,Low physical progress
1245,Construction of four-lane Concrete Road from Police Headquarter Gondia City to Rawanwadi Village Birsi Airport Junction from design km 0.000 to km 15.781 existing km 39/720 of NH-753 to existing Km 8/400 of NH 543 on sections from Kohmara- Goregaon- Police HeadquarterKaranja - Collector Office Square - Balaghat T Point- Rawanwadi- Rajegaon of NH-753 and NH-543 in Gondia District in the state of Maharashtra. Total Length of the project 15.781 Km.,MoRTH,618059,Maharashtra,MoRTH,328.11,328.11,0.0,34.15,0.0,11.0,-34.15,0,50,75,0,33.75,0.7624734,20.554989367723465,LOW,Schedule delay above 6 months | Low physical progress
1246,SHIMOGA - SHIKARIPURA - RANEBENNUR [96 Km],South Western Railway [SWR] - II,705761,Karnataka,South Western Railway [SWR] - II,1454.0,1454.0,97.75,13.5,0.0,6.0,-6.777166437414031,0,25,100,0,32.5,2.6356683,20.554267287254333,LOW,Low physical progress
1247,Replacement of remaining 04 sets of Battery Cyclones with 04 Nos. of ESPs in Sinter Plant-1 at Bokaro Steel Plant,Steel Authority of India Limited [SAIL],617254,Jharkhand,Steel Authority of India Limited [SAIL],260.37,260.37,102.86,44.17,0.0,10.0,-4.664680646771906,0,50,75,0,33.75,0.6919463,20.526778548955917,LOW,Schedule delay above 6 months | Low physical progress
1248,Coke Drum Structure Package,Ministry of Petroleum & Natural Gas,617836,Assam,Ministry of Petroleum & Natural Gas,635.28,635.28,453.66,60.6,0.0,9.0,10.811031356252364,0,50,40,40,31.0,4.8158865,20.526354646682737,LOW,Schedule delay above 6 months
1249,Widening/Improvement to 2-lane with earthen shoulder of Yaingangpokpi - Finch corner road section of NH-202 from Km 16.900 to Km 30.970 of NH-202 in the state of Manipur on EPC mode Package-2,NHIDCL,618302,Manipur,NHIDCL,256.04,256.04,0.0,97.12,0.0,48.0,-97.12,0,100,0,0,30.0,6.30508,20.522032022476196,LOW,Schedule delay above 6 months
1250,Construction of New Four Lane Bypass to Parbhani City Parwa to Asola Km 463/265 to Km 481/180 Design Ch. 19220 to Ch. 34434 Length-15.214 Km section of NH-61 on EPC mode in the State of Maharashtra.,MoRTH,617932,Maharashtra,MoRTH,496.64,496.64,0.0,70.14,0.0,20.0,-70.14,0,75,40,0,32.5,2.5491526,20.51966106891632,LOW,Schedule delay above 6 months
1251,TRANSMISSION SYSTEM FOR EVACUATION OF POWER FROM RAJASTHAN REZ PH -IV [PART-2 5.5 GW] [JAISALMER/BARMER COMPLEX] PART F [SPV Name POWERGRID BARMER I TRANSMISSION LIMITED],Power Grid Corporation of India Limited [POWERGRID],615338,Rajasthan,Power Grid Corporation of India Limited [POWERGRID],2735.0,2735.0,875.2,31.48,0.0,7.0,0.5199999999999996,0,50,75,0,33.75,0.67024946,20.518099784851074,LOW,Schedule delay above 6 months | Low physical progress
1252,Replacement of existing Grinders in CRM-I & II at Bokaro Steel Plant,Steel Authority of India Limited [SAIL],617249,Jharkhand,Steel Authority of India Limited [SAIL],211.94,211.94,58.64,47.5,0.0,,-19.831792016608475,0,50,75,0,33.75,0.6571913,20.512876510620117,LOW,Low physical progress
1253,Pal Phata Phulambri - Khultabad 2LPS,MoRTH,618177,Maharashtra,MoRTH,227.19,227.19,0.0,99.15,0.0,72.0,-99.15,0,100,0,0,30.0,6.276002,20.510400772094727,LOW,Schedule delay above 6 months
1254,JARANGDIH EXPN. OCP 1.5 MTY,CCL - CIL,616236,Jharkhand,CCL - CIL,414.37,414.37,85.6,34.18,0.0,,-13.522133841735648,0,50,75,0,33.75,0.60419786,20.491679146885872,LOW,Low physical progress
1255,BHUBANESWARI EXPN OCP 50 MTY,MCL - CIL,616231,Odisha,MCL - CIL,5366.27,5366.27,477.39,32.47,0.0,,-23.573876621936655,0,50,75,0,33.75,0.56686664,20.476746663451195,LOW,Low physical progress
1256,Transmission System for Evacuation of Power from Rajasthan REZ Ph-IV [Part-2 5.5GW] [Jaisalmer/Barmer Complex] Part H1 [POWERGRID KURAWAR TRANSMISSION LIMITED],Power Grid Corporation of India Limited [POWERGRID],615344,Madhya Pradesh,Power Grid Corporation of India Limited [POWERGRID],3674.0,3674.0,1396.12,39.24,0.0,8.0,-1.240000000000009,0,50,75,0,33.75,0.56108534,20.47443413734436,LOW,Schedule delay above 6 months | Low physical progress
1257,Widening to 2-lane with paved shoulder from km 0.00 to 44.00 Kuru-Ghaghra section of NH-143A including re-construction of culverts and bridges.,MoRTH,618084,Jharkhand,MoRTH,153.01,133.67,84.74,93.0,-12.639696751846287,31.0,-29.605072192713394,0,100,0,0,30.0,6.1548142,20.461925745010376,LOW,Schedule delay above 6 months
1258,Transmission System for Evacuation of Power from Rajasthan REZ Ph-IV [Part-2 5.5 GW][Jaisalmer/Barmer Complex] Part B [SPV Name POWERGRID Sirohi Transmission Limited],Power Grid Corporation of India Limited [POWERGRID],615332,Rajasthan,Power Grid Corporation of India Limited [POWERGRID],3279.0,3279.0,1508.34,47.13,0.0,7.0,-1.1300000000000026,0,50,75,0,33.75,0.520567,20.458226799964905,LOW,Schedule delay above 6 months | Low physical progress
1259,Construction of 4 lane Bypass to Nalgonda Town lrorn Km 000 Existing Ch. 181590 to Km 14.00 Existing Ch. 28/685 ol Nakrekal to Nagarjunsagar Section of NH -565 in the State of Telangara on EPC under Annual Plan 2024 -25,MoRTH,619253,Telangana,MoRTH,516.17,516.17,0.0,43.13,0.0,,-43.13,0,50,75,0,33.75,0.51593196,20.456372782588005,LOW,Low physical progress
1260,"Revised Jharia Master Plan for Dealing with Fire, Subsidence & Rehabilitation of affected families in Jharia Coalfield- Reg.",Bharat Coking Coal Limited [BCCL],617416,Jharkhand,Bharat Coking Coal Limited [BCCL],5940.47,5940.47,262.83,26.0,0.0,,-21.575602603834376,0,50,75,0,33.75,0.5067111,20.452684447169304,LOW,Low physical progress
1261,Construction & upgradation of existing road to 2-lane with paved shoulder including geometric improvement of Kafer- Lava More section from km 40.00 to km 61.100 of NH717-A on EPC under SARDP-NE A in state of West Bengal Pkg-VA,NHIDCL,618427,West Bengal,NHIDCL,311.02,273.78,6.11,95.6,-11.973506526911455,37.0,-93.36828110161444,0,100,0,0,30.0,6.12401,20.449604034423828,LOW,Schedule delay above 6 months
1262,TRANSMISSION SYSTEM FOR EVACUATION OF POWER FROM RAJASTHAN REZ PH-IV [PART-3/ 6 GW] [BIKANER COMPLEX] PART B [SPV Name POWERGRID Siwani Transmission Limited],Power Grid Corporation of India Limited [POWERGRID],615340,"Multi-States
(Haryana,
Rajasthan)",Power Grid Corporation of India Limited [POWERGRID],5357.0,5357.0,1446.39,28.27,0.0,7.0,-1.2699999999999996,0,50,75,0,33.75,0.44867232,20.42946892976761,LOW,Schedule delay above 6 months | Low physical progress
1263,Rehabilitation & Up-gradation of Mudkhed to Nanded section from Km. 372000 to Km 388400 of NH 161A i.e. Nanded-Bhokar-Himayatnagar-Kinwat-Mahur-Arani Road Design chainage from Km 372000 Mudkhed to Km 387650 Nanded of NH 161A Length 15.65 Km to 2/4Lane with paved shoulders configuration in the State of Maharashtra on EPC mode.,MoRTH,618089,Maharashtra,MoRTH,206.54,206.54,0.0,65.14,0.0,14.0,-65.14,0,75,40,0,32.5,2.3234599,20.42938393354416,LOW,Schedule delay above 6 months
1264,Widening to 2 Lane from Existing Chainage Km 74.700 Km 100.660 Design Chainage Km 53.365 to Km 78.785 on NH- 507 in the State of Uttarakhand.,MoRTH,618039,Uttarakhand,MoRTH,346.82,346.82,0.0,29.64,0.0,,-29.64,0,50,75,0,33.75,0.4447417,20.427896678447723,LOW,Low physical progress
1265,Transmission System for Evacuation of Power from Potential Renewable Energy Zone in Khavda area of Gujarat under Phase-IV [7GW] Part B [SPV Name POWERGRID South Olpad Transmission Limited],Power Grid Corporation of India Limited [POWERGRID],615345,Gujarat,Power Grid Corporation of India Limited [POWERGRID],4766.0,4766.0,1239.16,27.59,0.0,12.0,-1.59,0,50,75,0,33.75,0.43914187,20.425656750798225,LOW,Schedule delay above 6 months | Low physical progress
1266,Change of service of existing Mundra-Panipat Pipeline [Panipat - Churwa section] from Crude oil to Product,IOCL,619196,Haryana,IOCL,359.0,359.0,10.37,35.3,0.0,,-32.411420612813366,0,50,75,0,33.75,0.41943952,20.417775809764862,LOW,Low physical progress
1267,JHIRIA WEST OCP [1.5 MTY],South Eastern Coalfields Limited [SECL],613803,Madhya Pradesh,South Eastern Coalfields Limited [SECL],366.94,366.94,35.57,41.29,0.0,,-31.596317109064152,0,50,75,0,33.75,0.4107336,20.414293453097343,LOW,Low physical progress
1268,Rehabilitation and upgradation of NH-167 from design km 157.707 to 187.723 design length 30.016 km to two lane with paved shoulders of Alinagar-Miryalaguda Sec on EPC mode in the state of Telangana,MoRTH,617993,Telangana,MoRTH,220.28,220.28,0.0,97.74,0.0,79.0,-97.74,0,100,0,0,30.0,5.997592,20.39903688430786,LOW,Schedule delay above 6 months
1269,Development of Keshod Airport.,619054,-,Gujarat,Airport Authority of India [AAI],363.1,363.1,87.88,33.13,0.0,,-8.927301019003036,0,50,75,0,33.75,0.35698795,20.39279519021511,LOW,Low physical progress
1270,BAROUD OC EXPANSION [3.0-10.0M,South Eastern Coalfields Limited [SECL],400149,Chhattisgarh,South Eastern Coalfields Limited [SECL],2309.8,2309.8,993.79,55.95,0.0,,-12.92506277599793,0,50,40,0,25.0,13.479108,20.391643047332764,LOW,No major rule-based risk indicator detected
1271,Rehabilitation and up-gradation to 2 lane with paved shoulder from existing chainage km 64535 to km 85385 Design chainage km 55800 to km 74350 under 13 TF on Akhnoor-Poonch road NH-144A under Project Sampark BRO in the UT of Jammu & Kashmir on EPC mode Package-III Job no NH-144A-J&K-2019-20-79,MoRTH,618223,"Jammu and
Kashmir",MoRTH,152.93,152.93,75.64,88.94,0.0,32.0,-39.47946249918263,0,100,0,0,30.0,5.905964,20.362385511398315,LOW,Schedule delay above 6 months
1272,Bagodara Solar Power Project,Satluj Jal Vidyut Nigam [SJVN] Thermal Limited,709747,Gujarat,Satluj Jal Vidyut Nigam [SJVN] Thermal Limited,339.35,339.35,370.0,51.86,0.0,0.0,57.17197288934727,0,0,40,100,25.0,13.380403,20.352160930633545,LOW,Expenditure is significantly ahead of physical progress | Expenditure exceeds revised project cost
1273,4L Spur of Panipat - Shamli connecting NH-709AD Panipat Shamli Muzaffarnagar and NH-709A Karnal Meerut bypassing Shamli district UP,National Highways Authority of India [NHAI],618770,Uttar Pradesh,National Highways Authority of India [NHAI],516.16,273.42,232.93,74.23,-47.028053316800985,5.0,10.96128081340062,0,25,40,40,23.5,15.624113,20.3496452331543,LOW,No major rule-based risk indicator detected
1274,4 Lane with PS from Des. Ch 43.800 to Des. Ch. 89.900 of Belgaum-Hungund- Raichur Section of NH-748A Package-2,National Highways Authority of India [NHAI],618651,Karnataka,National Highways Authority of India [NHAI],1427.88,1293.94,444.62,42.04,-9.380340084600949,4.0,-7.678283073403712,0,25,75,0,26.25,11.489871,20.345948696136475,LOW,Low physical progress
1275,6L Access Controlled Greenfield Highway from Kavulakuntla Ch. 196000 to Narayanmpet Ch. 203500Package-09,National Highways Authority of India [NHAI],618718,Andhra Pradesh,National Highways Authority of India [NHAI],1092.18,956.4,178.93,36.0,-12.432016700543874,2.0,-17.291300710999582,0,25,75,0,26.25,11.422511,20.31900453567505,LOW,Low physical progress
1276,Balance work of Rehabilitation and Up-gradation to 2-lane road with paved shoulders configuration for NH- 965DD from Pacharal-Mandangad-Mhapral-Rajewadi Upto Junction of NH-66 Ch-22700 to 75100 Km and Ambadave connector Birth place of Dr. Babasaheb Ambedkar Ch-0000 to 7325 Km length Km 59.725 in the state of Maharashtra on EPC mode. Balance Work,MoRTH,618198,Maharashtra,MoRTH,388.93,341.69,0.0,93.0,-12.146144550433242,29.0,-93.0,0,100,0,0,30.0,5.7936234,20.31744933128357,LOW,Schedule delay above 6 months
1277,KANCHAN OC EXP,South Eastern Coalfields Limited [SECL],613802,Madhya Pradesh,South Eastern Coalfields Limited [SECL],371.04,371.04,148.87,58.2,0.0,24.0,-18.07764122466581,0,75,40,0,32.5,2.0346723,20.313868939876556,LOW,Schedule delay above 6 months
1278,Laying of Natural Gas Pipeline from Hazaribagh to Ranchi [HRPL],MinistryofPetroleumNaturalGas,709785,Jharkhand,MinistryofPetroleumNaturalGas,202.07,202.07,63.8,56.5,0.0,13.0,-24.92678279804028,0,75,40,0,32.5,2.0076544,20.30306178331375,LOW,Schedule delay above 6 months
1279,Construction and up gradation to 4-Lane of existing two lane with paved shoulder from Hapachara to Tulungia road of NH-117 of existing Km 0.00 to km 14.050 and Design Km 0.000 to km 14.660 under BMP on EPC mode,NHIDCL,618289,Assam,NHIDCL,224.85,224.85,204.31,97.76,0.0,39.0,-6.894978874805432,0,100,0,0,30.0,5.750306,20.300122499465942,LOW,Schedule delay above 6 months
1280,Strengthening and Widening of road Sakoli- Wadsa-Armori-Gadchiroli-Ashti- Allapalli - Sironcha National highway NH 353C in Km 262/00 to 321/00 including 16 minor Bridges and 2 Major Bridge Total length 59 Km section from repanpalli to sironcha in Gadchiroli Dist in the State of Maharashtra.,MoRTH,618133,Maharashtra,MoRTH,280.57,280.57,0.0,61.61,0.0,24.0,-61.61,0,75,40,0,32.5,1.9395994,20.275839745998383,LOW,Schedule delay above 6 months
1281,Transmission System for Evacuation of power from Rajasthan REZ Ph-IV [Part-1] [Bikaner Complex] Part D [Neemrana Bareilly Transmission Ltd],Power Grid Corporation of India Limited [POWERGRID],612133,"Multi-States
(Rajasthan, Uttar
Pradesh)",Power Grid Corporation of India Limited [POWERGRID],3271.0,3271.0,2731.28,72.16,0.0,12.0,11.33984714154694,0,50,40,40,31.0,4.144082,20.257632827758787,LOW,Schedule delay above 6 months
1282,"Rehabilitation & Upgradation of KurwaiMungaoliChanderi Road section of NH-346, from Design Chainge 0.000 to 81.300 Km Total length 83.1 km to Two lane with paved shoulder configuration along with One time improvement in 07 nos of bypassed built- up areas in a total length of 22.615 km in the state of Madhya Pradesh on EPC mode.",MoRTH,618020,Madhya Pradesh,MoRTH,386.49,386.49,164.43,64.71,0.0,16.0,-22.1655615927967,0,75,40,0,32.5,1.8889484,20.25557941198349,LOW,Schedule delay above 6 months
1283,Pune raigarh District Border To Mangaon Ch 69000 to 103775 NH-753F,MoRTH,618180,Maharashtra,MoRTH,223.46,223.46,0.0,89.08,0.0,54.0,-89.08,0,100,0,0,30.0,5.576988,20.23079538345337,LOW,Schedule delay above 6 months
1284,Mira-Bhayandar Water Supply Infrastructure Project,Ministry of Housing & Urban Affairs,702840,Maharashtra,Ministry of Housing & Urban Affairs,204.55,204.55,186.13,99.0,0.0,38.0,-8.005133219261793,0,100,0,0,30.0,5.4797482,20.191899299621582,LOW,Schedule delay above 6 months
1285,Construction of two lane with paved shoulders bypass to Mungrabadshapur town starting from near Kodahu at Km 47/225 of NH-319D and ending near Nauwadandi at Km 219/720 of NH-31 under NHO in the state of Uttar Pradesh on EPC mode,National Highways Authority of India [NHAI],618843,Uttar Pradesh,National Highways Authority of India [NHAI],197.6,165.28,36.16,12.39,-16.356275303643724,6.0,9.488025169409482,0,25,100,0,32.5,1.650946,20.160378396511078,LOW,Low physical progress
1286,Additional Structures on 6LGurgaon-Jaipur Section of NH-48 between KM 42.700 to KM 273.00,National Highways Authority of India [NHAI],618505,"Multi-States
(Haryana,
Rajasthan)",National Highways Authority of India [NHAI],409.64,290.64,195.8,87.14,-29.049897470950103,25.0,-19.771434076520777,0,100,0,0,30.0,5.3953977,20.158159017562866,LOW,Schedule delay above 6 months
1287,"Construction of Intermediate Lane with Hard Shoulder of Hunli to Hayuliang from Design Km 0.000 to Km 53.000 Design Length 53.000 km, Greenfield Section of Frontier Highway NH-913 in the State of Arunachal Pradesh on EPC Mode Package-I",NHIDCL,618402,Arunachal Pradesh,NHIDCL,1262.43,1262.43,233.81,16.75,0.0,1.0,1.770630846858836,0,25,100,0,32.5,1.5779353,20.13117414712906,LOW,Low physical progress
1288,Indore Water Supply Infrastructure Project,Ministry of Housing & Urban Affairs,702793,Madhya Pradesh,Ministry of Housing & Urban Affairs,287.17,287.17,252.5,99.0,0.0,39.0,-11.072988125500586,0,100,0,0,30.0,5.178551,20.071420431137085,LOW,Schedule delay above 6 months
1289,Interception and Diversion and STP works in Bhagalpur under Hybrid annuity based PPP mode-Namami Gange Programme,National Mission for Clean Ganga,616600,Bihar,National Mission for Clean Ganga,413.29,413.29,126.67,97.0,0.0,22.0,-66.35081903747974,0,75,0,0,22.5,16.28787,20.015148162841797,LOW,Schedule delay above 6 months
1290,Laying of new 28 inch Desal Water Pipeline and 10 inch Reject Water Pipeline between CPCL Manali Refinery and CPCL Desalination plant at Ennore,Chennai Petroleum Corporation Limited [CPCL],709750,Tamil Nadu,Chennai Petroleum Corporation Limited [CPCL],205.0,205.0,92.93,70.6,0.0,15.0,-25.26829268292682,0,75,40,0,32.5,1.2494335,19.999773412942886,LOW,Schedule delay above 6 months
1291,Establishment of new GMC Kanker,"Medical Education, Ministry of Health and Family Welfare",707046,Chhattisgarh,"Medical Education, Ministry of Health and Family Welfare",325.0,325.0,35.0,59.0,0.0,,-48.230769230769226,0,50,40,0,25.0,12.48845,19.99537992477417,LOW,No major rule-based risk indicator detected
1292,Transmission system for evacuation of power from REZ in Rajasthan 20GW under Phase-III Part J,Power Grid Corporation of India Limited [POWERGRID],611735,"Multi-States (Delhi,
Rajasthan)",Power Grid Corporation of India Limited [POWERGRID],331.0,331.0,197.71,56.75,0.0,21.0,2.981117824773414,0,75,40,0,32.5,1.2289332,19.991573303937912,LOW,Schedule delay above 6 months
1293,Upgradatiobn and Rehabilitation of Section of NH 361 F from Parli 00/000 to Gangakhed 30/400 to Two Lanes with paved shoulder / Four lane configurations on EPC mode in the State of Maharashtra.,MoRTH,618136,Maharashtra,MoRTH,224.44,224.44,0.0,91.0,0.0,30.0,-91.0,0,100,0,0,30.0,4.889329,19.955731630325317,LOW,Schedule delay above 6 months
1294,Transmission System for Integration of Kurnool-IV REZ Phase-I [for 4.5 GW] [POWERGRID Kurnool-IV Transmission Limited],Power Grid Corporation of India Limited [POWERGRID],617185,"Multi-States
(Andhra Pradesh,
Karnataka)",Power Grid Corporation of India Limited [POWERGRID],5550.0,5550.0,943.5,17.86,0.0,6.0,-0.8599999999999994,0,25,100,0,32.5,1.1096659,19.943866342306137,LOW,Low physical progress
1295,Construction of 2 -Lane with paved shoulders road from Tamenglong to Mahur in the state of Manipur from km 31.430 at Old Tamenglong to km 43.480 ending near Phelong on EPC Mode Package-3,NHIDCL,618356,Manipur,NHIDCL,234.08,234.08,196.29,100.0,0.0,40.0,-16.14405331510595,0,100,0,0,30.0,4.851767,19.940706849098206,LOW,Schedule delay above 6 months
1296,Bangalore Ring Road STRR-NH-948A- Package-I of Phase-III from Belagondapalli TN to TN/KNT border from km 144.480 to 179.969,National Highways Authority of India [NHAI],618519,"Multi-States
(Karnataka, Tamil
Nadu)",National Highways Authority of India [NHAI],1260.74,1218.47,611.1,75.76,-3.352792804226088,16.0,-25.6069391942354,0,75,0,0,22.5,16.10075,19.94029998779297,LOW,Schedule delay above 6 months
1297,"Upgradation & Extension of ESIC Hospital and Construction of PG Hostel / Staff Housing for ESIC Hospital at Andheri, Mumbai",Employee's State Insurance Company [ESIC],616691,Maharashtra,Employee's State Insurance Company [ESIC],260.13,260.13,216.46,89.0,0.0,13.0,-5.7877599661707535,0,75,0,0,22.5,16.086487,19.93459463119507,LOW,Schedule delay above 6 months
1298,Construction of Paderu bypass Km 0000 to Km 13000 of 2- lane with paved shoulder on NH-516E,MoRTH,618254,Andhra Pradesh,MoRTH,244.43,244.43,11.67,13.0,0.0,5.0,-8.225626968866342,0,25,100,0,32.5,1.0369816,19.914792627096176,LOW,Low physical progress
1299,Rajasthan REZ Ph-V [Part-1- 4 GW] [Sirohi/Nagaur] Complex [Rajasthan V Power Transmission Limited],Power Grid Corporation of India Limited [POWERGRID],617186,"Multi-States
(Madhya Pradesh,
Rajasthan)",Power Grid Corporation of India Limited [POWERGRID],5028.0,5028.0,1054.2,24.07,0.0,3.0,-3.10341288782816,0,25,100,0,32.5,0.9831977,19.89327907562256,LOW,Low physical progress
1300,Rehabilitation and upgradation of Askot-Lipulekh on EPC Basis for Phase-I Existing Km 72.00 to 107.620 Design Chainage Km 21330 to Km 56935 under Project Hirak of BRO in the state of Uttarakhand under Bharatmala Pariyojna Phase-I on EPC Mode Length-35.605 Km CA No EPC/MORT&H/HRK/01/2021-22,MoRTH,618210,Uttarakhand,MoRTH,603.92,603.92,0.0,81.17,0.0,30.0,-81.17,0,100,0,0,30.0,4.65966,19.863863945007324,LOW,Schedule delay above 6 months
1301,"Development of additional RESA on either end on Runway 10-28 at Calicut Airport. Construction of embankment with slope protection, drainage system and associated works for additional RESA on either end on Runway 10-28",612789,N04000111,Kerala,Airport Authority of India [AAI],484.57,484.57,204.6,59.0,0.0,15.0,-16.77699816332006,0,75,40,0,32.5,0.88748735,19.85499495267868,LOW,Schedule delay above 6 months
1302,Rehabiitation and upgradation from km 121/000 to 154/000 Nakrekal to Mallampally section of NH-365 to 2 lane with paved shoulders in the state of Telangana in the EPC mode,MoRTH,618025,Telangana,MoRTH,192.67,192.67,141.81,96.0,0.0,77.0,-22.39746717184823,0,100,0,0,30.0,4.616735,19.846693992614746,LOW,Schedule delay above 6 months
1303,Transmission System under ISTS for evacuation of Power from Kudankulam Unit-3&4 [2x1000 MW] [SPV Name POWERGRID Kudankulam Tarnsmission Limited],Power Grid Corporation of India Limited [POWERGRID],616671,Tamil Nadu,Power Grid Corporation of India Limited [POWERGRID],548.0,548.0,120.56,18.72,0.0,3.0,3.280000000000001,0,25,100,0,32.5,0.8534089,19.841363549232483,LOW,Low physical progress
1304,Construction of 4 lane ROB with approaches in lieu of LC No. RV-172 at km 176.00 of NH-201 present NH-26 at Kesinga including land acquisition in the state of Odisha on EPC mode under Annual Plan 2021-22,MoRTH,617905,Odisha,MoRTH,324.09,324.09,84.57,70.09,0.0,17.0,-43.99539664907896,0,75,40,0,32.5,0.8189529,19.82758116722107,LOW,Schedule delay above 6 months
1305,"Earthwork in Formation, Road Work, Construction of Bridges, Blanketing, P. Way Linking works including Supply of P. Way Fittings and Track Ballast in connection with Construction of Railway Siding from Jogighopa Railway Station to MMLP at Jogighopa from Ch. 00 to 3760 on Item Rate basis Package -3, Railway Siding from Jogighopa Railway Station to MMLP",NHIDCL,618454,Assam,NHIDCL,693.97,693.97,37.6,93.23,0.0,27.0,-87.81189835295474,0,100,0,0,30.0,4.5669208,19.826768279075623,LOW,Schedule delay above 6 months
1306,Pune Water Supply Infrastructure Project,Ministry of Housing & Urban Affairs,702851,Maharashtra,Ministry of Housing & Urban Affairs,235.95,235.95,220.77,95.0,0.0,38.0,-1.4335664335664262,0,100,0,0,30.0,4.536243,19.814497232437134,LOW,Schedule delay above 6 months
1307,4L of left-over works including additional structures from Kerala/Tamil Nadu border to Kanyakumari Section from Km 43.0 to Km 96.174 of NH66,National Highways Authority of India [NHAI],618608,Tamil Nadu,National Highways Authority of India [NHAI],1564.23,1263.42,907.2,76.1,-19.23054793732379,14.0,-4.2948995583416405,0,75,0,0,22.5,15.742548,19.797019481658936,LOW,Schedule delay above 6 months
1308,Deepening and Optimization of Inner Harbour facilities including development of Western Dock on BOT basis to handle Cape size vessels,Paradip Port Trust [PPT],701574,Odisha,Paradip Port Trust [PPT],3004.63,3004.63,2117.12,70.0,0.0,10.0,0.4619204361269027,0,50,40,0,25.0,11.98431,19.793724060058594,LOW,Schedule delay above 6 months
1309,Melaghar-Srimantapur section on NH-08 Spur from Km 23 to Km 34.500 11.5 Km and overlay from Km 20.30 to Km 22.00 1.7 Km Total Length 13.2 Km,NHIDCL,618411,Tripura,NHIDCL,195.95,195.95,86.26,69.78,0.0,19.0,-25.75856596070426,0,75,40,0,32.5,0.733163,19.79326519370079,LOW,Schedule delay above 6 months
1310,Provision of 4G Mobile Services in Uncovered Villages of Arunachal Pradesh and 2 Districts of Assam,Department of Telecommunications,701597,"Multi-States
(Arunachal
Pradesh, Assam)",Department of Telecommunications,1255.49,1255.49,332.43,99.43,0.0,35.0,-72.95189185099045,0,100,0,0,30.0,4.471242,19.78849685192108,LOW,Schedule delay above 6 months
1311,4L of Karwar Km. 281.980 of NH-62 Nagaur road to Dangiyavas of Jodhpur Ring Road Pkg-II,National Highways Authority of India [NHAI],618838,Rajasthan,National Highways Authority of India [NHAI],736.75,512.77,400.17,99.0,-30.40108585001697,21.0,-20.959162977553277,0,75,0,0,22.5,15.719941,19.78797674179077,LOW,Schedule delay above 6 months
1312,"Development of New Greenfield Airport at Bundi, Kota Rajasthan.",618977,-,Rajasthan,Airport Authority of India [AAI],1507.0,1507.0,40.4,12.8,0.0,1.0,-10.119177173191773,0,25,100,0,32.5,0.687872,19.775148808956146,LOW,Low physical progress
1313,"Construction of 4 Lane Flyover at Nagpur RTO Chowk To Nagpur University Campus from Ch 2/250 to 5/100 and 4 lane flyover at wadi/midc junction from km 8/360 to km, 10/300 on NH 53 in state of Maharashtra.",MoRTH,617917,Maharashtra,MoRTH,478.83,490.52,0.0,95.0,2.441367499947789,13.0,-95.0,25,75,0,0,30.0,4.432678,19.7730712890625,LOW,Schedule delay above 6 months
1314,"Gudivada Town 2 RoB, and Road improvement NH-165",MoRTH,617984,Andhra Pradesh,MoRTH,317.22,317.22,0.0,73.46,0.0,18.0,-73.46,0,75,40,0,32.5,0.6746201,19.76984804868698,LOW,Schedule delay above 6 months
1315,Outer Ring Road of Jabalpur Town from Manegaon to NH-45 Pkg-2,National Highways Authority of India [NHAI],618684,Madhya Pradesh,National Highways Authority of India [NHAI],917.26,786.47,492.01,74.56,-14.258770686610116,7.0,-12.0007161112312,0,50,40,0,25.0,11.898213,19.75928544998169,LOW,Schedule delay above 6 months
1316,Rehabilitation and upgradation to 2 lane with paved shoulder configuration from km 122.00 Dharasu Bend to km 147.230 Silkyara Bend of NH-94 in the state of Uttarakhand,MoRTH,617975,Uttarakhand,MoRTH,237.79,237.79,79.56,100.0,0.0,56.0,-66.5419067244207,0,100,0,0,30.0,4.37546,19.750184059143066,LOW,Schedule delay above 6 months
1317,"Widening/Improvement to 2 lane with earthen shoulder of Choithar to Marrem Khullen section of NH-202 of Imphal Ukhrul Jessami Economic Corridor from Design Chainage km 53.110 to km 95.700 in the State of Manipur on EPC mode under Bharatmala Pariyojana, under NHO-NE Package-5",NHIDCL,618306,Manipur,NHIDCL,564.05,564.05,72.58,14.08,0.0,2.0,-1.212346423189432,0,25,100,0,32.5,0.585785,19.734313994646072,LOW,Low physical progress
1318,"Improvement and up-gradation of NH-227B 84 Kosi Parikrama Marg PackageV, from Design Km.140.960 Patranga to Km.160.200 Bahuvan Madar Majha on EPC mode in the State of Uttar Pradesh",MoRTH,618114,Uttar Pradesh,MoRTH,1192.33,1192.33,0.0,0.0,0.0,0.0,0.0,0,0,100,0,25.0,11.787193,19.714877605438232,LOW,Low physical progress
1319,Construction of realignment between Pandrass- Pashkyun Total length 27.10 km on road Zozila-Kargil -Leh NH-1 to 2 lane specifications i.e. Drass alignment 9.30 km Kharboo realignment 6.30 km & Kargil alignment 11.50 km under project Vijayak BRO in the UT of Ladakh on EPC Mode,MoRTH,618204,"Jammu and
Kashmir",MoRTH,426.15,426.15,97.91,54.89,0.0,13.0,-31.914521881966444,0,75,40,0,32.5,0.5333425,19.71333698928356,LOW,Schedule delay above 6 months
1320,Improvement/Widening to 2-L with Paved Shoulder/ 4-Laning of NH-40 section from Km 151330 to Km 163400 design Km 63.530 to Km 71.520 including Dawki Bridge of length 368 m between Shillong-Dawki under JICA ODA Loan assistance Phase-II Pkg- 5 -Balance work,NHIDCL,618374,Meghalaya,NHIDCL,284.21,284.21,0.0,38.77,0.0,0.0,-38.77,0,0,75,0,18.75,21.15341,19.711363792419434,LOW,Low physical progress
1321,Sawaimadhopur Bye Pass Line Project,North Western Railway [NWR],706866,Rajasthan,North Western Railway [NWR],304.0,304.0,83.03,72.0,0.0,14.0,-44.6875,0,75,40,0,32.5,0.50707644,19.702830582857132,LOW,Schedule delay above 6 months
1322,Widening to 2-Lane with Paved Shoulders from Km 116.800 to 149.070Design Changes on Hosadurga - Holalkere Section of NH-173 in the State of Karnataka on EPC mode under Annual Plan 2021-22 Job no. NH-173-KNT-2021-22-946,MoRTH,618000,Karnataka,MoRTH,170.34,147.39,106.88,92.65,-13.473053892215578,26.0,-20.13490399620055,0,100,0,0,30.0,4.2559395,19.702375769615173,LOW,Schedule delay above 6 months
1323,Construction of 2 -Lane with paved shoulders road from Tamenglong to Mahur NH- 137 starting from km 80.630 near Mandeu to km 96.870 near Jiri River on EPC Mode Package-6,NHIDCL,618358,Manipur,NHIDCL,311.18,311.18,230.69,86.73,0.0,31.0,-12.59605822996336,0,100,0,0,30.0,4.2435093,19.69740378856659,LOW,Schedule delay above 6 months
1324,Siliguri-Jhapa Pipeline Project,Indian Oil Corporation Limited [IOCL],617828,West Bengal,Indian Oil Corporation Limited [IOCL],267.0,267.0,1.92,11.2,0.0,5.0,-10.480898876404494,0,25,100,0,32.5,0.47334704,19.689338818192482,LOW,Low physical progress
1325,Beawer Gomti 4LPS from km 58.245 to km 108.600 Pkg-I,MoRTH,617887,Rajasthan,MoRTH,379.23,379.23,179.11,99.0,0.0,26.0,-51.770086754739864,0,100,0,0,30.0,4.2222667,19.6889066696167,LOW,Schedule delay above 6 months
1326,Transmission system for evacuation of power from Rajasthan REZ Ph-IV [Part- 3/6GW] [Bikaner complex] Part A [SPV Name POWERGRID Bikaner IV Transmission Limited],Power Grid Corporation of India Limited [POWERGRID],615339,"Multi-States
(Haryana, Punjab,
Rajasthan)",Power Grid Corporation of India Limited [POWERGRID],5969.0,5969.0,1313.18,24.07,0.0,5.0,-2.0700000000000003,0,25,100,0,32.5,0.46959245,19.6878369897604,LOW,Low physical progress
1327,Up-gradation of NH-130C Abhanpur to Paund from NH Km. 0000 to KM 40380 to two lane with paved shoulders in the State of Chhattisgarh on EPC mode.,MoRTH,618078,Chhattisgarh,MoRTH,193.16,193.16,97.78,85.0,0.0,29.0,-34.378753365085934,0,100,0,0,30.0,4.202367,19.680946707725525,LOW,Schedule delay above 6 months
1328,"Widening 2 lane to 4-lane from KM 92/320 to Km 115/320 Vav Chokdi-Satlasana to to Vrundavan Chokdi, Kheralu on NH-58 in the State of Gujarat.",MoRTH,617928,Gujarat,MoRTH,151.13,171.27,0.0,98.0,13.326275392046592,3.0,-98.0,50,25,0,0,22.5,15.382287,19.652915000915527,LOW,Cost overrun above 10%
1329,Construction of two lane with paved shoulder Gangtok Bypass Road from Ranipool to Burtuk Ch 0.00 Km to 23.316 L23.316 Km in the State of Sikkim,MoRTH,618071,Sikkim,MoRTH,385.15,342.89,0.0,90.0,-10.97234843567441,25.0,-90.0,0,100,0,0,30.0,4.083141,19.633256316184998,LOW,Schedule delay above 6 months
1330,NILJAI EXPANSION DEEP OCP,Western Coalfields Limited [WCL],615982,Maharashtra,Western Coalfields Limited [WCL],319.75,319.75,196.86,79.83,0.0,48.0,-18.263150899139944,0,100,0,0,30.0,4.075529,19.63021171092987,LOW,Schedule delay above 6 months
1331,4G Services by BSNL,Department of Telecommunications [DoT],701593,PAN India,Department of Telecommunications [DoT],28466.0,19592.0,8471.19,98.23,-31.174032178739548,24.0,-54.9919946917109,0,75,0,0,22.5,15.320494,19.62819766998291,LOW,Schedule delay above 6 months
1332,Transmission System for Strengthening to facilitate evacuation of power from Bhadla/Bikaner Complex,Power Grid Corporation of India Limited [POWERGRID],617269,Uttar Pradesh,Power Grid Corporation of India Limited [POWERGRID],212.81,212.81,6.38,3.0,0.0,2.0,-0.0020205817395799,0,25,100,0,32.5,0.29519448,19.618077792227268,LOW,Low physical progress
1333,Provision of ICT Augmentation & Bus Reactor at Bhuj-II PS,Power Grid Corporation of India Limited [POWERGRID],617801,Gujarat,Power Grid Corporation of India Limited [POWERGRID],581.74,581.74,7.08,1.5,0.0,6.0,-0.2829614604462476,0,25,100,0,32.5,0.28038543,19.61215417832136,LOW,Low physical progress
1334,Construction of i Connecting Road from Z-Morh Tunnel to Zojila Tunnel Road Length 18.475km and ii 14.150 Km long 2-L Bi-directional single tube Zoji-la Tunnel across Zojila Pass on Sonamarg - Kargil section from Km 82 to Km 118 of NH-01 under PMDP,NHIDCL,618412,Andhra Pradesh,NHIDCL,6808.69,6808.69,3214.27,66.05,0.0,17.0,-18.84165301989075,0,75,40,0,32.5,0.24809308,19.599237233400345,LOW,Schedule delay above 6 months
1335,"Augmentation at Fatehgarh-II PS, Fatehgarh-IV PS [Section-II] and Barmer-I PS [POWERGRID Fatehgarh Barmer Augmentation Transmission Limited]",Power Grid Corporation of India Limited [POWERGRID],617181,Rajasthan,Power Grid Corporation of India Limited [POWERGRID],404.0,404.0,28.28,9.8,0.0,6.0,-2.8,0,25,100,0,32.5,0.17515486,19.570061944425106,LOW,Low physical progress
1336,"Restoration of Gas Terminal, Phase-I [Part-A], Hazira",Oil and Natural Gas Corporation Limited [ONGC],709840,Gujarat,Oil and Natural Gas Corporation Limited [ONGC],249.43,249.43,210.5,97.1,0.0,17.0,-12.707585294471386,0,75,0,0,22.5,15.144752,19.55790090560913,LOW,Schedule delay above 6 months
1337,Roing-Hunli Road Greenfield Alignment Project,NHIDCL,618434,Arunachal Pradesh,NHIDCL,1718.59,1718.59,178.83,82.04,0.0,51.0,-71.63437678562077,0,100,0,0,30.0,3.8901553,19.55606210231781,LOW,Schedule delay above 6 months
1338,Rehabilitation and Upgradation to 2-lane configuration of Hamirpur-Karnohal Section km 141.00 to 181.00 of NH-70 in the State of Himachal Pradesh under Green National Highways Corridor Project GNHCP with the loan assistance of World Bank on EPC mode.Package-1,MoRTH,618231,Himachal Pradesh,MoRTH,371.93,371.93,198.34,91.49,0.0,17.0,-38.162761003414616,0,75,0,0,22.5,15.136268,19.5545072555542,LOW,Schedule delay above 6 months
1339,New Broad Gauge line between Naliya to Jakhau Port,Western Railway [WR] - II,611943,Gujarat,Western Railway [WR] - II,410.26,410.26,11.23,5.0,0.0,1.0,-2.262711451274801,0,25,100,0,32.5,0.11053766,19.544215064495802,LOW,Low physical progress
1340,"Construction of 6-lane Greenfield corridor from Ramnagar to Kacchi Dargah NH-119D from Km 109700 to Km 122300, including widening of the existing NH-31 from Km 196700 to Km 198600, as part of the Amas-Darbhanga.",National Highways Authority of India [NHAI],618742,Bihar,National Highways Authority of India [NHAI],1113.46,1113.46,1.31,0.0,0.0,0.0,0.1176512851831228,0,0,100,0,25.0,11.248035,19.49921417236328,LOW,Low physical progress
1341,Old Pipe Line Replacement [OPRP] Group-A,Oil and Natural Gas Corporation Limited [ONGC],709841,Gujarat,Oil and Natural Gas Corporation Limited [ONGC],173.03,169.84,164.86,93.5,-1.843610934520024,12.0,3.567828544512494,0,50,0,0,15.0,26.200613,19.48024559020996,LOW,Schedule delay above 6 months
1342,"Sainthia, Sitarampur, Mughalsarai, Allahabad & Etawah - Bypass Line Project",Eastern Railway [ER] - I,602797,"Multi-States (Uttar
Pradesh, West
Bengal)",Eastern Railway [ER] - I,461.64,461.64,291.24,31.85,0.0,0.0,31.238120613465036,0,0,75,75,30.0,3.6892705,19.47570824623108,LOW,Low physical progress | Expenditure is significantly ahead of physical progress
1343,Up-gradation to 2-lane with Paved Shoulder from Km 20.300 to Km 29.030 of 8.730 Km length on Goha-Khellani section on NH-244 in UT of Jammu and Kashmir on EPC Mode Package II,NHIDCL,618398,"Jammu and
Kashmir",NHIDCL,210.79,210.79,174.92,96.95,0.0,47.0,-13.966936287300156,0,100,0,0,30.0,3.6652744,19.46610975265503,LOW,Schedule delay above 6 months
1344,Establishment of NIT Puducherry Permanent Campus [Phase-I and Phase-II],"National Institute of Technology, Puducherry",612877,Puducherry,"National Institute of Technology, Puducherry",618.34,544.34,543.74,98.5,-11.96752595659346,17.0,1.3897747731197398,0,75,0,0,22.5,14.905262,19.46210479736328,LOW,Schedule delay above 6 months
1345,Rehabilitation and up-gradation to 2 lane with paved shoulder from existing chainage km 49150 to km 64535 Design chainage km 46.450 to km 55.800 including construction of Sungal Tunnel Total length of Tunnel 2.79 km under 13 TF on Akhnoor-Poonch road NH-144A under Project Sampark BRO in the UT of Jammu & Kashmir on EPC mode Package-II Job no NH-144A-J&K-2019-20-78,MoRTH,618224,"Jammu and
Kashmir",MoRTH,796.97,796.97,432.45,92.01,0.0,21.0,-37.748233559607016,0,75,0,0,22.5,14.839242,19.435697078704834,LOW,Schedule delay above 6 months
1346,Widening & Upgradation to four lane configuration from Km.34.900 Bhadohi to km.73.134 Jaunpur of NH-135A on EPC mode,MoRTH,618082,Uttar Pradesh,MoRTH,395.62,392.03,0.0,94.0,-0.9074364288964236,25.0,-94.0,0,100,0,0,30.0,3.5133693,19.40534770488739,LOW,Schedule delay above 6 months
1347,Doubling of lines connecting the loading spurs in Talcher Yard.,East Coast Railway [ECoR] - II,400048,Odisha,East Coast Railway [ECoR] - II,186.21,186.21,100.97,88.0,0.0,30.0,-33.776274099135385,0,100,0,0,30.0,3.4469035,19.378761410713196,LOW,Schedule delay above 6 months
1348,AMADAND OCP[4.0MTY],Ministry of Coal,400148,Madhya Pradesh,Ministry of Coal,869.44,869.44,325.4,75.15,0.0,72.0,-37.7236105999264,0,100,0,0,30.0,3.3223119,19.328924775123596,LOW,Schedule delay above 6 months
1349,Construction/upgradation to 2-lane with paved shoulder from Design Km 95.55 Bandarkoot to Km. 111.06 Chattroo of 15.52 Km length on Khellani-Kishtwar-Chattroo section on NH-244 in UT of Jammu and Kashmir on EPC Mode Pkg-5,NHIDCL,619038,"Jammu and
Kashmir",NHIDCL,497.09,497.09,240.1,99.97,0.0,37.0,-51.668887525397814,0,100,0,0,30.0,3.2651708,19.306068301200867,LOW,Schedule delay above 6 months
1350,4L Shahpur to Muktainagar from Km. 186.000 to km 216.278 of NH 753L Pkg II of Boregaon Buzurg to Muktainagar,National Highways Authority of India [NHAI],619101,"Multi-States
(Madhya Pradesh,
Maharashtra)",National Highways Authority of India [NHAI],784.35,659.52,299.09,64.0,-15.915088927137123,7.0,-18.65035177098496,0,50,40,0,25.0,10.710363,19.28414535522461,LOW,Schedule delay above 6 months
1351,Construction & Upgradation to 2-lane with paved shoulder from Design Km 67.805 at the end of Km 83rd Tunnel near Dhrabshalla Ex. Km 83905 to Km 80.675 start of Kishtwar Bypass - Dulhasti Ex. Km 970751 of 12.870 Km length on chenani- Sudhmahadev-Goha Khellani-Kishtwar-vailoo-Donipawa-Ashajipora seition of NH-244 in the UT of J&K on EPC Mode under NHO-Gen Pkg-3,NHIDCL,618400,"Jammu and
Kashmir",NHIDCL,398.51,398.51,99.35,98.55,0.0,32.0,-73.61963438809565,0,100,0,0,30.0,3.1856444,19.2742577791214,LOW,Schedule delay above 6 months
1352,Improvement/Up-gradation of existing 2-Lane Road to 4-Lane Divided Highway from Taphukuki to Daili section of Imphal-Kohima road NH-02 Design Chainage from Km 262175 to Km 274610 in the state of Manipur on EPC mode Pkg-4A,NHIDCL,618300,Manipur,NHIDCL,379.39,379.39,301.89,91.31,0.0,52.0,-11.737528400854004,0,100,0,0,30.0,3.1705823,19.268232941627502,LOW,Schedule delay above 6 months
1353,Rehabilitation and up-gradation to 2-lane configuration of Bageshwar to Kangarchina road from km 129.600 to Km 161.600 Existing Chainage 136.00 to Km 169.00 of NH- 309Ain the State of Uttarakhand Package-IV under NHO Annual Plan 2021-22,MoRTH,618119,Uttarakhand,MoRTH,472.23,472.23,0.0,60.0,0.0,,-60.0,0,50,40,0,25.0,10.670507,19.268203258514404,LOW,No major rule-based risk indicator detected
1354,6L Access Controlled Greenfield Highway from Odulapalle Ch. 72000 to Nallacheruvu- palli Ch. 96300 of [NH-544G]Package-4,National Highways Authority of India [NHAI],618715,Andhra Pradesh,National Highways Authority of India [NHAI],1058.9,946.1,377.77,73.93,-10.652563981490232,12.0,-34.00081703836805,0,50,40,0,25.0,10.559594,19.223837852478027,LOW,Schedule delay above 6 months
1355,4L of near Satai Ghat to Chowka section of NH-34 from D. Ch. 89.875 to D. Ch. 145.000 Package-3,National Highways Authority of India [NHAI],618667,Madhya Pradesh,National Highways Authority of India [NHAI],1005.59,882.21,111.76,20.84,-12.269413975874858,-12.0,-8.171814420602804,0,0,100,0,25.0,10.392791,19.157116413116455,LOW,Low physical progress
1356,Construction of 2 -Lane with paved shoulders road from Tamenglong to Mahur NH- 137 in Manipur starting from km 54.180 near Azuram to km 80.630 near Mandeu on EPC Mode Package 5,NHIDCL,618357,Manipur,NHIDCL,477.86,477.86,330.1,84.87,0.0,32.0,-15.791190306784417,0,100,0,0,30.0,2.810673,19.124269247055054,LOW,Schedule delay above 6 months
1357,Construction of 2-laning with Hard shoulder road of Ukhrul - Tolloi - Tadubi section of NH-102A from Design Chainage 81.870 km to 105.825 km in the State of Manipur on EPC mode under NHO-TSP Package -4,NHIDCL,618389,Manipur,NHIDCL,310.76,310.76,247.28,96.8,0.0,27.0,-17.22733942592353,0,100,0,0,30.0,2.7772176,19.110887050628662,LOW,Schedule delay above 6 months
1358,Improvement/Widening to 2-Lane with Paved Shoulder between Shillong-Dawki road up to Bangladesh Border from design Km 10.670 to Km 37.550 under JICA ODA Loan assistance Phase-II -Balance Work-Pkg-2,NHIDCL,618376,Meghalaya,NHIDCL,525.67,525.67,0.0,49.31,0.0,4.0,-49.31,0,25,75,0,26.25,8.386723,19.104689121246338,LOW,Low physical progress
1359,"Planning, Engineering, Supply, Installation, Testing, Commissioning, Integration & Annual Maintenance of 4G mobile network at 1 Lakh sites on PAN India basis including Mumbai & Delhi LSA on turnkey basis under Phase IX.2 Project.",BSNL,709857,PAN India,BSNL,24544.55,24544.5,8472.04,98.23,-0.0002037112108361,15.0,-63.71293915133737,0,75,0,0,22.5,13.942395,19.076958179473877,LOW,Schedule delay above 6 months
1360,Widening to 2-lane with Hard shoulder of Churachandpur to Tuivai Section of NH- 102B from km 13.747 to km 32.835 in the State of Manipur on EPC mode under NHO Package-1B,NHIDCL,618347,Manipur,NHIDCL,241.52,241.52,152.85,96.54,0.0,45.0,-33.25331566743956,0,100,0,0,30.0,2.679318,19.0717271566391,LOW,Schedule delay above 6 months
1361,Bhanupalli-Bilaspur-Beri New Railway Line Project,RVNL - II,705428,"Multi-States
(Himachal
Pradesh, Punjab)",RVNL - II,13447.0,13447.0,7558.16,63.0,0.0,12.0,-6.792964973600057,0,50,40,0,25.0,10.172886,19.069154262542725,LOW,Schedule delay above 6 months
1362,Widening to 2-lane with Hard shoulder of Churachandpur to Tuivai Section of NH- 102B from km 32.835 to km 48.587 in the State of Manipur on EPC mode under NHO Package-2A,NHIDCL,618346,Manipur,NHIDCL,232.99,232.99,149.21,96.35,0.0,45.0,-32.30862483368385,0,100,0,0,30.0,2.6692076,19.06768310070038,LOW,Schedule delay above 6 months
1363,Mumbai Urban Transport Project [MUTP] Phase-IIIA,Mumbai Rail Vikas Corporation Ltd.[MRVC],706780,Maharashtra,Mumbai Rail Vikas Corporation Ltd.[MRVC],33690.0,33690.0,3577.36,22.0,0.0,0.0,-11.381537548233895,0,0,100,0,25.0,10.133175,19.053269863128662,LOW,Low physical progress
1364,"ESR - 8 nos., distribution system - 216 Km, new house service connections - 38760 nos. upgrading of feeder mains, pumping station etc. - Phase II",Ministry of Housing & Urban Affairs,702674,Andhra Pradesh,Ministry of Housing & Urban Affairs,172.22,172.22,88.86,82.0,0.0,39.0,-30.403205202647783,0,100,0,0,30.0,2.5480964,19.019238591194153,LOW,Schedule delay above 6 months
1365,Construction of New 2-Lane Bridge with its approaches from km 0000 to Km 4385 across River Brahmaputra on NH-17 at Jogighopa in Assam on EPC mode,NHIDCL,618286,Assam,NHIDCL,746.76,746.76,410.28,76.47,0.0,25.0,-21.528653382612887,0,100,0,0,30.0,2.531673,19.01266920566559,LOW,Schedule delay above 6 months
1366,Widening to 2-lane with Hard shoulder of Churachandpur to Tuivai Section of NH- 102B from Design Chainage 69.875 Km to 121.769 Km in the State of Manipur on EPC mode Package-3,NHIDCL,618344,Manipur,NHIDCL,673.27,673.27,500.96,82.93,0.0,40.0,-8.52300132190652,0,100,0,0,30.0,2.4726892,18.989075660705566,LOW,Schedule delay above 6 months
1367,Kargil Zanskar Road,NHIDCL,618408,Ladakh,NHIDCL,398.37,398.37,282.19,90.59,0.0,42.0,-19.753842658834756,0,100,0,0,30.0,2.4465616,18.978624641895294,LOW,Schedule delay above 6 months
1368,Improvement and Widening of National Highway No. 127B Darugiri - Songsak - Williamnagar Junction Section to two lane with paved shoulder from design Km 0000 to Km 36635 Design length 36.635 Km existing Km 112000 to Km 151060 of NH-1278 under Bharatmala Pariyojana Lot-1 Pkg-1B Meghalaya portion,NHIDCL,618294,Meghalaya,NHIDCL,801.07,801.07,64.53,24.13,0.0,0.0,-16.074524198883992,0,0,100,0,25.0,9.945507,18.97820281982422,LOW,Low physical progress
1369,Widening/Improvement to 2 lane with earthen shoulder of Marrem Khullen to Jessami section of NH-202 of Imphal - Ukhrul - Jessami Economic Corridor from Design Chainage km 95.700 to km 140.180 in the State of Manipur on EPC mode under Bharatmala Pariyojana under NHO-NE Package-6,NHIDCL,618305,Manipur,NHIDCL,554.66,554.66,201.52,22.55,0.0,0.0,13.782167453935743,0,0,100,40,31.0,0.93893474,18.975573903322218,LOW,Low physical progress
1370,6L Access Controlled Greenfield Highway from Mallapalle Ch. 176000 to Kavulakuntla Ch. 196000 Package-08,National Highways Authority of India [NHAI],618719,Andhra Pradesh,National Highways Authority of India [NHAI],909.02,751.81,257.58,56.01,-17.29444896701943,11.0,-21.74868397600457,0,50,40,0,25.0,9.90689,18.962755918502808,LOW,Schedule delay above 6 months
1371,"City Gas Distribution Projects at Lakhimpur Kheri , Sitapur, Bahraich, Shravasti,Balrampur, Siddharth Nagar & Maharajganj districts",Bharat Petroleum Corporation Limited [BPCL],709795,Uttar Pradesh,Bharat Petroleum Corporation Limited [BPCL],16654.0,16654.0,713.77,17.9,0.0,0.0,-13.61412273327729,0,0,100,0,25.0,9.820992,18.928396940231323,LOW,Low physical progress
1372,Chennai Metro Rail Phase-II Development Project,Chennai Metro Rail Limited [CMRL],702668,Tamil Nadu,Chennai Metro Rail Limited [CMRL],63246.0,63246.0,33129.33,52.55,0.0,,-0.168299971539696,0,50,40,0,25.0,9.798126,18.91925048828125,LOW,No major rule-based risk indicator detected
1373,Widening to 2-lane with Hard shoulder of Churachandpur to Tuivai Section from Km 48.587 to Km 69.875 in the State of Manipur on EPC mode under NHO Package-2B,NHIDCL,618345,Manipur,NHIDCL,365.53,365.53,187.39,85.09,0.0,45.0,-33.82471397696495,0,100,0,0,30.0,2.216047,18.88641881942749,LOW,Schedule delay above 6 months
1374,6L of MH/KN Border Nimbal Village to KN/TS Border Singnodi Village from Km. 97.000 to Km. 162.500 in Yadgir of NH-150C Pkg-III,National Highways Authority of India [NHAI],619211,Karnataka,National Highways Authority of India [NHAI],2104.7,2065.83,779.81,73.9,-1.8468190240889388,11.0,-36.15197620326939,0,50,40,0,25.0,9.628714,18.85148549079895,LOW,Schedule delay above 6 months
1375,Development of External Trunk Connectivity and Internal Infrastructure Works at Multi Model Logistics ParkMMLP at Jogighopa in the State of Assam on EPC Mode Package-I Road and Utility Works,NHIDCL,618455,Assam,NHIDCL,693.97,693.97,296.96,100.0,0.0,29.0,-57.20852486418722,0,100,0,0,30.0,2.064746,18.825898349285126,LOW,Schedule delay above 6 months
1376,Improvement and Widening to 2-lane with paved shoulder of road from design Km 72.000 Pati Chhari to design Km 107.654 Harina Total length 35.654 Km on Teliamura to Harina section of NH 208 in the state of Tripura on EPC mode under JICA ODA Loan Phase VI Package-4,NHIDCL,618367,Tripura,NHIDCL,726.9,726.9,194.74,8.65,0.0,0.0,18.140480121062048,0,0,100,40,31.0,0.52173555,18.80869421958923,LOW,Low physical progress
1377,4L of Galgalia - Bahadurganj section from Km 0.000 to Km 49.000 Package-I of NH327E,National Highways Authority of India [NHAI],618582,Bihar,National Highways Authority of India [NHAI],1282.97,1282.97,599.36,100.0,0.0,,-53.28339711762551,0,50,0,0,15.0,24.385214,18.754085540771484,LOW,No major rule-based risk indicator detected
1378,6L access controlled Highway from Km 40080 to Km 86513 Mator to Barodameo Section,National Highways Authority of India [NHAI],618757,Rajasthan,National Highways Authority of India [NHAI],2010.2,1565.88,707.67,37.24,-22.10327330613869,2.0,7.953118246608931,0,25,75,0,26.25,7.490562,18.746224880218506,LOW,Low physical progress
1379,Rehabilitation and upgradation to 2 lane with paved shoulder from existing chainage Km 30.053 to Km 49.150 design chainage Km 30.000 to Km 46.450 including Kandi Tunnel under 31 BRTF on Akhnoor-Poonch Road NH-144A Under Project Sampark in the UT of Jammu & Kashmir EPC modePackage-I Job no NH-144A-J&K-2020-21-83.,MoRTH,618226,"Jammu and
Kashmir",MoRTH,272.49,272.49,157.74,94.0,0.0,19.0,-36.11163712429814,0,75,0,0,22.5,13.036277,18.714510917663574,LOW,Schedule delay above 6 months
1380,Additional Campus of NITPatna,NIT Patna,606013,Bihar,NIT Patna,499.21,499.21,449.96,98.5,0.0,18.0,-8.365587628452957,0,75,0,0,22.5,13.018936,18.707574367523193,LOW,Schedule delay above 6 months
1381,Widening & Up-gradation to 2 lane with paved shoulder of NH-301 Kargil- Zanskar Road from Design Km .30.040 Ex. Km. 30.000 to Design Km 57.000 Ex. Km. 57.905 of 26.960 Km length Pkg-II,NHIDCL,618410,Ladakh,NHIDCL,404.89,404.89,321.28,75.38,0.0,45.0,3.969946899157805,0,100,0,0,30.0,1.7459956,18.698398292064667,LOW,Schedule delay above 6 months
1382,Transmission system for evacuation of power from REZ in Rajasthan 20 GW under Phase-III part H,Power Grid Corporation of India Limited [POWERGRID],611948,Rajasthan,Power Grid Corporation of India Limited [POWERGRID],1910.0,1910.0,1851.81,98.33,0.0,14.0,-1.3765968586387487,0,75,0,0,22.5,12.956566,18.682626247406006,LOW,Schedule delay above 6 months
1383,4L of Pileru to Kalur Section from Km 55.900 to Km 92.800 & Km 94.500 to Km 95.717 of NH-71Package-II,National Highways Authority of India [NHAI],618777,Andhra Pradesh,National Highways Authority of India [NHAI],1877.47,592.85,246.22,98.84,-68.42293085908163,7.0,-57.30841528211184,0,50,0,0,15.0,24.097616,18.639046669006348,LOW,Schedule delay above 6 months
1384,Dedicated Test Track for RDSO /Phase-II Project,North Western Railway [NWR],706836,Rajasthan,North Western Railway [NWR],466.42,466.42,533.9,98.0,0.0,,16.467647184940603,0,50,0,40,21.0,15.060024,18.624009704589845,LOW,Expenditure exceeds revised project cost
1385,Widening to 2 -Lane with Paved shoulder of Imphal to Jiribam section of NH-37 from Design Chainage 66.110 km to 101.280 Km Existing Chainage km 67.496 to km 103.557 on EPC Mode in Manipur PKG-4,NHIDCL,618336,Manipur,NHIDCL,579.63,579.63,377.13,84.86,0.0,31.0,-19.796079913047976,0,100,0,0,30.0,1.5592846,18.623713850975037,LOW,Schedule delay above 6 months
1386,Widening & Up-gradation to 2 lane with Paved shoulder of NH-301 Kargil- Zanskar Road from Design km 57.000 Ex. Km. 57.905 to Km 87.000 Ex. Km. 88.2491 of 30.000 Km length Pkg-lll,NHIDCL,618409,Ladakh,NHIDCL,381.01,381.01,221.62,82.74,0.0,42.0,-24.573547675914018,0,100,0,0,30.0,1.5192137,18.60768550634384,LOW,Schedule delay above 6 months
1387,Rehabilitation and Up-gradation of existin of road from 2-lane to 2-lane with paved shoulders from km. 0.00 to km 53.590 total length-53.590 km of Raychoti to Vempalli section of NH-440 in the State of Andhra Pradesh on EPC mode.,MoRTH,618037,Andhra Pradesh,MoRTH,439.82,359.52,178.83,82.0,-18.25746896457642,25.0,-32.258678237650194,0,100,0,0,30.0,1.4481794,18.579271733760834,LOW,Schedule delay above 6 months
1388,Development of 6L Sargi Basanwahi Section from km 42.800 to km 99.500 of NH- 130CD Pkg-CG-2,National Highways Authority of India [NHAI],618674,Chhattisgarh,National Highways Authority of India [NHAI],1470.73,1461.81,756.05,99.0,-0.6065015332521995,16.0,-47.27987221321513,0,75,0,0,22.5,12.635918,18.554367065429688,LOW,Schedule delay above 6 months
1389,"Construction of of 2 -Lane with paved shoulders road from Tamenglong-Tousem- Lisang-Mahur Road NH-137 starting near Dialong Village from km 10.000 at Dialong to km 31.430 near Old Tamenglong , near Barak River on EPC Mode Package-2",NHIDCL,618355,Manipur,NHIDCL,483.87,483.87,361.96,95.28,0.0,36.0,-20.47478372290078,0,100,0,0,30.0,1.3644432,18.54577726125717,LOW,Schedule delay above 6 months
1390,2L/4L of Hoshiarpur to Una section including Hoshiarpur Bypass of NH 503A,National Highways Authority of India [NHAI],618907,"Multi-States
(Himachal
Pradesh, Punjab)",National Highways Authority of India [NHAI],571.34,481.88,63.4,24.87,-15.657926978681704,0.0,-11.71319747655018,0,0,100,0,25.0,8.734029,18.493611574172974,LOW,Low physical progress
1391,Widening to 2 Lane with Paved shoulder of lmphal to Jiribam section of NH-37 from Design Ch. from Km 101280 Near Khongsang Village to Km 131280 near Puilon Kambiron Village on EPC Mode in Manipur PKG-5,NHIDCL,618335,Manipur,NHIDCL,410.68,410.68,339.14,89.95,0.0,25.0,-7.369888964644019,0,100,0,0,30.0,1.2339766,18.493590652942657,LOW,Schedule delay above 6 months
1392,"4L Greenfield Road connecting North and South industrial cluster of Khandaleru Creek near Krishnapatnam port at Thamminapatnam to Mollur from Km 0.0 to Km 16.046, Part I & 6L extension of dedicated port road of NH-67 Km 18.0 to Km 19.3, Part II",National Highways Authority of India [NHAI],618807,Andhra Pradesh,National Highways Authority of India [NHAI],609.43,559.98,505.16,78.62,-8.114139441773451,9.0,11.590364655880563,0,50,0,40,21.0,14.652679,18.461072063446046,LOW,Schedule delay above 6 months
1393,6L Access Controlled Greenfield Highway from Audireddipalle Ch. 160000 to Mallapalle Ch. 176000Package-07,National Highways Authority of India [NHAI],618720,Andhra Pradesh,National Highways Authority of India [NHAI],987.1,848.06,297.0,65.77,-14.08570560226928,11.0,-30.74889300285357,0,50,40,0,25.0,8.5332985,18.41331934928894,LOW,Schedule delay above 6 months
1394,Construction of Jharsuguda Bypass including Land acqusition on NH-49 from km 258.636 to km 283.300 design chainage 258.636 to km 289.876 under NHO in Annual Plan 2022-23 for the state of Odisha Job No.NH-49-OD-2022-23-655,MoRTH,617922,Odisha,MoRTH,587.1,587.1,52.43,21.0,0.0,0.0,-12.06966445239312,0,0,100,0,25.0,8.472093,18.388837099075317,LOW,Low physical progress
1395,Ernakulam-Kumbalam doubling project [7.71 Km],SR-ERS,705639,Kerala,SR-ERS,601.0,595.39,308.42,25.0,-0.93344425956739,-13.0,26.801340297955967,0,0,75,75,30.0,0.9596967,18.38387867808342,LOW,Low physical progress | Expenditure is significantly ahead of physical progress
1396,Upgradation and reconstruction of Dindori - Mandla Section of NH 543 from Km 77100 Design to Km 170580 Design Total length 93.48km to Two lane with paved shoulder configuration along with One time improvement in 04 nos of bypassed built-up areas in a total length of 7.23 km in the state of Madhya Pradesh on EPC mode,MoRTH,618043,Madhya Pradesh,MoRTH,492.12,523.71,0.0,87.5,6.41916605705926,0.0,-87.5,25,0,0,0,7.5,34.595238,18.338095664978027,LOW,No major rule-based risk indicator detected
1397,4 Laning of Sandalpur to Nasrullaganj Pkg-1 section of NH-146B Length 43.2 Km.,National Highways Authority of India [NHAI],618964,Madhya Pradesh,National Highways Authority of India [NHAI],1425.98,1425.98,66.78,8.02,0.0,0.0,-3.3369048654258817,0,0,100,0,25.0,8.2761135,18.310445547103882,LOW,Low physical progress
1398,4L Greenfield Rudhi to Deshgaon Pkg V of Betul-Khandwa/Deshgaon,National Highways Authority of India [NHAI],618654,Madhya Pradesh,National Highways Authority of India [NHAI],521.21,469.68,196.17,63.62,-9.88661000364537,11.0,-21.853265201839548,0,50,40,0,25.0,8.250364,18.300145864486694,LOW,Schedule delay above 6 months
1399,Outer Ring Road of Jabalpur Town from Barela to Manegaon Pkg-1,National Highways Authority of India [NHAI],618687,Madhya Pradesh,National Highways Authority of India [NHAI],652.33,651.88,468.6,88.0,-0.0689834899514119,14.0,-16.115604098913906,0,75,0,0,22.5,11.981724,18.29268980026245,LOW,Schedule delay above 6 months
1400,Construction of bypass around Chatra Town on NH-22 old NH-99 in the state of Jharkhand under EPC Mode,MoRTH,619005,Jharkhand,MoRTH,235.42,199.2,0.0,12.0,-15.385268881148589,-24.0,-12.0,0,0,100,0,25.0,8.010223,18.204089403152466,LOW,Low physical progress
1401,Berkhedi to Godpehra on NH-44 Sagar link road,National Highways Authority of India [NHAI],618664,Madhya Pradesh,National Highways Authority of India [NHAI],524.84,471.31,368.56,88.0,-10.199298833930346,19.0,-9.800937811631414,0,75,0,0,22.5,11.745568,18.198227405548096,LOW,Schedule delay above 6 months
1402,4 Laning of NH-544D from Km 0.000 to km 37.000 of Anantapur- Muchukota section Pkg-1,National Highways Authority of India [NHAI],618826,Andhra Pradesh,National Highways Authority of India [NHAI],907.76,905.98,448.53,91.4,-0.1960870714726329,10.0,-41.892284597894005,0,50,0,0,15.0,22.900074,18.160029411315918,LOW,Schedule delay above 6 months
1403,"Improvement and Up-Gradation of Existing Road to 2/4L PS from Km 40.000 to 88.750, start of Khutar bypass to start of Shahjahanpur bypass of NH 731Pkg-I",National Highways Authority of India [NHAI],618855,Uttar Pradesh,National Highways Authority of India [NHAI],838.68,838.68,560.48,99.2,0.0,14.0,-32.371173749224965,0,75,0,0,22.5,11.644013,18.15760564804077,LOW,Schedule delay above 6 months
1404,Gwalior - Seopurkala with extension to Kota [Gauge Conversion],North Central Railway,705419,"Multi-States
(Madhya Pradesh,
Rajasthan)",North Central Railway,2913.0,2913.0,2213.55,92.0,0.0,11.0,-16.01132852729144,0,50,0,0,15.0,22.529932,18.01197338104248,LOW,Schedule delay above 6 months
1405,Rajkot - Kanalus Doubling Project [111.2 Kms],Western Railway WR - II,706763,Gujarat,Western Railway WR - II,1080.58,1080.58,952.06,81.0,0.0,-4.0,7.1063873105184285,0,0,0,0,0.0,44.873043,17.949216842651367,LOW,No major rule-based risk indicator detected
1406,"Replacement of Converter Vessels, Trunnion Rings, Support System & Installation of Secondary Emission at Bhilai Steel Plant",Steel Authority of India Limited [SAIL],617255,Chhattisgarh,Steel Authority of India Limited [SAIL],471.83,471.83,239.59,67.07,0.0,,-16.29111777546997,0,50,40,0,25.0,7.2961016,17.918440580368042,LOW,No major rule-based risk indicator detected
1407,Sewage Treatment Plant 100MLD and Sewerage Network 288 km in Digha-Patna under Hybrid annuity based PPP mode-Namami Gange Programme,National Mission for Clean Ganga,616611,Bihar,National Mission for Clean Ganga,824.0,824.0,396.71,57.0,0.0,9.0,-8.855582524271846,0,50,40,0,25.0,7.273596,17.909438371658325,LOW,Schedule delay above 6 months
1408,Construction of Four Lane Highway form Ghazipur- Ballia-UP/Bihar State Border Greenfield section of NH-31 Package I [from Hridaipur km 0.000 to Shahapur km 42.500] on EPC Mode in the state of Uttar Pradesh.,National Highways Authority of India [NHAI],618883,Uttar Pradesh,National Highways Authority of India [NHAI],1706.47,1579.59,844.84,99.11,-7.435231794288802,11.0,-45.62523496603549,0,50,0,0,15.0,22.115494,17.846198081970215,LOW,Schedule delay above 6 months
1409,Allahabad division - Aligarh - Harduaganj Flyover,North Central Railway,705918,Uttar Pradesh,North Central Railway,1457.0,1457.0,400.19,36.0,0.0,5.0,-8.53328757721345,0,25,75,0,26.25,5.210793,17.834317207336426,LOW,Low physical progress
1410,4L from Km 95.400 Udaipura to Km 147.450 Bhogu on NH-75 Sec-II,National Highways Authority of India [NHAI],618831,Jharkhand,National Highways Authority of India [NHAI],1436.8,1301.54,200.87,26.6,-9.413975501113583,5.0,-11.166744010940883,0,25,75,0,26.25,5.1393466,17.80573868751526,LOW,Low physical progress
1411,Jal Marg Vikas Project,Inland Waterways Authority of India [IWAI],701565,"Multi-States
(Bihar, Jharkhand,
Uttar Pradesh,
West Bengal)",Inland Waterways Authority of India [IWAI],5369.18,5061.15,3990.06,81.2,-5.737002670798905,24.0,-2.362976793811683,0,75,0,0,22.5,10.76221,17.80488395690918,LOW,Schedule delay above 6 months
1412,SOURCING OF BAUXITE ARRANGEMENT FOR 5TH STREAM ALUMINA REFINERY FROM SOUTH BLOCK MINING LEASE OF PANCHPATMAILI MINES,National Aluminium Company Limited [NALCO],709831,Odisha,National Aluminium Company Limited [NALCO],483.0,483.0,446.16,92.35,0.0,13.0,0.0226708074534229,0,75,0,0,22.5,10.740745,17.796298027038574,LOW,Schedule delay above 6 months
1413,Hospet - Tinaighat - Vasco Rail Doubling Project,RVNL - II,705650,"Multi-States (Goa,
Karnataka)",RVNL - II,5060.0,5060.0,5304.19,86.13,0.0,9.0,18.69588932806323,0,50,0,40,21.0,12.896861,17.758744335174562,LOW,Schedule delay above 6 months | Expenditure exceeds revised project cost
1414,Construction of Balance work of 2-Lane with PS of Joram-Koloriang Road NH-713 on EPC basis from Design Km 44.989 to Km 61.547 Existing Km 50.050 to Km 70.000 in the state of Arunachal Pradesh under SARDP-NE Pkg-3,NHIDCL,618432,Arunachal Pradesh,NHIDCL,228.72,228.72,0.0,99.52,0.0,15.0,-99.52,0,75,0,0,22.5,10.50081,17.700324058532715,LOW,Schedule delay above 6 months
1415,Rehabilitation and Upgradation to 2-lane with paved shoulders configuration of Koyyuru to Chaprathipalem section Km 120000 to Km 165500 of NH-516E in the State of Andhra Pradesh under Green National Highways Corridor Project GNHCP with the loan assistance of World Bank on EPC mode,MoRTH,618257,Andhra Pradesh,MoRTH,349.29,349.29,242.02,100.0,0.0,20.0,-30.71087062326434,0,75,0,0,22.5,10.468538,17.687415599822998,LOW,Schedule delay above 6 months
1416,Establishment of new GMC Korba,"Medical Education, Ministry of Health and Family Welfare",707044,Chhattisgarh,"Medical Education, Ministry of Health and Family Welfare",325.0,322.85,177.49,54.0,-0.6615384615384545,,0.9759950441381448,0,50,40,0,25.0,6.6428394,17.657135725021362,LOW,No major rule-based risk indicator detected
1417,Pipeline Network Project Rudrasagar,Ministry of Petroleum & Natural Gas,709847,Assam,Ministry of Petroleum & Natural Gas,481.03,481.03,235.37,54.1,0.0,12.0,-5.169579859883996,0,50,40,0,25.0,6.5770097,17.63080382347107,LOW,Schedule delay above 6 months
1418,4L of Thirumangalam to Vadugapatti section from km 0.000 to km 36.000 of NH-744,National Highways Authority of India [NHAI],618744,Tamil Nadu,National Highways Authority of India [NHAI],1076.97,791.6,679.48,95.41,-26.49748832372304,16.0,-9.57371905002526,0,75,0,0,22.5,10.244077,17.597630977630615,LOW,Schedule delay above 6 months
1419,Indaram Opencast Project,Singareni Collieries Company Limited [SCCL],615861,Telangana,Singareni Collieries Company Limited [SCCL],424.81,424.81,406.81,81.0,0.0,12.0,14.76281160989619,0,50,0,40,21.0,12.488033,17.59521350860596,LOW,Schedule delay above 6 months
1420,Ara Bypass,National Highways Authority of India [NHAI],618775,Bihar,National Highways Authority of India [NHAI],226.32,226.32,1.94,15.93,0.0,0.0,-15.072806645457758,0,0,100,0,25.0,6.390174,17.55606961250305,LOW,Low physical progress
1421,"Integrated Command control Center [ICCC] - Construction and Development of Integrated Command Control Center with Security, Surveillance, ITMS, Connecting Port, Ship Service, Smart Solid Waste Management, Smart Public Transport System",ministry of housing and urban affairs,707229,"Andaman &
Nicobar",ministry of housing and urban affairs,209.88,209.88,0.0,70.0,0.0,,-70.0,0,50,40,0,25.0,6.2141666,17.485666751861572,LOW,No major rule-based risk indicator detected
1422,"Construction & Development of Infrastructural Facilities in the main campus of NIT Uttarakhand at Sumari, Pauri Garhwal",National Institute of Technology Uttarakhand,611963,Uttarakhand,National Institute of Technology Uttarakhand,650.85,650.85,345.85,56.0,0.0,,-2.8617961127756004,0,50,40,0,25.0,6.108048,17.44321918487549,LOW,No major rule-based risk indicator detected
1423,SAONER UG MINE -1 EXPANSION 1.,Western Coalfields Limited [WCL],615184,Maharashtra,Western Coalfields Limited [WCL],228.64,228.64,150.47,69.33,0.0,,-3.5191182645206283,0,50,40,0,25.0,6.054543,17.421817302703857,LOW,No major rule-based risk indicator detected
1424,6L Access Controlled Greenfield Highway from Polavaram Ch. 260000 to Marripudi Ch. 285500 of [NH-544G]Package-12,National Highways Authority of India [NHAI],619124,Andhra Pradesh,National Highways Authority of India [NHAI],747.29,626.83,227.96,69.6,-16.119578744530227,9.0,-33.23288291881371,0,50,40,0,25.0,6.0255566,17.41022276878357,LOW,Schedule delay above 6 months
1425,"Four Lane Highway from Chandan Nagar Existing Km. 59.025 of NH 530B/Design Km. 179.5000 to Bareilly BypassStartExisting Km. 59.025 of NH 530B/Design Km. 218.000 Section of NH 530B, in the State of Uttar Pradesh on HAM Mode under NH0",National Highways Authority of India [NHAI],618866,Uttar Pradesh,National Highways Authority of India [NHAI],2077.0,1112.44,223.68,16.01,-46.44005777563794,0.0,4.097151846391714,0,0,100,0,25.0,5.8223433,17.328937292099,LOW,Low physical progress
1426,Walajahpet/Ranipet to TN/AP Border Section of from Km.106.800 to Km.133.36 NH-4,National Highways Authority of India [NHAI],618769,"Multi-States
(Andhra Pradesh,
Tamil Nadu)",National Highways Authority of India [NHAI],1338.14,1214.7,116.15,10.07,-9.224744795013978,0.0,-0.5079682226064044,0,0,100,0,25.0,5.8099647,17.323985815048218,LOW,Low physical progress
1427,4L from Km 55.00 Kuru to Km 95.400 Udaipura on NH-75 Sec-I,National Highways Authority of India [NHAI],618832,Jharkhand,National Highways Authority of India [NHAI],1274.82,1274.82,41.83,5.0,0.0,0.0,-1.7187524513264618,0,0,100,0,25.0,5.7675743,17.307029724121094,LOW,Low physical progress
1428,Improvement/Widening to 2-Lane with Paved Shoulder from design Km 45.760 to Km 63.530 between Shillong-Dawki under JICA ODA Loan assistance Phase-II -Balance work Pkg-4,NHIDCL,618375,Meghalaya,NHIDCL,445.51,445.51,42.32,49.05,0.0,6.0,-39.55077439339184,0,25,75,0,26.25,3.8353152,17.28412616252899,LOW,Low physical progress
1429,Construction of Major Bridge over Baghmati and Lakhandei River along with Approaches from Design km.16.500 to km.21.500,NHAI,618956,Bihar,NHAI,498.97,380.3,43.95,20.42,-23.78299296550895,0.0,-8.863334209834344,0,0,100,0,25.0,5.663689,17.265475749969482,LOW,Low physical progress
1430,Dum Dum Airport-New Garia via Rajarhat-Construction of Metro Railway,RVNL - II,400277,West Bengal,RVNL - II,8964.0,8964.0,8621.5,86.6,0.0,24.0,9.579161088799651,0,75,0,0,22.5,9.314914,17.22596549987793,LOW,Schedule delay above 6 months
1431,Construction of Balrampur bypass with 2L flexible pavement configuration from km.223.000 of NH-330 to km.328.300 of NH-730 under EPC mode,MoRTH,618054,Uttar Pradesh,MoRTH,515.69,515.69,104.56,46.0,0.0,6.0,-25.72425294265935,0,25,75,0,26.25,3.5407326,17.166293025016785,LOW,Low physical progress
1432,Construction of Bypass to NH-114A Connecting NH-333 and NH-133 Deoghar Bypass from design km 0.000 to design Km 49.000,National Highways Authority of India [NHAI],618950,Jharkhand,National Highways Authority of India [NHAI],1565.47,1565.47,48.97,5.02,0.0,0.0,-1.891865957188576,0,0,100,0,25.0,5.408973,17.163589239120483,LOW,Low physical progress
1433,Construction of Ring Road around kanpur from Ch.51.200 to Ch. 68.650 Badarka to Harbanch-Uchti Pkg-III,National Highways Authority of India [NHAI],618538,Uttar Pradesh,National Highways Authority of India [NHAI],1792.68,1126.75,193.85,22.81,-37.1471762947096,0.0,-5.605651209230086,0,0,100,0,25.0,5.3523583,17.1409432888031,LOW,Low physical progress
1434,Widening and Strengthening to 4LPS/2LPS from km 0.000 to 35.800 Kuakhia - Mangalpur section of NH 20 in the state of Odisha on Annual Plan 2021-22,MoRTH,617899,Odisha,MoRTH,636.1,636.1,292.74,56.11,0.0,9.0,-10.088934129853795,0,50,40,0,25.0,5.2791624,17.11166501045227,LOW,Schedule delay above 6 months
1435,4L of Ratnagiri - Kolhapur section from km 67.140 to km 112.340 of NH-166 Pkg II,National Highways Authority of India [NHAI],618836,Maharashtra,National Highways Authority of India [NHAI],1985.38,1798.0,389.68,79.18,-9.437991719469323,22.0,-57.50703003337042,0,75,0,0,22.5,8.994387,17.09775471687317,LOW,Schedule delay above 6 months
1436,Kurnool - Setting up facilities for coach midlife rehabilitation workshop,WPO/Patna,611927,Andhra Pradesh,WPO/Patna,560.72,560.72,276.66,65.0,0.0,,-15.659865886717078,0,50,40,0,25.0,5.2388935,17.09555745124817,LOW,No major rule-based risk indicator detected
1437,4 laning of Aligarh-Palwal Section from Km. 46.390 Design Chainage to Km. 69.110 Terminating at junction EPE Package-II from Kurana- Eastern Peripheral Expressway of NH-334D,National Highways Authority of India [NHAI],618691,"Multi-States
(Haryana, Uttar
Pradesh)",National Highways Authority of India [NHAI],939.17,903.94,146.48,7.5,-3.7511845565765416,0.0,8.704615350576361,0,0,100,0,25.0,5.1812344,17.0724937915802,LOW,Low physical progress
1438,Balance Works for six laning of Sriperumbudur to karaipettai section of NH-4 New NH- 48 from 37000 Existing Km 37000 to Km 71015 Existing Km 71000 in Tamilnadu on EPC mode underNHDP Phase-V,National Highways Authority of India [NHAI],618522,Tamil Nadu,National Highways Authority of India [NHAI],411.16,411.16,81.11,31.16,0.0,4.0,-11.43288646755521,0,25,75,0,26.25,3.266557,17.056622862815857,LOW,Low physical progress
1439,construction of Four-Lane of chausa-Buxar Bypass from Km 45.000 to Km 65.915 Package - 2 in the State of Bihar on EPC Mode.,MoRTH,618120,Bihar,MoRTH,1060.16,1060.16,0.0,0.0,0.0,0.0,0.0,0,0,100,0,25.0,5.097321,17.038928508758545,LOW,Low physical progress
1440,6L Access Controlled Greenfield Highway from Nallacheruvu palli Ch. 96300 to Yerragudipadu Ch. 129000 of [NH-544G] Package-5,National Highways Authority of India [NHAI],618714,Andhra Pradesh,National Highways Authority of India [NHAI],1253.26,1095.78,339.28,62.02,-12.56562883998532,10.0,-31.057580536239033,0,50,40,0,25.0,5.0110073,17.00440287590027,LOW,Schedule delay above 6 months
1441,Strengthening of existing 4L Ayodhya Bypass Section from design Km. 121 600 to Km. 144020 of NH 28 New NH 27Pkg-3,NHAI,618565,Uttar Pradesh,NHAI,526.45,281.13,259.66,81.85,-46.5989172760946,5.0,10.51296375342369,0,25,0,40,13.5,22.230906,16.992362594604494,LOW,No major rule-based risk indicator detected
1442,6L Access Controlled Greenfield Highway from Marripudi Ch. 285500 to Somavarappadu Ch. 314600 of [NH-544G] Package-13,National Highways Authority of India [NHAI],619126,Andhra Pradesh,National Highways Authority of India [NHAI],976.41,798.71,293.33,73.0,-18.19932200612447,7.0,-36.27453017991512,0,50,40,0,25.0,4.9656506,16.986260294914246,LOW,Schedule delay above 6 months
1443,"Rehabilitation & Up-gradation from design Km. 0.000 to Km. 69.280 of NH-931 Pratapgarh - Amethi - Gauriganj -Musafirkhana to two lane with paved shoulder on Engineering, Procurement & Construction EpC mode in the State of Uttar Pradesh",MoRTH,618067,Uttar Pradesh,MoRTH,1086.3,1086.3,0.0,4.0,0.0,0.0,-4.0,0,0,100,0,25.0,4.8692727,16.94770908355713,LOW,Low physical progress
1444,Access Controlled Highway of 4 Lane with Paved Shoulders from Tiruvallur Design Chainage Km 1756 to TN/AP Broder Design Chainage Km 6151 of NH-716 Chennai- Tirupati Package-1,National Highways Authority of India [NHAI],619161,Tamil Nadu,National Highways Authority of India [NHAI],1376.1,1247.7,133.77,34.5,-9.3307172443863,2.0,-23.77867275787449,0,25,75,0,26.25,2.9940166,16.947606682777405,LOW,Low physical progress
1445,Improving the Alignment of Thoppur Ghat Section from Km 158.500 to Km 165.100 in Dharmapuri - Salem Section of NH-44,National Highways Authority of India [NHAI],618561,Tamil Nadu,National Highways Authority of India [NHAI],904.99,731.09,165.29,35.62,-19.215681941236916,0.0,-13.011292453733464,0,0,75,0,18.75,14.107922,16.893168926239014,LOW,Low physical progress
1446,Widening to 2 lane with paved shoulded of Jareikela Jharkhand/Odisha Border - Dhabaleswar section from 0/0 to 36/0 of NH-320D in the State of Odisha under Annual Plan 2021-22.,MoRTH,618122,Odisha,MoRTH,172.09,172.09,0.0,20.25,0.0,0.0,-20.25,0,0,100,0,25.0,4.68974,16.875896096229553,LOW,Low physical progress
1447,NEW BG LINE INTERSECTION [5 NOS] BETWEEN GERATPUR-SANAND & BOTAD-AHMEDABAD [16.51 KM],Western Railway [WR] - II,709813,Gujarat,Western Railway [WR] - II,437.21,437.21,117.87,21.0,0.0,-8.0,5.959584638960688,0,0,100,0,25.0,4.5156446,16.806257843971252,LOW,Low physical progress
1448,Transmission System for Evacuation of Power from Rajasthan REZ Ph-IV [Part-2 5.5 GW] [Jaisalmer/Barmer Complex] Part D [SPV Name POWERGRID Beawar Mandsaur Transmission Limited],Power Grid Corporation of India Limited [POWERGRID],615333,"Multi-States
(Madhya Pradesh,
Rajasthan)",Power Grid Corporation of India Limited [POWERGRID],2227.0,2227.0,979.88,38.74,0.0,4.0,5.259999999999998,0,25,75,0,26.25,2.6227956,16.799118280410767,LOW,Low physical progress
1449,Sewage Treatment Plant 50MLD and Sewerage Network 150 km in Kankarbagh- Patna under Hybrid annuity based PPP mode-Namami Gange Programme,National Mission for Clean Ganga,616612,Bihar,National Mission for Clean Ganga,578.89,578.89,171.79,54.0,0.0,,-24.32424122026637,0,50,40,0,25.0,4.3251457,16.730058312416077,LOW,No major rule-based risk indicator detected
1450,Transmission Scheme for Evacuation of power from REZ in Rajasthan [20 GW] under Phase-III Part D Phase I [Sikar Khetri Transmission Ltd],Power Grid Corporation of India Limited [POWERGRID],612132,"Multi-States (Delhi,
Rajasthan)",Power Grid Corporation of India Limited [POWERGRID],2423.0,2423.0,2035.32,85.45,0.0,13.0,-1.4500000000000028,0,75,0,0,22.5,8.074481,16.72979235649109,LOW,Schedule delay above 6 months
1451,Widening and Reconstruction to 4-lane/4-lane with service road including structures from Pokharia More at Km 47.600 Ex. Km 50.230 to Govindpur at km 62.949 Ex. Km 65.325 of Nh-419 in the State of Jharkhand on EPC mode.,MoRTH,618242,Jharkhand,MoRTH,300.46,300.46,76.93,46.22,0.0,5.0,-20.61592624642215,0,25,75,0,26.25,2.3189018,16.67756074666977,LOW,Low physical progress
1452,NORTH URIMARI EXPANSION OCP,Ministry of Coal,400151,Jharkhand,Ministry of Coal,778.8,778.8,605.7,71.38,0.0,,6.3934976887519355,0,50,40,0,25.0,4.1739025,16.66956102848053,LOW,No major rule-based risk indicator detected
1453,4L of Aurangabad-Paithan,NHAI,618779,Bihar,NHAI,1505.0,349.96,305.59,96.5,-76.74684385382061,22.0,-9.178591839067323,0,75,0,0,22.5,7.911083,16.664433240890503,LOW,Schedule delay above 6 months
1454,4L PS from Ch. 179.780 in Bitada/Movi Village to Ch. 208.900 in Nasarpore Village of NH-56 Pkg-V,National Highways Authority of India [NHAI],618931,Gujarat,National Highways Authority of India [NHAI],764.02,566.96,25.82,2.6,-25.792518520457573,0.0,1.954113164949908,0,0,100,0,25.0,4.132684,16.65307366847992,LOW,Low physical progress
1455,Setting up Polypropylene Unit at Kochi Refinery,MinistryofPetroleumNaturalGas,709799,Kerala,MinistryofPetroleumNaturalGas,4460.0,4850.0,818.9,32.2,8.74439461883408,0.0,-15.315463917525776,25,0,75,0,26.25,2.2103782,16.6341512799263,LOW,Low physical progress
1456,Four/Six laning of Bhaniyawala-Jollygrant-Rishikesh spur section of NH-07 from Km. 0.000 to Km 19.780,NHAI,619295,Uttarakhand,NHAI,742.43,664.92,0.45,0.0,-10.440041485392562,0.0,0.0676773145641581,0,0,100,0,25.0,3.9192762,16.567710518836975,LOW,Low physical progress
1457,Kakatiyakhani OC - 2 Project,Singareni Collieries Company Limited [SCCL],615865,Telangana,Singareni Collieries Company Limited [SCCL],442.42,442.42,252.26,63.0,0.0,12.0,-5.981782017087845,0,50,40,0,25.0,3.8665175,16.54660701751709,LOW,Schedule delay above 6 months
1458,Widening to intermediate/two lane to 2 lane with paved shoulder from Existing chanages Km 112.750 to 142.00 Liingasur to Mudabal cross & from Km. 147.070 to Km. 149.070 Maski city limit of Jewargi Chamrajnagar setion of NH-150A in the state of Karnataka on EPC mode. Job No. NH-150A-KNT-2021-22-951,MoRTH,618087,Karnataka,MoRTH,255.88,255.88,179.66,93.0,0.0,22.0,-22.7874003439112,0,75,0,0,22.5,7.602673,16.541069269180298,LOW,Schedule delay above 6 months
1459,Devgarh Madariya - Nathdwara Gauge Conversion [82.54 Km] part of Marwar - Mavli Gauge Conversion [152 Km],North Western Railway [NWR],611855,Rajasthan,North Western Railway [NWR],968.92,968.92,708.25,73.0,0.0,,0.0968501011435449,0,50,40,0,25.0,3.8414721,16.53658890724182,LOW,No major rule-based risk indicator detected
1460,"Rehabilitation and upgradation of Salon - Jais - Jagdishpur Road section of NH-931A, from design Chainage km 0.000 to km 5.740 to four lane divided carriageway and from design Chainage km 5.740 to km 53.500 to two lane with paved Total length km 53.500 along with One time improvement in 04 no's of realigned/bypassed built-up areas in a total length of 9.732 km in the state of Uttar Pradesh on EPC mode",MoRTH,618187,Uttar Pradesh,MoRTH,947.15,947.15,0.0,4.0,0.0,0.0,-4.0,0,0,100,0,25.0,3.7804608,16.512184381484985,LOW,Low physical progress
1461,"4L Elevated Corridor and at-grade improvements from Design Ch0000 to Design Ch 19870 of Danapur Bihta Section, Design Ch0000 to Design Ch0231 connecting the existing RoB near Danapur station ,1.35 Km ramps and at-grade improvements to 4- lane section on Danapur side and Upgradation of existing Two lane carriageway to Four Lane carriageway from Design Ch19870 to Design Ch23500 of Bihta - Koilwar section",National Highways Authority of India [NHAI],618914,Bihar,National Highways Authority of India [NHAI],4432.97,2625.4,1371.21,54.99,-40.7755973985838,11.0,-2.7613872171859555,0,50,40,0,25.0,3.7169561,16.486782431602478,LOW,Schedule delay above 6 months
1462,BALARAM EXPANSION OCP,Mahanadi Coalfields Limited [MCL],400183,Odisha,Mahanadi Coalfields Limited [MCL],3504.21,3504.21,958.0,57.15,0.0,,-29.81145579174764,0,50,40,0,25.0,3.685297,16.4741188287735,LOW,No major rule-based risk indicator detected
1463,Rehabilitation and upgradation from km 51.600 to km 75.700 of NH-321G Nuhkhas to Etah section to two lane with paved shoulder configuration under EPC mode in the State of Uttar Pradesh,MoRTH,618124,Uttar Pradesh,MoRTH,343.54,343.54,75.71,65.0,0.0,10.0,-42.96180939628573,0,50,40,0,25.0,3.6176226,16.447049021720886,LOW,Schedule delay above 6 months
1464,Sabarmati Setting up of Maintenance Facilities for Train Sets Phase ii,Western Railway [WR] - II,611979,Gujarat,Western Railway [WR] - II,250.0,250.0,181.53,88.0,0.0,11.0,-15.388000000000003,0,50,0,0,15.0,18.560436,16.424174785614014,LOW,Schedule delay above 6 months
1465,Development of New Integrated Civil Enclave at Agra Airport,701122,N04000113,Uttar Pradesh,Airport Authority of India [AAI],579.0,579.0,197.61,40.03,0.0,4.0,-5.90046632124352,0,25,75,0,26.25,1.5992675,16.389707028865814,LOW,Low physical progress
1466,"Improvement and up-gradation of NH-227B 84 Kosi Parikrama Marg Package I, from km 228.920 Jagarnathpur to Km 235.960/0.000 MakhaudaDham to Km 29.000 Sarpur in the State of Uttar Pradesh on EPC basis",MoRTH,618112,Uttar Pradesh,MoRTH,912.5,912.5,0.0,3.0,0.0,0.0,-3.0,0,0,100,0,25.0,3.4392736,16.375709414482117,LOW,Low physical progress
1467,4-Laning of Kolasib - Sethawn section Package-5 of NH-6 from Existing Chainage km 86000 to km 107850 Design Chainage km 77500 to km 95500 on silchar - vairengte - sairang road under Bharatmala Pariyojna on EPC mode under NHO-NE Vairengte - Sairang Pkg-5,NHIDCL,618318,Mizoram,NHIDCL,720.4,720.4,40.29,11.86,0.0,-1.0,-6.267273736812881,0,0,100,0,25.0,3.43245,16.372979998588562,LOW,Low physical progress
1468,Godavarikhani Coal Mine - 5,Singareni Collieries Company Limited [SCCL],615860,Telangana,Singareni Collieries Company Limited [SCCL],607.04,607.04,200.06,71.0,0.0,12.0,-38.04335793357934,0,50,40,0,25.0,3.3922322,16.356892943382263,LOW,Schedule delay above 6 months
1469,4L PS from Near Guddehosur to Start of Kushalnagara Bypass to near Hemmige Village Periyapatna - Hassan Road Jn from Km. 122.200 to Km. 144.900 of NH-275 Pkg. II,National Highways Authority of India [NHAI],618871,Karnataka,National Highways Authority of India [NHAI],909.86,896.42,32.64,7.18,-1.477150330820132,0.0,-3.53884964637112,0,0,100,0,25.0,3.381205,16.352482080459595,LOW,Low physical progress
1470,6L Access Controlled Greenfield Highway from Vankarakunta Ch. 45700 to Odulapalle Ch. 72000 of [NH-544G]Package-3,National Highways Authority of India [NHAI],618716,Andhra Pradesh,National Highways Authority of India [NHAI],992.91,888.07,319.82,73.1,-10.55886233394768,9.0,-37.08707309108516,0,50,40,0,25.0,3.342526,16.337010383605957,LOW,Schedule delay above 6 months
1471,6L Connectivity to Port Road from Sabbavaram Sheelanagar-NH516C,National Highways Authority of India [NHAI],618805,Andhra Pradesh,National Highways Authority of India [NHAI],977.33,977.33,64.7,4.0,0.0,0.0,2.6200771489670833,0,0,100,0,25.0,3.277258,16.310903191566467,LOW,Low physical progress
1472,Transmission system for evacuation of power from REZ in Rajasthan 20 GW under Phase-III part C1,Power Grid Corporation of India Limited [POWERGRID],611949,Rajasthan,Power Grid Corporation of India Limited [POWERGRID],1160.0,1160.0,1136.8,99.0,0.0,13.0,-1.0,0,75,0,0,22.5,7.010648,16.304259061813354,LOW,Schedule delay above 6 months
1473,Widening to two/four lane with paved shoulder from Km.180.600 to Km.223.000 of NH-63 on Nizamabad-Jagadalpur road on EPC mode under NHO in the state of Telangana.,MoRTH,617936,Telangana,MoRTH,253.99,183.26,0.0,100.0,-27.84755305326982,,-100.0,0,50,0,0,15.0,18.232405,16.292962074279785,LOW,No major rule-based risk indicator detected
1474,4 Lane with PS from Des. Ch 0.000 to Des. Ch. 43.800 of Belgaum-Hungund-Raichur Section of NH-748A Package-1,National Highways Authority of India [NHAI],619108,Karnataka,National Highways Authority of India [NHAI],1452.43,1256.55,206.99,32.57,-13.486364230978436,3.0,-16.09711790219251,0,25,75,0,26.25,1.3236231,16.279449224472046,LOW,Low physical progress
1475,"Improvement and Up gradation to four lane with Paved shoulder configuration from Existing Km 0000 to Km 39500 design km 0500 to Km 40342, Design length km of NH 227A near Mehrauna GhatUP Bihar Border to Siwan on the state of Bihar on Hybrid Annuity Model HAM basis",MoRTH,618251,Bihar,MoRTH,1661.25,1661.25,0.0,5.52,0.0,0.0,-5.52,0,0,100,0,25.0,3.1336665,16.253466606140137,LOW,Low physical progress
1476,Widening and Strengthening to 2/4 lane with paved shoulders of Mahabubnagar Chincholi section from Km 0/0 to Km 60/255 of NH-167N in the state of Telangana under Annual plan 2021-22 on EPC modepackage-I under NHO Job No.167N-TS- 2021-22-75,MoRTH,618106,Telangana,MoRTH,703.68,703.68,279.58,90.69,0.0,16.0,-50.958872214643016,0,75,0,0,22.5,6.867964,16.247185468673706,LOW,Schedule delay above 6 months
1477,Construction of Precast housing and hostels at IIT Hyderabad,"Indian Institute of Technology, Hyderabad",609996,Telangana,"Indian Institute of Technology, Hyderabad",262.0,262.0,213.89,87.44,0.0,15.0,-5.802595419847336,0,75,0,0,22.5,6.838561,16.235424518585205,LOW,Schedule delay above 6 months
1478,Construction of Bypass road to Balangir town from km 72/400 Desing km 0/0 to km 79/800 Design km 11/670 of NH-26 in the State of Odisha.,MoRTH,617904,Odisha,MoRTH,238.78,238.78,6.09,55.0,0.0,9.0,-52.449535136946146,0,50,40,0,25.0,3.083009,16.233203649520874,LOW,Schedule delay above 6 months
1479,Construction of Pratapgarh Bypass Extension connecting NH-31 to NH-330 on EPC mode in the State of Uttar Pradesh.,MoRTH,618055,Uttar Pradesh,MoRTH,225.17,225.17,0.0,73.0,0.0,12.0,-73.0,0,50,40,0,25.0,2.9558713,16.182348608970642,LOW,Schedule delay above 6 months
1480,Talabira II & III OCP - FMC,NLC India Limited [NLCIL],618982,Odisha,NLC India Limited [NLCIL],522.45,522.45,324.74,72.65,0.0,,-10.492855775672318,0,50,40,0,25.0,2.8613632,16.144545316696167,LOW,No major rule-based risk indicator detected
1481,Petro Resid Fluidized Catalytic Cracking [PRFCC] Unit and its associated facilities at Mumbai Refinery,Ministry of Petroleum & Natural Gas,619223,Maharashtra,Ministry of Petroleum & Natural Gas,13626.0,13626.0,55.4,4.4,0.0,0.0,-3.9934243358285633,0,0,100,0,25.0,2.829587,16.131834864616394,LOW,Low physical progress
1482,Improvement & widening of existing NH-08 to 4-lane with Paved Shoulder from Champak Nagar to Khayerpur section design Km 242500 to Km 261610 in the state of Tripura on EPC basis under NHO-NE,NHIDCL,618350,Tripura,NHIDCL,920.66,920.66,0.0,43.8,0.0,6.0,-43.8,0,25,75,0,26.25,0.91275644,16.1151025891304,LOW,Low physical progress
1483,4-L Bilasipara-Guwahati Package-9,NHIDCL,618283,Assam,NHIDCL,1000.27,1000.27,416.11,50.92,0.0,9.0,-9.32023193737691,0,50,40,0,25.0,2.7746005,16.109840273857117,LOW,Schedule delay above 6 months
1484,"Construction of Mihona bypass, Lahar bypass, Daboh bypass & Bhander Bypass total length 20.60 km to 2-lane with paved shoulder from on Mihona-Bhander-MP/UP border section of NH 552E in the State of Madhya Pradesh on EPC mode",MoRTH,618045,Madhya Pradesh,MoRTH,179.18,179.18,71.77,67.0,0.0,,-26.945306395803108,0,50,40,0,25.0,2.7694395,16.107775807380676,LOW,No major rule-based risk indicator detected
1485,Construction of 2- Lane with paved shoulder from km 56.45 Dharampur More to 93.050 Pakur of NH-333A in the State of Jharkhand on EPC mode,MoRTH,618127,Jharkhand,MoRTH,255.73,255.73,0.0,8.5,0.0,0.0,-8.5,0,0,100,0,25.0,2.7500803,16.100032210350037,LOW,Low physical progress
1486,Access Controlled Highway of 4 Lane with Paved Shoulders from TN/AP Border Design Chainage Km 6151 to Puttur Design Chainage Km 81540 of NH-716 & 6 Lane with Paved Shoulders from Mallavaram to Renigunta,National Highways Authority of India [NHAI],618920,Andhra Pradesh,National Highways Authority of India [NHAI],1346.82,1260.37,171.16,34.98,-6.4188235992931535,2.0,-21.399860834516844,0,25,75,0,26.25,0.8314914,16.082596570253372,LOW,Low physical progress
1487,Widening and up-gradation to 2-lane with paved shoulder configuration and geometric improvements from km 339.00 to km 380.00 Siaha on Aizawl-Tuipang section under JICA ODA Loan assistance Phase-I Package-8,NHIDCL,618383,Mizoram,NHIDCL,637.06,637.06,101.89,99.82,0.0,21.0,-83.82621605500266,0,75,0,0,22.5,6.449949,16.07997965812683,LOW,Schedule delay above 6 months
1488,Construction of Additional Structures including Approaches in Vadodara Surat Section of NH48 between existing Km. 108.000 to Km. 250.000,National Highways Authority of India [NHAI],618508,Gujarat,National Highways Authority of India [NHAI],907.39,907.39,345.87,46.39,0.0,0.0,-8.272983061307706,0,0,75,0,18.75,12.064513,16.075805187225342,LOW,Low physical progress
1489,PRP-VIII [Group-A],Ministry of Petroleum & Natural Gas,616950,Offshore,Ministry of Petroleum & Natural Gas,1486.4,1486.4,529.96,53.8,0.0,10.0,-18.14607104413348,0,50,40,0,25.0,2.607377,16.042950868606567,LOW,Schedule delay above 6 months
1490,Balance work of Widening to 2 Two lane with hard shoulder of Churachandpur to Tuivai section of NH-102B from km 130.000 to km 141.029 Package-4B in the State of Manipur on EPC Mode,NHIDCL,618348,Manipur,NHIDCL,177.76,177.76,1.41,0.97,0.0,0.0,-0.1767956795679568,0,0,100,0,25.0,2.5893943,16.035757780075073,LOW,Low physical progress
1491,Widening to 4 lane from km. 139.00 to km 179.20 of NH-135A Pkg-III Jaunpur Akbarpur section and Akbarpur bypass on Hybrid Annuity Mode in the state of Uttar Pradesh.,MoRTH,618248,Uttar Pradesh,MoRTH,1653.15,1653.15,0.0,10.0,0.0,0.0,-10.0,0,0,100,0,25.0,2.5744302,16.02977216243744,LOW,Low physical progress
1492,Mechanization of Berth No.14 for handling Containers and other cargo on DBFOT basis - Phase II,New Mangalore Port Authority,617804,Karnataka,New Mangalore Port Authority,153.23,153.23,58.93,58.0,0.0,,-19.54147360177511,0,50,40,0,25.0,2.572632,16.02905285358429,LOW,No major rule-based risk indicator detected
1493,Upgradation to 2-lane with Hard shoulder configuration of Suraithota Ch. 29.725 km to Malari Ch. 60.550 km road on NH- 107B under in the state of Uttarakhand.,MoRTH,618219,Uttarakhand,MoRTH,292.76,292.76,0.0,72.5,0.0,7.0,-72.5,0,50,40,0,25.0,2.521412,16.008564829826355,LOW,Schedule delay above 6 months
1494,Jeypore-Malkanagiri New Railway Line Project,East Coast Railway [ECoR] - II,705742,Odisha,East Coast Railway [ECoR] - II,2344.0,2344.0,549.72,23.1,0.0,0.0,0.352218430034128,0,0,100,0,25.0,2.4994643,15.999785721302032,LOW,Low physical progress
1495,Bypass on Western side of Gwalior City,National Highways Authority of India [NHAI],618619,Madhya Pradesh,National Highways Authority of India [NHAI],998.95,998.95,20.06,0.0,0.0,0.0,2.0081085139396366,0,0,100,0,25.0,2.432611,15.973044395446777,LOW,Low physical progress
1496,AMALGAMATED YEKONA I & YEKONA,Western Coalfields Limited [WCL],400177,Maharashtra,Western Coalfields Limited [WCL],727.28,727.28,563.25,80.77,0.0,12.0,-3.3238994610053822,0,50,0,0,15.0,17.426115,15.970446109771729,LOW,Schedule delay above 6 months
1497,SIRKA OC,Ministry of Coal,615822,Jharkhand,Ministry of Coal,222.82,222.82,140.72,63.52,0.0,,-0.3658845705053437,0,50,40,0,25.0,2.421228,15.968491196632385,LOW,No major rule-based risk indicator detected
1498,Widening and strengthening to 2LPS including LA of Kandarpur-Balikuda from km 277/500 to 318/970 of NH-55 in the State of Odisha under Annual Plan 2021-22.,MoRTH,617921,Odisha,MoRTH,499.79,499.79,129.74,60.65,0.0,11.0,-34.69109726084956,0,50,40,0,25.0,2.40816,15.963263988494873,LOW,Schedule delay above 6 months
1499,Upgradation of Mehsana-Visnagar-vadnagar-Kheralu-Idar section from km 0/00 to 81/300 of NH 168G Mehsana to Idar in the State of GujaratTotal Length 81.300 Km on Hybrid Annuity Mode HAM,MoRTH,618107,Gujarat,MoRTH,1155.21,1155.21,32.09,11.0,0.0,0.0,-8.222150085265882,0,0,100,0,25.0,2.36274,15.945096015930176,LOW,Low physical progress
1500,4 L of China Orampadu-Renigunta section of NH-716 Package-II of Kadapa- Renigunta section,National Highways Authority of India [NHAI],619102,Andhra Pradesh,National Highways Authority of India [NHAI],1500.11,1500.11,0.17,0.0,0.0,0.0,0.0113325022831659,0,0,100,0,25.0,2.3536725,15.941469013690948,LOW,Low physical progress
1501,Transmission System for evacuation of Power from Rajasthan REZ Ph-IV [Part-4 3.5 GW] Part A [SPV name POWERGRID Ghiror Transmission Limited],Power Grid Corporation of India Limited [POWERGRID],616670,"Multi-States
(Rajasthan, Uttar
Pradesh)",Power Grid Corporation of India Limited [POWERGRID],5846.0,5846.0,1636.88,31.37,0.0,6.0,-3.3699999999999974,0,25,75,0,26.25,0.45742053,15.932968214154243,LOW,Low physical progress
1502,Widening & Strenthening from km132.895 to km 190.15 NH-80,MoRTH,617958,Bihar,MoRTH,566.1,566.1,251.12,95.0,0.0,20.0,-50.64034622858152,0,75,0,0,22.5,6.051475,15.920590162277222,LOW,Schedule delay above 6 months
1503,KONAR EXPANSION OCP,Ministry of Coal,400073,Jharkhand,Ministry of Coal,799.34,799.34,433.64,53.47,0.0,,0.7797560487402038,0,50,40,0,25.0,2.2554495,15.902179837226868,LOW,No major rule-based risk indicator detected
1504,Rehabilitation & Upgradation of existing intermediate lane to two Lane with paved shoulder from km. 0.600 Gulganj bypass on NH-34 to km. 43.00 Barna River length 42.400 km. on Gulganj-Amanganj-Pawai-Katni NH43 Extn. in the state of Madhya Pradesh on EPCmode.,MoRTH,618035,Madhya Pradesh,MoRTH,275.4,275.4,0.0,53.0,0.0,7.0,-53.0,0,50,40,0,25.0,2.250816,15.900326430797577,LOW,Schedule delay above 6 months
1505,Widening to two/four lane with paved shoulders from Km.34.250 to Km.71.830 of NH- 365A on Kodad-Khammam-Kurvi road.,MoRTH,618140,Telangana,MoRTH,445.76,445.76,18.32,10.8,0.0,0.0,-6.690165111270639,0,0,100,0,25.0,2.2441163,15.89764654636383,LOW,Low physical progress
1506,Eastern Region Expansion Scheme-43 [ERES-43],Power Grid Corporation of India Limited [POWERGRID],617271,"Multi-States
(Bihar, Odisha,
West Bengal)",Power Grid Corporation of India Limited [POWERGRID],342.69,342.69,102.8,29.73,0.0,6.0,0.2679573375353783,0,25,75,0,26.25,0.31062105,15.874248422682285,LOW,Low physical progress
1507,City Gas Distribution Project at Pathankot District,MinistryofPetroleumNaturalGas,709770,Punjab,MinistryofPetroleumNaturalGas,151.0,151.0,8.89,2.0,0.0,0.0,3.887417218543047,0,0,100,0,25.0,2.1594493,15.863779723644257,LOW,Low physical progress
1508,"Construction of Basement + Ground Floor+ 10 Storeyed building for State of the Art Director General, GSI Building at plot No.GN-40, Sector-V, Salt Lake, Kolkata",Central Public Works Department [CPWD],617280,West Bengal,Central Public Works Department [CPWD],255.37,255.37,98.92,64.0,0.0,,-25.264048243724787,0,50,40,0,25.0,2.1235917,15.849436700344086,LOW,No major rule-based risk indicator detected
1509,Dahod Creation of Infrastructure facilities for 9000 HP Electric locomotives Manufacturing at,PCE/WR,611977,Gujarat,PCE/WR,487.0,487.0,222.88,53.0,0.0,,-7.234086242299796,0,50,40,0,25.0,2.1196527,15.847861111164093,LOW,No major rule-based risk indicator detected
1510,Construction of Six lane elevated flyover including reconstruction/rehabilitation of existing pavement from Km 406100 to Km 411150 Length 5.05 Km at Gobindpur area in the Barwa Adda Panagarh section of NH-19 from Km.398.240 to Km.521.120 including Panagarh Bypass in the State of Jharkhand on EPC Mode.,National Highways Authority of India [NHAI],618535,Jharkhand,National Highways Authority of India [NHAI],687.77,442.52,33.97,11.8,-35.658723119647554,0.0,-4.123510801771673,0,0,100,0,25.0,2.1050706,15.842028260231018,LOW,Low physical progress
1511,4L of Kadapa China Orampadu section of NH-716 Package I of Kadapa-Renigunta section,National Highways Authority of India [NHAI],618633,Andhra Pradesh,National Highways Authority of India [NHAI],1732.66,1732.66,0.03,0.0,0.0,0.0,0.001731441829326,0,0,100,0,25.0,2.0822346,15.83289384841919,LOW,Low physical progress
1512,Construction of New 4-Lane Bridge Parallel to existing Vikramashila Setufrom km 8920 to Km 13375including approach road 35m Naugachhia side &53 m Bhagalpur sideacross River Ganga on newly declared NH-131B at Bhagalpur in the State of Bihar,MoRTH,618246,Bihar,MoRTH,1110.23,1110.23,0.0,49.78,0.0,0.0,-49.78,0,0,75,0,18.75,11.447268,15.828907012939453,LOW,Low physical progress
1513,"Re-Construction of Rigid portions of Secondary Runway, K and A Taxiway and Strengthening of C Taxiway at NSCBI Airport Kolkata.",612791,N04000109,West Bengal,Airport Authority of India [AAI],328.3,328.3,139.77,64.5,0.0,10.0,-21.926134632957663,0,50,40,0,25.0,2.0709493,15.82837975025177,LOW,Schedule delay above 6 months
1514,Installation of New Bar Mill at Durgapur Steel Plant,Steel Authority of India Limited [SAIL],617242,West Bengal,Steel Authority of India Limited [SAIL],2115.44,2115.44,564.14,57.55,0.0,,-30.8822618462353,0,50,40,0,25.0,2.0260038,15.810401558876038,LOW,No major rule-based risk indicator detected
1515,6L Access Controlled Greenfield Highway from Narayanmpet Ch. 203500 to Chandrasekharpuram Ch. 228000Package-10,National Highways Authority of India [NHAI],619123,Andhra Pradesh,National Highways Authority of India [NHAI],813.66,678.21,196.59,61.5,-16.647002433448854,10.0,-32.51340292829655,0,50,40,0,25.0,1.9807564,15.792302548885345,LOW,Schedule delay above 6 months
1516,Construction of Daspalla Bypass from km 195.250 To 200.635 of NH-57 including land acquisition in the state of Odisha on EPC mode under Annual Plan 2022-23.,MoRTH,617923,Odisha,MoRTH,155.97,155.97,36.6,20.0,0.0,0.0,3.466051163685325,0,0,100,0,25.0,1.9712865,15.788514614105225,LOW,Low physical progress
1517,Gurdaspur Jammu Pipeline,Gas Authority of India Limited [GAIL],612853,"Multi-States
(Jammu and
Kashmir, Punjab)",Gas Authority of India Limited [GAIL],521.9,521.9,302.5,47.6,0.0,0.0,10.36129526729259,0,0,75,40,24.75,2.3255935,15.780237412452697,LOW,Low physical progress
1518,Balance work of Widening to 2 Two lane with hard shoulder of Churachandpur to Tuivai section of NH-102B from Design Chainage km 118850 to km 130000 Package- 4A in the State of Manipur on EPC Mode,NHIDCL,618349,Manipur,NHIDCL,204.12,204.12,0.0,21.39,0.0,0.0,-21.39,0,0,100,0,25.0,1.9448303,15.777932107448578,LOW,Low physical progress
1519,6L Access Controlled Greenfield Highway from Chandrasekharapuram Ch. 228000 to Polavaram Ch. 260000of [NH-544G] Package-11,National Highways Authority of India [NHAI],618721,Andhra Pradesh,National Highways Authority of India [NHAI],1292.65,1110.33,319.82,58.42,-14.104359261981214,11.0,-29.615950753379625,0,50,40,0,25.0,1.9155874,15.766234993934631,LOW,Schedule delay above 6 months
1520,"4-Laning of NH-37 Section between Demow to End of Moran Bypass From Km. 534.800 to Km. 561.700 including Emergency Landing Facility ELF under SARDP-NE, Phase 'A' in the State of Assam on EPC mode",NHIDCL,618438,Assam,NHIDCL,385.57,385.57,145.89,100.0,0.0,13.0,-62.16251264361854,0,75,0,0,22.5,5.6541724,15.761668920516968,LOW,Schedule delay above 6 months
1521,"Rehabilitation and Upgradation of LB-Nagar to Malkapur section to 6-Lane main carriageway with service roads, drains cum footpath, including VUPs and widening of Minor bridge & road safety provisions from Km. 15/00 to Km 40/00 of NH-65 Old NH-9 under NH O for the year 2020-21 in the state of Telangana on EPC Mode.",MoRTH,617940,Telangana,MoRTH,545.11,545.11,273.9,80.59,0.0,23.0,-30.343260809744827,0,75,0,0,22.5,5.645834,15.758333683013916,LOW,Schedule delay above 6 months
1522,Balance work of 4L Panvel to Indapur section of NH-66 Old NH- 17 from km 0.000 Panvel to km 42.300 Kasu,National Highways Authority of India [NHAI],618594,Maharashtra,National Highways Authority of India [NHAI],329.82,196.87,185.0,96.89,-40.30986598750834,19.0,-2.919359475796213,0,75,0,0,22.5,5.6377096,15.755083799362183,LOW,Schedule delay above 6 months
1523,Construction of 2-Lane with hard shoulders of Merangkong-Tamlu-Mon Road on EPC Basis from existing road Km. 76.640 to Km 98.065 Design chainage Km. 63.800 to Km. 86.835 Design Length-23.035 Km in the state of Nagaland under SARDP-NE PKG-IV Balance work,NHIDCL,619059,Nagaland,NHIDCL,323.98,323.98,70.46,75.05,0.0,15.0,-53.30174393481079,0,75,0,0,22.5,5.635883,15.754353284835815,LOW,Schedule delay above 6 months
1524,Samastipur-Darbhanga Doubling Railway Project,East Central Railway [ECR] - I,705526,Bihar,East Central Railway [ECR] - I,519.0,519.0,401.84,97.0,0.0,7.0,-19.57418111753373,0,50,0,0,15.0,16.821012,15.728404998779297,LOW,Schedule delay above 6 months
1525,Chhota Udaipur - Dhar New Line Project [157 km],Western Railway [WR] - II,705454,"Multi-States
(Gujarat, Madhya
Pradesh)",Western Railway [WR] - II,1794.0,1794.0,1819.63,80.3,0.0,0.0,21.128651059085858,0,0,0,75,11.25,22.393429,15.707371711730957,LOW,Expenditure is significantly ahead of physical progress | Expenditure exceeds revised project cost
1526,Widening and Strengthening up gradation to 2 lane with paved shoulder from existing chainage Km 192.98 to Km 229.820 design chainage Km 162.800 to Km 198.18 under 31 BRTF on Akhnoor-Poonch Road NH-144A in the UT of Jammu and Kashmir under Project Sampark Border Roads Organisation BRO on EPC Mode Package-VIII Job No NH-144A-J&K-2022-2023-111,MoRTH,618222,"Jammu and
Kashmir",MoRTH,562.45,562.45,137.07,70.03,0.0,8.0,-45.65983376300116,0,50,40,0,25.0,1.7654929,15.706197202205658,LOW,Schedule delay above 6 months
1527,Widening and Up-gradation to 2- Lane with Paved Shoulder Configuration and geometric improvement from Km. 125. 000 to Km 166 Package-3 on Aizawl Tuipang Section of NH-54 in the State of Mizoram Package-3,NHIDCL,618380,Mizoram,NHIDCL,867.09,867.09,159.47,97.51,0.0,24.0,-79.11859887670253,0,75,0,0,22.5,5.5148425,15.705937147140503,LOW,Schedule delay above 6 months
1528,4L Vidisha Gyaraspur section of NH-146 from Design Chainage km 59475 existing chainage km 81240 to Design Chainage km 88361 existing chainage km 110.315,National Highways Authority of India [NHAI],618662,Madhya Pradesh,National Highways Authority of India [NHAI],980.2,980.2,0.81,1.7,0.0,0.0,-1.6173638033054478,0,0,100,0,25.0,1.7447299,15.6978919506073,LOW,Low physical progress
1529,"Construction or 4 lane Raniganj Bypass of length 5.261 km on NH-60 new NH-14 from km 273.00 of NH to km 478.18 of NH-2 New NH 16 in paschim Bardhaman, West Bengal in EPC Mode- reg. Job No. 014-WB-2022-23/514",MoRTH,617894,West Bengal,MoRTH,410.83,410.83,157.03,65.11,0.0,9.0,-26.887377504077108,0,50,40,0,25.0,1.7350305,15.694012224674225,LOW,Schedule delay above 6 months
1530,"Construction of Dubrajpur Bypass with 4-lane configuration of length 5.676 km on NH- 60 new NH-14 from design chainage 0.00 existing km 316.135 on NH-60 to design chainage 5.676 existing km 320.980 on NH-60 in the district of Birbhum, West Bengal under Annual Plan 2022-23 in EPC Mode- reg. Job. No. 014-WB-2022- 23/518 .",MoRTH,619004,West Bengal,MoRTH,560.79,560.79,0.0,3.5,0.0,0.0,-3.5,0,0,100,0,25.0,1.7240912,15.689636468887329,LOW,Low physical progress
1531,4-L Bilasipara-Guwahati Package-10,NHIDCL,618282,Assam,NHIDCL,1264.9,1264.9,469.24,56.91,0.0,9.0,-19.812996284291245,0,50,40,0,25.0,1.6960075,15.67840301990509,LOW,Schedule delay above 6 months
1532,ATF Pipeline from BPCLs Malkapur POL Installation to Hyderabad International airport,MinistryofPetroleumNaturalGas,617822,Telangana,MinistryofPetroleumNaturalGas,215.0,215.0,45.69,24.7,0.0,0.0,-3.448837209302326,0,0,100,0,25.0,1.6781256,15.67125028371811,LOW,Low physical progress
1533,Construction of Deoria Bypass from existing Km. 27.140 to existing Km. 46.780 Design Km. 49.109 on NH727A Design length 21.969 Km. to four lane with paved shoulder configuration under Hybrid Annuity Mode HAM in the State of Uttar Pradesh,MoRTH,618262,Uttar Pradesh,MoRTH,1734.7,1734.7,0.0,10.0,0.0,0.0,-10.0,0,0,100,0,25.0,1.6746541,15.669861674308777,LOW,Low physical progress
1534,"Rehabilitation and Up-gradation from km. 0000 to km.40390 of NH-730S MaharajganjNichloulThuthibari to two lane with paved shoulders in the State of U.P. on Engineering, Procurement & Construction EPC Basis.",MoRTH,618163,Uttar Pradesh,MoRTH,809.25,603.19,0.0,58.0,-25.463083101637313,12.0,-58.0,0,50,40,0,25.0,1.6427215,15.65708863735199,LOW,Schedule delay above 6 months
1535,Construction of Underpass beneath airport runway on NH-31 old NH-56 for proposed expansion of runway of Babatpur Airport Varanasi,National Highways Authority of India [NHAI],618848,Uttar Pradesh,National Highways Authority of India [NHAI],649.44,649.44,0.09,6.6,0.0,0.0,-6.586141906873614,0,0,100,0,25.0,1.6410966,15.656438648700714,LOW,Low physical progress
1536,4L of NH-80 section of Mirza Chauki to Farakka section from existing km 190.00 to design km 200.75 junction at km 3.100 of NH 133 B and from existing km 260.00 to existing km 283.00 design km 274.133 in the state of Jharkhand package - II,National Highways Authority of India [NHAI],618948,"Multi-States
(Jharkhand, West
Bengal)",National Highways Authority of India [NHAI],782.18,782.18,22.95,4.3,0.0,0.0,-1.365892761256999,0,0,100,0,25.0,1.6302738,15.652109563350677,LOW,Low physical progress
1537,Widening to Existing single lane /intermediate lane to 2 lane from Km185.00 to Km 220.00 of NH-61 New NH-02 in the state of Nagaland.,MoRTH,618072,Nagaland,MoRTH,297.25,297.25,149.19,100.0,0.0,20.0,-49.80992430613962,0,75,0,0,22.5,5.344776,15.637910604476929,LOW,Schedule delay above 6 months
1538,Transmission system for Evacuation of Additional 7 GW RE power from Khavda RE park under Phase-III Part B [Vataman Transmission Limited],Power Grid Corporation of India Limited [POWERGRID],612139,Gujarat,Power Grid Corporation of India Limited [POWERGRID],4231.0,4231.0,2538.6,62.0,0.0,12.0,-2.0,0,50,40,0,25.0,1.5900228,15.636009156703949,LOW,Schedule delay above 6 months
1539,Balance work of Rehabilitation and Upgradation to four laning of Baharagora Singhara section of NH-49 from Km.229.727 to Km.238.990 Length 9.263 Km. including construction of five nos. of Elephant Underpasses EUP and fourteen nos. of Animal Underpasses AUP inside the buffer zone of Similipal Tiger Reserve Area in Bangriposi Ghat section in the State of Odisha on EPC Mode,National Highways Authority of India [NHAI],618593,Odisha,National Highways Authority of India [NHAI],263.32,163.07,8.76,8.8,-38.07154792647729,0.0,-3.428073833323113,0,0,100,0,25.0,1.5621452,15.62485808134079,LOW,Low physical progress
1540,Lube Modernization & Bottom Upgradation Project at Mumbai Refinery,Ministry of Petroleum and Natural Gas,616933,Maharashtra,Ministry of Petroleum and Natural Gas,4679.0,4679.0,270.1,10.7,0.0,0.0,-4.927399016883948,0,0,100,0,25.0,1.5183471,15.607338845729828,LOW,Low physical progress
1541,Transmission System for Evacuation of power from Rajasthan REZ Ph-IV [Part-1] [Bikaner Complex] Part A [Bikaner Neemrana Transmission Ltd],Power Grid Corporation of India Limited [POWERGRID],612134,Rajasthan,Power Grid Corporation of India Limited [POWERGRID],4741.0,4741.0,3650.57,72.22,0.0,12.0,4.780000000000001,0,50,40,0,25.0,1.5159626,15.606385052204132,LOW,Schedule delay above 6 months
1542,SIARMAL OCP,Mahanadi Coalfields Limited [MCL],400166,Odisha,Mahanadi Coalfields Limited [MCL],5194.95,5194.95,3490.38,59.5,0.0,,7.687942136112966,0,50,40,0,25.0,1.4948673,15.59794694185257,LOW,No major rule-based risk indicator detected
1543,Rebuilding of Coke Oven Battery No.6 at Bokaro Steel Plant,Steel Authority of India Limited [SAIL],617257,Jharkhand,Steel Authority of India Limited [SAIL],627.31,627.31,330.82,61.84,0.0,,-9.103713315585594,0,50,40,0,25.0,1.4259403,15.570376098155975,LOW,No major rule-based risk indicator detected
1544,4 Lane Inner Ring Road around Allahabad City Pkg-1 Prayagraj Southern Bypass 34.400 43.200,National Highways Authority of India [NHAI],618961,Uttar Pradesh,National Highways Authority of India [NHAI],775.94,498.97,15.11,4.44,-35.69477021419182,0.0,-1.4117618293684997,0,0,100,0,25.0,1.4108672,15.56434690952301,LOW,Low physical progress
1545,"Rehabilitation and Up-gradation of Valigonda to Thorrur Section to Two Lane with Paved Shoulders from Km 39.180 to Km 108.300 of NH-930P in the State of Telangana on Engineering, Procurement and Construction EPC Basis",MoRTH,618186,Telangana,MoRTH,549.28,549.28,296.89,94.01,0.0,17.0,-39.95924264491698,0,75,0,0,22.5,5.140737,15.556294918060303,LOW,Schedule delay above 6 months
1546,GANDHIGRAM UG MINE,Western Coalfields Limited [WCL],615206,Madhya Pradesh,Western Coalfields Limited [WCL],414.15,414.15,22.11,56.88,0.0,,-51.54135458167331,0,50,40,0,25.0,1.3774427,15.550977110862732,LOW,No major rule-based risk indicator detected
1547,"Construction of Bypass at Kuknoor, Yelburga, Gajendragada of Bhanapur Gaddanakeri section of NH-367 in the State of Karnataka under NHO on EPC mode under Annual Plan 2022-23. NH-367-KNT-2022-23-973 dated 08.02.2023",MoRTH,618028,Karnataka,MoRTH,333.96,333.96,40.61,20.0,0.0,0.0,-7.839861061204933,0,0,100,0,25.0,1.2815324,15.512612998485565,LOW,Low physical progress
1548,Establishment of Permanent Campus of NIT SIkkim at Khamdong-Gangtok District,NIT Sikkim,612883,Sikkim,NIT Sikkim,685.76,610.76,283.56,34.5,-10.936770881941204,-14.0,11.927401925469908,0,0,75,40,24.75,1.6550591,15.512023663520813,LOW,Low physical progress
1549,Construction of 2 lane Barpeta Bypass from Km 77900Baradi to Km 86150 Deurikuchi Length8.25Km on NH-427 in the state of Assam under EPC ModeJob No.427/AS/2022-23/245,MoRTH,618034,Assam,MoRTH,173.65,173.65,8.07,20.0,0.0,0.0,-15.352720990498128,0,0,100,0,25.0,1.2576929,15.503077208995819,LOW,Low physical progress
1550,Construction of Chintamani Bypass from Design Ch.0000 Existing Ch.428880 to Design Ch.15400 Existing Ch.444010 on NH-69 in the State of Karnataka in EPC Mode under NHO Annual Plan 2022-23. NH-69-KNT-2022-23-989 dated 24.03.2023,MoRTH,617951,Karnataka,MoRTH,314.55,314.55,0.0,0.0,0.0,0.0,0.0,0,0,100,0,25.0,1.2498147,15.499925911426544,LOW,Low physical progress
1551,"Redevelopment of Residential colonies at Ayur Vigyan Nagar and West Ansari Nagar campuses of AIIMS, New Delhi",PMSSY AND Institute of NATIONAL Importance,617883,Delhi,PMSSY AND Institute of NATIONAL Importance,4441.0,4441.0,24.68,61.0,0.0,,-60.444269308714254,0,50,40,0,25.0,1.2461355,15.498454183340073,LOW,No major rule-based risk indicator detected
1552,4-Laning of chhimluang-Kolasib from section pkg-4 of NH-306 & NH-6 existing chainage km 59700 to km 86000 design chainage km 61000 to km 77500 on Silchar- vairengte-sairang road in the state of Mizoram under Bharatmala Pariyojna on EPC mode Vairengte - Sairang Pkg-4,NHIDCL,618317,Mizoram,NHIDCL,561.91,561.91,0.0,17.12,0.0,-1.0,-17.12,0,0,100,0,25.0,1.2215668,15.488626718521118,LOW,Low physical progress
1553,"Improvement and up-gradation to 2LPS of NH-227B 84-Kosi Parikrama Marg PackageVI, Design Km 160200 Bahuvan Madar Majha to Km 224040 Jagarnathpur under HAM",MoRTH,618162,Uttar Pradesh,MoRTH,2008.7,2008.7,0.0,5.0,0.0,0.0,-5.0,0,0,100,0,25.0,1.2021587,15.480863481760025,LOW,Low physical progress
1554,HURA C OCP,ECL - CIL,400018,Jharkhand,ECL - CIL,859.41,859.41,455.25,63.22,0.0,,-10.247611966349004,0,50,40,0,25.0,1.1790353,15.471614122390747,LOW,No major rule-based risk indicator detected
1555,AMALGAMATED DHANKASA & JAMUNIA,Western Coalfields Limited [WCL],615185,Madhya Pradesh,Western Coalfields Limited [WCL],399.2,399.2,100.03,67.13,0.0,,-42.07238476953907,0,50,40,0,25.0,1.1745214,15.469808578491211,LOW,No major rule-based risk indicator detected
1556,"City Gas Distribution Project at Beed, Jalgaon and Jalna Districts",MinistryofPetroleumNaturalGas,709771,Maharashtra,MinistryofPetroleumNaturalGas,865.0,865.0,78.67,3.4,0.0,0.0,5.694797687861271,0,0,100,0,25.0,1.1627567,15.465102672576904,LOW,Low physical progress
1557,"Construction of 4 lane with paved shoulder Pattan bypass Greenfield bypass from existing Ch. Km 24320 to Km 33760 and Design Ch. from Km 24400 to Km 35300, total length 10.900 km on road SrinagarBaramulla Uri NH-01 in the UT of Jammu & Kashmir under Project BEACON, Border Roads Organization BRO on EPC mode. Package-II",MoRTH,618203,"Jammu and
Kashmir",MoRTH,980.21,980.21,0.27,50.01,0.0,,-49.982454882117096,0,50,40,0,25.0,1.1367297,15.454691886901855,LOW,No major rule-based risk indicator detected
1558,Construction of 2-Laning with hard shoulders of Demwe-Brahmakund section of NH- 13 from Ch.0.00 km to 18.464 km on EPC under SARDP-NE NHO-NE -Balance Work,NHIDCL,618445,Arunachal Pradesh,NHIDCL,353.9,353.9,0.0,17.91,0.0,0.0,-17.91,0,0,100,0,25.0,1.097939,15.439175605773926,LOW,Low physical progress
1559,Widening and Up-gradation to 2- Lane with Paved Shoulder Configuration and geometric improvement from Km. 166. 000 to Km 208.000 Package-4 on Aizawl Tuipang Section of NH-54 in the State of Mizoram Package-4,NHIDCL,618384,Mizoram,NHIDCL,899.45,899.45,191.59,99.88,0.0,24.0,-78.57920506976485,0,75,0,0,22.5,4.8444786,15.437791466712952,LOW,Schedule delay above 6 months
1560,Reconstruction and widening to 2 lane with paved shoulder from existing chainage km 102000 to km 134950 Design chainage km 90150 to km 116980 including construction of Naushera Tunnel Total length of tunnel 0.700 km under 31 TF on Akhnoor-Poonch road NH-144A in the UT of Jammu & Kashmir under Project Sampark BRO on EPC mode Package-V Job no NH-144A-J&K-2020-21-104,MoRTH,618220,"Jammu and
Kashmir",MoRTH,642.24,572.51,0.0,100.0,-10.85731190832088,20.0,-100.0,0,75,0,0,22.5,4.811104,15.424441576004028,LOW,Schedule delay above 6 months
1561,"Widening/Improvement to 4-Lane with paved Shoulder from Ch. 25.633 Km to Ch. 52.470 Km Design Ch. 21.850 Km to Ch.48.670 Km for Package-2 of Bilasipura- Guwahati road NH-17 Section Near Mowatari, before Chapar Bypass to Tulungia junction with NH-17 in the state of Assam on HAM mode under NHO-NE Package-2",NHIDCL,618287,Assam,NHIDCL,1338.61,1338.61,0.0,12.45,0.0,0.0,-12.45,0,0,100,0,25.0,1.0001972,15.400078862905502,LOW,Low physical progress
1562,4-Laning of Vairengte - Chhimluang section Package-3 of NH-306 from Existing Chainage km 43000 to Km 59700 Design Chainage km 46000 to km 60850 on Silchar - Vairengte- Sairang road in the State of Mizoram under Bharatmala Pariyojna under NHO-NE. Package-1&2 in Assam state,NHIDCL,618316,Mizoram,NHIDCL,491.39,491.39,32.46,17.86,0.0,-1.0,-11.25424896721545,0,0,100,0,25.0,0.95047325,15.380189299583435,LOW,Low physical progress
1563,Mayjilar Jaisalmer with Jaisalmer Bypass Link Road Section of NH-11 Part of BM-7 & Sundra Myajilar Ambsingh ki Dhani Road part of Munabao Tanot project NH-70,National Highways Authority of India [NHAI],618797,Rajasthan,National Highways Authority of India [NHAI],1237.71,927.02,0.54,5.6,-25.102002892438456,0.0,-5.541748829582964,0,0,100,0,25.0,0.9396237,15.375849485397339,LOW,Low physical progress
1564,4-lanning of Rahatgarh to Berkhedi section of NH-146 from Design Ch 124470 to Ch. 134.549,National Highways Authority of India [NHAI],618671,Madhya Pradesh,National Highways Authority of India [NHAI],618.33,342.69,5.01,5.08,-44.57813788753578,0.0,-3.6180372931804254,0,0,100,0,25.0,0.9164257,15.36657029390335,LOW,Low physical progress
1565,3RD AND 4TH LINE - SARAGBUNDIA AND MADWARANI,SECR,709819,Chhattisgarh,SECR,167.64,167.64,20.13,8.0,0.0,0.0,4.007874015748033,0,0,100,0,25.0,0.9129074,15.365162968635559,LOW,Low physical progress
1566,construction or By-pass road on NH-26 for Nabrangpur Town,MoRTH,617902,Odisha,MoRTH,168.95,168.95,7.84,21.0,0.0,0.0,-16.35957383841373,0,0,100,0,25.0,0.9061115,15.36244460940361,LOW,Low physical progress
1567,Road Safety Improvement of existing four lane section of Dehradun-Lal Tappar-Nepali Farm Section of NH-7 and Nepali Farm-Motichur NH-34 on EPC Mode in Uttarakhand under NHO.,NHAI,619294,Uttarakhand,NHAI,720.67,388.19,1.6,1.0,-46.13484673983931,0.0,-0.587830701460625,0,0,100,0,25.0,0.8459331,15.338373243808746,LOW,Low physical progress
1568,Construction of additional 3-Lane Bridge over River Ganga for connection between Buxar and Bharauli on NH-922 in the State of Uttar Pradesh and Bihar on Hybrid Annuity Mode,National Highways Authority of India [NHAI],618882,"Multi-States
(Bihar, Uttar
Pradesh)",National Highways Authority of India [NHAI],531.61,444.92,18.86,15.51,-16.307067210925304,0.0,-11.271035691809765,0,0,100,0,25.0,0.8417235,15.336689412593842,LOW,Low physical progress
1569,4TH LINE - BHILAI-BHILAI NAGAR [8.8 KM] [PB-72/NR/2022-23],SECR,709816,Chhattisgarh,SECR,177.34,177.34,1.91,7.0,0.0,0.0,-5.9229728205706555,0,0,100,0,25.0,0.8392056,15.33568224310875,LOW,Low physical progress
1570,Binnaguri Bypass-Descoped portion of Ghoshpukur-Dhupguri Section of NH-31Dpkg-1,National Highways Authority of India [NHAI],618572,West Bengal,National Highways Authority of India [NHAI],309.99,306.02,0.4,1.07,-1.2806864737572266,0.0,-0.9392895889157572,0,0,100,0,25.0,0.83650565,15.334602266550064,LOW,Low physical progress
1571,Katihar Kumedpur & Katihar Mukuria BG Doubling Project,Northeast Frontier Railway [NFR],617245,"Multi-States
(Bihar, West
Bengal)",Northeast Frontier Railway [NFR],942.64,942.64,611.19,65.0,0.0,6.0,-0.1618857676313325,0,25,40,0,17.5,12.005245,15.302098274230957,LOW,No major rule-based risk indicator detected
1572,Petlad Bhadran 23 Kms,Western Railway,611945,Gujarat,Western Railway,307.11,307.11,18.9,17.0,0.0,0.0,-10.845853277327343,0,0,100,0,25.0,0.7477859,15.299114376306534,LOW,Low physical progress
1573,"Sewer Network, SPS and STP at Begusarai",National Mission for Clean Ganga,616615,Bihar,National Mission for Clean Ganga,230.06,230.06,261.82,97.0,0.0,8.0,16.805094323220032,0,50,0,40,21.0,6.7360153,15.294406270980835,LOW,Schedule delay above 6 months | Expenditure exceeds revised project cost
1574,Widening and Strengthening to 2LPS including LA from km 318.970 to 353.450 Balikuda-Mulkani Section of NH-55 under NHO in Annual Plan 2022-23 in the State of Odisha. Job No. NH-55-OD-2022-23-656,MoRTH,617920,Odisha,MoRTH,511.54,511.54,0.0,3.0,0.0,0.0,-3.0,0,0,100,0,25.0,0.7315399,15.292615979909897,LOW,Low physical progress
1575,"4-Laning of Sethawn - N. Kawnpui section Package-6 of NH-6 from Existing Chainage km 107850 to km 126315 Design Chainage km 95500 to km 111850 on Silchar- Vairengte- Sairang road, Vairengte - Sairang Pkg-6",NHIDCL,618319,Mizoram,NHIDCL,595.65,595.65,21.02,6.72,0.0,-1.0,-3.191082011248215,0,0,100,0,25.0,0.7258244,15.290329784154892,LOW,Low physical progress
1576,"Upgradation of Goras to Shyampur Road section of NH-552 Ext., from Design Chainge 48.400 to 111.800 Km Total length 63.40 km to two lane with paved shoulder configuration along with One time improvement of 8.91 km in the state of Madhya Pradesh on EPC mode",MoRTH,618158,Madhya Pradesh,MoRTH,416.96,416.96,0.0,13.11,0.0,0.0,-13.11,0,0,100,0,25.0,0.7225574,15.289022982120514,LOW,Low physical progress
1577,Construction of additional major Bridge with 4- lane configuration of length 1.48 km on NH-60 NH-14 over River Kangshabati from Km. 117.770 to Km 119.250 and additional major Bridge with 4- lane configuration of length 0.900 km on NH-60 NH- 14 over River Shilabati from Km. 173.220 to Km 174.120 in the district of Paschim Medinipur of West Bengal under Annual Plan for FY 2023-24 on EPC mode. Job No 014-W8-2023-24/527 .,MoRTH,617893,West Bengal,MoRTH,304.83,304.83,0.0,0.0,0.0,0.0,0.0,0,0,100,0,25.0,0.70951384,15.283805549144745,LOW,Low physical progress
1578,"Upgradation of Ambikapur Ramanujganj - Garhwa Road NH 343 of Package-I, Rajpuri Khurd Village to Padih Village section from existing km 7.830 to km 57.650 Design Ch. 13.700 to Ch. 62.700 of total length 49.00 km to two lane with paved shoulders under EPC mode in the state of Chhattisgarh",MoRTH,618016,Chhattisgarh,MoRTH,397.44,397.44,18.97,10.22,0.0,0.0,-5.446952495974236,0,0,100,0,25.0,0.70757616,15.283030480146408,LOW,Low physical progress
1579,4 Lane of CG/JH Border-Gumla from km 0.000 to km 32.370 of NH-43 in the State of Jhrkhand,National Highways Authority of India [NHAI],618641,Jharkhand,National Highways Authority of India [NHAI],1325.8,1325.8,13.83,1.0,0.0,0.0,0.0431437622567505,0,0,100,0,25.0,0.6881141,15.275245636701584,LOW,Low physical progress
1580,Upgradation to 2-Lane with Paved Shoulder from Design Km 36300 to Design Chainage 47918 and from Design Ch 69900 to Design Ch 83940 of NH-248A Natni Ka Bara in the State of Rajasthan on EPC Mode.,MoRTH,618117,Rajasthan,MoRTH,154.89,154.89,11.94,23.0,0.0,0.0,-15.291303505713731,0,0,100,0,25.0,0.6870773,15.274830907583237,LOW,Low physical progress
1581,Aroor-Thuravoor Thekku,National Highways Authority of India [NHAI],618604,Kerala,National Highways Authority of India [NHAI],2429.52,2382.83,1760.92,83.93,-1.921778787579442,11.0,-10.029637825610736,0,50,0,0,15.0,15.685892,15.274356842041016,LOW,Schedule delay above 6 months
1582,Third Ladle Furnace in Secondary Refinery Unit at IISCO Steel Plant,Steel Authority of India Limited [SAIL],617248,West Bengal,Steel Authority of India Limited [SAIL],227.96,227.96,75.66,66.37,0.0,,-33.17996666081769,0,50,40,0,25.0,0.6803809,15.272152364253998,LOW,No major rule-based risk indicator detected
1583,Khavda IVA Power Transmission Limited,Adani Transmission Limited,619049,Gujarat,Adani Transmission Limited,4500.0,4500.0,2263.7,58.0,0.0,,-7.695555555555558,0,50,40,0,25.0,0.67879385,15.271517544984818,LOW,No major rule-based risk indicator detected
1584,Vijaywada-Gudur 3rd Line,RVNL - II,705648,Andhra Pradesh,RVNL - II,6654.0,6654.0,6170.32,96.0,0.0,16.0,-3.2690111211301485,0,75,0,0,22.5,4.4247375,15.26989495754242,LOW,Schedule delay above 6 months
1585,Construction of Basti Ring Road Phase-I with 4L configuration for Basti City in the state of Uttar Pradesh on HAM mode,MoRTH,618243,Uttar Pradesh,MoRTH,1138.72,1138.72,0.0,27.0,0.0,0.0,-27.0,0,0,75,0,18.75,10.025745,15.260298252105713,LOW,Low physical progress
1586,SER Upgradation of maintenance infrastructure at Shalimar into Vande Bharat Chair Car maintenance cum workshop depot.,South Eastern Railway - JH,617345,West Bengal,South Eastern Railway - JH,226.87,226.87,86.69,50.0,0.0,,-11.78868955789659,0,50,40,0,25.0,0.64112407,15.25644963979721,LOW,No major rule-based risk indicator detected
1587,GANDHAMARDAN IRON ORE MINES TO GOALDIH STATION/12.76kms,East Coast Railway [ECoR] - II,709811,Odisha,East Coast Railway [ECoR] - II,190.0,189.93,3.4,5.0,-0.0368421052631543,0.0,-3.209866793029011,0,0,100,0,25.0,0.6336862,15.253474473953247,LOW,Low physical progress
1588,"City Gas Distribution Project at East Mednipore, West Mednipore & Jhargram Districts",MinistryofPetroleumNaturalGas,709772,West Bengal,MinistryofPetroleumNaturalGas,609.0,609.0,62.42,2.8,0.0,0.0,7.4495894909688,0,0,100,0,25.0,0.62073547,15.248294189572334,LOW,Low physical progress
1589,Widening and up-gradation to 2-lane with paved shoulder configuration and geometric improvements from km 250.00 Lunglei to km 298.00 on Aizawl-Tuipang section under JICA ODA Loan assistance Phase-I Package-6,NHIDCL,618381,Mizoram,NHIDCL,768.76,768.76,168.78,98.73,0.0,23.0,-76.77516364014778,0,75,0,0,22.5,4.333659,15.233463644981384,LOW,Schedule delay above 6 months
1590,"Construction of 2 lane Major Bridge including approaches over Brahmaputra between Majuli on North Bank and Jorhat on South Bank from km. 11.690 to km. 19.715 length of bridge 6,812.5m Package - II on NH-715K in the state of Assam Job no. 715/AS/2020-21/213",MoRTH,618160,Assam,MoRTH,1019.17,1019.17,0.0,1.82,0.0,0.0,-1.82,0,0,100,0,25.0,0.5740724,15.229628965258598,LOW,Low physical progress
1591,Rehabilitation and Up gradation of Charthana Jintur Section of NH 752 I Km 25100 to 47100 to 2 Lane with Paved Shoulder configuration Flexible Pavement in the state of Maharashtra on EPC mode. Reg- Resubmission of Annual Plan Estimate.,MoRTH,619008,Maharashtra,MoRTH,157.69,157.69,0.0,0.0,0.0,-12.0,0.0,0,0,100,0,25.0,0.57228047,15.228912189602852,LOW,Low physical progress
1592,Samlaya Timba Road 54 km,PCE/WR,611970,Gujarat,PCE/WR,670.17,670.17,45.86,12.0,0.0,0.0,-5.156960174284137,0,0,100,0,25.0,0.57107115,15.228428468108177,LOW,Low physical progress
1593,Construction of 4 lane Mirzapur bypass including bridge over river Ganga from km 0.000 to km 15.000 of NH 135A in the State of Uttar Pradesh on HAM Mode.,MoRTH,618247,Uttar Pradesh,MoRTH,1708.62,1708.62,0.0,2.0,0.0,0.0,-2.0,0,0,100,0,25.0,0.52917176,15.211668714880943,LOW,Low physical progress
1594,Construction of Srinivasapura Bypass from existing Km 453.890 Design Ch. 0000 to existing Km 461.450 Design Ch 10080 on NH-69 in the State of Karnataka Under NH O in EPC mode under Annual Plan 2022-23 NH-69-KNT-2022-23-966 dated 22.11.2022,MoRTH,617950,Karnataka,MoRTH,204.42,204.42,0.0,0.0,0.0,0.0,0.0,0,0,100,0,25.0,0.5210221,15.208408832550049,LOW,Low physical progress
1595,Additional works under BM1 to ensure road safety under 6L of Bengaluru Mysuru Access control with close toll from Km.17.300 to Km.136.300 of NH-275,National Highways Authority of India [NHAI],618707,Karnataka,National Highways Authority of India [NHAI],738.37,738.37,14.27,5.63,0.0,0.0,-3.697364600403592,0,0,100,0,25.0,0.5111423,15.20445692539215,LOW,Low physical progress
1596,Improvement and Widening to 2-lane with paved shoulder of road from design Km 36.000 Rangamati to design Km 72.000 Pati Chhari Total length 36.000 Km on Teliamura to Harina section of NH 208 in the state of Tripura on EPC mode under JICA ODA Loan Phase VI Package-3,NHIDCL,618368,Tripura,NHIDCL,670.9,670.9,0.0,14.0,0.0,0.0,-14.0,0,0,100,0,25.0,0.5025158,15.201006323099136,LOW,Low physical progress
1597,"Construction of 4-Lane with paved shoulder Agartala bypass Western side, length 25.402 km connecting NH-8 near Amtali to NH-108B near Lembuchhera in the state of Tripura on EPC basis under NHO-NE",NHIDCL,618417,Tripura,NHIDCL,2026.05,2026.05,292.55,9.2,0.0,0.0,5.239426470225318,0,0,100,0,25.0,0.47063082,15.188252329826355,LOW,Low physical progress
1598,AMALGAMATED INDER-KAMPTEE DEEP,Western Coalfields Limited [WCL],616050,Maharashtra,Western Coalfields Limited [WCL],235.9,235.9,127.42,98.97,0.0,24.0,-44.955587113183554,0,75,0,0,22.5,4.2200933,15.188037276268005,LOW,Schedule delay above 6 months
1599,4L Elevated corridor of Kalimandir-Dimna Chowk-Baliguma Jamshedpur Section of NH-33 New NH-18 from km 241940 to km 251961 Length 10.021 km,National Highways Authority of India [NHAI],618736,Jharkhand,National Highways Authority of India [NHAI],936.26,832.2,281.39,43.21,-11.114434024736711,0.0,-9.397214611872151,0,0,75,0,18.75,9.835025,15.184010028839111,LOW,Low physical progress
1600,Construction of New BG line between Hassan to Belur [27 Km],South Western Railway [SWR] - II,400023,Karnataka,South Western Railway [SWR] - II,749.0,749.0,0.94,0.3,0.0,-12.0,-0.1744993324432577,0,0,100,0,25.0,0.4511829,15.180473163723946,LOW,Low physical progress
1601,Up-gradation of Pichhore- Dinara section of NH-346 from Km 292.750 to 334.550 to two lane with paved shoulders in the state of Madhya Pradesh on EPC mode,MoRTH,618021,Madhya Pradesh,MoRTH,425.97,425.97,0.0,19.31,0.0,0.0,-19.31,0,0,100,0,25.0,0.44397846,15.177591383457184,LOW,Low physical progress
1602,Widening/lmprovement of Existing 2 lane to 4-Laning of Karimganj-Silchar section of NH-37 from Design Ch 0.000 near Silchar ISBT to Design Ch 15.970 near Kalinagar Pt I on NH-37 in Assam on HAM Mode Pkg-1,NHIDCL,618313,Assam,NHIDCL,1181.55,1181.55,0.0,0.0,0.0,0.0,0.0,0,0,100,0,25.0,0.4420546,15.17682184278965,LOW,Low physical progress
1603,Construction of Dharmagarh Bypass on NH-130C including land acquisition in the state of Odisha on EPC Mode under Annual plan 2022-23.,MoRTH,618079,Odisha,MoRTH,172.66,172.66,0.0,15.0,0.0,0.0,-15.0,0,0,100,0,25.0,0.44070408,15.17628163099289,LOW,Low physical progress
1604,Widening/lmprovement to 4-Lane with Paved Shoulder from existing road and Greenfield alignment form Design Ch. 62.800 start of proposed Nilambazar/Cheragi Bypass to Design Ch. 87.700 near Chandkhira Village of NH-8 on Silchar-Churaibari in the state of Assam on HAM Mode Package-5,NHIDCL,618312,Assam,NHIDCL,1258.13,1258.13,0.0,11.0,0.0,0.0,-11.0,0,0,100,0,25.0,0.43519005,15.17407602071762,LOW,Low physical progress
1605,Construction of flyover at Gammon Junction at Km.903.265 on NH16 including vent at Diwancheruvu junction at Km.902.308 Blackspot ID No.AP03299 in Andhra Pradesh on EPC mode under NHO,National Highways Authority of India [NHAI],618525,Andhra Pradesh,National Highways Authority of India [NHAI],326.61,223.29,13.18,8.8,-31.634058969413065,0.0,-2.8973621747503246,0,0,100,0,25.0,0.42902282,15.17160913348198,LOW,Low physical progress
1606,Augmentation of DUPL-DPPL Pipeline,Ministry of Petroleum & Natural Gas,619224,Maharashtra,Ministry of Petroleum & Natural Gas,844.0,844.0,0.61,6.1,0.0,0.0,-6.027725118483412,0,0,100,0,25.0,0.41296124,15.165184497833252,LOW,Low physical progress
1607,"City Gas Distribution [CGD] Project in Kondagaon, Bastar, Sukma, Narayanpur, Bijapur & Dantewada GA",Ministry of Petroleum & Natural Gas,617819,Chhattisgarh,Ministry of Petroleum & Natural Gas,557.04,557.04,8.76,2.2,0.0,0.0,-0.6274019819043515,0,0,100,0,25.0,0.41276166,15.165104672312737,LOW,Low physical progress
1608,"Phase III A works at IIT Indore [03 Hostels, 01 Studio Apartment, 01 Housing, Heavy & Sophisticated lab complex, Academic POD and Infrastructure for center of excellence]","Indian Institute of Technology, Indore",611957,Madhya Pradesh,"Indian Institute of Technology, Indore",496.28,496.28,78.35,58.0,0.0,,-42.21254130732651,0,50,40,0,25.0,0.39947549,15.159790202975273,LOW,No major rule-based risk indicator detected
1609,Widening to 2LPS from Km 0.000 to 37.850 Except Ex. Km 24.45 to 27.20 of NH-766c Byndoor-Ranebennur Section in the state of Karnataka on EPC Mode under Annual Plan 2022-23 NH-766C-KNT-2022-23-969 dated 30.12.2022,MoRTH,618185,Karnataka,MoRTH,394.95,394.95,0.0,0.0,0.0,0.0,0.0,0,0,100,0,25.0,0.37431172,15.149724692106247,LOW,Low physical progress
1610,Widening to 2LPS between Km 0/0 to 56/0 Khokhara Gujarat Border Vijayanagar Antrasuba Mathasur road of NH 58 in the State of Gujarat,MoRTH,617927,Gujarat,MoRTH,699.19,699.19,0.0,24.0,0.0,0.0,-24.0,0,0,100,0,25.0,0.34913817,15.139655277132988,LOW,Low physical progress
1611,New construction of Major Bridge with Approaches from Km 0.000 to 1.200 Madhopur -Badabanta section of NH-20 under NHO in Annual Plan 2022-23 in the State of Odisha,MoRTH,617898,Odisha,MoRTH,199.5,199.5,0.1,0.0,0.0,0.0,0.050125313283208,0,0,100,0,25.0,0.3449348,15.137973919510841,LOW,Low physical progress
1612,"CGD Project in Banka, Dumka, Godda, Jamtara, Pakur, Sahibganj GA ID 11A.02",Hindustan Petroleum Corporation Limited,709757,"Multi-States
(Bihar, Jharkhand)",Hindustan Petroleum Corporation Limited,1377.0,1377.0,375.17,37.0,0.0,0.0,-9.754538852578063,0,0,75,0,18.75,9.713134,15.135253667831421,LOW,Low physical progress
1613,Muddanur to B. Kothapalli section of NH-716G from Km. 0/000 to Km. 56/500 56.500 Km in the State of Andhra Pradesh on EPC mode Job no. 741,MoRTH,618053,Andhra Pradesh,MoRTH,1019.97,1019.97,0.0,20.63,0.0,0.0,-20.63,0,0,100,0,25.0,0.30515435,15.122061744332314,LOW,Low physical progress
1614,Guwahati Ring Road in the State of Assam,National Highways Authority of India [NHAI],618934,Assam,National Highways Authority of India [NHAI],5729.47,5729.47,3.15,0.0,0.0,0.0,0.0549789072985808,0,0,100,0,25.0,0.2991617,15.119664683938026,LOW,Low physical progress
1615,Installation of Compression facility at GAIL Usar,Ministry of Petroleum & Natural Gas,619225,Maharashtra,Ministry of Petroleum & Natural Gas,260.2,260.2,0.0,0.0,0.0,0.0,0.0,0,0,100,0,25.0,0.29747665,15.118990659713745,LOW,Low physical progress
1616,Rehabilitation and Up-gradation of i. Deogaon phata to Digras phata Ch. 0/000 to 15/000 & Selu to Borgavhan Ch 20/900 to 35/800 [Length 29.9km] ii. Injegaon Dhamoni to Pohner Phata Ch.58/200 to Ch. 83/700 [Length25.5 km] and iii. Pohner phata to Pathri Design Ch. 42/700 to 58/200 [Length 15.5 km] sections of NH-548B to Two lane with paved shoulder configuartion in the state of Maharashtra on EPC mode Total project length 70.9 Km.,MoRTH,618150,Maharashtra,MoRTH,761.83,761.83,0.0,15.0,0.0,0.0,-15.0,0,0,100,0,25.0,0.28750408,15.115001633763313,LOW,Low physical progress
1617,Widening/lmprovement to 4-Laning and Greenfield alignment with Paved shoulder of Silchar-Badarpur Churaibari section of NH-37 & NH-8 from Design chainage 38.600 End point of proposed Badarpur Bypass to Km. 62.800 Start point of proposed Nilambazar/Cheragi Bypass in the state of Assam on HAM Mode Package-4,NHIDCL,618309,Assam,NHIDCL,1319.55,1319.55,0.0,14.6,0.0,0.0,-14.6,0,0,100,0,25.0,0.2671087,15.10684348642826,LOW,Low physical progress
1618,Additional Transmission System for evacuation of Power from Bhadla-III PS as part of Rajasthan REZ Phase III Scheme [20 GW] [SPV Name POWERGRID Bhadla-III Power Transmission Limited],Power Grid Corporation of India Limited [POWERGRID],615337,Rajasthan,Power Grid Corporation of India Limited [POWERGRID],369.0,369.0,210.33,63.85,0.0,7.0,-6.849999999999994,0,50,40,0,25.0,0.26560578,15.106242313981056,LOW,Schedule delay above 6 months
1619,4-Laning from End of Zuari approaches to Start of Margao Bypass section of NH-66 from Km 536.800 to Km 543.450,MoRTH,617941,Goa,MoRTH,398.25,398.25,0.0,0.0,0.0,0.0,0.0,0,0,100,0,25.0,0.25235957,15.100943826138973,LOW,Low physical progress
1620,Construction of 6 lane flyover from Khapari ROB to Mihan Interchange design chainage km 8760 to 11450 L- 2.69 km and upgradation of existing 4L PS road to 6LPS with service road by flexible pavement design chainage km 11450 to 14500 L- 3.05 [total project length 5.74 km] in section of Nagpur - Hyderabad NH-44 Old NH-7 in Nagpur district in the state of Maharashtra on HAM mode.,MoRTH,617912,Maharashtra,MoRTH,619.55,619.55,0.0,6.05,0.0,0.0,-6.05,0,0,100,0,25.0,0.25158453,15.100633814930916,LOW,Low physical progress
1621,Construction of lntermediate Lane Road with hard shoulder from design chainage Km 0.000 to Km 53.040 Existing Length68.500 Km & Total Design length 53.04 km of Tato to Monigong section of NH-913 Frontier Highway on Nafra Bomdila to Vijaynagar along China border in state of Arunachal pradesh on EPC mode,NHIDCL,618404,Arunachal Pradesh,NHIDCL,625.61,625.61,0.0,21.37,0.0,0.0,-21.37,0,0,100,0,25.0,0.25134233,15.100536935031414,LOW,Low physical progress
1622,ADASA UG TO OC MINE,Western Coalfields Limited [WCL],616223,Maharashtra,Western Coalfields Limited [WCL],316.0,316.0,209.35,86.49,0.0,24.0,-20.239999999999995,0,75,0,0,22.5,3.9954424,15.098176956176758,LOW,Schedule delay above 6 months
1623,Provision of four bitumen tanks with capacity of 5 TMT each at Visakh Refinery,Ministry of Petroleum and Natural Gas,619226,Andhra Pradesh,Ministry of Petroleum and Natural Gas,258.34,258.34,1.65,10.5,0.0,0.0,-9.861306804985675,0,0,100,0,25.0,0.24000211,15.096000842750072,LOW,Low physical progress
1624,Widening to two lane with paved shoulders from Km 0/000 to Km 79/300 of Kalwakurthy - Kollapur section of NH-167K in the state of Telangana under annual plan 2021-22 on EPC mode under NHO.,MoRTH,618104,Telangana,MoRTH,886.69,886.69,573.13,85.66,0.0,11.0,-21.022979169721097,0,50,0,0,15.0,15.238187,15.095274925231934,LOW,Schedule delay above 6 months
1625,"Pipeline Rehabilitation Project, Phase-II",Ministry of Petroleum & Natural Gas,617827,"Multi-States
(Assam, Bihar,
West Bengal)",Ministry of Petroleum & Natural Gas,680.0,680.0,8.19,24.0,0.0,0.0,-22.79558823529412,0,0,100,0,25.0,0.22982079,15.091928318142891,LOW,Low physical progress
1626,"Construction of new 2 Lane with paved shoulders of NH Standards from km 0.080 to km 11.690 L11.610 km in Majuli and from km 19.715 to km 27.484 L 7.769 km in Jorhat on the newly declared NH 715K and construction of 1.10 km flyover on NH-715 with its approaches and service roads L1.10 km, Total Length 20.479 km in the State of Assam Job No. 715K/AS/2023-24/256",MoRTH,618159,Assam,MoRTH,382.1,382.1,25.58,0.0,0.0,0.0,6.694582570007851,0,0,100,0,25.0,0.20814349,15.083257399499416,LOW,Low physical progress
1627,"Construction of Intermediate Lane with Hard Shoulder of Hunli to Hayuliang Package- III from design Km 60.000 to Km 121.500 Design Length 61.500 km, Greenfield Section of Frontier Highway NH-913 in the State of Arunachal Pradesh on EPC Mode Pkg-3",NHIDCL,618401,Arunachal Pradesh,NHIDCL,1418.67,1418.67,0.0,1.7,0.0,0.0,-1.7,0,0,100,0,25.0,0.20155446,15.080621786415577,LOW,Low physical progress
1628,Widening of Existing Road to Two Lane with Paved Shoulder Configuration from Km 0.00 to 26.000 & Km 45.200 To 59.622 Of NH 365BB in the State of Andhra Pradesh Under Annual Plan 2023-24 through EPC Mode,MoRTH,618193,Andhra Pradesh,MoRTH,368.63,368.63,37.37,22.55,0.0,0.0,-12.412463717006212,0,0,100,0,25.0,0.20005733,15.080022931098938,LOW,Low physical progress
1629,Mathura-Jhansi Third Railway Line [274 Km],RVNL - II,705667,"Multi-States
(Madhya Pradesh,
Rajasthan, Uttar
Pradesh)",RVNL - II,5961.0,5961.0,5121.42,95.48,0.0,24.0,-9.564549572219434,0,75,0,0,22.5,3.9197829,15.067913174629211,LOW,Schedule delay above 6 months
1630,Rehabilitation And Upgradation to four lane with paved shoulder configuration from km 24350 to km 61875 Jawale - Borgaon Kale of NH-63 in the State of Maharashtra on EPC mode under Annual Plan 2024-25 Total length - 37.525 Km.,MoRTH,617938,Maharashtra,MoRTH,574.18,574.18,0.06,10.0,0.0,0.0,-9.989550315232156,0,0,100,0,25.0,0.16215578,15.064862310886383,LOW,Low physical progress
1631,Gorantla - Hindupur section from Km 120/300 to 165/000 of NH716G in the State of Andhra Pradesh,MoRTH,618052,Andhra Pradesh,MoRTH,808.7,808.7,0.0,18.72,0.0,0.0,-18.72,0,0,100,0,25.0,0.15951526,15.063806109130383,LOW,Low physical progress
1632,Sangameswaram - Atmakuru section from Km 96 to Km 124 & Velegodu- Nandyal section including Nandyal Bypass from Km 143/6 to 185/9 NH-167K,MoRTH,617988,Andhra Pradesh,MoRTH,776.17,644.14,0.0,20.94,-17.010448741899324,0.0,-20.94,0,0,100,0,25.0,0.15433076,15.061732303351164,LOW,Low physical progress
1633,"Construction of 4 lane Gauripur Bypass Starting bfrom Km 852.56 of NH- 31Dumardoha Pt-II and Terminating at Km 862.17 Baladmara via. Khudimari Pt.- II, Fulkumari, Charaldanga, Sajuakuti,Geramari Pt.-III and finally meeting at km 862.17 of NH-17New/ NH-31Old in the State of Assam under EPC Mode Job no. 31/AS/ 2023- 24/265",MoRTH,617896,Assam,MoRTH,421.15,421.15,0.0,17.9,0.0,0.0,-17.9,0,0,100,0,25.0,0.13734695,15.054938782006502,LOW,Low physical progress
1634,"Group Gathering Station, Lakwagaon",Ministry of Petroleum & Natural Gas,619316,Assam,Ministry of Petroleum & Natural Gas,495.59,495.59,18.04,5.7,0.0,0.0,-2.05989426743881,0,0,100,0,25.0,0.12807448,15.051229793578386,LOW,Low physical progress
1635,Widening & Strengthening of Existing 2LPS to 4 lane PS from Km 150000 to Km 159000 and Km 165400 to Km 186000 of NH-163 old NH-202 under NH O for the year 2020-21 on EPC Mode in the state of Telangana.,MoRTH,617983,Telangana,MoRTH,317.19,300.56,175.26,87.0,-5.242914341561838,23.0,-28.68884748469524,0,75,0,0,22.5,3.7193313,14.987732529640198,LOW,Schedule delay above 6 months
1636,4/6L Southern Ayodhya Bypass from Km 5.000 to Km 37.172 starting near Km. 112.540 and ending at Km. 153.281 of NH-27,NHAI,618568,Uttar Pradesh,NHAI,2541.13,1983.05,265.58,35.14,-21.961883099251125,0.0,-21.747498550213056,0,0,75,0,18.75,9.170261,14.918104648590088,LOW,Low physical progress
1637,Naini Coal Mine,Singareni Collieries Company Limited [SCCL],615857,Odisha,Singareni Collieries Company Limited [SCCL],494.3,494.3,491.33,80.0,0.0,,19.39915031357475,0,50,0,40,21.0,5.781743,14.912697172164917,LOW,No major rule-based risk indicator detected
1638,Rehabilitation and Up-gradation from Km 170700 Bhadrachalam to Km 234567 Konta on NH-30 to Two lane with Paved Shoulder in the State of Andra Pradesh on EPC mode.,MoRTH,617907,Andhra Pradesh,MoRTH,436.09,436.09,221.22,100.0,0.0,19.0,-49.27193927858929,0,75,0,0,22.5,3.4611866,14.884474635124207,LOW,Schedule delay above 6 months
1639,Widening to two lane with paved shoulders of 'Bodhan Basar Bhainsa ' section from Km 38/900 to 95/300 of NH-161BB in the state of Telangana under Annual Plan 2021- 22 on EPC Mode under NH O.,MoRTH,618190,Telangana,MoRTH,644.45,644.45,349.38,98.6,0.0,14.0,-44.386329428194585,0,75,0,0,22.5,3.4570434,14.882817387580872,LOW,Schedule delay above 6 months
1640,Kochi Metro Rail Phase 2 Development Project,CSPCC Projects,702664,Kerala,CSPCC Projects,1957.05,1957.05,746.33,36.17,0.0,0.0,1.965458981630512,0,0,75,0,18.75,9.030497,14.8621985912323,LOW,Low physical progress
1641,Widening to two lane with paved Shoulders from Km 40.00 to Km 75.00 Existing chainages of Mangalore - Tumkur section of NH-73 in the State of Karnataka on EPC Mode under Annual Plan 2021-22 Job No NH-73-KNT-2021-22-945,MoRTH,617955,Karnataka,MoRTH,718.52,718.52,308.84,82.0,0.0,21.0,-39.01720202638757,0,75,0,0,22.5,3.351878,14.84075117111206,LOW,Schedule delay above 6 months
1642,Construction of 2-laning with Hard shoulder road of Ukhrul - Tolloi - Tadubi section of NH-102A from Design Chainage 50.850 km to 81.870 km in the State of Manipur on EPC mode under NHO-TSP Package -3,NHIDCL,618388,Manipur,NHIDCL,315.56,315.56,227.98,90.91,0.0,18.0,-18.663834453035875,0,75,0,0,22.5,3.3220422,14.828816890716553,LOW,Schedule delay above 6 months
1643,"Upgradation of exhisting 2 lane flexible pavement to 2 lane paved shoulders rigid pavement from design chainage Km 66.00 to Design Km 82.440 Start of Kolhapur Municipal corporation near Phulewadi to kale, design length 16.440 Km section on Talere Gaganbawada-Kolhapur road NH 166G in the state of Maharashtra on EPC mode",MoRTH,618098,Maharashtra,MoRTH,167.97,167.97,0.0,93.75,0.0,22.0,-93.75,0,75,0,0,22.5,3.319842,14.827936887741089,LOW,Schedule delay above 6 months
1644,Nimach-Ratlam Doubling [133 Km],Western Railway [WR] - II,705933,Madhya Pradesh,Western Railway [WR] - II,1095.88,1095.88,1284.91,94.0,0.0,0.0,23.24915136693798,0,0,0,75,11.25,20.123753,14.799501419067383,LOW,Expenditure is significantly ahead of physical progress | Expenditure exceeds revised project cost
1645,Establishment of new GMC Rajgarh,"Medical Education, Ministry of Health and Family Welfare",707058,Madhya Pradesh,"Medical Education, Ministry of Health and Family Welfare",325.0,325.0,178.0,84.0,0.0,,-29.230769230769223,0,50,0,0,15.0,14.421746,14.768698692321777,LOW,No major rule-based risk indicator detected
1646,Widening and Strengthening of existing paveemnt to two lane with paved shoulders from km 116.00 to km 176.355 of NH-75E in the State of Jharkhand on EPC mode.,MoRTH,618060,Jharkhand,MoRTH,315.21,315.21,129.54,87.0,0.0,21.0,-45.903588084134384,0,75,0,0,22.5,3.1234667,14.749386668205261,LOW,Schedule delay above 6 months
1647,Pre construction activity of NH 122B from km 0 to 72.348 and Improvement to two lane with paved shoulders of NH 122B from km 29.730 to km 72.348 in state of Bihar under EPC mode,MoRTH,618074,Bihar,MoRTH,624.43,624.43,153.21,91.0,0.0,19.0,-66.46402318914849,0,75,0,0,22.5,3.0476694,14.719067811965942,LOW,Schedule delay above 6 months
1648,MUMBAI CENTRAL VIRAR VADODARA AHMEDABAAD TRAIN PROTECTION SYSTEM 500 RKM,Western Railway,611452,"Multi-States
(Gujarat,
Maharashtra)",Western Railway,311.0,311.0,263.42,93.0,0.0,12.0,-8.299035369774913,0,50,0,0,15.0,14.2061825,14.682473182678223,LOW,Schedule delay above 6 months
1649,"Construction of 200 Bedded [Upgradable to 500 Bedded including 50 beds of SST] ESIC Hospital at Bibewadi, Pune",Employee's State Insurance Company [ESIC],612188,Maharashtra,Employee's State Insurance Company [ESIC],429.25,429.25,341.9,78.0,0.0,11.0,1.650553290623165,0,50,0,0,15.0,14.1982765,14.67931079864502,LOW,Schedule delay above 6 months
1650,Siliguri Marketing Terminal [SMT] Capacity Augmentation Project,Ministry of Petroleum & Natural Gas,617837,West Bengal,Ministry of Petroleum & Natural Gas,484.0,484.0,310.0,87.9,0.0,9.0,-23.850413223140507,0,50,0,0,15.0,14.154631,14.661852359771729,LOW,Schedule delay above 6 months
1651,"Rehabilitation and Upgradation to 2-lane with paved should ders Sir, configuration of Chaprathipalem to Lambasingi section Km 165500 to Km 205000 of NH-516E in the State of Andhra Pradesh under Green National Highways Corridor Project GNHCP with the loan assistance of World Bank on EPC mode",MoRTH,618256,Andhra Pradesh,MoRTH,311.22,311.22,195.13,91.25,0.0,19.0,-28.55158730158731,0,75,0,0,22.5,2.8963065,14.658522605895996,LOW,Schedule delay above 6 months
1652,Rehabilitation and up-gradation of road from design km 25.250 to km 36.460 Total lengh 11.210 km of Kailashahar-Kurti Bridge section on NH-208A to 2-lane with paved shoulder on EPC basis under NHO Package-III- Balance Work,NHIDCL,618385,Tripura,NHIDCL,174.43,174.43,0.0,41.9,0.0,0.0,-41.9,0,0,75,0,18.75,8.281079,14.562431812286377,LOW,Low physical progress
1653,Rehabilitation and Upgradation to 2L PS configuration & Strengthening of Padhar to Bijni section from Km 180.000 to Km 202.815 of NH-154 Pkg-VA,National Highways Authority of India [NHAI],618879,Himachal Pradesh,National Highways Authority of India [NHAI],930.86,930.86,339.37,92.01,0.0,0.0,-55.55231570805493,0,0,0,0,0.0,36.31636,14.526544570922852,LOW,No major rule-based risk indicator detected
1654,MPLS-IP BASED ACCESS AND AGGREGATION NETWORK [MAAN] IN BSNL ALONG WITH TEST AND MEASURING EQUIPMENT,BSNL,709856,PAN India,BSNL,645.13,645.13,377.59,92.1,0.0,22.0,-33.57071132949948,0,75,0,0,22.5,2.4923525,14.496941030025482,LOW,Schedule delay above 6 months
1655,Widening to two lane with paved shoulder of Rampachodavaram - Koyyuru section of NH 516E from Km 43700 to Km 113820 in the State of Andhra Pradesh on EPC mode Job No. 737,MoRTH,618145,Andhra Pradesh,MoRTH,568.12,568.12,303.13,98.63,0.0,15.0,-45.27331479264943,0,75,0,0,22.5,2.4266014,14.47064059972763,LOW,Schedule delay above 6 months
1656,Widening to 2 lane with Paved Shoulders of Siddipet-Elkathurthy section from Km 69/978 to km 133/619 of NH-765DG in the State of Telangana under Annual plan 2021-22 on EPC mode,MoRTH,618196,Telangana,MoRTH,578.85,578.85,0.0,85.0,0.0,18.0,-85.0,0,75,0,0,22.5,2.3943121,14.457724869251251,LOW,Schedule delay above 6 months
1657,"Construction of 2-lane with hard shoulders of Merangkong-Tamlu-Mon road Wakching Twon portion on EPC basis from existing Chainage Km 59000 to Km 73640 [Design Km. 59000 to Km, 72450] Design length - 13.450 Km under SARDP-NE package-V Balance work",NHIDCL,618422,Nagaland,NHIDCL,161.73,161.73,14.12,99.5,0.0,7.0,-90.76939961664502,0,50,0,0,15.0,13.642272,14.456908702850342,LOW,Schedule delay above 6 months
1658,Duttalur at NH-565 Junction to Kavali Joining on NH-16 Chainage Km. 36/400 to Km. 107/224 excluding the stretch from Km 101.880 to 105.300 67.404 Km of NH-167BG from in the State of Andhra Pradesh on EPC mode,MoRTH,618192,Andhra Pradesh,MoRTH,423.67,423.67,0.0,94.65,0.0,21.0,-94.65,0,75,0,0,22.5,2.3181486,14.42725944519043,LOW,Schedule delay above 6 months
1659,Construction of Bypass to Khordha town from Km 294/000 to 300/300 on NH-57 including LA in the State of Odisha on EPC mode.,MoRTH,617925,Odisha,MoRTH,157.49,157.49,33.61,82.0,0.0,19.0,-60.65896247380786,0,75,0,0,22.5,2.3156178,14.426247119903564,LOW,Schedule delay above 6 months
1660,i 4L Vidisha to Hinotiya from km 0.000 to Km 27.000 Vidisha Mehulwa-Talbehat Pkg- I Section of NH- 346 and ii 4L Vidisha to Morikori from Km 39.000 to 59.476 section of NH-146,National Highways Authority of India [NHAI],618663,Madhya Pradesh,National Highways Authority of India [NHAI],1003.87,941.12,384.59,83.34,-6.250809367746819,5.0,-42.474860591635505,0,25,0,0,7.5,24.697254,14.378901481628418,LOW,No major rule-based risk indicator detected
1661,Up-gradation to 2-lane with paved shoulders of Ngopa - Pawlrang section of NH 102B of Aizawl - Imphal Economic Corridor from Existing Chainage km 32.796 to km 72.030 [Design Chainage km 31.280 to km 68.170] in the State of Mizoram under Bharatmala Pariyojna on EPC mode under NHO-NE Package-2 Keifang- Tuivai Pkg-2,NHIDCL,618341,Mizoram,NHIDCL,523.78,523.78,394.29,95.31,0.0,16.0,-20.03221161556378,0,75,0,0,22.5,2.1815426,14.372617065906525,LOW,Schedule delay above 6 months
1662,Rehabilitation and up-gradation to 2 lane with paved shoulder from existing chainage km 134950 to km 166100 Design chainage km 116980 to km 146700 under 31 TF on Akhnoor-Poonch road NH-144A in the UT of Jammu & Kashmir under Project Sampark BRO on EPC mode Package-VI Job no NH-144A-J&K-2021-22-106,MoRTH,618225,"Jammu and
Kashmir",MoRTH,395.25,395.25,144.04,89.05,0.0,23.0,-52.60724225173941,0,75,0,0,22.5,2.1411457,14.356458306312561,LOW,Schedule delay above 6 months
1663,Upgradation & widening of Jharkheda- Berasia - Dholkhedi from design km 0000 to km 87900 Design length 87.90km of NH-346 including 3 nos. bypasses of 13.10 Km in the State of Madhya Pradesh under EPC mode.,MoRTH,618019,Madhya Pradesh,MoRTH,365.21,365.21,0.0,88.0,0.0,13.0,-88.0,0,75,0,0,22.5,2.0457788,14.318311512470245,LOW,Schedule delay above 6 months
1664,"Rehabilitation and upgradation of NH-167AD from Macherla to Dachepalli via Paluvai Junction, Rentachinthala, Gurazala from Km.0.000 to 43.659 to two lane with paved shoulders in the state of Andhra Pradesh job-729",MoRTH,618191,Andhra Pradesh,MoRTH,403.22,403.22,227.13,99.06,0.0,14.0,-42.73094886166362,0,75,0,0,22.5,2.0134835,14.305393397808075,LOW,Schedule delay above 6 months
1665,Widening to existing 2 lane with paved Shoulder to 4 Lane with paved shoulder from design Km 153.00 to 168.27 Mala Gate to Karkala of NH -169 on Shimoga - Mangalore section in the state of Karnataka on EPC mode under Annula Plan 2021-22 Job No. NH-169-KNT-2021-22-949,MoRTH,617998,Karnataka,MoRTH,177.94,177.94,108.93,75.0,0.0,13.0,-13.782735753624806,0,75,0,0,22.5,1.9729925,14.289197027683258,LOW,Schedule delay above 6 months
1666,Kalyanikhani Opencast Project,Singareni Collieries Company Limited [SCCL],615858,Telangana,Singareni Collieries Company Limited [SCCL],384.32,384.32,291.01,75.0,0.0,,0.7207535387177302,0,50,0,0,15.0,13.073351,14.229340553283691,LOW,No major rule-based risk indicator detected
1667,Brundamal-Jharsuguda- flyover connection for joining downline,East Coast Railway [ECoR] - II,400232,Odisha,East Coast Railway [ECoR] - II,297.0,297.0,232.73,56.0,0.0,0.0,22.360269360269356,0,0,40,75,21.25,3.6528692,14.211147665977478,LOW,Expenditure is significantly ahead of physical progress
1668,Establishment of NIT Nagaland,NIT Nagaland,613013,Nagaland,NIT Nagaland,275.63,275.63,263.25,98.0,0.0,,-2.49152849834924,0,50,0,0,15.0,13.013831,14.205532550811768,LOW,No major rule-based risk indicator detected
1669,Outer Ring Road of Jabalpur Town from Amjhar Road including Airport Connectivity to barela Pkg-V,National Highways Authority of India [NHAI],618688,Madhya Pradesh,National Highways Authority of India [NHAI],794.7,539.9,69.33,25.12,-32.06241348936707,0.0,-12.278733098721986,0,0,75,0,18.75,7.342606,14.187042474746704,LOW,Low physical progress
1670,Landslide treatment work on NH 58 from Kodiyala Km. 266.130 to Devprayag Km. 296.925 10 location under EPC mode in the State of Uttarakhand on EPC Mode,MoRTH,617888,Uttarakhand,MoRTH,192.54,192.54,0.0,99.0,0.0,16.0,-99.0,0,75,0,0,22.5,1.5952166,14.138086676597595,LOW,Schedule delay above 6 months
1671,Pachwara South Coal Block,NLC India Limited [NLCIL],400142,Jharkhand,NLC India Limited [NLCIL],2242.9,2242.9,1365.83,87.0,0.0,,-26.10428463150386,0,50,0,0,15.0,12.835075,14.13403034210205,LOW,No major rule-based risk indicator detected
1672,Improvement to two lane with paved shoulders of NH-319A from km 0 to km 45 in state of Bihar under EPC mode,MoRTH,618121,Bihar,MoRTH,427.29,427.29,178.43,93.0,0.0,19.0,-51.24147534461373,0,75,0,0,22.5,1.574653,14.129861235618591,LOW,Schedule delay above 6 months
1673,Rebuilding of Coke Oven Battery No.7 & 8 at Bhilai Steel Plant,Steel Authority of India Limited [SAIL],617256,Chhattisgarh,Steel Authority of India Limited [SAIL],884.1,884.1,601.25,89.99,0.0,5.0,-21.982987218640417,0,25,0,0,7.5,24.070404,14.128161430358887,LOW,No major rule-based risk indicator detected
1674,Rehabilitation and Upgradation of Satana to Mangrul Chandwad Section of NH752 G Design Ch Km 64.000 to Ch Km 101.140 two lane with paved shoulder/four lane configuration in the state of Maharashtra on EPC mode.,MoRTH,618175,Maharashtra,MoRTH,428.8,428.8,0.0,93.46,0.0,13.0,-93.46,0,75,0,0,22.5,1.4249206,14.069968223571777,LOW,Schedule delay above 6 months
1675,"Construction of permanent campus of Central University of Gujarat at Village kundhela, Dist. Vadodara, Gujarat.",Central University of Gujarat,612916,Gujarat,Central University of Gujarat,490.63,490.63,335.08,85.0,0.0,12.0,-16.704135499256054,0,50,0,0,15.0,12.594217,14.037686824798584,LOW,Schedule delay above 6 months
1676,Widening of Pachpadra-Bagundi Section to 4 Lane from Km 73/60 to 95/70 of NH-25 on EPC mode in the state of Rajasthan.,MoRTH,617901,Rajasthan,MoRTH,194.88,194.88,48.47,98.58,0.0,15.0,-73.7082840722496,0,75,0,0,22.5,1.2192622,13.987704902887344,LOW,Schedule delay above 6 months
1677,Widening to 4 lane from Km. 133.00 to 158.04 design Chainage Km. 130.88 to 155.145 Shirur Cross to Gaddankeri of NH-367 in the State of Karnataka on EPC mode. Job No. NH-367-KNT-2021-22-930,MoRTH,618029,Karnataka,MoRTH,350.69,312.06,191.38,78.08,-11.01542673016054,24.0,-16.752050246747423,0,75,0,0,22.5,1.2174723,13.986988931894302,LOW,Schedule delay above 6 months
1678,Power Recovery Turbine [PRT] in PFCCU unit as an Energy Conservation Scheme,NRL,709865,Assam,NRL,293.5,293.5,81.84,99.0,0.0,21.0,-71.11584327086882,0,75,0,0,22.5,1.21405,13.985620021820068,LOW,Schedule delay above 6 months
1679,Upgradation of Nasrullagani-Rehti-Budhni Scction to 2-lane with paved shoulder from Km 0150 to Km 50500 of NH-146B in the state of Madhya Pradesh on EPC mode.,MoRTH,618085,Madhya Pradesh,MoRTH,305.12,293.74,0.0,78.0,-3.729680125852122,20.0,-78.0,0,75,0,0,22.5,1.1429168,13.957166731357574,LOW,Schedule delay above 6 months
1680,Widening to 2 Lane with Paved shoulder of lmphal to Jiribam section of NH-37 from Design Ch. from km 131.280 to km 169.570 on EPC mode in Manipur under NHO- TSP PKG-6,NHIDCL,618334,Manipur,NHIDCL,504.76,504.76,308.06,95.0,0.0,15.0,-33.96901497741501,0,75,0,0,22.5,1.1002171,13.940086841583252,LOW,Schedule delay above 6 months
1681,Kopargaon to Savali Vihir section,MoRTH,617965,Maharashtra,MoRTH,195.38,195.38,0.0,80.0,0.0,23.0,-80.0,0,75,0,0,22.5,1.0894719,13.935788780450821,LOW,Schedule delay above 6 months
1682,Rehabilitation and Up-gradation to 2 lane with paved shoulder configuration of Mahud Sangola road NH 965 G 159400 to 161900and 162400 to 183960 Design Chainage from km. 32/300 to km. 34/800 and km. 35/800 to km. 56/860 Rigid Pavement on EPC mode in the State of Maharashtra.,MoRTH,618188,Maharashtra,MoRTH,253.78,253.78,0.0,99.75,0.0,13.0,-99.75,0,75,0,0,22.5,1.086117,13.934446811676025,LOW,Schedule delay above 6 months
1683,Balance work of Rehabilitation and upgrading to 2lane/2lane with paved shoulder configuration and strengthening from from Km 343.80 to 400.33 of Gowribidanur-Chik Ballapur section in the state of Karnataka Under Annual Plan 2021-22 under EPC Mode.-952,MoRTH,617954,Karnataka,MoRTH,398.48,398.48,211.59,93.25,0.0,14.0,-40.150722746436465,0,75,0,0,22.5,1.0697235,13.92788940668106,LOW,Schedule delay above 6 months
1684,Rehabilitation and up gradation of Nongstoin-Rambrai-Kyrshai road up to Meghalaya- Assam border from Km 0.335 to km 34.039 to 2-Lane under NHO - NE in the State of Meghalaya Package-1,NHIDCL,618418,Meghalaya,NHIDCL,359.86,359.86,214.12,80.49,0.0,24.0,-20.989082976713156,0,75,0,0,22.5,1.0464606,13.918584257364273,LOW,Schedule delay above 6 months
1685,4L of Dhrol bypass section of NH-151A Approx. length 5.7 Km & widening upto 4 laning of missing link of Amran section of NH-151A Approx. length 6.55 Km from existing Ch. 42000 to 48500 of ongoing Dhrol-Bhadra-Pipaliya section of NH-151A,National Highways Authority of India [NHAI],618616,Gujarat,National Highways Authority of India [NHAI],625.58,455.54,113.54,26.0,-27.18117586879376,0.0,-1.0757342933661145,0,0,75,0,18.75,6.6532917,13.911316633224487,LOW,Low physical progress
1686,Widening to 4 lane from Km 51.60 to 76.20 Hebri to Parkala and from Km 85.20 to 88.90 Karavali junction to Malpe of Thirthahalli-Udupi-Malpe Section of NH-169A in the State of Karnataka on EPC Mode under Annual plan 2021-22 Job No. NH-169A- KNT-2021-22-927,MoRTH,618109,Karnataka,MoRTH,355.72,355.72,184.79,76.86,0.0,17.0,-24.911838524682345,0,75,0,0,22.5,1.0001992,13.90007969737053,LOW,Schedule delay above 6 months
1687,Widening and Improvement of existing carriage way to 2 lane with paved shoulders from Km. 86/160 to 131/730 of Jangaon-Duddeda section of NH-365B in the State of Telangana on EPC Mode,MoRTH,618141,Telangana,MoRTH,423.48,423.48,160.07,76.92,0.0,17.0,-39.121284594313785,0,75,0,0,22.5,0.9930486,13.897219449281693,LOW,Schedule delay above 6 months
1688,Improvement and upgradation to two lane with paved shoulder configuration from existing km 90.00 to 130.00 Design length 39.15 of NH-227A near Sikriganj to Barhalganj in the State of UP on EPC Mode.,MoRTH,618111,Uttar Pradesh,MoRTH,403.36,345.34,0.0,94.0,-14.384172947243169,11.0,-94.0,0,50,0,0,15.0,12.234104,13.893641948699951,LOW,Schedule delay above 6 months
1689,Construction of Ring Road around Kanpur from Ch.68.650 to Ch.93.209 Jarkala to Pakari Package-IV in State of Uttar Pradesh.,National Highways Authority of India [NHAI],618536,Uttar Pradesh,National Highways Authority of India [NHAI],1603.53,1192.16,196.64,32.83,-25.654025805566462,0.0,-16.335569722184943,0,0,75,0,18.75,6.601674,13.890669584274292,LOW,Low physical progress
1690,Treatment of landslide zone from location no. 01 to 28 km 62.860 to 152.750 on NH- 12509 in the State of Uttarakhand under EPC mode in NHO Annual Plan 2022-23,MoRTH,617889,Uttarakhand,MoRTH,192.22,192.22,0.0,97.0,0.0,23.0,-97.0,0,75,0,0,22.5,0.8126168,13.825046747922897,LOW,Schedule delay above 6 months
1691,Construction of 2 lane with paved shoulder for the work of Development of remaining sections of NH-325 Balotra to sanderao via Jalore to 2 lane with paved shoulder configuration by Construction of Byasses for town portions1 Asotra- Brahmdham bypass 2Siwana Bypass 3 Mokalsar Bypass 4 Major realignment at Kathadi 5 Major realignment at Bishangarh 6 Jalore Bypass 7 Ahore Town portion 8 Dujana Bypass in the state of Rajasthan on EPC Mode,MoRTH,618011,Rajasthan,MoRTH,411.44,411.44,66.63,87.6,0.0,24.0,-71.40565817616177,0,75,0,0,22.5,0.75027364,13.800109475851059,LOW,Schedule delay above 6 months
1692,4-lanning of Gyaraspur to Rahatgarh section of NH-146 from Design Ch. 88361 to Ch 124470 in the state of MP on HAM mode,National Highways Authority of India [NHAI],618672,Madhya Pradesh,National Highways Authority of India [NHAI],903.44,592.44,104.59,25.02,-34.423979456300366,0.0,-7.365891567078524,0,0,75,0,18.75,6.364912,13.79596495628357,LOW,Low physical progress
1693,Rehabilitation & upgradation of existing road to 2-lane with hard shoulder from Joshimath km 0.00 to Saraithota km 29.725 road on NH-107B under Bharatmala Pariyojna on EPC mode in the state of Uttarakhand,MoRTH,618218,Uttarakhand,MoRTH,338.38,338.38,0.0,78.2,0.0,22.0,-78.2,0,75,0,0,22.5,0.5738601,13.729544043540955,LOW,Schedule delay above 6 months
1694,Construction of 6 lane elevated corridor including its approaches from Km. 629880 to Km. 634470 Design Chainage of NH-16 in Ranasthalam Town portion in the state of Andhra Pradesh on EPC Mode under NHO.,National Highways Authority of India [NHAI],618524,Andhra Pradesh,National Highways Authority of India [NHAI],257.98,192.85,46.41,34.5,-25.246143111869145,0.0,-10.434664246823957,0,0,75,0,18.75,6.122783,13.699113368988037,LOW,Low physical progress
1695,6L Elevated Kanpur - Lucknow Exeressway Pkg-1 from Km. 10980 to Km. 28500,National Highways Authority of India [NHAI],618499,Uttar Pradesh,National Highways Authority of India [NHAI],1972.94,1943.27,766.29,94.14,-1.5038470505945478,10.0,-54.70698245740427,0,50,0,0,15.0,11.699494,13.679797649383545,LOW,Schedule delay above 6 months
1696,Widening/Improvement to 4-Lane with Paved Shoulder from km 626030 Nalani hulla Gaon to km 650450 Chotahapjan on existing Tinsukhia -Makum Bypass of NH-15 OLD NH-37 and Strengthening of existing NH-315 OLD NH-38 from Km 0000 Chotahapjan to Km 16900 Bogapani section 2-Lane PS in Assam on EPCMode under NHO-NE Package-3,NHIDCL,618340,Assam,NHIDCL,458.59,458.59,217.2,83.39,0.0,14.0,-36.0274321289169,0,75,0,0,22.5,0.4306931,13.672277241945267,LOW,Schedule delay above 6 months
1697,Construction of 4-lane green field highway from Km. 35.000 to Km. 49.155 of NH- 731A with paved shoulders on Hybrid Annuity Mode in the state of Uttar Pradesh,MoRTH,618166,Uttar Pradesh,MoRTH,697.66,697.66,0.04,99.0,0.0,8.0,-98.99426654817532,0,50,0,0,15.0,11.6137085,13.645483493804932,LOW,Schedule delay above 6 months
1698,Widening/Improvement of existing 2-lane to 4-Lane Divided Highway from Kuraopokpi to Sekmai section of Imphal-Kohima Road Design Ch. km 287.00 to 297.700 of NH-39 New NH-02 in state of Manipur on EPC mode Pkg-5A,NHIDCL,618301,Manipur,NHIDCL,228.97,228.97,33.76,48.16,0.0,0.0,-33.41571035506835,0,0,75,0,18.75,5.917668,13.617067098617554,LOW,Low physical progress
1699,lmprovement and Up-gradation from Km. 73.300 Bikapur to Km.140.960 Patranga of NH-227B 84 Kosi Parikrama Marg to 2LPS along with Parikrama Path,MoRTH,618116,Uttar Pradesh,MoRTH,1679.75,1679.75,66.99,25.4,0.0,0.0,-21.411906533710372,0,0,75,0,18.75,5.8891826,13.60567307472229,LOW,Low physical progress
1700,"CGD Project in Malda, Birbhum, Murshidabad, Dakshin Dinajpur GA ID 11A.03",Hindustan Petroleum Corporation Limited,709758,West Bengal,Hindustan Petroleum Corporation Limited,2628.0,2628.0,388.06,36.3,0.0,0.0,-21.533637747336375,0,0,75,0,18.75,5.8864584,13.604583501815796,LOW,Low physical progress
1701,6L accesscontrolled highway from km 0000 to km 40080 Paniyala to Mator Section of Paniyala-Barodameo ICR,National Highways Authority of India [NHAI],618758,Rajasthan,National Highways Authority of India [NHAI],1764.86,1239.24,310.12,36.82,-29.782532325510235,0.0,-11.794984668022336,0,0,75,0,18.75,5.875079,13.600031614303589,LOW,Low physical progress
1702,Two laning with paved shoulders of Paderu to GundigudaSection of NH 516E,MoRTH,618259,Andhra Pradesh,MoRTH,222.61,222.61,122.52,100.0,0.0,12.0,-44.96204123803963,0,50,0,0,15.0,11.390369,13.556148052215576,LOW,Schedule delay above 6 months
1703,"Sewer Networks, SPS and STP at Hajipur",National Mission for Clean Ganga,616616,Bihar,National Mission for Clean Ganga,305.19,305.19,346.46,95.0,0.0,6.0,18.522723549264384,0,25,0,40,13.5,13.553682,13.521473026275634,LOW,Expenditure exceeds revised project cost
1704,Construction of Amethi bypass Part-II at km.30.050 of NH-931 under EPC mode in the state of Uttar Pradesh,MoRTH,618066,Uttar Pradesh,MoRTH,283.86,283.86,24.5,43.0,0.0,0.0,-34.36898471077292,0,0,75,0,18.75,5.541831,13.466732501983643,LOW,Low physical progress
1705,Balance Works for Four laning of Vikravandi to Sethiyathope section from Km 0.0 to Km 65.96 of NH-45C in Tamil Nadu under NHDP Phase-IV on EPC mode,National Highways Authority of India [NHAI],618898,Tamil Nadu,National Highways Authority of India [NHAI],1163.17,834.46,166.37,26.7,-28.259841639657147,0.0,-6.762555425065312,0,0,75,0,18.75,5.4820013,13.442800521850586,LOW,Low physical progress
1706,"Widening & strengthenlng to 2LPS from km 0,000 to 40.000 Dhaugaon- Podamari section of NH 326 in the State of Odisha under Annual Plan 2021.22.",MoRTH,618012,Odisha,MoRTH,186.52,186.52,42.83,60.0,0.0,4.0,-37.0373150332404,0,25,40,0,17.5,7.329529,13.431811571121216,LOW,No major rule-based risk indicator detected
1707,Augmentation of CCKPL and IDPL Pipelines capacity along with setting up of Palakkad TOP,Ministry of Petroleum & Natural Gas,617838,Kerala,Ministry of Petroleum & Natural Gas,1130.0,1130.0,268.98,36.2,0.0,0.0,-12.396460176991152,0,0,75,0,18.75,5.4232965,13.419318675994873,LOW,Low physical progress
1708,Improvement/construction of 2-lane with paved shoulder of Askote Llipulekh road from Tawaghat village to Budhi village design km. 56935 to km 95748 and from end of Tunnel portal to Kali Mandir design km 113828 to km. 133078 [total design length 58.063 km] under project Hirak of BRO in the state of Uttarakhand under Bharatmala Pariyojna on EPC Mode,MoRTH,618211,Uttarakhand,MoRTH,649.6,649.6,0.0,29.72,0.0,0.0,-29.72,0,0,75,0,18.75,5.3943033,13.407721281051636,LOW,Low physical progress
1709,Four laning from Dive Ghat Km. 220.900 to Hadapsar Km. 234.150 of Mohol Alandi section Pkg VI of NH-965,National Highways Authority of India [NHAI],618626,Maharashtra,National Highways Authority of India [NHAI],819.52,400.0,121.02,62.03,-51.19094103865678,6.0,-31.775,0,25,40,0,17.5,7.182618,13.373047351837158,LOW,No major rule-based risk indicator detected
1710,Redevelopment of Seven General Pool Residential Accommodation [GPRA] Colonies in Delhi,National Buildings Construction Corporation [NBCC],400188,Delhi,National Buildings Construction Corporation [NBCC],32850.0,32841.0,13885.72,46.8,-0.0273972602739726,0.0,-4.518339880028009,0,0,75,0,18.75,5.057082,13.272832870483398,LOW,Low physical progress
1711,4L of Chowka to Kaimaha near MP/UP Border section NH-34 from D. Ch. 145.000 to D. Ch. 197.266 excluding existing Chhatarpur bypass from D. Ch. 160.307 to D. Ch. 168.630 Package-4,National Highways Authority of India [NHAI],618668,"Multi-States
(Madhya Pradesh,
Uttar Pradesh)",National Highways Authority of India [NHAI],996.5,846.68,162.84,30.89,-15.03462117410939,0.0,-11.657232012094294,0,0,75,0,18.75,5.0302777,13.262111186981201,LOW,Low physical progress
1712,Two laning with paved shoulders of Gondiguda to Araku uptoBhallaguda section of NH 516E,MoRTH,618258,Andhra Pradesh,MoRTH,296.66,289.11,237.52,91.5,-2.5450010112586834,7.0,-9.344419079243195,0,50,0,0,15.0,10.591344,13.236537456512451,LOW,Schedule delay above 6 months
1713,Widening & strengthening of existing carriageway in 2 lane with paved shoulders from km 25/0 to 59/2 design Ch km 25.467 to 59.200 of NH - 353C on EPC mode in the state of Telangana,MoRTH,618132,Telangana,MoRTH,206.13,206.13,152.77,98.57,0.0,,-24.4565764323485,0,50,0,0,15.0,10.368927,13.147571086883545,LOW,No major rule-based risk indicator detected
1714,Construction of two lane with paved shoulder from existing Km.0.000 to Km.55.610 design km. 0.000 to km. 54.048 of NH-124D,MoRTH,618075,Uttar Pradesh,MoRTH,840.93,773.58,167.6,64.0,-8.008990046733963,4.0,-42.33449675534528,0,25,40,0,17.5,6.6006684,13.140267372131348,LOW,No major rule-based risk indicator detected
1715,Development to 4-lane with paved shoulder for the road section Talwandi Sabo- Raman road to refinery Road junction with Bathinda Dabwali Road of NH-254 from existing Km 131.600 to Km 155.650 Design Km 131600 to km 155600 in the State of Punjab. Job No NH-254-PB-2022-23-565,MoRTH,618010,Punjab,MoRTH,546.67,546.67,0.0,45.0,0.0,0.0,-45.0,0,0,75,0,18.75,4.601148,13.09045922756195,LOW,Low physical progress
1716,4L of Bahadurganj Araria section from Km 49.000 to Km 94.000 Package-II of NH- 327E,National Highways Authority of India [NHAI],618583,Bihar,National Highways Authority of India [NHAI],1358.77,1358.77,713.95,100.0,0.0,4.0,-47.4561551991875,0,25,0,0,7.5,21.134743,12.953897476196289,LOW,No major rule-based risk indicator detected
1717,Balance works in AP Portion and punch list items in TN & AP portion of NH-205,National Highways Authority of India [NHAI],619160,Andhra Pradesh,National Highways Authority of India [NHAI],166.52,113.46,98.26,100.0,-31.864040355512856,12.0,-13.396791820906046,0,50,0,0,15.0,9.726928,12.89077115058899,LOW,Schedule delay above 6 months
1718,4L Kasganj-Badaun Section from Km. 123.100 to Km. 179.500 Pkg-III of NH530B,National Highways Authority of India [NHAI],618867,Uttar Pradesh,National Highways Authority of India [NHAI],2009.11,1936.61,191.05,28.21,-3.608562995555246,-1.0,-18.344823222021983,0,0,75,0,18.75,4.090036,12.886014342308044,LOW,Low physical progress
1719,Construction of 2-Lane with hard shoulders of Merangkong-Tamlu-Mon MTM Road from existing Km 20.456 to Km 41.065 Design Km. 20 to Km. 40.0 Design Length- 20.000 Km in the State of Nagaland under SARDP-NE Phase-A Pkg-2 Balance work,NHIDCL,618423,Nagaland,NHIDCL,215.79,215.79,28.64,100.0,0.0,7.0,-86.72783724917744,0,50,0,0,15.0,9.640412,12.856164932250977,LOW,Schedule delay above 6 months
1720,"Improvement and up-gradation of NH-227B 84 Kosi Parikrama Marg Package III, from Km.47.800 Gosaiganj to Km.73.300 Bikapur in the State of Uttar Pradesh on EPC basis.",MoRTH,618113,Uttar Pradesh,MoRTH,587.97,587.97,37.42,28.0,0.0,0.0,-21.63572971410106,0,0,75,0,18.75,3.8126621,12.775064826011658,LOW,Low physical progress
1721,"SITC of ATM Automation System and ASMGCS [Including SMR & MLAT] for Mumbai, Navi Mumbai, Jewar [earlier MOPA, without ASMGCS], HIAL & BIAL",611570,-,"Multi-States
(Karnataka,
Maharashtra,
Telangana, Uttar
Pradesh)",Airport Authority of India [AAI],500.48,500.48,381.2,78.0,0.0,11.0,-1.8331202046035884,0,50,0,0,15.0,9.382089,12.752835512161255,LOW,Schedule delay above 6 months
1722,"6L Standalone Flyovers at Raha, Demow, Borghat, Kathiatali junctions and ROB at Jagiroad on stretches of NH 36 and NH 27",National Highways Authority of India [NHAI],618576,Assam,National Highways Authority of India [NHAI],280.75,255.53,211.79,99.04,-8.983081032947462,,-16.157363910304085,0,50,0,0,15.0,9.23131,12.692523956298828,LOW,No major rule-based risk indicator detected
1723,City Gas Distribution Projects at Alipurduar and Cooch Behar,Bharat Petroleum Corporation Limited [BPCL],709791,West Bengal,Bharat Petroleum Corporation Limited [BPCL],1017.0,1017.0,227.8,43.6,0.0,0.0,-21.2007866273353,0,0,75,0,18.75,3.5343556,12.663742303848267,LOW,Low physical progress
1724,Up-gradation and strengthening to 2lanePS from Km 95/500 to km 129/775 of Nh 168G Idar-Bhiloda-Samlaji in the state of Gujarat Length 34.275 km,MoRTH,618108,Gujarat,MoRTH,237.28,237.28,0.0,63.0,0.0,5.0,-63.0,0,25,40,0,17.5,5.3612003,12.644480228424072,LOW,No major rule-based risk indicator detected
1725,"Augmentation/ Revamping of Dimapur Depot, Dimapur",MinistryofPetroleumNaturalGas,709786,Nagaland,MinistryofPetroleumNaturalGas,227.62,227.62,25.94,41.0,0.0,0.0,-29.6038133731658,0,0,75,0,18.75,3.4648914,12.635956645011902,LOW,Low physical progress
1726,Construction of Raebareli Ring Road Phase-2 with four Lane configuration for Raebareli City in the state of Uttar Pradesh on Hybrid Annuity Model HAM basis,MoRTH,618244,Uttar Pradesh,MoRTH,1273.72,1273.72,0.0,44.37,0.0,0.0,-44.37,0,0,75,0,18.75,3.4442089,12.627683520317078,LOW,Low physical progress
1727,Improvement/Widening of New NH-217 Dainadubi-Darugiri section to Two lane with paved shoulder in Meghalaya from design Km 0000 to Km 40840 existing Km 8600 to Km 53000 of Old NH-62 under BMP Lot-1 Pkg-1B Meghalaya portion,NHIDCL,618295,Meghalaya,NHIDCL,705.83,705.83,0.0,38.75,0.0,0.0,-38.75,0,0,75,0,18.75,3.280613,12.56224524974823,LOW,Low physical progress
1728,"Construction of Intermediate Lane of Pango to Jorging Road from 0000 to Design Km Design Km 40000 Design Length 40.00 Km, Pkg-l, Greenfield Alignment in the State of Arunachal Pradesh on EPC mode Pkg-1",NHIDCL,618405,Arunachal Pradesh,NHIDCL,898.19,898.19,0.0,39.1,0.0,0.0,-39.1,0,0,75,0,18.75,3.0286796,12.461471915245056,LOW,Low physical progress
1729,Up-gradation of NH-930 Sherpar to Kohka from Km.67880 to Km.114860 to 2LPS in Chhattisgarh under EPC mode,MoRTH,618064,Chhattisgarh,MoRTH,278.97,278.97,201.05,90.0,0.0,,-17.93131877979711,0,50,0,0,15.0,8.651988,12.460795164108276,LOW,No major rule-based risk indicator detected
1730,Up-gradation to Four Lane with Paved Shoulder configuration of the highway starting from existing km 88.400 Savali Vihir to km 163.400 start of Ahmednagar bypass Design Length 75.000 km section of NH-160 in the State of Maharashtra under Bharatmala Pariyojana on EPC Mode,NHAI,618766,Maharashtra,NHAI,862.0,617.93,210.27,36.32,-28.314385150812072,0.0,-2.291873836842356,0,0,75,0,18.75,3.0039196,12.451567888259888,LOW,Low physical progress
1731,Dallirajhra- Rowghat New Railway Line - Phase I [95 km],Rail Vikas Nigam Limited,705433,Chhattisgarh,Rail Vikas Nigam Limited,1628.0,1628.0,1440.85,82.0,0.0,3.0,6.504299754299751,0,25,0,0,7.5,19.840366,12.43614673614502,LOW,No major rule-based risk indicator detected
1732,"Widening/lmprovement to 4-Lane with Paved Shoulder from Ch.5.580 Km to Ch.25.633 Km Design Ch.0.000 Km to Ch.17.737km Km 901.100 to Km 921.145 of old NH-31 of Bilasipara- Guwahati road NH-17 Section Near Chirakuta to near Mowatari, before Chapar Bypass in the state ol Assam on HAM mode Package-1",NHIDCL,618288,Assam,NHIDCL,1081.15,1081.15,0.0,28.74,0.0,0.0,-28.74,0,0,75,0,18.75,2.8717625,12.398705005645752,LOW,Low physical progress
1733,"Construction of Additional Structures, Improvement of Service Road & Maintenance of Six Lane Gurgaon-Jaipur Section of NH-48 old NH-8 between km 42700 to km 107100 in the State of Haryana",National Highways Authority of India [NHAI],618506,Haryana,National Highways Authority of India [NHAI],401.74,240.02,93.89,45.02,-40.254891223179165,0.0,-5.9024264644613,0,0,75,0,18.75,2.6896899,12.325875997543335,LOW,Low physical progress
1734,Construction of Two Lane with paved shoulder highway from Design Ch.0.000 to Ch.49.2OO of NH-731B on EPC Mode,MoRTH,618169,Uttar Pradesh,MoRTH,640.18,602.76,239.2,95.98,-5.845231028773152,8.0,-56.295880284026815,0,50,0,0,15.0,8.257307,12.30292296409607,LOW,Schedule delay above 6 months
1735,Widening to 4 lane from km. 108.50 to km 139.00 of NH-135A Pkg-II Jaunpur Akbarpur section on Hybrid Annuity Mode in the state of Uttar Pradesh,MoRTH,618249,Uttar Pradesh,MoRTH,1511.57,1511.57,0.0,32.0,0.0,0.0,-32.0,0,0,75,0,18.75,2.5957177,12.288287043571472,LOW,Low physical progress
1736,Construction of New Integrated Passenger Terminal Building at Udaipur Airport,701128,N04000104,Rajasthan,Airport Authority of India [AAI],887.0,887.0,523.61,68.71,0.0,6.0,-9.678432919954894,0,25,40,0,17.5,4.461747,12.284698843955994,LOW,No major rule-based risk indicator detected
1737,Rehabilitation and upgradation to 2-lane with paved sholuders configuration of Near Karri village-Etawah section Km30.000 to Km 57.346 Pakage-II of NH-92 in state of Uttar Pradesh undergreen national Highway Corridor ProjectGNHCP with the loan assistance of world Bank on EPC mode.,MoRTH,618229,Uttar Pradesh,MoRTH,211.09,206.56,0.0,100.0,-2.1460040740916204,12.0,-100.0,0,50,0,0,15.0,8.131006,12.252402544021606,LOW,Schedule delay above 6 months
1738,"City Gas Distribution Projects at Darbhanga, Madhubani, Supaul, Sitamarhi and Sheohar districts",Bharat Petroleum Corporation Limited [BPCL],709792,Bihar,Bharat Petroleum Corporation Limited [BPCL],3638.0,3638.0,472.43,33.3,0.0,0.0,-20.31401869158878,0,0,75,0,18.75,2.4115498,12.214619934558868,LOW,Low physical progress
1739,Integrated Development of 4 Contract Areas under DSF-II,Ministry of Petroleum & Natural Gas,709851,Offshore,Ministry of Petroleum & Natural Gas,6183.79,6183.79,1555.0,40.4,0.0,0.0,-15.253609194361385,0,0,75,0,18.75,2.3969069,12.208762764930725,LOW,Low physical progress
1740,Construction of 4 Lane Access Controlled Bypass for Dehradun on NH307 from Design Chainage km 0050 Jhajra on NH-07 to Design Chainage km 12220 Asharori on EPC Mode in the State of Uttarakhand under NHO,NHAI,619293,Uttarakhand,NHAI,715.97,337.11,140.53,47.84,-52.91562495635292,0.0,-6.153310195485155,0,0,75,0,18.75,2.308897,12.173558831214905,LOW,Low physical progress
1741,"Construction of New Domestic Terminal Building Building and miscellaneous works including maintenance, operations and AICMC at Kadapa Airport",612786,N04000106,Andhra Pradesh,Airport Authority of India [AAI],265.91,265.91,129.07,65.0,0.0,6.0,-16.46102064608327,0,25,40,0,17.5,4.0474796,12.11899185180664,LOW,No major rule-based risk indicator detected
1742,"Upgradation of Ambikapur-Ramanujganj-Garwa road of NH-343, Package-III, Badki mahri village to Ramanujganj section from existing km 80.600 to km 110.330 Design Ch. 85.370 to Ch. 114.800 of total length 29.430 km to two lane with paved shoulders udner corridor scheme under EPC Mode in the of Chhattisgarh",MoRTH,618014,Chhattisgarh,MoRTH,199.05,199.05,28.95,31.0,0.0,0.0,-16.455915599095704,0,0,75,0,18.75,2.1065767,12.092630684375763,LOW,Low physical progress
1743,Rewari - Kathuwas Doubling Project [27.72 Km],North Western Railway [NWR],611861,"Multi-States
(Haryana,
Rajasthan)",North Western Railway [NWR],352.0,352.0,315.28,73.0,0.0,0.0,16.568181818181813,0,0,40,40,16.0,6.19184,12.076736068725586,LOW,No major rule-based risk indicator detected
1744,"City Gas Distribution Projects at Gopalganj, Siwan, West Champaran, East Champaran and Deoria districts",Bharat Petroleum Corporation Limited [BPCL],709793,Bihar,Bharat Petroleum Corporation Limited [BPCL],3919.0,3919.0,510.08,30.1,0.0,0.0,-17.084434804797144,0,0,75,0,18.75,2.0225103,12.059004127979279,LOW,Low physical progress
1745,City Gas Distribution Projects at the Nilgiris and Erode districts,Bharat Petroleum Corporation Limited [BPCL],709796,Tamil Nadu,Bharat Petroleum Corporation Limited [BPCL],3685.0,3685.0,288.66,25.4,0.0,0.0,-17.566621438263226,0,0,75,0,18.75,1.9697875,12.037914991378784,LOW,Low physical progress
1746,Development of New Civil Enclave and associated works at Darbhanga Airport,612194,N04000112,Bihar,Airport Authority of India [AAI],911.66,911.66,374.49,65.0,0.0,4.0,-23.922185902639143,0,25,40,0,17.5,3.7558548,12.002341985702515,LOW,No major rule-based risk indicator detected
1747,Widening/lmprovement to 4-Lane with Paved shoulder for existing as well as Greenfield alignment of Badarpur Churaibari section of NH-8 from Design chainage 87.700 Chandkhira to Km. 106.500 Churaibari section Assam-Tripura border in the state of Assam on HAM Mode Package-6,NHIDCL,618311,Assam,NHIDCL,870.0,870.0,0.0,31.83,0.0,0.0,-31.83,0,0,75,0,18.75,1.8752581,12.000103235244751,LOW,Low physical progress
1748,3rd & 4th line between Sarla - Sason [8 km] [PB 73/2023-24/NR],East Coast Railway [ECoR] - II,612834,Odisha,East Coast Railway [ECoR] - II,252.0,252.0,117.3,86.0,0.0,,-39.45238095238095,0,50,0,0,15.0,7.4595466,11.983818769454956,LOW,No major rule-based risk indicator detected
1749,Development of New Civil Enclave at Bagdogra Airport,611495,N04000115,West Bengal,Airport Authority of India [AAI],1549.0,1549.0,441.41,34.6,0.0,-2.0,-6.103550677856681,0,0,75,0,18.75,1.7855026,11.964201033115387,LOW,Low physical progress
1750,Widening/lmprovement to 4-L of Karimgani - sutarkandi section of NH 37 from design Ch 0020 Start of proposed Karimganj Bypass from NH -8 to design Chainage Km 14380 near Sutarkandi Spur Connectivity to Indo/Bangladesh Border on Silchar- Churaibari in the State of Assam on HAM Mode Package-7,NHIDCL,618310,Assam,NHIDCL,791.79,791.79,0.06,40.4,0.0,0.0,-40.392422233167885,0,0,75,0,18.75,1.7057834,11.93231338262558,LOW,Low physical progress
1751,"City Gas Distribution Projects at Fazilka [except area already authorized], Ganganagar and Hanumangarh districts",Bharat Petroleum Corporation Limited [BPCL],709794,"Multi-States
(Punjab,
Rajasthan)",Bharat Petroleum Corporation Limited [BPCL],3207.0,3207.0,414.52,30.8,0.0,0.0,-17.874524477705023,0,0,75,0,18.75,1.6168201,11.896728038787842,LOW,Low physical progress
1752,Transmission Scheme for Solar Energy Zone in Ananthpuram 2500MW and Kurnool 1000MW,Power Grid Corporation of India Limited [POWERGRID],611967,Andhra Pradesh,Power Grid Corporation of India Limited [POWERGRID],823.0,823.0,798.31,98.34,0.0,8.0,-1.3400000000000034,0,50,0,0,15.0,7.205253,11.88210129737854,LOW,Schedule delay above 6 months
1753,4/6L of Northern Ayodhya Bypass starting Km. 112.540 and ending Km. 139.928 north of existing NH-27 part-1 and part-2 south of NH-27 from km 0.000 to km 5.000.,NHAI,618567,Uttar Pradesh,NHAI,2289.34,1834.25,198.35,26.13,-19.878654983532375,0.0,-15.31631593294262,0,0,75,0,18.75,1.5736822,11.87947291135788,LOW,Low physical progress
1754,"Widening and Strengthening to two Lane with Paved Shoulder/Four Lane with paved shoulder configuration from km. 61.500 of NH-727B near Nawalpur km 178.500 of Sonauli Balia Marg, Old SH-01 i.e. end point of Salempur Bypass to km. 106.495 of NH-727B near Sikanderpur under EPC mode",MoRTH,618264,Uttar Pradesh,MoRTH,2061.86,2061.86,0.0,25.0,0.0,0.0,-25.0,0,0,75,0,18.75,1.5519959,11.870798349380493,LOW,Low physical progress
1755,4L of Indora Chowk to Pachpaoli and Agrasen Chowk - Ashoka Chowk,National Highways Authority of India [NHAI],618557,Maharashtra,National Highways Authority of India [NHAI],1038.84,918.53,658.44,81.77,-11.581186708251506,1.0,-10.085896051299343,0,25,0,0,7.5,18.389456,11.855782508850098,LOW,No major rule-based risk indicator detected
1756,Construction and upgradation of existing road to 2-lane with paved shoulder from existing chainage Km 509.725 to Km 528.000 design chainage Km 490.550 to Km 507.850 of NH-58 new NH-07 Benakuli bend to Mana Village in EPC mode under Chardham Programme in the State of Uttarakhand.,MoRTH,618208,Uttarakhand,MoRTH,180.1,180.1,0.0,95.0,0.0,,-95.0,0,50,0,0,15.0,7.136157,11.85446286201477,LOW,No major rule-based risk indicator detected
1757,lmprovement to 4-Lane with Paved Shoulder from existing km 260000 Design Ch.4560 km to existing km Ch.233000 D. Ch.24560 of Silchar near Nutan Dayapur village - Budha Nagar Section Length-20.00 Km of NH-37 under Package Silchar- Jiribam Pkg-1 in the state of Assam on HAM Mode,NHIDCL,618331,Assam,NHIDCL,957.95,957.95,149.51,36.56,0.0,0.0,-20.952713607182005,0,0,75,0,18.75,1.5024723,11.850988924503326,LOW,Low physical progress
1758,"Widening to Four Lane rigid pavement configuration from Km 90.00 to Km 100.800 on NH-96 Km 42.0 to Km 53.300 as per new NH-330,design length of 11.300 km under EPC mode in the state of Uttar Pradesh.",MoRTH,617964,Uttar Pradesh,MoRTH,309.63,309.63,32.4,25.0,0.0,0.0,-14.535897684332914,0,0,75,0,18.75,1.4865716,11.844628632068634,LOW,Low physical progress
1759,4 -Laning of MP/UP Border to Kabarai section of NH-34&35 from km 197.000 to km 242.991 Length 45.991 Km Sagar-Kabrai Package-5 under Bharat Mala Pariyojana EC in MP & UP on HAM,National Highways Authority of India [NHAI],618669,Uttar Pradesh,National Highways Authority of India [NHAI],1632.93,1425.43,322.5,50.25,-12.707219537885884,-1.0,-27.62524817072743,0,0,40,0,10.0,14.610963,11.844385147094727,LOW,No major rule-based risk indicator detected
1760,"Development of Lal Bahadur Shastri International airport, Varanasi including C/o New Terminal Building, Apron Extension, Runway Extension, PTT and allied works.",701113,N04000114,Uttar Pradesh,Airport Authority of India [AAI],2869.65,2869.65,572.04,27.0,0.0,0.0,-7.065861690450056,0,0,75,0,18.75,1.4304365,11.822174608707428,LOW,Low physical progress
1761,"Grass Root Rail-fed Depot at Sekerkote, Agartala as resitement of existing Dharmanagar Depot",Indian Oil Corporation Limited [IOCL],400035,Tripura,Indian Oil Corporation Limited [IOCL],656.0,656.0,537.17,97.0,0.0,9.0,-15.114329268292678,0,50,0,0,15.0,7.007089,11.802835702896118,LOW,Schedule delay above 6 months
1762,Construction of Intermediate Lane Road with hard shoulder from design Km 0.000 to Km 17.387 Total length 17.387 km of Hunli to Ithun Bridge section on NH-913 Frontier Highway in State of Arunachal Pradesh on EPC mode under NHO-NE,NHIDCL,618403,Arunachal Pradesh,NHIDCL,275.5,275.5,0.0,49.23,0.0,0.0,-49.23,0,0,75,0,18.75,1.2746423,11.759856939315796,LOW,Low physical progress
1763,Construction of 7 Nos of Standalone safety structures/works at different locations on various NHs,National Highways Authority of India [NHAI],618627,Maharashtra,National Highways Authority of India [NHAI],168.52,112.03,10.11,26.37,-33.52124376928555,0.0,-17.345631527269482,0,0,75,0,18.75,1.2653012,11.756120502948761,LOW,Low physical progress
1764,LPG Bottling Plant at Mualkhang,Ministry of Petroleum & Natural Gas,617829,Mizoram,Ministry of Petroleum & Natural Gas,225.71,225.71,22.78,32.0,0.0,-11.0,-21.90740330512605,0,0,75,0,18.75,1.2650933,11.7560373544693,LOW,Low physical progress
1765,4TH LINE RAJNANDGAON-DONGARHGARH [31.2 KM] [PB-72/NR/2022-23],SECR,709818,Chhattisgarh,SECR,328.34,328.34,78.66,33.0,0.0,0.0,-9.043126027897909,0,0,75,0,18.75,1.2261033,11.74044132232666,LOW,Low physical progress
1766,"Construction of Salempur bypass to 4LPS from km 64.000 of NH-727A Km 171.00 of Sonauli Balia Marg, old SH-01, near Mahadahan Chauraha to km 61.500 of NH-727B Km 178.500 of Sonauli Balia Marg, old SH-01, near near Ahirauli Village under Hybrid Annuity Mode HAM in the State of Uttar Pradesh",MoRTH,618260,Uttar Pradesh,MoRTH,1348.06,1348.06,0.0,25.0,0.0,0.0,-25.0,0,0,75,0,18.75,1.2129594,11.735183775424957,LOW,Low physical progress
1767,Transmission Scheme for Integration of Renewable Energy Zone [Phase II] in Koppal II [Phase A&B] and gadag II[Phase A] in Karnataka [POWERGRID KOPPAL GADAG TRANSMISSION LIMITED],Power Grid Corporation of India Limited [POWERGRID],612140,Karnataka,Power Grid Corporation of India Limited [POWERGRID],4445.0,4445.0,3733.8,86.0,0.0,9.0,-1.9999999999999856,0,50,0,0,15.0,6.820693,11.728277206420898,LOW,Schedule delay above 6 months
1768,6L Access Controlled Greenfield Highway from Kodur Ch. 0000 to Vanavolu Ch. 24300 of [NH-544G] Package-1,National Highways Authority of India [NHAI],618712,Andhra Pradesh,National Highways Authority of India [NHAI],912.94,798.25,333.15,85.01,-12.562709488027696,10.0,-43.27495458816161,0,50,0,0,15.0,6.810388,11.724155187606812,LOW,Schedule delay above 6 months
1769,"Widening to Two Lane with Paved Shoulders from KB Cross to Chunchanahalli ie., Design Ch. 485240 Km Existing Km 494.000 to Design Ch. 523393 Km Existing km 533.152 & From Design Ch. 530393 Existing Km 540.175 to Design Ch. 534476 Existing Km 544.200 at Nelligere of NH-150A on EPC mode under Annual Plan 2022-23 NH-150A-KNT-2022-23-977 dated 08.03.2023",MoRTH,618086,Karnataka,MoRTH,617.28,617.28,4.47,40.0,0.0,0.0,-39.27585536547434,0,0,75,0,18.75,1.1742995,11.719719797372818,LOW,Low physical progress
1770,Improvement/Widening to 2-L with Paved Shoulder/4-L from Km 81740 to Km 93490 design Km 0000 to Km 10670 of NH-40 New NH-106 & 206 section & 4-L from design Km 0.00 to Km 0.930 of NH-44 section between Shillong-Dawki under JICA ODA Loan assistance Phase-II -Balance Work Pkg-1,NHIDCL,618377,Meghalaya,NHIDCL,351.12,351.12,0.0,93.06,0.0,7.0,-93.06,0,50,0,0,15.0,6.793124,11.717249631881714,LOW,Schedule delay above 6 months
1771,Upgradation of 2L/4L with Paved Shoulder of Shirwal-Lonand Section from KM 159900 To KM 188025 of NH-965DD Section I and 2L With Paved Shoulder of Lonand-Satara Section from KM 51500 To KM 96246 Of NH-965D Section II in Satara District in the State of Maharashtra on EPC Mode under NHO-,National Highways Authority of India [NHAI],618754,Maharashtra,National Highways Authority of India [NHAI],538.11,307.24,96.11,33.37,-42.903867239040345,0.0,-2.0882658508006777,0,0,75,0,18.75,1.1548163,11.711926519870758,LOW,Low physical progress
1772,Visakh Raipur Pipeline Project,Ministry of Petroleum and Natural Gas,616254,"Multi-States
(Andhra Pradesh,
Chhattisgarh,
Odisha)",Ministry of Petroleum and Natural Gas,2212.0,2212.0,498.11,34.0,0.0,0.0,-11.48146473779385,0,0,75,0,18.75,1.1244391,11.699775665998459,LOW,Low physical progress
1773,"Construction of 2 lane with paved shoulder of Shillong Western Bypass starting from NH-06 near Ladumsaw existing km 60.900 of old NH-40 to NH-106 old NH-44E, Package-II km 12800 to km 24700 under SARDP-NE Phase A in the State of Meghalaya on EPC Mode",NHIDCL,618420,Meghalaya,NHIDCL,686.03,686.03,228.79,46.51,0.0,0.0,-13.160146495051237,0,0,75,0,18.75,1.0928104,11.687124162912369,LOW,Low physical progress
1774,Transmission System for Evacuation of power from Potential RE Zone in Khavda Area of Gujarat under phase IV 7GW-Part E4,Power Grid Corporation of India Limited [POWERGRID],611966,Maharashtra,Power Grid Corporation of India Limited [POWERGRID],224.41,224.41,206.45,94.8,0.0,9.0,-2.803208413172328,0,50,0,0,15.0,6.6640763,11.665630578994751,LOW,Schedule delay above 6 months
1775,Upgradation and reconstruction of existing intermediate lane to two Lane with paved shoulder configuration from km. 43.00 Barna River to km. 77.00 ken river length 34.00 km. on Gulganj-Amanganj-Pawai-Katni NH43 Extn. along with One time improvement in 01 no. of bypassed built-up area in a total length of 1.585 km in the state of Madhya Pradesh on EPCmode.,MoRTH,618036,Madhya Pradesh,MoRTH,315.55,315.55,0.0,25.3,0.0,0.0,-25.3,0,0,75,0,18.75,0.9889651,11.645586043596268,LOW,Low physical progress
1776,Kumbalam-Turavur doubling project [15.59 Km],Ministry of Railways,705638,Kerala,Ministry of Railways,813.0,802.8,126.48,30.5,-1.254612546125467,0.0,-14.745142002989532,0,0,75,0,18.75,0.8962135,11.608485400676727,LOW,Low physical progress
1777,6-Laning of Pune-Hyderabad Section of NH-65 from Km 493/0 to Km 524/0 from Sangareddy X Roads to Madinaguda in the State of Telangana,MoRTH,617939,Telangana,MoRTH,1297.75,1297.75,0.0,37.5,0.0,0.0,-37.5,0,0,75,0,18.75,0.89141333,11.606565326452255,LOW,Low physical progress
1778,Construction of Ater realignment & Bhind bypass Total length. 21.50 km Section of NH-552Extn. to Two lane with paved shoulder configuration in the State of Madhya Pradesh on EPC mode.,MoRTH,618157,Madhya Pradesh,MoRTH,348.06,348.06,0.0,68.41,0.0,6.0,-68.41,0,25,40,0,17.5,2.7100143,11.58400571346283,LOW,No major rule-based risk indicator detected
1779,"Slope protection and landslide mitigation at 4 vulnerable locations km 1.950 to Km 2.100, km 11.100 to 11.450, km 22.435 to km 22.485 and km 22.610 to km 22.680 within Sevoke-Rangpo section of NH-10 old NH-31A in Darjeeling & Kalimpong district in the State of West Bengal on EPC mode",NHIDCL,619187,West Bengal,NHIDCL,152.27,152.27,0.0,27.3,0.0,0.0,-27.3,0,0,75,0,18.75,0.7670476,11.556819051504135,LOW,Low physical progress
1780,"Rehabilitation, Upgradation & Widening of existing Highway to Rigid Pavement 2 Lane with Paved Shoulder of NH 965DD from Lonand Shirval-Bhor Mandangad-Pchral Section ShindewadiPhata to Varandah Ghat Dist Border from Km 33/550 to 92/550 in the state of Maharashtra on EPC mode.",MoRTH,618199,Maharashtra,MoRTH,723.13,723.13,0.0,48.5,0.0,0.0,-48.5,0,0,75,0,18.75,0.73660314,11.544641256332397,LOW,Low physical progress
1781,Construction of Standalone Flyover cum ROB from Design Ch.66.600 to Design Ch.68.800 in Gadchandur Town on NH-353B,National Highways Authority of India [NHAI],618939,Maharashtra,National Highways Authority of India [NHAI],191.31,107.76,25.19,29.96,-43.67257331033401,0.0,-6.583979213066073,0,0,75,0,18.75,0.7340947,11.543637871742249,LOW,Low physical progress
1782,Bemetara Bypass NH 30,MoRTH,617908,Chhattisgarh,MoRTH,161.96,161.96,0.0,32.0,0.0,0.0,-32.0,0,0,75,0,18.75,0.71894777,11.537579119205475,LOW,Low physical progress
1783,Indore - Budni New Railway Line [198 kms],RVNL - II,705763,Madhya Pradesh,RVNL - II,7474.0,7474.0,2529.21,36.0,0.0,0.0,-2.159887610382661,0,0,75,0,18.75,0.71704257,11.536817044019699,LOW,Low physical progress
1784,Widening to Two Lane with Paved Shoulders from Km 0.00 Design Chainage 0.00 to Km 23.338 Design Chainage 23310 of NH-166E MH/KNT Border- Kanamadi- Bijjargi- Tikota section in the state of Karnataka in EPC Mode under Annual plan 2022-23 NH- 166E-KNT-2022-23-974,MoRTH,618095,Karnataka,MoRTH,196.05,196.05,0.0,30.0,0.0,0.0,-30.0,0,0,75,0,18.75,0.6789684,11.521587371826172,LOW,Low physical progress
1785,"Construction of 4 lane with paved shoulder from Existing Ch. 14200 to 24320 Design Ch. 14200 to 24400, Ch. 33760 to 42780 Design Ch. 35300 to 44294 & Ch. 43440 to 47020 Design Ch. 44958 to 48500 Delina Flyover including construction of flyover length 1.704 km of total length 22.736 kms in AOR of 760 BRTF on road SRINAGAR BARAMULA URI NH-01 in the UT of Jammu & Kashmir under project BEACON, Border Roads Organization BRO Package-IJob No NH-1-J&K-2022-23-110",MoRTH,618205,"Jammu and
Kashmir",MoRTH,823.46,823.46,262.57,83.0,0.0,12.0,-51.1138124499065,0,50,0,0,15.0,6.152645,11.461058139801025,LOW,Schedule delay above 6 months
1786,Kondamodu to Perecherla Section Design Ch. Km 000 to Km 49917 of NH-167AG to to 4LPS,MoRTH,618101,Andhra Pradesh,MoRTH,881.61,881.61,0.0,36.82,0.0,0.0,-36.82,0,0,75,0,18.75,0.5066669,11.452666759490967,LOW,Low physical progress
1787,Demo Bio-ATF Project,Ministry of Petroleum & Natural Gas,616879,Karnataka,Ministry of Petroleum & Natural Gas,364.0,364.0,71.1,47.4,0.0,0.0,-27.86703296703297,0,0,75,0,18.75,0.4110357,11.414414271712303,LOW,Low physical progress
1788,Work of 6 laning/Construction of elevated corridor from km 0/0 to 10/170 Narol Junction to Sarkhej junction including 4 lane Shastri Bridge on Sabarmati river on NH 47 in the State of Gujarat on HAM mode,MoRTH,617916,Gujarat,MoRTH,1295.39,1295.39,0.0,26.0,0.0,0.0,-26.0,0,0,75,0,18.75,0.40680388,11.412721559405327,LOW,Low physical progress
1789,Samni Jambusar 24 km,PCE/WR,611971,Gujarat,PCE/WR,350.0,349.93,71.06,31.0,-0.019999999999998,0.0,-10.693081473437545,0,0,75,0,18.75,0.39643258,11.408573031425476,LOW,Low physical progress
1790,Rehabilitation and Up-gradation of Jarud - Sirsala section of NH-361F km 59500 to km11500 to Two lane with paved shoulder/ Four Lane in the state of Maharashtra on EPC mode Length 55.5 Km.,MoRTH,618137,Maharashtra,MoRTH,540.35,540.35,95.57,49.89,0.0,0.0,-32.20331544369391,0,0,75,0,18.75,0.378923,11.401569202542305,LOW,Low physical progress
1791,Balance work of Rehabilitation and Up-gradation to 4-Lane configuration of Ras- Beawar Section Km 00.000 to km 30.050 of NH-158 in the State of Rajasthan under Green National Highway Corridor Project GNHCP.,MoRTH,618235,Rajasthan,MoRTH,278.1,278.1,28.57,37.16,0.0,0.0,-26.8867170082704,0,0,75,0,18.75,0.34977198,11.389908790588379,LOW,Low physical progress
1792,Nandyala-Kurnool/Kadapa Border section of NH-167K i.e. Km 186/000 to Km 250/000Design Ch.186000 to 248010 to 2LPS,MoRTH,617987,Andhra Pradesh,MoRTH,691.81,691.81,0.0,40.49,0.0,0.0,-40.49,0,0,75,0,18.75,0.33791038,11.38516415655613,LOW,Low physical progress
1793,Construction of new 4 lane major bridge with approaches on Sabarmati River near Dharoi at Km. 82/00 to 86/00 Design length 3.300 km on NH-58 in the State of Gujarat on Hybrid Annuity Mode HAM,MoRTH,617926,Gujarat,MoRTH,398.4,398.4,0.0,33.0,0.0,0.0,-33.0,0,0,75,0,18.75,0.29532126,11.36812850087881,LOW,Low physical progress
1794,"Widening, Reconstruction & Up-gradation to 2 lane with Paved Shoulder/Four Lane configuration for the work of Sautada to Shirapur Section of NH-561 from Design km 86300 to km 125589 in the state of Maharashtra on EPC mode. Design length 39.289 km",MoRTH,618138,Maharashtra,MoRTH,349.57,349.57,0.0,41.13,0.0,0.0,-41.13,0,0,75,0,18.75,0.2564158,11.352566324174404,LOW,Low physical progress
1795,Rehabilitation and Up-gradation of Gangakhed Loha section of NH-361F from Km 169/00 to 210/00 to two lane with paved shoulder/ four lane configuration in the state of Maharashtra on EPC mode Length - 41.00 Km.,MoRTH,618139,Maharashtra,MoRTH,355.12,355.12,0.0,43.46,0.0,0.0,-43.46,0,0,75,0,18.75,0.21402083,11.335608333349228,LOW,Low physical progress
1796,Widening to Two lane with Paved shoulders from km.40/410 to 84/037 of Thirumanlagiri-- Suryapet Section of NH-365B earstwhile section of SH-16,MoRTH,618142,Telangana,MoRTH,244.54,244.54,0.0,99.96,0.0,4.0,-99.96,0,25,0,0,7.5,17.054146,11.321658611297607,LOW,No major rule-based risk indicator detected
1797,Bhiwani - Dobh Bahali Doubling Project [42.30 Km],North Western Railway [NWR],611884,Haryana,North Western Railway [NWR],471.0,471.0,263.12,72.0,0.0,0.0,-16.13588110403397,0,0,40,0,10.0,13.301619,11.320647716522217,LOW,No major rule-based risk indicator detected
1798,Nandurshingote to Kolhar,MoRTH,618088,Maharashtra,MoRTH,325.79,325.79,9.87,27.0,0.0,0.0,-23.97044108167838,0,0,75,0,18.75,0.16697802,11.316791206598282,LOW,Low physical progress
1799,"Construction of NTB complex including apron, taxi track and other associated civil works and electrical & mechanical installations towards Tawi River side at CA Jammu.",611047,N04000107,"Jammu and
Kashmir",Airport Authority of India [AAI],861.37,861.37,319.5,51.35,0.0,5.0,-14.257925746195014,0,25,40,0,17.5,1.934074,11.273629605770111,LOW,No major rule-based risk indicator detected
1800,Hostel blocks & dining hall block,"Indian Institute of Technology, Mandi",612128,Himachal Pradesh,"Indian Institute of Technology, Mandi",166.66,166.66,122.26,82.0,0.0,4.0,-8.641065642625705,0,25,0,0,7.5,16.91856,11.2674241065979,LOW,No major rule-based risk indicator detected
1801,4L Boregaon Buzurg to Shahpur Pkg I of Boregaon Buzurg to Muktainagar of NH 753L,National Highways Authority of India [NHAI],618623,Madhya Pradesh,National Highways Authority of India [NHAI],1504.37,1132.34,501.44,86.2,-24.72995340242095,6.0,-41.916480915626046,0,25,0,0,7.5,16.62678,11.150712013244629,LOW,No major rule-based risk indicator detected
1802,Venkatesh Khani Coal Mine,Singareni Collieries Company Limited [SCCL],615863,Telangana,Singareni Collieries Company Limited [SCCL],484.5,484.5,477.14,97.0,0.0,,1.4809081527347845,0,50,0,0,15.0,5.2455845,11.098233938217163,LOW,No major rule-based risk indicator detected
1803,Doubling between Pradhankunta-Patherih-Bhojudih of East Central Railway,East Central Railway [ECR] - I,617372,Jharkhand,East Central Railway [ECR] - I,349.22,349.22,125.71,71.5,0.0,3.0,-35.5026344424718,0,25,40,0,17.5,1.3772107,11.050884306430817,LOW,No major rule-based risk indicator detected
1804,Transmission System for Evacuation of Power from Rajasthan REZ Ph-IV [Part-2 5.5 GW] [Jaisalmer/Barmer Complex] Part C [SPV Name POWERGRID Mandsaur Transmission Limited],Power Grid Corporation of India Limited [POWERGRID],615346,Madhya Pradesh,Power Grid Corporation of India Limited [POWERGRID],2708.0,2708.0,1489.4,57.8,0.0,6.0,-2.79999999999999,0,25,40,0,17.5,1.3177189,11.027087569236755,LOW,No major rule-based risk indicator detected
1805,Borholla GGS Life Extension Project [BLEP],Ministry of Petroleum & Natural Gas,709850,Assam,Ministry of Petroleum & Natural Gas,198.7,198.7,96.22,55.7,0.0,4.0,-7.275239053850029,0,25,40,0,17.5,1.1885228,10.975409120321274,LOW,No major rule-based risk indicator detected
1806,Transmission System for Evacuation of Power from Potential Energy Renewable Zone in Khavda Area of Gujarat under Ph-IV [7GW] Part E2,Power Grid Corporation of India Limited [POWERGRID],612855,Gujarat,Power Grid Corporation of India Limited [POWERGRID],697.0,697.0,369.41,56.0,0.0,1.0,-3.0,0,25,40,0,17.5,1.1065568,10.942622721195221,LOW,No major rule-based risk indicator detected
1807,4L Greenfield starting from NH-30 near Saristabad Patna to Nathupur Project end point of Patna-Gaya-Dobhi Section of NH-83,National Highways Authority of India [NHAI],618917,Bihar,National Highways Authority of India [NHAI],488.24,419.66,82.7,80.83,-14.046370637391442,10.0,-61.12357098603631,0,50,0,0,15.0,4.855738,10.94229531288147,LOW,Schedule delay above 6 months
1808,"Development of Container Terminal at Tuna-Tekra, Deendayal Port on BOT Basis Under PPP Mode",Deendayal Port Trust,609424,Gujarat,Deendayal Port Trust,4243.64,4243.64,2244.0,60.0,0.0,6.0,-7.120867934132029,0,25,40,0,17.5,1.102728,10.94109120965004,LOW,No major rule-based risk indicator detected
1809,"Construction of 26 VUPs, Major Bridge, Service Road etc. on Lalitpur-Sagar- Lakhnadon section of NH-44 NS",National Highways Authority of India [NHAI],618556,"Multi-States
(Madhya Pradesh,
Uttar Pradesh)",National Highways Authority of India [NHAI],665.91,665.91,507.56,95.19,0.0,3.0,-18.96948972083314,0,25,0,0,7.5,15.824798,10.829919338226318,LOW,No major rule-based risk indicator detected
1810,Construction of 4-Lane Panchgram Bypass from Design Chainage km 15500 on NH- 37 Old NH-53 at Kalinagar Pt.-I Village to Design Chainage km 27300 at crossing with NH-6 Old NH-44 Near Siddeswar Pt.-I Village on Silchar - Churaibari stretch in the State of Assam on EPC Mode under Bharatmala Pariyojana in Economic Corridors Silchar- Churaibari Package-2,NHIDCL,618308,Assam,NHIDCL,676.18,728.97,0.0,57.17,7.807092785944583,0.0,-57.17,25,0,40,0,17.5,0.8205591,10.828223645687103,LOW,No major rule-based risk indicator detected
1811,Construction of Rudraprayag tunnel of length 900.30 MTR including approaches and one major bridge on river Alaknanda connecting NH-107/old-109 to NH-07old-58 on EPC mode in the state of Uttarakhand.,MoRTH,617967,Uttarakhand,MoRTH,251.88,251.88,0.0,99.0,0.0,10.0,-99.0,0,50,0,0,15.0,4.5302367,10.812094688415527,LOW,Schedule delay above 6 months
1812,Construction of Mariahu Bypass with four lane paved shoulder configuration Km. 53.540 to Km.59.200 of NH-135A on EPC mode in the state of Uttar Pradesh,MoRTH,618081,Uttar Pradesh,MoRTH,438.24,362.39,0.0,52.0,-17.307867834976275,4.0,-52.0,0,25,40,0,17.5,0.71254855,10.785019427537918,LOW,No major rule-based risk indicator detected
1813,50 MW Solar PP Minedout Area,NLC India Limited [NLCIL],615327,Tamil Nadu,NLC India Limited [NLCIL],218.03,218.03,169.95,100.0,0.0,9.0,-22.052011191120485,0,50,0,0,15.0,4.3282313,10.731292605400085,LOW,Schedule delay above 6 months
1814,Improvement and Widening to 2-lane with paved shoulder of road from Km 101.300 to km 127.319 Total Length 26.019 Km i.e. the Khowai Teliamura-Amarpur-Harina- Sabroom section of NH 208 in the state of Tripura on EPC under JICA ODA Loan Phase VI Package-1,NHIDCL,618370,Tripura,NHIDCL,431.78,431.78,0.0,58.12,0.0,5.0,-58.12,0,25,40,0,17.5,0.39262572,10.657050296664238,LOW,No major rule-based risk indicator detected
1815,Work of Widening/upgradation of 2-Lane with paved shoulder of Sri Muktsar Sahib to Malout road from Km 279.400 to Km 307.060 section of NH-354 in the State of Punjab on EPC mode. Job No. NH-354-PB-2021-22-555,MoRTH,618023,Punjab,MoRTH,152.58,152.58,0.0,100.0,0.0,11.0,-100.0,0,50,0,0,15.0,4.1333437,10.653337478637695,LOW,Schedule delay above 6 months
1816,Widening to 2LPS from Km 67 to Km 115 on Kadur-Hosadurga section NH 173 in the state of Karnataka NH-173-KNT-2022-23-980 dated 13.03.2023,MoRTH,617999,Karnataka,MoRTH,471.62,471.62,80.08,64.33,0.0,6.0,-47.3502281497816,0,25,40,0,17.5,0.3827722,10.65310887992382,LOW,No major rule-based risk indicator detected
1817,Balance work of Construction of Two/Four lane with paved shoulder from Km 422.000 to 523.600 Chitradurga to Shivamogga of NH-13 in the state of Kanataka on EPC mode.,MoRTH,618031,Karnataka,MoRTH,516.96,516.96,105.08,75.0,0.0,8.0,-54.67347570411637,0,50,0,0,15.0,3.8763478,10.550539135932922,LOW,Schedule delay above 6 months
1818,ATF Pipeline from Jawaharlal Nehru Port Trust to Navi Mumbai International Airport,Indian Oil Corporation Limited [IOCL],709782,Maharashtra,Indian Oil Corporation Limited [IOCL],165.0,165.0,101.62,97.8,0.0,10.0,-36.2121212121212,0,50,0,0,15.0,3.8482492,10.539299726486206,LOW,Schedule delay above 6 months
1819,TIKAK EXTENSION OCP,MIS MoCoal Integration Logins,615820,Assam,MIS MoCoal Integration Logins,159.77,159.77,111.47,88.18,0.0,,-18.410957000688494,0,50,0,0,15.0,3.7424471,10.496978878974915,LOW,No major rule-based risk indicator detected
1820,Mobile connectivity in Left Wing Extremism [LWE] affected areas-Phase 1 Upgradation,Department of Telecommunications [DoT],617413,"Multi-States
(Andhra Pradesh,
Bihar,
Chhattisgarh,
Jharkhand,
Madhya Pradesh,
Maharashtra,
Odisha,
Telangana, Uttar
Pradesh, West
Bengal)",Department of Telecommunications [DoT],1884.6,1884.6,376.8,98.0,0.0,10.0,-78.00636739891755,0,50,0,0,15.0,3.7398052,10.495922088623047,LOW,Schedule delay above 6 months
1821,Rehabilitation & Widening work for 2 Lane with Paved Shoulder of Existing NH-80 from km 70.15 to Km 121.025 of Munger-Suttanganj -BhagatpurMirzachowki section on EPC Mode in the State of Bihar.,MoRTH,617959,Bihar,MoRTH,477.54,477.54,311.39,95.66,0.0,,-30.452896930100096,0,50,0,0,15.0,3.7170677,10.48682713508606,LOW,No major rule-based risk indicator detected
1822,Outer Ring Road of Jabalpur Town from NH45 to Kushner Pkg-3,National Highways Authority of India [NHAI],618685,Madhya Pradesh,National Highways Authority of India [NHAI],911.24,773.23,495.48,77.0,-15.145296519029014,2.0,-12.9207480309869,0,25,0,0,7.5,14.949242,10.47969675064087,LOW,No major rule-based risk indicator detected
1823,Power System Upgradation Project,Mangalore Refinary and Petrochemicals Limited,612790,Karnataka,Mangalore Refinary and Petrochemicals Limited,385.0,385.0,260.92,82.5,0.0,10.0,-14.728571428571428,0,50,0,0,15.0,3.5854113,10.43416452407837,LOW,Schedule delay above 6 months
1824,Widening and Up-gradation to 2- Lane with Paved Shoulder Configuration and geometric improvement from Km. 208. 000 to Km 250.000 Package-5 on Aizawl Tuipang Section of NH-54 in the State of Mizoram Package-5,NHIDCL,618379,Mizoram,NHIDCL,752.89,752.89,125.62,95.35,0.0,,-78.66495968866633,0,50,0,0,15.0,3.5355344,10.41421377658844,LOW,No major rule-based risk indicator detected
1825,6L Access Controlled Greenfield Highway from Vanavolu Ch. 24300 to Vankarakunta Ch. 45700 of [NH-544G] Package-2,National Highways Authority of India [NHAI],618717,Andhra Pradesh,National Highways Authority of India [NHAI],750.81,626.91,226.46,82.18,-16.502177648140005,8.0,-46.05679252205261,0,50,0,0,15.0,3.4338803,10.373552203178406,LOW,Schedule delay above 6 months
1826,Implementation of Transmission Systems in the State of Jharkhand consisting of 400/220/132/33 kV transmission lines and substations under Jharkhand Consultancy Project,Power Grid Corporation of India Limited [POWERGRID],617326,Jharkhand,Power Grid Corporation of India Limited [POWERGRID],1842.25,1842.25,1648.05,96.0,0.0,5.0,-6.541457456914102,0,25,0,0,7.5,14.564671,10.325868129730225,LOW,No major rule-based risk indicator detected
1827,"Construction of Balance Work of the 4-Laning of the Section from Jorhat to Jhanji of NH-37 Old from Km 453.000 to Km 490.800, under SARDP- NE , under EPC Mode in the state of Assam Pkg-IV Structures & Toll Plaza",NHIDCL,618444,Assam,NHIDCL,279.01,279.01,0.0,94.73,0.0,,-94.73,0,50,0,0,15.0,3.2755806,10.310232281684875,LOW,No major rule-based risk indicator detected
1828,Transmission System for Evacuation of Power from REZ in Rajasthan 20GW under Phase III- Part E2,Power Grid Corporation of India Limited [POWERGRID],611947,Rajasthan,Power Grid Corporation of India Limited [POWERGRID],428.3,428.3,415.45,98.4,0.0,12.0,-1.4002334812047792,0,50,0,0,15.0,3.2641244,10.305649757385254,LOW,Schedule delay above 6 months
1829,Construction Bangalore Metro Rail Project Phase-2A & 2B,Bengaluru Metro Rail,702665,Karnataka,Bengaluru Metro Rail,14788.1,14788.1,10276.44,65.0,0.0,0.0,4.49128015093217,0,0,40,0,10.0,10.675949,10.270379543304443,LOW,No major rule-based risk indicator detected
1830,Revamping of old sub-systems of Blast Furnace 3 at Bokaro Steel Plant,Steel Authority of India Limited [SAIL],617253,Jharkhand,Steel Authority of India Limited [SAIL],513.82,513.82,408.4,97.3,0.0,10.0,-17.81691253746449,0,50,0,0,15.0,3.149957,10.259982824325562,LOW,Schedule delay above 6 months
1831,Construction of Jasra Bypass with four lane paved shoulder configurationfrom Km 379.670 on NH-76New NH-35 to Km 18.00 on NH-27New NH-30 on EPC in the State of Uttar Pradesh.,MoRTH,617957,Uttar Pradesh,MoRTH,274.06,274.06,0.0,91.85,0.0,,-91.85,0,50,0,0,15.0,3.0106268,10.204250693321228,LOW,No major rule-based risk indicator detected
1832,"Kalol Redevelopment Project, Ahmedabad Asset",Oil and Natural Gas Corporation Limited [ONGC],709842,Gujarat,Oil and Natural Gas Corporation Limited [ONGC],1487.41,1487.41,940.5,64.0,0.0,0.0,-0.7692835196751417,0,0,40,0,10.0,10.496172,10.198468685150146,LOW,No major rule-based risk indicator detected
1833,Upgradation of Dindori-Sagartola-kabichabutra MP-CG border section of NH -45 from km 000Design to km 77.00 Design to Two lane with paved shoulder configration along with one time improvement in 04 nos. of bypaased built-up areas in a total length of 9.1 km in the state of Madhya Pradesh on EPC mode.,MoRTH,617915,Madhya Pradesh,MoRTH,329.14,319.09,0.0,93.68,-3.0534119219784928,8.0,-93.68,0,50,0,0,15.0,2.7413144,10.09652578830719,LOW,Schedule delay above 6 months
1834,Nagpur- Nagbhir Railway Line Gauge Conversion Project,MRIDC,705799,Maharashtra,MRIDC,1400.0,1400.0,1472.0,80.0,0.0,0.0,25.14285714285714,0,0,0,75,11.25,8.1229925,9.999197006225586,LOW,Expenditure is significantly ahead of physical progress | Expenditure exceeds revised project cost
1835,Widening & Upgradation to 2 lanes with paved shoulders road from Tamenglong to Mahur NH-137 in the State of Assam starting from km 136.500 near Hejaichak to km 156.489 near P. Leikul Package-9 on EPC mode under NHO-NE Package-9,NHIDCL,618352,Assam,NHIDCL,860.37,614.43,528.46,87.5,-28.585376059137353,10.0,-1.491829826017593,0,50,0,0,15.0,2.4059582,9.962383270263672,LOW,Schedule delay above 6 months
1836,Upgradation to Two-lane with paved shoulder of Hanumangarh to Kenchiyan section from Km 0.000existing chainage-Km 23.200 to Km 49.605existing chainage-Km 74.645 of NH-54 in the State of Rajasthan on EPC mode.,MoRTH,618069,Rajasthan,MoRTH,334.64,334.64,0.0,68.0,0.0,0.0,-68.0,0,0,40,0,10.0,9.831752,9.932700872421265,LOW,No major rule-based risk indicator detected
1837,AMGAON OC RCE [1.0 MTY],South Eastern Coalfields Limited [SECL],613799,Chhattisgarh,South Eastern Coalfields Limited [SECL],316.11,316.11,191.5,78.86,0.0,,-18.27982221378634,0,50,0,0,15.0,2.1707902,9.868316113948822,LOW,No major rule-based risk indicator detected
1838,Construction of proposed 4Lane Revelgunj bypass NH-19 in the State of Bihar on EPC mode connecting NH 19 to 85 origin,MoRTH,617897,Bihar,MoRTH,295.24,295.24,33.07,81.7,0.0,11.0,-70.49894323262431,0,50,0,0,15.0,2.0499315,9.81997263431549,LOW,Schedule delay above 6 months
1839,Widening & Upgradation to 2-lanes with paved shoulders road from Tamenglong to Mahur NH-137 in the State of Assam starting from km 116.480 near Hangrum to km 136.500 near Hejaichak Package-8 on EPC mode under NHO-NE Package 8,NHIDCL,618353,Assam,NHIDCL,904.04,904.04,520.05,85.2,0.0,10.0,-27.674890491571176,0,50,0,0,15.0,2.0141444,9.805657804012299,LOW,Schedule delay above 6 months
1840,Upgradation of two lane paved shoulder from Shahpura existing km. 0.00 Design Ch. 000 to Thanagazi existing Km.37352 Design Ch. 36810 of NH-248A on EPC mode in the State of Rajasthan.,MoRTH,618118,Rajasthan,MoRTH,174.34,174.34,63.55,100.0,0.0,12.0,-63.5482390730756,0,50,0,0,15.0,1.9996667,9.799866676330566,LOW,Schedule delay above 6 months
1841,SADULPUR - CHURU DOUBLING PROJECT,North Western Railway [NWR],617403,Rajasthan,North Western Railway [NWR],468.64,468.64,188.7,90.0,0.0,,-49.73455104131103,0,50,0,0,15.0,1.8167449,9.726697981357574,LOW,No major rule-based risk indicator detected
1842,4-laning of Puttaparthi-Koduru Section of NH-342,MoRTH,618013,Andhra Pradesh,MoRTH,1318.59,909.19,341.52,79.5,-31.048316762602468,7.0,-41.93689437851275,0,50,0,0,15.0,1.7784595,9.711383819580078,LOW,Schedule delay above 6 months
1843,Widening & Upgradation to 2 lanes with paved shoulders road from Tamenglong to Mahur NH-137 in the State of Assam starting from km 156.489 near P. Leikul to km 176.410 near Borowapu on EPC mode under NHO-NE Assam portion Package-10,NHIDCL,618351,Assam,NHIDCL,890.33,693.15,569.61,81.9,-22.14684442847035,10.0,0.2770179614801975,0,50,0,0,15.0,1.649697,9.65987879037857,LOW,Schedule delay above 6 months
1844,Upgradation to Two Lane Paved Shoulder in km 33/0 to 126/520 of NH-23 Old NH- 11B Kothun-Lalsot-Karoli-Dholpur road in the state of Rajasthan under EPC mode Length-93.52 Km.,MoRTH,617900,Rajasthan,MoRTH,150.11,150.11,12.2,97.0,0.0,12.0,-88.87262674039039,0,50,0,0,15.0,1.5906012,9.636240482330322,LOW,Schedule delay above 6 months
1845,Kudali Irrigation Project,"Department of Water Resources, River Development & GR",701399,Chhattisgarh,"Department of Water Resources, River Development & GR",382.29,382.29,249.06,86.31,0.0,3.0,-21.16050616024485,0,25,0,0,7.5,12.740337,9.596135139465332,LOW,No major rule-based risk indicator detected
1846,"Construction of Balance Work of the 4-Laning of the Section from Jorhat to Jhanji of NH-37 Old from Km 477.000 to Km 490800 13.800 Km, under SARDP- NE under EPC Mode in the state of Assam Pkg-III Road Works",NHIDCL,618442,Assam,NHIDCL,358.72,358.72,0.07,99.05,0.0,,-99.03048617305976,0,50,0,0,15.0,1.4356107,9.574244260787964,LOW,No major rule-based risk indicator detected
1847,Improvement/Up-gradation of existing 2-Lane Road to 4-Lane Divided Highway from Daili to Kuraopokpi section of Imphal-Kohima road NH-02 Design Chainage from Km 274610 to Km 287000 in the state of Manipur on EPC mode Pkg-4B,NHIDCL,618299,Manipur,NHIDCL,268.98,268.98,0.0,55.15,0.0,0.0,-55.15,0,0,40,0,10.0,8.908709,9.563483476638794,LOW,No major rule-based risk indicator detected
1848,Construction of New Domestic Terminal Building at Rajahmundry Airport.,701121,N04000103,Andhra Pradesh,Airport Authority of India [AAI],347.15,347.15,170.79,90.0,0.0,10.0,-40.80224686734841,0,50,0,0,15.0,1.3791039,9.551641583442688,LOW,Schedule delay above 6 months
1849,"Construction of Two lane with Paved Shoulder for Fatehpur Bypass Design Km 0.000 to Km 7.400 , Mandawa Bypass Design Km 20.925 to Km 27.300 & Jhunjhunu Bypass Design Km 41.625 to Km 54.689 of NH-11 on EPC Mode in the state of Rajasthan .",MoRTH,617891,Rajasthan,MoRTH,186.29,186.29,66.7,100.0,0.0,12.0,-64.19560899672553,0,50,0,0,15.0,1.1793449,9.471737951040268,LOW,Schedule delay above 6 months
1850,3rd & 4th line between Vadlapudi -Gate Jn. cabin and Tie line between Gate Junction to Gangavaram port,East Coast Railway [ECoR] - II,616697,Andhra Pradesh,East Coast Railway [ECoR] - II,154.28,154.28,58.16,75.0,0.0,,-37.302307492870106,0,50,0,0,15.0,1.1238232,9.449529260396957,LOW,No major rule-based risk indicator detected
1851,Construction of bypass to Nayagarh town from km 235.469 to 252.482 of NH-57 including land acquisition in the state of Odisha.,MoRTH,617924,Odisha,MoRTH,300.33,300.33,82.33,100.0,0.0,11.0,-72.58682116338694,0,50,0,0,15.0,1.0932372,9.437294870615005,LOW,Schedule delay above 6 months
1852,Rehabilitation & Up-gradation of Sabalkhed to Ashti Section from Km 37900 to Km 55100 & Chinchpur to Jamkhed Section from km 70000 to km 72922 of NH-561 to Two lane with Paved shoulder/ Four lane configuration in the State of Maharashtra on EPC Mode Length20.122km.,MoRTH,618046,Maharashtra,MoRTH,213.33,213.33,0.0,95.88,0.0,,-95.88,0,50,0,0,15.0,1.0717382,9.428695291280746,LOW,No major rule-based risk indicator detected
1853,"Construction for Mitigation Measures of 5 Nos. Landslides, 05 No. Sinking Zones and 01 No. Bridge from Ch. 450.00 to Ch. 468.00 18 Km. Length on NH-07 Package-III",NHIDCL,618391,Uttarakhand,NHIDCL,250.33,250.33,0.0,82.25,0.0,12.0,-82.25,0,50,0,0,15.0,1.0701474,9.428058952093124,LOW,Schedule delay above 6 months
1854,Construction of bypass road to Adoni town connecting NH-167 Hagari - Jadcharla road from km.62/700 to 71/400 in Kurnool District in the State of Andhra Pradesh.,MoRTH,617990,Andhra Pradesh,MoRTH,242.0,242.0,78.49,95.94,0.0,,-63.506115702479335,0,50,0,0,15.0,0.6997994,9.279919773340225,LOW,No major rule-based risk indicator detected
1855,"Construction of Balance Work of 4-Laning of the Section from Jorhat to Jhanji of NH- 37 Old from Km 453000 to Km 463000 10.000 Km, under SARDP- NE under EPC Mode in the state of Assam Pkg-I Road Works",NHIDCL,618439,Assam,NHIDCL,478.3,478.3,0.0,96.79,0.0,,-96.79,0,50,0,0,15.0,0.6405748,9.256229937076569,LOW,No major rule-based risk indicator detected
1856,"Construction of Balance Work of the 4-Laning of the Section from Jorhat to Jhanji of NH-37 Old from Km 463.00 to Km 477.000 14.000 Km, under SARDP- NE under EPC Mode in the state of Assam Pkg-II Road Works",NHIDCL,618443,Assam,NHIDCL,438.44,438.44,0.0,95.86,0.0,,-95.86,0,50,0,0,15.0,0.4676881,9.18707524240017,LOW,No major rule-based risk indicator detected
1857,Replacement of Hot Leveller No.1 of Plate Mill at Bhilai Steel Plant,Steel Authority of India Limited [SAIL],617243,Chhattisgarh,Steel Authority of India Limited [SAIL],198.62,198.62,75.16,79.73,0.0,,-41.888896385056896,0,50,0,0,15.0,0.3140178,9.125607118010521,LOW,No major rule-based risk indicator detected
1858,"Construction for Mitigation Measures of 10 Nos. Landslides, 01 No. Sinking Zones and 1 No. of Minor Bridge in between at Ch. Km 368.00 to Km 433.00 on NH-07 on EPC Mode in Uttarakhand Package-1",NHIDCL,618393,Uttarakhand,NHIDCL,216.68,216.68,107.69,96.0,0.0,,-46.29998153959757,0,50,0,0,15.0,0.3054812,9.122192479670048,LOW,No major rule-based risk indicator detected
1859,"Construction of Morena bypass, Ambah bypass & Porsa bypass Totat length 27.16 km Section of NH-552 Ext. to TWo lane with paved shoulder configuration in the state of Madhya Pradesh on EPC mode",MoRTH,618156,Madhya Pradesh,MoRTH,492.66,492.66,0.0,69.25,0.0,0.0,-69.25,0,0,40,0,10.0,7.79642,9.118568181991577,LOW,No major rule-based risk indicator detected
1860,Construction of Ring Road around Kanpur from Km.000 to Km. 23.325 Chachendi Sachendi I to Maharajpur Package-I,National Highways Authority of India [NHAI],618537,Uttar Pradesh,National Highways Authority of India [NHAI],1753.75,1311.7,392.07,55.72,-25.20598717034925,0.0,-25.829781199969503,0,0,40,0,10.0,7.5138936,9.005557537078857,LOW,No major rule-based risk indicator detected
1861,4L from Devinagar Bypass End Existing Km. 208.000 of NH 530B/Design Km. 66.000 to Kasganj Bypass End Existing Km.150.100 of NH 530B/ Design Km. 123.100 of NH 530B,National Highways Authority of India [NHAI],618868,Uttar Pradesh,National Highways Authority of India [NHAI],2289.52,2223.71,486.52,62.48,-2.874401621300532,0.0,-40.60124782458144,0,0,40,0,10.0,7.292704,8.917081594467163,LOW,No major rule-based risk indicator detected
1862,AIIMS Rajkot,PMSSY AND Institute of NATIONAL Importance,701170,Gujarat,PMSSY AND Institute of NATIONAL Importance,1195.0,1195.0,775.6,93.7,0.0,0.0,-28.79623430962343,0,0,0,0,0.0,21.485882,8.594352722167969,LOW,No major rule-based risk indicator detected
1863,Rehabilitation and upgradation from Km 22300 to 58635 of MudireddyPalle to Kadapa/Nellore Border via porumamilla Section of NH 167 Two Lane with paved Shoulder in,MoRTH,618103,Andhra Pradesh,MoRTH,279.29,279.29,155.02,88.25,0.0,2.0,-32.74496938665904,0,25,0,0,7.5,10.210124,8.584049701690674,LOW,No major rule-based risk indicator detected
1864,4- Laning of Mohari to Satai Ghat section NH-934 from Km 50300 to Km 89875 Total length 39.575 km Package-2 in the State of Madhya Pradesh on EPC Mode,National Highways Authority of India [NHAI],618666,Madhya Pradesh,National Highways Authority of India [NHAI],710.92,539.08,431.99,87.65,-24.171496089574063,0.0,-7.515326111152348,0,0,0,0,0.0,21.34306,8.537223815917969,LOW,No major rule-based risk indicator detected
1865,Outer Ring Road of Jabalpur Town from Kushner to Amjhar Road including Airport Connectivity Pkg-IV,National Highways Authority of India [NHAI],618686,Madhya Pradesh,National Highways Authority of India [NHAI],612.94,509.82,327.15,76.1,-16.82383267530265,3.0,-11.930293044603973,0,25,0,0,7.5,9.865967,8.446386814117432,LOW,No major rule-based risk indicator detected
1866,Wadsa-Gadchiroli,South East Central Railway,705479,Maharashtra,South East Central Railway,1886.0,1886.0,809.55,66.0,0.0,0.0,-23.07582184517497,0,0,40,0,10.0,5.97275,8.389100074768066,LOW,No major rule-based risk indicator detected
1867,Up-gradation to Two/Four lane with paved shoulder Configuration of Kondagaon- Narayanpur from design ch. 0.00 - 48.693 Design Length 47.493 Km. 1.20 Km. retained on NH-130D under EPC mode in the State Chhattisgarh.,MoRTH,617971,Chhattisgarh,MoRTH,322.4,322.4,1.1,62.0,0.0,0.0,-61.65880893300248,0,0,40,0,10.0,5.4775076,8.19100308418274,LOW,No major rule-based risk indicator detected
1868,"Construction of Balance Work of 4-Laning of NH-37 Section between End of Moran Bypass to Bogibeel junction near Lapetketa Km. 561.700-Km. 580.875 under SARDP- NE, Phase 'A' in the State of Assam on EPC mode Pkg-I Road works & Toll Plaza",NHIDCL,618437,Assam,NHIDCL,274.34,274.34,90.6,100.0,0.0,5.0,-66.97528614128453,0,25,0,0,7.5,9.012974,8.105189561843872,LOW,No major rule-based risk indicator detected
1869,Balance Works of 4L of NH-31D from Km. 113.200 to Km. 154.854 Package-II A Ghoshpukur-Salsalabari Section,National Highways Authority of India [NHAI],618574,West Bengal,National Highways Authority of India [NHAI],1818.46,962.31,426.06,55.2,-47.08104659987023,0.0,-10.92528603048914,0,0,40,0,10.0,5.1406827,8.056273221969604,LOW,No major rule-based risk indicator detected
1870,Construction of 4-lane highway with paved shoulders from Km 49.155 to Km 74.700 of NH-731A on Hybrid Annuity Mode in the state of Uttar Pradesh,MoRTH,618165,Uttar Pradesh,MoRTH,1156.72,1156.72,0.0,98.0,0.0,5.0,-98.0,0,25,0,0,7.5,8.852647,8.041058778762817,LOW,No major rule-based risk indicator detected
1871,Upgradation and Strengthening of Chenani to Nashri Section via Patnitop of NH244 from Km 0.000 to Km 39.100,National Highways Authority of India [NHAI],618967,"Jammu and
Kashmir",National Highways Authority of India [NHAI],295.06,295.06,175.81,63.8,0.0,0.0,-4.2155087100928625,0,0,40,0,10.0,4.727705,7.891082048416138,LOW,No major rule-based risk indicator detected
1872,"Widening / Improvement to 4-Lane with Paved Shoulder configuration of existing single lane road from Kachukhana Harichara Paglagaunj to Dhubri - Phulbari Bridge approach Package-II of Srirampur - Dhubri Section of NH-127B from existing Km 28.050 to Km 55.060 Design Km 27.650 to Km 54.154, Design Length26.504 Km under JICA ODA Loan assistance Phase-V [Srirampur - Dhubri Pkg-2]",NHIDCL,618372,Assam,NHIDCL,909.02,909.02,638.5,100.0,0.0,5.0,-29.75952124265693,0,25,0,0,7.5,8.164262,7.765704870223999,LOW,No major rule-based risk indicator detected
1873,Railway Manufacturing Unit,RVNL - II,617409,Telangana,RVNL - II,521.36,521.36,491.87,90.0,0.0,-9.0,4.343639711523707,0,0,0,0,0.0,19.329935,7.731974124908447,LOW,No major rule-based risk indicator detected
1874,4TH LINE - DADHAPARA-BELHA [9.2 KM] [PB-72/NR/2022-23],SECR,709817,Chhattisgarh,SECR,169.06,169.06,22.52,65.0,0.0,0.0,-51.67928546078315,0,0,40,0,10.0,4.1617165,7.664686560630798,LOW,No major rule-based risk indicator detected
1875,Agra Fort-Bandikui Doubling Line Project,CAO/C/NCR,705919,Rajasthan,CAO/C/NCR,1390.0,1390.0,477.04,54.0,0.0,0.0,-19.680575539568345,0,0,40,0,10.0,3.9191227,7.5676491260528564,LOW,No major rule-based risk indicator detected
1876,Jhansi-Khairar-Manikpur & Khirar-Bhimsen,North Central Railway,705608,"Multi-States
(Madhya Pradesh,
Uttar Pradesh)",North Central Railway,4330.0,4330.0,2895.52,68.0,0.0,0.0,-1.1288683602771383,0,0,40,0,10.0,3.6251795,7.450071811676025,LOW,No major rule-based risk indicator detected
1877,Balance work of Construction of 2-lane with hard shoulder of Kohima - Jessami road on NH-29 old NH-150 from existing km 98.380 near Chizami vill. to km120.367 Nagaland/Manipur Border [Design km 95.700 to design km 117.200] [Design Length 21.500 km] in the state of Nagaland Under Bharatmala Pariyojna on EPC Mode Package-V under NHO,NHIDCL,618296,Nagaland,NHIDCL,330.8,330.8,0.0,93.04,0.0,6.0,-93.04,0,25,0,0,7.5,7.363305,7.445322036743164,LOW,No major rule-based risk indicator detected
1878,"Revamping of SV Stations, Gas Terminal & Kribhco Terminal",Oil and Natural Gas Corporation Limited [ONGC],709845,Gujarat,Oil and Natural Gas Corporation Limited [ONGC],837.34,837.34,445.89,67.7,0.0,0.0,-14.449229703585177,0,0,40,0,10.0,3.517313,7.406925201416016,LOW,No major rule-based risk indicator detected
1879,"Construction of New Domestic Terminal Building [Phase-I and II] and other allied structures at JPNI Airport, Patna",701101,N04000082,Bihar,Airport Authority of India [AAI],1216.9,1216.9,1200.67,98.22,0.0,0.0,0.4462831785684926,0,0,0,0,0.0,18.358921,7.343568325042725,LOW,No major rule-based risk indicator detected
1880,C2/C3 Vijaipur Pata Pipeline,Ministry of Petroleum & Natural Gas,617830,Madhya Pradesh,Ministry of Petroleum & Natural Gas,1792.0,1792.0,488.0,65.2,0.0,0.0,-37.96785714285715,0,0,40,0,10.0,3.250828,7.300331234931946,LOW,No major rule-based risk indicator detected
1881,Widening to Two lane with paved shoulders from 106/830 to 158/496 of Yellareddy- Rudrur Section of NH-765D in the state of Telangana on EPC mode under NHO under Annual plan 2022-23,MoRTH,618182,Telangana,MoRTH,499.88,499.88,187.35,63.44,0.0,0.0,-25.961005041209887,0,0,40,0,10.0,3.1779156,7.271166205406189,LOW,No major rule-based risk indicator detected
1882,Construction of Bypass on NH-59 from Km 336/350 to 349/910 13.56 km near Berhampur town including 4-lane RoB in the state of Odisha.,MoRTH,617930,Odisha,MoRTH,196.94,196.94,51.16,75.0,0.0,6.0,-49.02254493754443,0,25,0,0,7.5,6.5545425,7.121817111968994,LOW,No major rule-based risk indicator detected
1883,"Pre-Construction activities from Km 134.000 to Km 190.233 of NH-333A and Construction of 4 no. of Bypasses at Katoria, Lakhpura, Banka & Panjwara total length-14.359 Km to two lane with paved shoulders standard in State of Bihar.",MoRTH,618126,Bihar,MoRTH,479.37,479.37,0.0,58.0,0.0,0.0,-58.0,0,0,40,0,10.0,2.7823024,7.1129209995269775,LOW,No major rule-based risk indicator detected
1884,Pirpainti - Jasidih [100.52 Km] New BG line,Eastern Railway [ER] - I,705385,"Multi-States
(Bihar, Jharkhand)",Eastern Railway [ER] - I,2555.0,2555.0,1113.67,61.8,0.0,0.0,-18.21213307240704,0,0,40,0,10.0,2.4813335,6.992533385753632,LOW,No major rule-based risk indicator detected
1885,Widening to 2 lane with paved shoulders from Km 62/920 to km 106/830 of Medak - Yellareddy section in the State of Telangana under Annual Plan 2022-23 on EPC mode under NHO,MoRTH,618183,Telangana,MoRTH,399.01,399.01,0.0,66.04,0.0,0.0,-66.04,0,0,40,0,10.0,2.43699,6.974795997142792,LOW,No major rule-based risk indicator detected
1886,Construction of 4 Lane ROB and its approaches at the level crossing LC No 29 B of Km 29 Ekangarsarai at NH 110 New NH 33 & Railway Km 32.63 at Fatwa FUT Islampur IPR section in the state of Bihar on EPC mode.,MoRTH,617969,Bihar,MoRTH,201.08,201.08,0.01,58.0,0.0,0.0,-57.99502685498309,0,0,40,0,10.0,2.307708,6.923083245754242,LOW,No major rule-based risk indicator detected
1887,4-Laning of Silchar - Dhanehari section from Existing Chainage km 263800 of NH 37 to km 12920 of NH 306 Design Chainage km 0000 to km 20000 on Silchar - Vairengte - Sairang road in the State of Assam under Bharatmala Pariyojna on EPC mode Package-1,NHIDCL,618315,Assam,NHIDCL,1256.9,1256.9,550.91,55.46,0.0,0.0,-11.6291463123558,0,0,40,0,10.0,2.2622788,6.904911518096924,LOW,No major rule-based risk indicator detected
1888,Setting up of 50 MW [plus/minus 5 percent] Wind Power Plant for Captive Consumption at MR,MinistryofPetroleumNaturalGas,619313,Maharashtra,MinistryofPetroleumNaturalGas,483.14,483.14,287.79,57.9,0.0,0.0,1.6665852547915847,0,0,40,0,10.0,2.2471159,6.898846328258514,LOW,No major rule-based risk indicator detected
1889,"Construction of 350 beds + 50 Super Specialty beds ESIC Hospital Sheelanagar, Visakhapatnam, Andhra Pradesh",Employee's State Insurance Company [ESIC],612167,Andhra Pradesh,Employee's State Insurance Company [ESIC],384.27,384.27,253.37,88.0,0.0,5.0,-22.064590001821628,0,25,0,0,7.5,5.891083,6.856433153152466,LOW,No major rule-based risk indicator detected
1890,Construction of 4-Lane Badarpur Bypass from Design Chainage km 27300 at crossing with NH-6 Old NH-44 Near Siddeswar Pt.-I Village to Design Chainage km 38600 on NH-37 Old NH-44 at Kandigram Chaita Village on Silchar - Churaibari stretch in the State of Assam on EPC Mode under Bharatmala Pariyojana in Economic Corridors Silchar- Churaibari Pkg-3,NHIDCL,619057,Assam,NHIDCL,574.26,574.26,316.32,71.09,0.0,0.0,-16.006936579249825,0,0,40,0,10.0,1.9860274,6.794410943984985,LOW,No major rule-based risk indicator detected
1891,Widening to 2-Lane with Paved shoulder of Imphal to Jiribam section of NH-37 from Design Chainage 15.940 km to 33.120 Km Existing Chainage Km 15.946 to Km 33.395 Total length17.180 Km in the State of Manipur on EPC mode PKG-2 - Balance Works & Rectification works,NHIDCL,618338,Manipur,NHIDCL,195.14,195.14,0.0,76.18,0.0,2.0,-76.18,0,25,0,0,7.5,5.601813,6.74072527885437,LOW,No major rule-based risk indicator detected
1892,"Setting up of LPG Plant with Rail Unloading Facility at Hathua, Dist. Gopalganj, Bihar",MinistryofPetroleumNaturalGas,617304,Bihar,MinistryofPetroleumNaturalGas,340.15,340.15,167.24,51.0,0.0,0.0,-1.8334558283110385,0,0,40,0,10.0,1.8005301,6.720212042331696,LOW,No major rule-based risk indicator detected
1893,Rehabilitation /Upgradation from Lagam to Alapalli section Desing Km. 199/400 to km 227/400 Length 28.0 Km to 2 lane with Paved Shoulders/ 4 lane configuration section of NH-353 C Sakoli-Wadsa-Armori-Gadchiroli-Ashti-Alapalli Sironcha in Gadchiroli District on EPC mode in the state of Maharashtra.,MoRTH,618134,Maharashtra,MoRTH,459.39,459.39,0.0,69.15,0.0,0.0,-69.15,0,0,40,0,10.0,1.7865757,6.714630305767059,LOW,No major rule-based risk indicator detected
1894,Improvement of 4L road to 6L road and 4L dedicated Port Roads for the Port connectivity road from Convent junction to Sheelanagar Junction,National Highways Authority of India [NHAI],618806,Andhra Pradesh,National Highways Authority of India [NHAI],685.99,680.21,460.16,79.0,-0.8425778801440215,4.0,-11.350303582717103,0,25,0,0,7.5,5.5356393,6.7142558097839355,LOW,No major rule-based risk indicator detected
1895,Revamping / Augmentation of Facilities at Mathura Bitumen Plant,MinistryofPetroleumNaturalGas,709781,Uttar Pradesh,MinistryofPetroleumNaturalGas,260.12,260.12,20.15,52.3,0.0,-6.0,-44.553575272950944,0,0,40,0,10.0,1.7600324,6.704012989997864,LOW,No major rule-based risk indicator detected
1896,"Transmission Scheme for Solar Energy Zone in Bidar [2500 MW], Karnataka [Bidar Transmission Ltd]",Power Grid Corporation of India Limited [POWERGRID],612138,"Multi-States
(Karnataka,
Telangana)",Power Grid Corporation of India Limited [POWERGRID],1368.0,1368.0,1190.16,89.46,0.0,4.0,-2.4599999999999795,0,25,0,0,7.5,5.4550242,6.682009696960449,LOW,No major rule-based risk indicator detected
1897,Widening and Reconstruction of existing road to four lane from Km.56400 to Km 120300 i.e. from B.Kothapalli Junction to Gorantla excluding Kadiri Bypass from Km 70200 to Km 77105 of NH 716G in the State of Andhra Pradesh on EPC mode Job no. 742,MoRTH,618161,Andhra Pradesh,MoRTH,839.98,839.98,355.56,99.45,0.0,4.0,-57.12042072430297,0,25,0,0,7.5,5.102295,6.5409181118011475,LOW,No major rule-based risk indicator detected
1898,Widening and strengthening of Gangakhed to Kingaon section of NH-752K in Km 38/750 to 72/304 Flexible Pavement Length33.554 km to 2-lane configuration on EPC mode in the State of Maharashtra.,MoRTH,618178,Maharashtra,MoRTH,162.67,162.67,0.0,72.0,0.0,-1.0,-72.0,0,0,40,0,10.0,1.3474492,6.538979709148407,LOW,No major rule-based risk indicator detected
1899,"Construction of 6-lane flyover at Ainthapali junction and a 2-lane ROB LHS on NH-53 Earlier NH-6 in Sambalpur, on EPC mode in Odisha under NHO",National Highways Authority of India [NHAI],618591,Odisha,National Highways Authority of India [NHAI],374.17,211.74,97.05,50.0,-43.410749124729406,0.0,-4.165485973363566,0,0,40,0,10.0,1.1686217,6.467448681592941,LOW,No major rule-based risk indicator detected
1900,Kanpur LPG Bottling Plant,MinistryofPetroleumNaturalGas,619191,Uttar Pradesh,MinistryofPetroleumNaturalGas,202.0,202.0,125.69,54.0,0.0,0.0,8.222772277227719,0,0,40,0,10.0,1.1378212,6.455128490924835,LOW,No major rule-based risk indicator detected
1901,"Rehabilitation, upgradation & widening of existing highway to 2L/4LPS Rigid Pavement of NH 160 section- Phaltan to Mhaisal near Karnataka Border including Tasgaon Bypass, from existing chainage Km 301/430 to Km 458/415 in the State of Maharashtra. Package-I starting from existing chainage Km 301/430 at Phaltan Village Junction of Phaltan Baramati Road Design Chainage -301/430km & ending at existing chainage Km 341/300 Dahiwadi Village Bus Stop Design chainage Km 340466km in the S",MoRTH,617979,Maharashtra,MoRTH,533.76,533.76,0.0,68.95,0.0,-6.0,-68.95,0,0,40,0,10.0,1.1149527,6.445981085300446,LOW,No major rule-based risk indicator detected
1902,Up-gradation to 2 lane with paved shoulder from Neechli Oden Nathdwara at Design Km 88.800 existing km 55.95 to Bhatewar at Design Km 142.028 existing km 0.00 of NH-162E in the State of Rajasthan on EPC mode.,MoRTH,618092,Rajasthan,MoRTH,606.61,606.61,0.0,52.5,0.0,0.0,-52.5,0,0,40,0,10.0,1.08891,6.435564011335373,LOW,No major rule-based risk indicator detected
1903,Construction of Rewa Bypass to 4-lane with paved shoulder along with service road from Ratahara Chowk to Chorhata Chowk Road section of NH-30 from km 00.000 to 19.200 in the State of Madhya Pradesh on Hybrid Annuity Mode HAM.,MoRTH,617909,Madhya Pradesh,MoRTH,648.05,648.05,0.0,50.0,0.0,0.0,-50.0,0,0,40,0,10.0,0.97359705,6.389438837766647,LOW,No major rule-based risk indicator detected
1904,Widening to 2 Lane with Hard shoulder of Akegwo-Avangkhu section of NH-202K for Package-II Design Chainage 34795 Km to 69875 Km in the State of Nagaland on EPC mode under NHO-NE,NHIDCL,618366,Nagaland,NHIDCL,442.54,442.54,0.0,54.66,0.0,0.0,-54.66,0,0,40,0,10.0,0.9440262,6.377610474824905,LOW,No major rule-based risk indicator detected
1905,Widening to 2 lane with Paved shoulder of lmphal to Jiribam section of NH-37 from Design Ch. from km 169570 Near Nungkao vlllage under Tamenglong District to km 205974 near Jiribam Bridge under Jiribam district under NHO-NE PKG-7,NHIDCL,618333,Manipur,NHIDCL,760.16,760.16,414.38,90.52,0.0,6.0,-36.00779204378025,0,25,0,0,7.5,4.6166134,6.346645355224609,LOW,No major rule-based risk indicator detected
1906,"Construction of 2-Lane with paved shoulder of Shillong Western Bypass starting from NH-06 near Ladumsaw Existing km 60.900 of old NH-40 to NH106 old NH-44E, km 0000 to km 12800 Package-I under SARDP-NE PHASE A in the State of Meghalaya on EPC Mode Greenfield alignment",NHIDCL,618421,Meghalaya,NHIDCL,620.3,620.3,215.93,68.85,0.0,0.0,-34.03942447202966,0,0,40,0,10.0,0.84142584,6.336570352315903,LOW,No major rule-based risk indicator detected
1907,Widening to 2LPS from Km 71.00 to 104.00 Existing chainages Sarjapur to Pattadkallu on Bhanapur to Gaddanakeri section NH-367 in the State of Karnataka under NHO on EPC mode under Annual Plan 2022-23 NH-367-KNT-2022-23-972 dated 08.02.2023,MoRTH,618027,Karnataka,MoRTH,445.62,445.62,0.0,65.0,0.0,0.0,-65.0,0,0,40,0,10.0,0.8134663,6.3253865242004395,LOW,No major rule-based risk indicator detected
1908,"Construction for Mitigation Measures of 5 Nos. Landslides, 5 Nos. Sinking Zones in between Ch. 433.00 to 450.00 BANERPANI VILLAGE on NH-07 on EPC mode in the state of Uttarakhand Package-2",NHIDCL,618392,Uttarakhand,NHIDCL,259.64,259.64,0.0,59.75,0.0,0.0,-59.75,0,0,40,0,10.0,0.7910225,6.31640899181366,LOW,No major rule-based risk indicator detected
1909,Construction of Balance work for 2-lane with hard shoulder of Peren- Dimapur section on NH-129A from Design Km 126.775 to Km 146.208 Length 19.433 Km in the state of Nagaland on EPC mode under NHO-TSP Package-II,NHIDCL,618414,Nagaland,NHIDCL,258.52,258.52,60.72,96.53,0.0,0.0,-73.04245551601423,0,0,0,0,0.0,15.725665,6.290266036987305,LOW,No major rule-based risk indicator detected
1910,Capacity Augmentation of Kandla LPG Import Terminal [KLIT] from 0.6 MMTPA to 2.5 MMTPA,Ministry of Petroleum & Natural Gas,617839,Gujarat,Ministry of Petroleum & Natural Gas,356.86,304.4,72.32,66.0,-14.700442750658532,0.0,-42.241787122207626,0,0,40,0,10.0,0.67203027,6.268812119960785,LOW,No major rule-based risk indicator detected
1911,"Widening, Reconstruction & Up-gradation to 2 lane with Paved Shoulder/Four Lane configuration for the work of Ahmednagar to Sabalkhed & Ashti to Chinchpur Section of NH-561 from Design km 2915 to km 37728 & Design km 55100 to km 70000 in the State of Maharashtra on EPC mode. Length 49.713 km",MoRTH,618047,Maharashtra,MoRTH,657.16,657.16,0.0,72.2,0.0,0.0,-72.2,0,0,40,0,10.0,0.6206134,6.248245358467102,LOW,No major rule-based risk indicator detected
1912,"Rehabilitation, upgradation & widening of existing highway to 2L/4LPS Rigid Pavement of NH 160 section- Phaltan to Mhaishal near Karnataka Border including Tasgaon Bypass, from existing chainage Km 301/430 to Km 458/415 in the State of Maharashtra- Package-II & Package III combined- starting from existing chainage Km 341/300 to Km 394/130 and design chainage Km 340/250 at Dahiwadi Village to Km 392/950 ending at Vita Village in the State of Maharashtra on EPC Mode.",MoRTH,617978,Maharashtra,MoRTH,631.76,631.76,187.58,74.54,0.0,0.0,-44.848344941116885,0,0,40,0,10.0,0.5746461,6.229858443140984,LOW,No major rule-based risk indicator detected
1913,Pradhan Kuntha Jn Line Doubling Project,East Central Railway [ECR] - I,706837,Jharkhand,East Central Railway [ECR] - I,349.22,349.22,125.71,71.5,0.0,0.0,-35.5026344424718,0,0,40,0,10.0,0.5290382,6.211615279316902,LOW,No major rule-based risk indicator detected
1914,Improvement and Widening to 2-lane with paved shoulder of road from existing Km 438.170 Khowai Chowmuhani to existing Km 439.410 South Pulinpur of NH-08 and from design Km 0.000 South Pulinpur to design Km 36.00 near Rangamati of NH 208 on Khowai Teliamura- Harina section Total length 37.24 in the state of Tripura on EPC mode under JICA ODA Loan Phase VI Package-2,NHIDCL,618369,Tripura,NHIDCL,657.21,657.21,0.0,57.95,0.0,0.0,-57.95,0,0,40,0,10.0,0.482823,6.1931292116642,LOW,No major rule-based risk indicator detected
1915,Development/Widening of Talegaon Chakan Shikrapur Nhavara Section of NH-548D from existing chainage km. 54/000 to 82/300 and Design chainage Km. 54/000 to 82/120 Shikrapur to Nhavara Section to 2LPS/4L Configuration on EPC Mode in the State of Maharashtra.,MoRTH,618155,Maharashtra,MoRTH,396.17,396.17,85.57,70.8,0.0,0.0,-49.20068657394553,0,0,40,0,10.0,0.46875453,6.187501817941666,LOW,No major rule-based risk indicator detected
1916,"Construction of 2-Lane with paved shoulders of Shillong Western Bypass starting from NH-06 near Ladumsaw existing Km 60.900 of old NH40 to NH106 old NH 44E Package-III, from km 24700 to km 38256 under SARDP-NE PHASE A in the state of Meghalaya on EPC Mode Greenfield alignment",NHIDCL,618419,Meghalaya,NHIDCL,562.48,562.48,85.88,50.91,0.0,0.0,-35.641901578722795,0,0,40,0,10.0,0.45169502,6.180678009986877,LOW,No major rule-based risk indicator detected
1917,"Strengthening, Widening & Up-gradation of newly declared NH-761 from NH- 61Junction-BelheAlkutiDevibhoyareNighojShirur, from Design chainage Km 0.000 to Km 37.970 from Single/Intermediate/2L to 2LPS in the State of Maharashtra on EPC Mode Length 37.970 Km",MoRTH,618061,Maharashtra,MoRTH,386.16,386.16,30.86,56.86,0.0,0.0,-48.86849388854361,0,0,40,0,10.0,0.42225337,6.168901354074478,LOW,No major rule-based risk indicator detected
1918,Bulk Loading Hub- Kanpur,MinistryofPetroleumNaturalGas,619312,Uttar Pradesh,MinistryofPetroleumNaturalGas,186.0,186.0,92.47,54.0,0.0,0.0,-4.2849462365591435,0,0,40,0,10.0,0.3495854,6.13983416557312,LOW,No major rule-based risk indicator detected
1919,"Construction of 4-Lane Bridge including approaches over River Brahmaputra between Dhubri on North Bank,Assam and Phulbari on south Bank,Meghalaya on NH-127B under JICA ODA Loan assistance Phase-III",NHIDCL,618373,Assam,NHIDCL,4997.04,4997.04,2808.4,74.36,0.0,0.0,-18.158728847477704,0,0,40,0,10.0,0.28892046,6.115568183362484,LOW,No major rule-based risk indicator detected
1920,4L of left out existing road section from Lalgopalganj Km 161.450 to Nawabganj Km 180.200 in Prayagraj,National Highways Authority of India [NHAI],618755,"Multi-States
(Rajasthan, Uttar
Pradesh)",National Highways Authority of India [NHAI],159.53,100.74,72.27,100.0,-36.852002758101925,2.0,-28.26086956521739,0,25,0,0,7.5,3.9864092,6.094563722610474,LOW,No major rule-based risk indicator detected
1921,Widening/Improvement to 4 -Lane with Paved Shoulder from Ch. 88.000km to Ch.99.930 km Design Ch.84.100km to Ch.96.000 km of Sagunbashi forest near Nichinta to starting of Krishnai Bypass Section of Bilasipura Guwahati road NH 17 on EPC Package-7,NHIDCL,618285,Assam,NHIDCL,286.72,286.72,186.64,100.0,0.0,3.0,-34.905133928571445,0,25,0,0,7.5,3.9255579,6.0702232122421265,LOW,No major rule-based risk indicator detected
1922,Balance work of NH-66 from design Km 84/00 to Km 87/100 Indapur Bypass and Km 91/600 to Km 99/100 Mangaon Bypass to four lane with paved shoulder in State of Maharashtra under NHO on EPC Mode.,MoRTH,617945,Maharashtra,MoRTH,354.21,354.21,0.0,52.09,0.0,0.0,-52.09,0,0,40,0,10.0,0.1541115,6.0616446025669575,LOW,No major rule-based risk indicator detected
1923,Bangalore Chennai Expressway Phase-II Pkg-I from km.71.000 to Km 96.000 Bethamangala in the state of Karnataka to Byreddypalli,National Highways Authority of India [NHAI],619199,"Multi-States
(Andhra Pradesh,
Karnataka)",National Highways Authority of India [NHAI],1410.01,1410.01,241.41,98.47,0.0,-24.0,-81.34884483088773,0,0,0,0,0.0,15.00707,6.002828121185303,LOW,No major rule-based risk indicator detected
1924,HP TDAE Unit in Mumbai Refinery,Hindustan Petroleum Corporation Limited,709760,Maharashtra,Hindustan Petroleum Corporation Limited,240.0,240.0,151.04,85.0,0.0,2.0,-22.06666666666667,0,25,0,0,7.5,3.4958222,5.898328900337219,LOW,No major rule-based risk indicator detected
1925,Balance works of 4 lane divided carriageway of Missing Link section of NH-39 Rewa Bypass from junction with NH 30 near Bela to Junction with MPRDC ring road near Silpara on SH 9 design length 13.100 km on EPC Mode under Bharatmala Pariyojana in the State of Madhya Pradesh,NHAI,618784,Madhya Pradesh,NHAI,355.36,355.36,208.94,84.44,0.0,6.0,-25.64328680774426,0,25,0,0,7.5,3.1177452,5.747098088264465,LOW,No major rule-based risk indicator detected
1926,Widening/Improvement to 4-Lane with Paved Shoulder from KM 38500 to Km 51246 Design Chainage 38500 to 50959 with proposed Daboka Bypass of Daboka- Parokhaowa of NH 29 on EPC under NHO-NE Package-1,NHIDCL,618326,Assam,NHIDCL,516.88,516.88,0.0,97.96,0.0,6.0,-97.96,0,25,0,0,7.5,3.0460608,5.718424320220947,LOW,No major rule-based risk indicator detected
1927,Bangalore-Whitefield-Bangalore City-Krishnarajapuram [23.08 km] - Quadrupling,South Western Railway [SWR] - II,705663,Karnataka,South Western Railway [SWR] - II,493.0,493.0,318.39,85.5,0.0,0.0,-20.91784989858013,0,0,0,0,0.0,13.580296,5.4321184158325195,LOW,No major rule-based risk indicator detected
1928,Up-gradation to 2 lane with paved shoutders of Pawlrang - Rulchawm section- of NH- 102B of Aizawl - Imphal Economic Corridor from Existing Chainage km 72.030 to km 104.129 including 2.459 km re-alignment section from Tuivai River to Rulchawm connecting km 48.150 of NH-6 [Design Chainage km 68.170 to km 98.579] in the State of Mizoram under Bharatmala Pariyojna on EPC mode under NHO-NE Package-3 Keifang- Tuivai Pkg-3,NHIDCL,619010,Mizoram,NHIDCL,500.88,500.88,305.45,75.35,0.0,2.0,-14.367329500079848,0,25,0,0,7.5,2.2395115,5.395804584026337,LOW,No major rule-based risk indicator detected
1929,Construction of Six lane Elevated Corridor from Km. 508.000 to Km. 513.150 including approaches on NH-66,MoRTH,617942,Goa,MoRTH,641.46,641.46,0.0,90.59,0.0,6.0,-90.59,0,25,0,0,7.5,2.1755776,5.370231091976166,LOW,No major rule-based risk indicator detected
1930,"CUF POL Depot at Sadashibpur [Meramundali], Odisha",MinistryofPetroleumNaturalGas,709800,Odisha,MinistryofPetroleumNaturalGas,393.54,393.54,218.63,80.9,0.0,3.0,-25.34529145703106,0,25,0,0,7.5,1.9055301,5.262212038040161,LOW,No major rule-based risk indicator detected
1931,Construction of New Passenger Terminal Building for Domestic Operations at Jodhpur Airport.,701127,N04000101,Rajasthan,Airport Authority of India [AAI],480.0,480.0,339.96,97.35,0.0,1.0,-26.52500000000001,0,25,0,0,7.5,1.7888412,5.215536534786224,LOW,No major rule-based risk indicator detected
1932,Dornala to Kunta Junction from Design Chainage Km 244000 to 267990 section of NH-765 Package-2,MoRTH,618062,Andhra Pradesh,MoRTH,244.83,244.83,0.0,99.64,0.0,4.0,-99.64,0,25,0,0,7.5,1.3147576,5.025903046131134,LOW,No major rule-based risk indicator detected
1933,Construction of Permanent Campus of National Institute of Technology Arunachal Pradesh,"National Institute of Technology, Arunachal Pradesh",612898,Arunachal Pradesh,"National Institute of Technology, Arunachal Pradesh",592.61,592.61,551.3,80.0,0.0,-24.0,13.029142268945847,0,0,0,40,6.0,3.500473,5.000189280509948,LOW,No major rule-based risk indicator detected
1934,Construction of 2-laning with Hard shoulder of Ukhrul Tolloi - Tadubi section of NH- 102A from Design Chainage km 9450 to km 50850 in the State of Manipur on EPC mode under NHO-NE Package-2,NHIDCL,618387,Manipur,NHIDCL,578.98,578.98,249.29,79.5,0.0,1.0,-36.44324501709904,0,25,0,0,7.5,1.1319878,4.952795118093491,LOW,No major rule-based risk indicator detected
1935,Construction of New Domestic Terminal Building and Miscellaneous Works at Belagavi Airport.,612788,N04000105,Karnataka,Airport Authority of India [AAI],322.45,322.45,204.5,87.0,0.0,4.0,-23.579314622422075,0,25,0,0,7.5,1.108622,4.943448781967163,LOW,No major rule-based risk indicator detected
1936,Construction of New Domestic Terminal Building and Miscellaneous works at Hubli Airport,612787,N04000108,Karnataka,Airport Authority of India [AAI],320.47,320.47,148.68,77.0,0.0,5.0,-30.605641713732957,0,25,0,0,7.5,0.97267854,4.889071434736252,LOW,No major rule-based risk indicator detected
1937,Wideinig & Upgradation to 2-lanes with paved shoulders road from Tamenglong to Mahur NH-137 in the State of Assam starting from km 96.870 near Jiri River to km 116.550 near Hangrum Package-7 on EPC mode Package7,NHIDCL,618354,Assam,NHIDCL,846.82,846.82,0.0,85.29,0.0,3.0,-85.29,0,25,0,0,7.5,0.9603845,4.884153813123703,LOW,No major rule-based risk indicator detected
1938,Rehabilitation and Up-gradation to 2 lane road with paved shoulders configuration for the balance work of 13 km length on Helwak-Patan-Karad section Km. 85000 to 133 417 of NH-166E in the state of Maharashtra on EPC mode.,MoRTH,618096,Maharashtra,MoRTH,181.45,181.45,0.0,87.0,0.0,3.0,-87.0,0,25,0,0,7.5,0.82631993,4.830527991056442,LOW,No major rule-based risk indicator detected
1939,"Construction of six lane Flyover at Katraj junction at Km, 3/880 of NH 548-DD Vadgaon - Katraj - Kondhwa - Mantarwadi Chowk - Loni Kalbhor - Theur Phata - Lonikand Road in Pune Dist of the State of Maharashtra. On Engineering Procurement and construction EPC Basis mode L.1.326 Km,",MoRTH,619042,Maharashtra,MoRTH,163.51,163.51,0.0,80.57,0.0,-36.0,-80.57,0,0,0,0,0.0,11.946148,4.778459072113037,LOW,No major rule-based risk indicator detected
1940,Laying of POL Pipelines in Common Corridor for proposed grass root terminal at Vallur [Chennai],Ministry of Petroleum & Natural Gas,400043,Tamil Nadu,Ministry of Petroleum & Natural Gas,829.0,829.0,350.21,76.2,0.0,0.0,-33.955126658624856,0,0,0,0,0.0,10.089151,4.035660743713379,LOW,No major rule-based risk indicator detected
1941,Up-gradation to four lane/ Two lane with paved shoulders configuration of Kalyan - Murbad - Malshej Ghat - Nirmal Road NH- 61 km 15/200 to Km 38/00 and from Km. 58/00 to Km 84/00 Design length 48.58 km of NH-61 on EPC Mode in Thane District in the state of Maharashtra,MoRTH,617933,Maharashtra,MoRTH,984.07,984.07,0.0,100.0,0.0,0.0,-100.0,0,0,0,0,0.0,8.949743,3.579897403717041,LOW,No major rule-based risk indicator detected
1942,widening to two lane with Paved shoulders from Km.0/970 to Km.40/410 of Jangaon - Thirumal giriof NH- 365B in the state of Telanganaon EPC mode under NHO Annual Plan 2016-17,MoRTH,618143,Telangana,MoRTH,197.0,197.0,0.0,92.74,0.0,0.0,-92.74,0,0,0,0,0.0,8.382582,3.3530328273773193,LOW,No major rule-based risk indicator detected
1943,6L Flyover including RE Wall approaches with Flexible Pavement in the Elephant Corridor of Angul Sambalpur Section of NH-42 New NH-55 Km.202.533,National Highways Authority of India [NHAI],618704,Odisha,National Highways Authority of India [NHAI],150.86,106.32,102.13,99.98,-29.524062044279475,-7.0,-3.9209330323551512,0,0,0,0,0.0,7.988053,3.195221185684204,LOW,No major rule-based risk indicator detected
1944,"Rehabilitation and Up-gradation to 2LPS from Km. 0.000 to Km. 7.800 and Km. 35.400 to Km. 52.345 Design length 24.745 Km., except Bihar portion of NH-727B Tamkuhiraj to Bihar Border and Bihar Border to Majhauli on EPC mode in the State of Uttar Pradesh",MoRTH,618263,Uttar Pradesh,MoRTH,701.02,701.02,0.0,81.18,0.0,0.0,-81.18,0,0,0,0,0.0,5.712744,2.28509783744812,LOW,No major rule-based risk indicator detected
1945,4-Laning of Dhanehari Lailapur / Vairengte section from Existing Chainage km 12920 to km 43000 of NH 306 Design Chainage km 20000 to km 49360 on Silchar - Vairengte Sairang road in the State of Assam under Bharatmala Pariyojna on EPC mode. Project Length 29.360 km under NHO-NE Package-2,NHIDCL,618314,Assam,NHIDCL,1716.21,1716.21,918.32,79.34,0.0,0.0,-25.83139674049213,0,0,0,0,0.0,5.6958046,2.2783219814300537,LOW,No major rule-based risk indicator detected
1946,"Grass-root Terminal at Mirzapur, Uttar Pradesh",Ministry of Petroleum & Natural Gas,604852,Uttar Pradesh,Ministry of Petroleum & Natural Gas,980.45,980.45,293.88,75.0,0.0,0.0,-45.02600846550054,0,0,0,0,0.0,5.626712,2.2506847381591797,LOW,No major rule-based risk indicator detected
1947,"Construction of Kasrawad bypass, Selani bypass, Khargone bypass & Bistan bypass Total length. 31.950 km Section of NH-347 C to Two lane with paved shoulder configuration in the State of Madhya Pradesh on EPC mode.",MoRTH,618129,Madhya Pradesh,MoRTH,467.93,467.93,0.0,86.03,0.0,0.0,-86.03,0,0,0,0,0.0,5.227413,2.0909652709960938,LOW,No major rule-based risk indicator detected
1948,Allahabad-Bamhrauli Flyover Construction & 4th Railway Line Project,North Central Railway,705771,Uttar Pradesh,North Central Railway,494.0,494.0,397.57,78.0,0.0,0.0,2.479757085020239,0,0,0,0,0.0,4.993281,1.9973124265670776,LOW,No major rule-based risk indicator detected
1949,POL & LOBS Installations with Receipt Pipelines at Rasayani,Bharat Petroleum Corporation Limited [BPCL],709797,Maharashtra,Bharat Petroleum Corporation Limited [BPCL],2585.0,2585.0,1288.41,80.6,0.0,0.0,-30.758220502901345,0,0,0,0,0.0,4.851845,1.9407379627227783,LOW,No major rule-based risk indicator detected
1950,Widening to 2 Lane with Hard shoulder of Akegwo-Avangkhu section of NH-202K for Package-III Design Chainage 69875 Km to 106816 Km in the State of Nagaland on EPC mode under NHO-NE,NHIDCL,618365,Nagaland,NHIDCL,497.18,497.18,0.0,85.67,0.0,0.0,-85.67,0,0,0,0,0.0,4.0254583,1.6101833581924438,LOW,No major rule-based risk indicator detected
1951,Proposed 6 nos Road Over Bridge [ROB] at different locations under MCL Talcher Under Deposit Scheme.,East Coast Railway [ECoR] - II,400045,Odisha,East Coast Railway [ECoR] - II,168.32,168.32,69.85,82.0,0.0,-2.0,-40.50166349809886,0,0,0,0,0.0,3.518402,1.4073609113693237,LOW,No major rule-based risk indicator detected
1952,"Widening/Improvement to 4-Lane with Paved Shoulder configuration of existing single lane road from Srirampur near Bhairiguri Village to Kachukhana Harichara Paglagaunj Package-I of Srirampur - Dhubri Section of NH-127B from existing Km 0.000 to Km 28.050 Design Km 0.000 to Km 27.650, Design Length27.650 Km under JICA ODA Loan assistance Phase-V -Balance work",NHIDCL,618371,Assam,NHIDCL,613.89,613.89,260.02,78.09,0.0,0.0,-35.733877567642416,0,0,0,0,0.0,3.3446844,1.3378738164901733,LOW,No major rule-based risk indicator detected
1953,Kurnool/Kadapa Border-Jammalamadugu section of NH-167K i.e. Design Ch. Km 248010 to km 269900 to 2,MoRTH,617986,Andhra Pradesh,MoRTH,292.63,292.63,0.0,82.57,0.0,0.0,-82.57,0,0,0,0,0.0,2.843637,1.137454867362976,LOW,No major rule-based risk indicator detected
1954,Widening/Improvement to 4-Lane with paved shoulder from Km 99930 to Km 143680 Design Chainage 96000 to 139750 of Paikan to Dhupdhara Sahar of Bilasipura- Guwahati Road on NH-17 in the state of Assam on EPC mode under Bharatmala Pariyojana in Economic Corridors Project Length 43.750km under NHO-NE Package- 8,NHIDCL,618284,Assam,NHIDCL,1457.59,1457.59,793.68,79.46,0.0,0.0,-25.008473850671308,0,0,0,0,0.0,2.3840194,0.9536077380180359,LOW,No major rule-based risk indicator detected
1955,"Construction of LPG Facilities at Kamardanga, Assam",Hindustan Petroleum Corporation Limited,709754,Assam,Hindustan Petroleum Corporation Limited,156.36,156.36,102.07,75.5,0.0,0.0,-10.221156305960603,0,0,0,0,0.0,2.3091846,0.9236738085746765,LOW,No major rule-based risk indicator detected
1956,Tadipatri Bypass Km 0000 to Km 6285 of 4-Lane on NH-67 in Anantapuramu district of AP state under NHO on EPC Mode under Annual Plan 2022-23,MoRTH,617949,Andhra Pradesh,MoRTH,159.66,159.66,59.26,100.0,0.0,0.0,-62.88362770888137,0,0,0,0,0.0,2.2905192,0.9162077307701111,LOW,No major rule-based risk indicator detected
1957,Work of development and construction of elevated corridorfrom km 38/660 to km 42/690 Iscon junction to start point of approach of sanand flyover of NH-147 in the sate of Gujarat,MoRTH,617976,Gujarat,MoRTH,530.2,530.2,58.29,80.0,0.0,0.0,-69.00603545831761,0,0,0,0,0.0,2.2893755,0.9157502055168152,LOW,No major rule-based risk indicator detected
1958,"Widening to 2 Lane with Hard shoulder of Akegwo-Avangkhu section of NH-202K for Package-I Design Chainage 0000 Km to 34795 Km, in the State of Nagaland on EPC mode under NH O-NE",NHIDCL,618364,Nagaland,NHIDCL,430.24,430.24,0.0,87.0,0.0,0.0,-87.0,0,0,0,0,0.0,2.2536545,0.9014617800712585,LOW,No major rule-based risk indicator detected
1959,2L PS of Roshni to Ashapur Section of NH-347B from Design KM Ch. 89.900 to 114.000 KM Package III of Betul Khandwa,National Highways Authority of India [NHAI],618655,Madhya Pradesh,National Highways Authority of India [NHAI],200.99,120.75,109.85,85.42,-39.92238419821882,0.0,5.55308488612836,0,0,0,0,0.0,2.238455,0.8953820466995239,LOW,No major rule-based risk indicator detected
1960,Widening to 2 lane with paved shoulders from 0.00 to 32.970 ofAdilabadto Bela section of NH 353B in the State of Telangana,MoRTH,618130,Telangana,MoRTH,490.92,490.92,0.0,75.38,0.0,0.0,-75.38,0,0,0,0,0.0,2.0819957,0.8327983021736145,LOW,No major rule-based risk indicator detected
1961,Construction of Four lane Elevated Structure at Raniwada Circle in Sanchore City on NH-68,National Highways Authority of India [NHAI],618853,Rajasthan,National Highways Authority of India [NHAI],353.3,241.34,174.42,80.94,-31.689782054910843,0.0,-8.668515786856716,0,0,0,0,0.0,1.9755404,0.7902161478996277,LOW,No major rule-based risk indicator detected
1962,Rehabilitation / Upgradation to 4 Lane with Paved shoulder of Existing Section in Sillod Town with Design Ch. Km54500 to Km 60679 [Length6.179 km] section of NH 753F Aurangabad-Jalgaon road on EPC Mode in the State of Maharashtra,MoRTH,618181,Maharashtra,MoRTH,153.79,153.79,0.0,98.0,0.0,-4.0,-98.0,0,0,0,0,0.0,1.7200464,0.6880185604095459,LOW,No major rule-based risk indicator detected
1963,"Petrochemical evacuation marketing terminal at Barmer, Rajasthan",Hindustan Petroleum Corporation Limited [HPCL],709759,Rajasthan,Hindustan Petroleum Corporation Limited [HPCL],461.05,461.05,225.25,89.8,0.0,0.0,-40.94412753497451,0,0,0,0,0.0,1.5175295,0.6070117950439453,LOW,No major rule-based risk indicator detected
1964,Improvement and strengthening of existing 2 lane stretch to 2-Lane with PS 1.5m on both sides on Ghoti-Sinnar section of NH-160A using Thin White Topping 200mm thick in the State Of Maharashtra on EPC Mode,National Highways Authority of India [NHAI],618586,Maharashtra,National Highways Authority of India [NHAI],254.78,147.64,99.89,76.0,-42.05196640238638,0.0,-8.342183690056885,0,0,0,0,0.0,1.4334106,0.5733642578125,LOW,No major rule-based risk indicator detected
1965,Widening/Improvement to 4-Lane with Paved Shoulder from km 55000 Nagabang Gamsuk to km 82514 Oyan in the State of Assam and Arunachal Pradesh on EPC mode under Bharatmala Pariyojna of Length 27.514 Km Package-3,NHIDCL,618359,"Multi-States
(Arunachal
Pradesh, Assam)",NHIDCL,665.47,665.47,295.3,96.7,0.0,0.0,-52.32534749876028,0,0,0,0,0.0,1.189024,0.47560960054397583,LOW,No major rule-based risk indicator detected
1966,"Setting up of new rail fed POL facility at Kamardanga, Assam",Hindustan Petroleum Corporation Limited [HPCL],709755,Assam,Hindustan Petroleum Corporation Limited [HPCL],384.04,384.04,216.85,82.4,0.0,0.0,-25.934527653369457,0,0,0,0,0.0,1.123258,0.44930320978164673,LOW,No major rule-based risk indicator detected
1967,"Rehabilitation & up-gradation for Talere Gaganbawada - kolhapur Road NH 166G stretch start from km. 0/00 to Km. 06/00 and km. 13/00 to km 19/440 of NH-166G, length 12.440 km in the State of Maharashtra.",MoRTH,618099,Maharashtra,MoRTH,164.13,164.13,98.68,100.0,0.0,0.0,-39.87692682629622,0,0,0,0,0.0,0.8174593,0.3269837200641632,LOW,No major rule-based risk indicator detected
1968,Rehabilitation and Upgradation of Shewali phata to Kalambhir section i.e. Km 0443 to Km 4500 & Nizampur to Chadwel section i.e. Km 13485 to Km 26265 Length16.317 Km excluding 2 Major Bridges with approaches Km 13735 to Km 14095 & Km 19660 to Km 20030 of NH 753B to 2LPS Configuration in the State of Maharashtra on EPC Mode.,MoRTH,618179,Maharashtra,MoRTH,181.58,181.58,0.0,93.01,0.0,0.0,-93.01,0,0,0,0,0.0,0.7106101,0.28424403071403503,LOW,No major rule-based risk indicator detected
1969,Up-gradation to 2/4 lane with paved shoulder configuration of NH-652 from Tuljapur Naldurg-Akkalkot road Chainage from Km. 00.000 to km 30.982 in the State of Maharashtra on EPC mode.,MoRTH,618049,Maharashtra,MoRTH,183.41,183.41,64.87,95.0,0.0,0.0,-59.63115424458862,0,0,0,0,0.0,0.5869093,0.2347637265920639,LOW,No major rule-based risk indicator detected
1970,Rehabilitation and Upgradation to two lane with paved shoulder configuration of NH- 752G from Sakri to Pimpalner Section Design Ch km 0000 to Ch km 21411 in the state of Maharashtra on EPC Mode. Length 21.411 km.,MoRTH,618174,Maharashtra,MoRTH,226.58,226.58,0.0,100.0,0.0,0.0,-100.0,0,0,0,0,0.0,0.58479255,0.2339170277118683,LOW,No major rule-based risk indicator detected
