Sl.No,project_name,agency,State,approval_date,start_date,original_doc,revised_doc,original_cost,revised_cost,expenditure,physical_progress,project_code,legacy_ocms_code,pmgid,cost_overrun_amount,cost_overrun_percent,expenditure_percent,remaining_cost,expenditure_progress_gap,planned_duration_months,approval_to_start_months,project_age_months,schedule_change_months,time_overrun_flag,cost_overrun_flag,project_size_category,low_progress_flag,spending_ahead_of_progress,expenditure_exceeds_revised_cost,extreme_cost_overrun,cost_risk,schedule_risk,progress_risk,financial_risk,risk_score,risk_level,intervention_priority
754,Madurai- Tuticorin New Line,Ministry of Railways,Tamil Nadu,2011-04-01,2016-09-01,2021-07-01,2027-12-01,601.43,2084.48,641.26,0.0,Ministry of Railways,705489,-,1483.0500000000002,246.5873002676954,30.76354774332207,1443.22,30.76354774332207,58.0,65.0,115.0,77.0,1,1,Medium,1,1,0,1,100,100,100,75,96.25,CRITICAL,1
547,Araria Supaul New BG Line,East Central Railway [ECR] - I,Bihar,2018-06-01,2009-03-01,2024-03-01,2027-01-01,1605.0,2514.0,1711.89,46.7,East Central Railway [ECR] - I,705368,N22000177,909.0,56.63551401869159,68.09427207637232,802.1099999999999,21.394272076372317,180.0,-111.0,205.0,34.0,1,1,Large,0,1,0,0,100,100,75,75,90.0,CRITICAL,2
588,Miyagam-Karjan-Dabhoi-Samlaya [GC],Western Railway [WR] - II,Gujarat,2017-01-01,2017-01-01,2021-03-01,2026-12-01,483.88,1039.13,716.47,45.0,Western Railway [WR] - II,705458,N22000142,555.2500000000001,114.7495246755394,68.94902466486387,322.6600000000001,23.94902466486387,50.0,0.0,111.0,69.0,1,1,Small,0,1,0,1,100,100,75,75,90.0,CRITICAL,2
641,Solapur-tuljapur-Osmanabad,Central Railway,Maharashtra,2018-08-01,2023-12-01,2027-03-01,2028-03-01,904.92,3295.74,1216.56,12.0,Central Railway,705735,N22000513,2390.8199999999997,264.20236042965126,36.913106009576,2079.18,24.913106009576,39.0,64.0,28.0,12.0,1,1,Medium,1,1,0,1,100,50,100,75,81.25,CRITICAL,4
1964,Lower Pedhi Project,Department of water resources-MH - II,Maharashtra,2008-04-01,2008-04-01,2019-12-01,2026-06-01,255.97,1480.7,1516.11,65.0,Department of water resources-MH - II,701396,-,1224.73,478.4662265109192,102.39143648274464,-35.409999999999854,37.39143648274465,140.0,0.0,216.0,78.0,1,1,Small,0,1,1,1,100,100,40,75,81.25,CRITICAL,4
1969,Integrated Anandpur Barrage Project,Water Resources-OR,Odisha,1997-04-01,1998-01-01,2019-12-01,2026-06-01,567.03,2990.05,2776.23,62.85,Water Resources-OR,603945,-,2423.0200000000004,427.3177786007796,92.84894901423051,213.82000000000016,29.99894901423053,263.0,9.0,339.0,78.0,1,1,Medium,0,1,0,1,100,100,40,75,81.25,CRITICAL,4
1962,Gosikhurd Project,Department of water resources-MH - II,Maharashtra,2008-04-01,2008-04-01,2019-12-01,2028-06-01,7196.47,12770.1,14339.36,72.65,Department of water resources-MH - II,701386,-,5573.63,77.44949954630535,112.28854903250564,-1569.2600000000002,39.63854903250562,140.0,0.0,216.0,102.0,1,1,Mega,0,1,1,0,100,100,40,75,81.25,CRITICAL,4
696,Trivandrum- Kanyakumari,Southern Railway [SR] - I,"Multi-States
(Kerala, Tamil
Nadu)",2017-08-01,2016-03-01,2025-03-01,2028-06-01,1432.0,3785.45,2909.77,56.0,Southern Railway [SR] - I,705635,N22000399,2353.45,164.34706703910612,76.8672152584237,875.6799999999998,20.8672152584237,108.0,-17.0,121.0,39.0,1,1,Large,0,1,0,1,100,100,40,75,81.25,CRITICAL,4
476,ALL India Institute of Medical Sciences-AIIMS Madurai,PMSSY AND Institute of NATIONAL Importance,Tamil Nadu,2018-12-01,2018-12-01,2022-08-01,2026-10-01,1264.0,2021.51,485.02,48.0,PMSSY AND Institute of NATIONAL Importance,701168,-,757.51,59.929588607594944,23.992955760792675,1536.49,-24.007044239207325,44.0,0.0,88.0,50.0,1,1,Large,0,0,0,0,100,100,75,0,78.75,CRITICAL,9
1946,Kelo Irrigation Project,Water Resources-CT,Chhattisgarh,2008-04-01,2008-04-01,2019-12-01,2026-06-01,459.97,727.04,618.85,72.0,Water Resources-CT,400111,-,267.06999999999994,58.06248233580449,85.11911311619718,108.18999999999994,13.119113116197184,140.0,0.0,216.0,78.0,1,1,Small,0,0,0,0,100,100,40,40,76.0,CRITICAL,10
169,Sunni Dam Hydro Electric Project [382 MW],Satluj Jal Vidyut Nigam [SJVN] Thermal Limited,Himachal Pradesh,2023-01-01,2023-01-01,2028-04-01,2029-12-01,2614.51,4925.87,1083.85,33.98,Satluj Jal Vidyut Nigam [SJVN] Thermal Limited,611586,N18000344,2311.3599999999997,88.40509311496226,22.003219735803015,3842.02,-11.976780264196982,63.0,0.0,39.0,20.0,1,1,Large,0,0,0,0,100,75,75,0,71.25,CRITICAL,11
1967,North Koel Reservoir Project,"Department of Water Resources, River Development & GR","Multi-States
(Bihar, Jharkhand)",2017-08-01,2021-01-01,2021-03-01,2026-03-01,1622.27,2430.76,172.97,38.0,"Department of Water Resources, River Development & GR",701412,-,808.4900000000002,49.83695685675013,7.115881452714377,2257.7900000000004,-30.884118547285624,2.0,41.0,63.0,60.0,1,1,Large,0,0,0,0,75,100,75,0,71.25,CRITICAL,11
1971,Kanupur Irrigation Project,Irrigation and CAD-TG,Odisha,2003-04-01,2004-01-01,2019-12-01,2026-06-01,989.43,2301.28,2804.16,79.5,Irrigation and CAD-TG,701404,-,1311.8500000000004,132.5864386566003,121.8521866091914,-502.87999999999965,42.35218660919139,191.0,9.0,267.0,78.0,1,1,Medium,0,1,1,1,100,100,0,75,71.25,CRITICAL,11
1497,Vadodara Mumbai Expressway Talsari to Karvad Phase IB - Pkg X [Km 103.400 to Km 128.000],National Highways Authority of India [NHAI],"Multi-States
(Dadra & Nagar
Haveli and Daman
& Diu, Gujarat,
Maharashtra)",2020-10-01,2022-03-01,2024-03-01,2026-11-01,1909.74,2652.24,671.46,36.23,National Highways Authority of India [NHAI],619064,N24001786,742.4999999999998,38.87963806591472,25.31671341960004,1980.7799999999995,-10.91328658039996,24.0,17.0,49.0,32.0,1,1,Large,0,0,0,0,75,100,75,0,71.25,CRITICAL,11
261,Green Building Development Project,ministry of housing and urban affairs,Uttarakhand,2019-11-01,2019-08-01,2023-11-01,2026-12-01,150.97,206.0,54.01,40.0,ministry of housing and urban affairs,701766,-,55.03,36.45095051997085,26.218446601941743,151.99,-13.781553398058254,51.0,-3.0,80.0,37.0,1,1,Small,0,0,0,0,75,100,75,0,71.25,CRITICAL,11
1980,Madhya Ganga canal Phase-II,Irrigation & Water Resources-UP,Uttar Pradesh,2008-04-01,2008-04-01,2019-12-01,2025-12-01,1060.67,4417.21,4575.74,82.39,Irrigation & Water Resources-UP,701408,-,3356.54,316.45469373132073,103.58891698606134,-158.52999999999977,21.198916986061334,140.0,0.0,216.0,72.0,1,1,Large,0,1,1,1,100,100,0,75,71.25,CRITICAL,11
1551,"Construction of 2-lane with Paved shoulder of Kohima-Bypass Road connecting NH- 39 New NH-02, NH150New NH-02, NH7-61 New NH-29 and NH-39 New NH-02 from Design km 21.000 to km 32.268 [Design length11.268 km] in the state of Nagaland Under SARDP-NE on EPC Mode Package- 3",NHIDCL,Nagaland,2020-07-01,2023-06-01,2025-06-01,2026-12-01,159.85,342.29,84.22,37.38,NHIDCL,618291,N24001257,182.44000000000003,114.13199874882704,24.604867217856203,258.07000000000005,-12.7751327821438,24.0,35.0,34.0,18.0,1,1,Small,0,0,0,1,100,75,75,0,71.25,CRITICAL,11
512,"New Sinter Plant at BSL, SAIL",Steel Authority of India Limited [SAIL],Jharkhand,2015-03-01,2015-10-01,2017-10-01,2027-06-01,1034.01,1752.3,980.24,59.78,Steel Authority of India Limited [SAIL],400174,N12000095,718.29,69.4664461658978,55.94019288934543,772.06,-3.8398071106545686,24.0,7.0,126.0,116.0,1,1,Large,0,0,0,0,100,100,40,0,70.0,CRITICAL,18
473,Establishment of new GMC Kapurthala,"Medical Education, Ministry of Health and Family Welfare",Punjab,2019-11-01,2027-07-01,2028-12-01,,325.0,550.0,0.0,0.0,"Medical Education, Ministry of Health and Family Welfare",707069,-,225.0,69.23076923076923,0.0,550.0,0.0,17.0,92.0,-15.0,,0,1,Small,1,0,0,0,100,50,100,0,70.0,CRITICAL,18
441,CBR 9 MMTPA Project,Chennai Petroleum Corporation Limited [CPCL],Tamil Nadu,2021-09-01,2021-09-01,2025-06-01,2028-10-01,31580.0,36354.0,1570.83,10.2,Chennai Petroleum Corporation Limited [CPCL],604795,N16000434,4774.0,15.117162761241293,4.320927545799637,34783.17,-5.8790724542003625,45.0,0.0,55.0,40.0,1,1,Mega,1,0,0,0,50,100,100,0,70.0,CRITICAL,18
767,Janghai-Pratapgarh- Amethi,CAO/C/II/NR,Uttar Pradesh,2017-11-01,2017-03-01,2025-03-01,2026-03-01,722.0,1194.0,1691.52,70.0,CAO/C/II/NR,705588,N22000583,472.0,65.37396121883657,141.66834170854273,-497.52,71.66834170854273,96.0,-8.0,109.0,12.0,1,1,Medium,0,1,1,0,100,50,40,100,70.0,CRITICAL,18
646,Jiribam-Imphal new line project,Northeast Frontier Railway [NFR],Manipur,2013-03-01,2007-12-01,2026-12-01,2029-06-01,14323.0,21885.9,16020.78,72.1,Northeast Frontier Railway [NFR],705391,220100288,7562.9000000000015,52.80248551281157,73.2013762285307,5865.120000000001,1.101376228530711,228.0,-63.0,220.0,30.0,1,1,Mega,0,0,0,0,100,100,40,0,70.0,CRITICAL,18
1631,4L of Amritsar-Ghoman - Tanda - Una Section from Km 8.270 to Km 54.000 of NH- 503A Package-I,National Highways Authority of India [NHAI],Punjab,2020-12-01,2022-06-01,2024-06-01,2026-12-01,857.91,1443.47,517.34,67.1,National Highways Authority of India [NHAI],618906,N24001643,585.5600000000001,68.25424578335723,35.84002438568173,926.13,-31.259975614318265,24.0,18.0,46.0,30.0,1,1,Medium,0,0,0,0,100,100,40,0,70.0,CRITICAL,18
545,Khagaria-Kusheshwar Asthan [42Km] new line project,East Central Railway [ECR] - I,Bihar,2019-04-01,1998-12-01,2024-12-01,2027-03-01,614.0,1384.16,491.2,55.7,East Central Railway [ECR] - I,705364,220100257,770.1600000000001,125.43322475570034,35.487226910183786,892.96,-20.212773089816217,312.0,-244.0,328.0,27.0,1,1,Medium,0,0,0,1,100,100,40,0,70.0,CRITICAL,18
1965,Nardave Medium Irrigation Project,Department of water resources-MH - II,Maharashtra,2009-04-01,2009-04-01,2019-12-01,2026-06-01,211.46,781.85,626.06,72.59,Department of water resources-MH - II,701398,-,570.39,269.7389577225007,80.07418302743491,155.79000000000008,7.484183027434909,128.0,0.0,204.0,78.0,1,1,Small,0,0,0,1,100,100,40,0,70.0,CRITICAL,18
987,4L of Siwan- Masrakh section of Ram Janki Marg from Km 230.385 to Km 281.391 of NH-227A,National Highways Authority of India [NHAI],Bihar,2022-08-01,2024-11-01,2026-11-01,2028-11-01,1431.36,1927.04,190.58,10.07,National Highways Authority of India [NHAI],618926,-,495.68000000000006,34.63000223563604,9.889779143141814,1736.46,-0.1802208568581864,24.0,27.0,17.0,24.0,1,1,Large,1,0,0,0,75,75,100,0,70.0,CRITICAL,18
782,Joka-BBD Bag new metro project,RVNL - II,West Bengal,2010-03-01,2010-04-01,2026-12-01,2029-12-01,4835.0,10362.0,4932.47,51.0,RVNL - II,705730,N22000111,5527.0,114.31230610134438,47.60152480216175,5429.53,-3.398475197838252,200.0,1.0,192.0,36.0,1,1,Large,0,0,0,1,100,100,40,0,70.0,CRITICAL,18
956,Balance work - WB-10 Gandak Bridge Km 402.00 to Km 440.00 Devanpur - Kotwa,National Highways Authority of India [NHAI],Bihar,2021-11-01,2022-07-01,2024-01-01,2026-12-01,210.05,358.3,116.29,64.05,National Highways Authority of India [NHAI],618569,N24002063,148.25,70.57843370626041,32.45604242255094,242.01,-31.59395757744906,18.0,8.0,45.0,35.0,1,1,Small,0,0,0,0,100,100,40,0,70.0,CRITICAL,18
1950,"Subernarekha Multipurpose Project, Jharkhand",Department of Water Resources-JH,Jharkhand,2011-04-01,2012-01-01,2019-12-01,2026-03-01,3807.77,9579.58,5999.8,70.0,Department of Water Resources-JH,701376,-,5771.8099999999995,151.57979604860589,62.63113831712873,3579.7799999999997,-7.36886168287127,95.0,9.0,171.0,75.0,1,1,Large,0,0,0,1,100,100,40,0,70.0,CRITICAL,18
784,Baranagar-Barrackpore and Dakshineshwar- Construction of Metro Railway,RVNL - II,West Bengal,2010-03-01,2010-03-01,2026-12-01,2030-12-01,2298.0,2734.0,393.02,17.0,RVNL - II,706777,N22000109,436.0,18.97302001740644,14.375274323335772,2340.98,-2.6247256766642284,201.0,0.0,193.0,48.0,1,1,Large,1,0,0,0,50,100,100,0,70.0,CRITICAL,18
168,Luhri Stage-I Hydro Electric Project [210 MW],Satluj Jal Vidyut Nigam [SJVN] Thermal Limited,Himachal Pradesh,2020-11-01,2020-11-01,2026-01-01,2030-02-01,1810.56,4681.64,1924.48,51.32,Satluj Jal Vidyut Nigam [SJVN] Thermal Limited,602593,N18000279,2871.0800000000004,158.57414280664548,41.10696251740843,2757.1600000000003,-10.213037482591574,62.0,0.0,65.0,49.0,1,1,Large,0,0,0,1,100,100,40,0,70.0,CRITICAL,18
186,Rammam-III HEPP [3x40 MW],National Thermal Power Corporation [NTPC],West Bengal,2014-09-01,2014-09-01,2019-09-01,2029-03-01,1381.84,2865.56,1568.56,55.06,National Thermal Power Corporation [NTPC],602184,N18000178,1483.72,107.37277832455278,54.7383408478622,1297.0,-0.3216591521378049,60.0,0.0,139.0,114.0,1,1,Large,0,0,0,1,100,100,40,0,70.0,CRITICAL,18
1634,Delhi-Amritsar-Katra Expressway Phase-I Spur-III from Junction with Amritsar- Jalandhar road NH-3 near Bhishambarpura to Junction with Amritsar-Anjala road NH- 354 near Amritsar Airport [Km 71000 to Km 99000 of Amritsar connectivity],National Highways Authority of India [NHAI],Punjab,2021-03-01,2022-11-01,2024-10-01,2027-06-01,1641.75,1951.7,1007.55,32.47,National Highways Authority of India [NHAI],619200,-,309.95000000000005,18.87924470839044,51.62422503458522,944.15,19.154225034585224,23.0,20.0,41.0,32.0,1,1,Large,0,0,0,0,50,100,75,40,69.75,HIGH,33
469,Establishment of new GMC Koderma,"Medical Education, Ministry of Health and Family Welfare",Jharkhand,2023-09-01,2024-02-01,2026-08-01,,250.0,504.8,270.0,40.0,"Medical Education, Ministry of Health and Family Welfare",707021,-,254.8,101.92000000000002,53.486529318542,234.8,13.486529318541995,30.0,5.0,26.0,,0,1,Small,0,0,0,1,100,50,75,40,69.75,HIGH,33
622,DHULE [BORVIHIR] - NARDANA NEW LINE [50.60 KMS],Central Railway,Maharashtra,2019-01-01,2023-04-01,2026-12-01,2027-09-01,492.76,1170.83,519.29,25.0,Central Railway,400019,N22000514,678.0699999999999,137.60654273885865,44.35229708839029,651.54,19.352297088390287,44.0,51.0,36.0,9.0,1,1,Small,0,0,0,1,100,50,75,40,69.75,HIGH,33
1635,4/6L Greenfield Ludhiana Rupnagar highway from Jn. with NE-5 village near to ManewalLudhiana to Jn. with NH-205 near Bheora Village Rupnagar from Km. 0.00 to Km. 37.7 including spur to Kharar with Ludhiana bypass of NH-205K Pkg-1,National Highways Authority of India [NHAI],Punjab,2021-05-01,2022-12-01,2024-12-01,2027-12-01,1368.91,1382.48,487.99,15.31,National Highways Authority of India [NHAI],619318,-,13.569999999999936,0.9912996471645276,35.298159828713615,894.49,19.988159828713613,24.0,19.0,40.0,36.0,1,1,Large,1,0,0,0,25,100,100,40,68.5,HIGH,36
758,Manoharabad-Kothapalli New Rail Line [151 km],South Central Railway [SCR] - II,Telangana,2016-07-01,2017-01-01,2027-03-01,2027-12-01,1160.0,2781.0,3040.86,72.01,South Central Railway [SCR] - II,705437,N22000032,1621.0,139.74137931034485,109.344120819849,-259.8600000000001,37.33412081984899,122.0,6.0,111.0,9.0,1,1,Large,0,1,1,1,100,50,40,75,66.25,HIGH,37
572,Anand Vihar-Tilak Bridge 3rd & 4th line,CAO/C/NR,Delhi,2013-03-01,2013-03-01,2023-03-01,2027-12-01,667.0,667.0,312.74,23.0,CAO/C/NR,705583,N22000281,0.0,0.0,46.88755622188906,354.26,23.887556221889056,120.0,0.0,157.0,57.0,1,0,Medium,1,1,0,0,0,100,100,75,66.25,HIGH,37
1970,"Subernarekha Project, Odisha","Department of Water Resources, River Development & GR",Odisha,1995-12-01,1998-01-01,2019-12-01,2026-03-01,3055.88,7023.19,8060.82,95.5,"Department of Water Resources, River Development & GR",701402,-,3967.309999999999,129.82545126117515,114.77434043504448,-1037.63,19.27434043504448,263.0,25.0,339.0,75.0,1,1,Large,0,0,1,1,100,100,0,40,66.0,HIGH,39
1963,Aruna Medium Irrigation Project,Department of water resources-MH - II,Maharashtra,2009-04-01,2010-01-01,2019-12-01,2025-12-01,210.45,1472.14,1734.71,98.1,Department of water resources-MH - II,701391,-,1261.69,599.52007602756,117.83593951662206,-262.56999999999994,19.735939516622068,119.0,9.0,195.0,72.0,1,1,Small,0,0,1,1,100,100,0,40,66.0,HIGH,39
663,Dimapur [Dhansiri]-Sukhobi Kohima [Zubza] NL [82.5 Km],Northeast Frontier Railway [NFR] - II,"Multi-States
(Assam,
Nagaland)",2015-08-01,2016-02-01,2025-03-01,2029-12-01,6663.0,6663.0,6282.3,43.0,Northeast Frontier Railway [NFR] - II,705392,N22000124,0.0,0.0,94.28635749662314,380.6999999999998,51.28635749662314,109.0,6.0,122.0,57.0,1,0,Mega,0,1,0,0,0,100,75,100,63.75,HIGH,41
604,Gadag-Wadi New Railway Line [257 km],South Western Railway [SWR] - II,Karnataka,2013-04-01,2017-08-01,2027-03-01,2027-12-01,2842.0,6700.0,1539.51,34.5,South Western Railway [SWR] - II,705490,N22000299,3858.0,135.74947220267418,22.97776119402985,5160.49,-11.52223880597015,115.0,52.0,104.0,9.0,1,1,Large,0,0,0,1,100,50,75,0,63.75,HIGH,41
490,CONSTRUCTION OF 300 BEDDED HOSPITAL AT HARIDWAR,Employee's State Insurance Company [ESIC],Uttarakhand,2021-02-01,2021-12-01,2024-10-01,2026-03-01,102.4,297.63,334.86,84.0,Employee's State Insurance Company [ESIC],612259,-,195.23,190.65429687499997,112.50881967543596,-37.23000000000002,28.50881967543596,34.0,10.0,52.0,17.0,1,1,Small,0,1,1,1,100,75,0,75,63.75,HIGH,41
786,Rehabilitation and up-gradation and completion of balance work of section from Km 155.00 to Km 181.00 End of Jarwa to Rangat of NH -4 Total length 26 Km to Intermediate Lane/2-lane with hard shoulders in the UT of A&N Islands on EPC basis - Package-III.B Balance work,NHIDCL,"Andaman &
Nicobar",2018-02-01,2024-05-01,2025-10-01,2026-05-01,183.56,333.12,0.0,47.28,NHIDCL,619185,-,149.56,81.4774460666812,0.0,333.12,-47.28,17.0,75.0,23.0,7.0,1,1,Small,0,0,0,0,100,50,75,0,63.75,HIGH,41
387,Commercial Polymer Flooding Project in Bechraji field,Oil and Natural Gas Corporation Limited [ONGC],Gujarat,2022-01-01,2022-01-01,2024-11-01,2027-05-01,621.4,739.02,222.8,42.0,Oil and Natural Gas Corporation Limited [ONGC],709838,N16000444,117.62,18.928226585130353,30.148033882709537,516.22,-11.851966117290466,34.0,0.0,51.0,30.0,1,1,Medium,0,0,0,0,50,100,75,0,63.75,HIGH,41
1617,Development of 6L Greenfield Jalandhar Bypass starting from Kahlwan NH-03 ending at Kang Sahbu NH-703 via Sarmastpur NH-44 - Madara NH-03 - Khajurla NH-44,National Highways Authority of India [NHAI],Punjab,2021-03-01,2023-01-01,2025-01-01,2027-06-01,1754.84,2167.39,800.1,48.2,National Highways Authority of India [NHAI],618552,N24001637,412.5499999999999,23.509265802010436,36.915368253982905,1367.29,-11.284631746017098,24.0,22.0,39.0,29.0,1,1,Large,0,0,0,0,50,100,75,0,63.75,HIGH,41
787,Construction of Balance works of Major Bridge over Middle Strait Creek between Km.106.590 to km108.553 of NH-04 connecting South Andaman & Baratang Island in the Union Territory of Andaman & Nicobar Islands on EPC basis,NHIDCL,"Andaman &
Nicobar",2015-03-01,2024-05-01,2026-02-01,2026-12-01,262.96,371.88,0.0,12.64,NHIDCL,619186,-,108.92000000000002,41.420748402798914,0.0,371.88,-12.64,21.0,110.0,23.0,10.0,1,1,Small,1,0,0,0,75,50,100,0,62.5,HIGH,47
1210,4L PS from near Hemmige Village Periyapatna - Hassan Road Jn. to near Hunsur - KR Nagar Jn section from Km. 144.900 to Km. 169.000 of NH-275 Pkg. III,National Highways Authority of India [NHAI],Karnataka,2023-02-01,2025-04-01,2027-04-01,2027-07-01,883.62,1726.65,61.05,20.1,National Highways Authority of India [NHAI],618870,-,843.0300000000001,95.40639641474844,3.5357484145599862,1665.6,-16.564251585440015,24.0,26.0,12.0,3.0,1,1,Medium,1,0,0,0,100,25,100,0,62.5,HIGH,47
647,Byrnihat-Shillong New Rail Line- 108 km,Northeast Frontier Railway [NFR],Meghalaya,2011-04-01,2010-03-01,2021-03-01,2027-03-01,8324.28,8342.28,266.12,2.04,Northeast Frontier Railway [NFR],705396,-,18.0,0.2162349176144963,3.1900151996816213,8076.160000000001,1.1500151996816212,132.0,-13.0,193.0,72.0,1,1,Mega,1,0,0,0,25,100,100,0,62.5,HIGH,47
1109,4L of Kathlighat to Shakral Village from Km 128.835 to Km 146.300 of NH- 5 Shimla Bypass - Pkg I,National Highways Authority of India [NHAI],Himachal Pradesh,2022-03-01,2023-04-01,2026-04-01,2027-12-01,1703.48,2648.8,980.87,54.0,National Highways Authority of India [NHAI],618921,N24002049,945.3200000000002,55.49346044567592,37.03073089700997,1667.9300000000003,-16.969269102990033,36.0,13.0,36.0,20.0,1,1,Large,0,0,0,0,100,75,40,0,62.5,HIGH,47
660,Murkongselek-Pasighat,Northeast Frontier Railway [NFR] - II,"Multi-States
(Arunachal
Pradesh, Assam)",2011-02-01,2023-03-01,2025-03-01,2026-12-01,435.0,1250.0,853.0,68.0,Northeast Frontier Railway [NFR] - II,705401,N22000208,815.0,187.3563218390805,68.24,397.0,0.2399999999999948,24.0,145.0,37.0,21.0,1,1,Small,0,0,0,1,100,75,40,0,62.5,HIGH,47
1112,4L of HP/Punjab Border - Mo from km. 11.00 to km. 42.00 of Old NH-20 New NH-154 Package-IA,National Highways Authority of India [NHAI],Himachal Pradesh,2021-03-01,2022-05-01,2024-05-01,2026-09-01,1002.11,1363.04,537.04,60.06,National Highways Authority of India [NHAI],619153,N24001812,360.9299999999999,36.01700412130404,39.40016433853739,826.0,-20.659835661462616,24.0,14.0,47.0,28.0,1,1,Large,0,0,0,0,75,100,40,0,62.5,HIGH,47
678,Raising of speed to 160 kmph/200 kmph on existing New Delhi-Mumbai route incl. Vadodara-Ahmedabad,PCE/WR,"Multi-States (Delhi,
Gujarat, Madhya
Pradesh,
Maharashtra,
Rajasthan)",2019-09-01,2019-09-01,2024-03-01,2026-03-01,6806.44,8095.12,9480.86,66.32,PCE/WR,705793,-,1288.6800000000003,18.933245573309986,117.1182144304223,-1385.7400000000007,50.798214430422306,54.0,0.0,79.0,24.0,1,1,Mega,0,1,1,0,50,75,40,100,62.5,HIGH,47
601,Yeshvanthpur - Channasandra Doubling Project [21.70 Km],Karnataka Rail Infrastructure Development Company Limited [K-RIDE],Karnataka,2019-04-01,2019-10-01,2024-03-01,2026-03-01,314.1,683.57,171.0,56.5,Karnataka Rail Infrastructure Development Company Limited [K-RIDE],703585,N22000543,369.47,117.62814390321554,25.01572626066094,512.57,-31.48427373933906,53.0,6.0,78.0,24.0,1,1,Small,0,0,0,1,100,75,40,0,62.5,HIGH,47
1619,6L Amritsar-Bathinda Greenfield section from village Tiba on NE-5A to Jn. with Moga Jalandhar road NH-703 near Dharamkot from km 0.000 to km 39.000 of NH-754A Pkg-1,National Highways Authority of India [NHAI],Punjab,2021-03-01,2022-11-01,2024-11-01,2027-06-01,1229.38,1549.32,772.73,70.28,National Highways Authority of India [NHAI],618617,N24001640,319.9399999999998,26.02450015454943,49.87542922056128,776.5899999999999,-20.40457077943872,24.0,20.0,41.0,31.0,1,1,Large,0,0,0,0,75,100,40,0,62.5,HIGH,47
1611,Delhi-Amritsar-Katra Expressway Phase-I Pkg-IX from Junction with Ludhiana-Moga road NH-5 near Mullanpur Dakha to Junction with Jalandhar - Moga road NH-703 near Kang Sahibu village Km 260860 to km 303900,National Highways Authority of India [NHAI],Punjab,2020-12-01,2022-07-01,2024-07-01,2027-03-01,1851.47,2407.14,1348.9,73.26,National Highways Authority of India [NHAI],618489,N24001417,555.6699999999998,30.012368550395085,56.0374552373356,1058.2399999999998,-17.222544762664405,24.0,19.0,45.0,32.0,1,1,Large,0,0,0,0,75,100,40,0,62.5,HIGH,47
1249,Kottankulangara- Start of Kollam Bypass,National Highways Authority of India [NHAI],Kerala,2021-06-01,2022-04-01,2024-10-01,2027-03-01,2842.14,3680.49,895.86,73.89,National Highways Authority of India [NHAI],618607,N24001657,838.3499999999999,29.49713947940636,24.34078071126399,2784.6299999999997,-49.54921928873601,30.0,10.0,48.0,29.0,1,1,Large,0,0,0,0,75,100,40,0,62.5,HIGH,47
1215,4L of Sannur to Bikarnakatte section from Km 691.350 to Km 736.362 of NH-169 Karkala - Mangalore Package-III,National Highways Authority of India [NHAI],Karnataka,2021-03-01,2022-10-01,2024-10-01,2027-04-01,1386.41,2038.71,973.31,70.22,National Highways Authority of India [NHAI],618896,N24001680,652.3,47.04957407981765,47.74146396495823,1065.4,-22.47853603504177,24.0,19.0,42.0,30.0,1,1,Large,0,0,0,0,75,100,40,0,62.5,HIGH,47
1765,Rehabilitation & Upgradation of Road from Km 0.00 to Km 18.600 Total length-18.600 km of Kumarghat-Kailashahar section on NH-208 to 2-lane with Paved shoulder on EPC bais under NHO,NHIDCL,Tripura,2020-02-01,2020-07-01,2022-01-01,2024-10-01,277.5,302.03,0.0,0.0,NHIDCL,618386,N24001263,24.529999999999973,8.839639639639628,0.0,302.03,0.0,18.0,5.0,69.0,33.0,1,1,Small,1,0,0,0,25,100,100,0,62.5,HIGH,47
392,"Indian Oil Technology Development and Deployment Centre at R&D Campus-II, Faridabad",Ministry of Petroleum & Natural Gas,Haryana,2019-06-01,2019-06-01,2022-12-01,2026-10-01,2281.94,3200.0,1879.93,65.0,Ministry of Petroleum & Natural Gas,604853,N16000375,918.06,40.231557359089194,58.74781250000001,1320.07,-6.252187499999991,42.0,0.0,82.0,46.0,1,1,Large,0,0,0,0,75,100,40,0,62.5,HIGH,47
654,Tindivanam-Nagari New Line Project [184.5 km],Ministry of Railways,"Multi-States
(Andhra Pradesh,
Tamil Nadu)",2008-07-01,2008-10-01,2025-09-01,2028-03-01,3631.0,3631.0,1259.7,16.5,Ministry of Railways,400275,N22000085,0.0,0.0,34.692922060038555,2371.3,18.192922060038555,203.0,3.0,210.0,30.0,1,0,Large,1,0,0,0,0,100,100,40,61.0,HIGH,61
608,Tumkur-Chitradurga-Davangere New Rail Line Project [191 km],South Western Railway [SWR] - II,Karnataka,2013-10-01,2017-01-01,2019-03-01,2027-12-01,1876.0,1876.0,563.37,15.5,South Western Railway [SWR] - II,705496,N22000256,0.0,0.0,30.030383795309167,1312.63,14.530383795309168,26.0,39.0,111.0,105.0,1,0,Large,1,0,0,0,0,100,100,40,61.0,HIGH,61
977,Bakhtiyarpur-Rajauli Pkg-II from km. 54.405 to km.101.630,National Highways Authority of India [NHAI],Bihar,2020-09-01,2021-04-01,2023-07-01,2026-05-01,897.45,1397.47,897.09,97.85,National Highways Authority of India [NHAI],618861,N24001709,500.02,55.71563875424814,64.19386462678985,500.38,-33.65613537321015,27.0,7.0,60.0,34.0,1,1,Medium,0,0,0,0,100,100,0,0,60.0,HIGH,63
227,Comprehensive Scheme for Strengthening of Transmission and Distribution [T&D] Systems [CSST&DS] in Arunachal Pradesh and Sikkim,Power Grid Corporation of India Limited [POWERGRID],"Multi-States
(Arunachal
Pradesh, Sikkim)",2014-10-01,2014-10-01,2018-12-01,2027-03-01,4754.42,9129.32,8069.4,83.4,Power Grid Corporation of India Limited [POWERGRID],602223,N18000249,4374.9,92.0175331586187,88.38993484728326,1059.92,4.989934847283251,50.0,0.0,138.0,99.0,1,1,Large,0,0,0,0,100,100,0,0,60.0,HIGH,63
1082,Gohana - Sonipat PKG-2,National Highways Authority of India [NHAI],Haryana,2019-01-01,2020-07-01,2022-07-01,2026-05-01,1275.31,1957.44,734.08,97.86,National Highways Authority of India [NHAI],618580,N24001535,682.1300000000001,53.48738738032323,37.502043485368645,1223.36,-60.357956514631354,24.0,18.0,69.0,46.0,1,1,Large,0,0,0,0,100,100,0,0,60.0,HIGH,63
941,Sheohar-Sitamarhi Section km 40.000 to 79.400 km Lot-I,MoRTH,Bihar,2016-02-01,2016-05-01,2018-05-01,2026-06-01,178.85,278.53,0.0,98.65,MoRTH,618005,N24001647,99.67999999999998,55.733855185909974,0.0,278.53,-98.65,24.0,3.0,119.0,97.0,1,1,Small,0,0,0,0,100,100,0,0,60.0,HIGH,63
184,Vishnugad Pipalkoti Hydro Electric Project [444 MW],THDC India Limited,Uttarakhand,2008-08-01,2014-01-01,2022-12-01,2027-09-01,3860.35,6405.08,5429.35,80.0,THDC India Limited,602195,N18000042,2544.73,65.91967049619853,84.76631049104773,975.7299999999996,4.766310491047733,107.0,65.0,147.0,57.0,1,1,Large,0,0,0,0,100,100,0,0,60.0,HIGH,63
937,Gaya-Hisua-Rajgir-Nalanda-Biharsharif section km0.00 to 92.935 NH-82,MoRTH,Bihar,2014-01-01,2016-11-01,2019-11-01,2026-07-01,1408.85,2138.16,0.0,97.0,MoRTH,617961,N24000579,729.31,51.766334244241754,0.0,2138.16,-97.0,36.0,34.0,113.0,80.0,1,1,Large,0,0,0,0,100,100,0,0,60.0,HIGH,63
1943,Gundlakamma project,Water Resources-AP,Andhra Pradesh,2005-04-01,2005-04-01,2019-12-01,2027-03-01,397.41,697.39,619.46,98.3,Water Resources-AP,400101,-,299.97999999999996,75.48375732870333,88.82547785313814,77.92999999999995,-9.474522146861858,176.0,0.0,252.0,87.0,1,1,Small,0,0,0,0,100,100,0,0,60.0,HIGH,63
282,Mumbai Metro Line 3,Mumbai Metro Rail Corporation Limited [MMRC],Maharashtra,2013-07-01,2016-06-01,2023-03-01,2025-08-01,23136.0,37276.0,33526.69,97.79,Mumbai Metro Rail Corporation Limited [MMRC],702637,N28000086,14140.0,61.11687413554634,89.94175877240048,3749.3099999999977,-7.84824122759953,81.0,35.0,118.0,29.0,1,1,Mega,0,0,0,0,100,100,0,0,60.0,HIGH,63
658,Kazipet-Vijayawada 3rd line with electrification [220 km],South Central Railway [SCR] - II,"Multi-States
(Andhra Pradesh,
Telangana)",2013-03-01,2014-08-01,2025-02-01,2025-12-01,1953.0,3363.0,5178.65,95.01,South Central Railway [SCR] - II,705612,N22000261,1410.0,72.19662058371735,153.98899791852511,-1815.6499999999996,58.97899791852511,126.0,17.0,140.0,10.0,1,1,Large,0,1,1,0,100,50,0,100,60.0,HIGH,63
1071,4L of Dwarka-Khambaliya-Devariya section from km 203.500 to km 176.500 and from km 171.800 to km 125.000 of NH-151A,National Highways Authority of India [NHAI],Gujarat,2019-01-01,2020-02-01,2022-08-01,2026-05-01,1024.69,1753.95,882.1,100.0,National Highways Authority of India [NHAI],619137,-,729.26,71.16884130810294,50.29219761110636,871.85,-49.70780238889364,30.0,13.0,74.0,45.0,1,1,Large,0,0,0,0,100,100,0,0,60.0,HIGH,63
783,Noapara-Barasat via Bimanbandar - Construction of Metro railway [18 km],"Metro Railway, Kolkata",West Bengal,2010-11-01,2010-03-01,2026-08-01,2029-03-01,4830.0,4830.0,3258.95,32.0,"Metro Railway, Kolkata",706776,N22000108,0.0,0.0,67.47308488612836,1571.0500000000002,35.47308488612836,197.0,-8.0,193.0,31.0,1,0,Large,0,1,0,0,0,100,75,75,60.0,HIGH,63
990,2L PS of Majhauli to Charout section from km. 0.00 to km. 63.655,NHAI,Bihar,2018-01-01,2019-11-01,2021-11-01,2026-05-01,638.29,1067.51,622.86,99.66,NHAI,618955,N24000813,429.22,67.24529602531766,58.34699440754654,444.65,-41.31300559245346,24.0,22.0,77.0,54.0,1,1,Medium,0,0,0,0,100,100,0,0,60.0,HIGH,63
1954,Bargi Diversion Project Phase - III [km. 104 to km 154],Water Resources-MP,Madhya Pradesh,2007-04-01,2007-04-01,2019-12-01,2026-12-01,1229.15,1399.7,2190.05,81.42,Water Resources-MP,400116,-,170.54999999999995,13.87544237887971,156.4656712152604,-790.3500000000001,75.04567121526041,152.0,0.0,228.0,84.0,1,1,Large,0,1,1,0,50,100,0,100,60.0,HIGH,63
183,Tapovan-Vishnugad HEP [4x130 MW],National Thermal Power Corporation [NTPC],Uttarakhand,2006-11-01,2006-11-01,2013-03-01,2029-04-01,2978.0,10907.3,7715.24,77.0,National Thermal Power Corporation [NTPC],602185,N18000014,7929.299999999999,266.2625923438549,70.73464560432005,3192.0599999999995,-6.26535439567995,76.0,0.0,233.0,193.0,1,1,Large,0,0,0,1,100,100,0,0,60.0,HIGH,63
1931,BharatNet,Department of Telecommunications [DoT],PAN India,2017-07-01,2011-10-01,2023-08-01,2027-03-01,61109.0,188000.0,46431.54,82.4,Department of Telecommunications [DoT],706775,-,126891.0,207.64699144152252,24.69762765957447,141568.46,-57.70237234042554,142.0,-69.0,174.0,43.0,1,1,Mega,0,0,0,1,100,100,0,0,60.0,HIGH,63
1944,Polavaram Irrigation Project,Water Resources-AP,Andhra Pradesh,2009-01-01,2009-11-01,2022-04-01,2026-03-01,10151.04,55548.9,26674.77,86.14,Water Resources-AP,701415,N30000002,45397.86,447.2237327406846,48.02033883659262,28874.13,-38.11966116340738,149.0,10.0,197.0,47.0,1,1,Mega,0,0,0,1,100,100,0,0,60.0,HIGH,63
680,Hospet-Hubli-Vasco da Gama Line Electrification Project,RVNL,"Multi-States (Goa,
Karnataka)",2015-07-01,2018-05-01,2023-03-01,2026-06-01,744.49,1122.62,1163.14,99.65,RVNL,706950,-,378.1299999999999,50.79047401576917,103.60941369296826,-40.52000000000021,3.959413692968255,58.0,34.0,95.0,39.0,1,1,Medium,0,0,1,0,100,100,0,0,60.0,HIGH,63
1029,Dwarka Expressway from Km -0.600 to Km 5.300 - Pkg-I Shivmurti Chowk-RuB near Dwarka Sector 21,National Highways Authority of India [NHAI],Delhi,2018-03-01,2020-09-01,2022-09-01,2026-05-01,2144.67,3929.5,3097.34,98.8,National Highways Authority of India [NHAI],619202,-,1784.83,83.22166114134109,78.82275098613056,832.1599999999999,-19.97724901386944,24.0,30.0,67.0,44.0,1,1,Large,0,0,0,0,100,100,0,0,60.0,HIGH,63
681,Western Dedicated Freight Corridor,DFCCIL,"Multi-States
(Gujarat, Haryana,
Maharashtra,
Rajasthan, Uttar
Pradesh)",2008-02-01,2012-01-01,2022-03-01,2025-12-01,51101.0,124005.0,124623.0,96.0,DFCCIL,705237,N22000464,72904.0,142.6664840218391,100.4983670013306,-618.0,4.4983670013305925,122.0,47.0,171.0,45.0,1,1,Mega,0,0,1,1,100,100,0,0,60.0,HIGH,63
177,Subansiri Lower HE Project [2000 MW],National Hydroelectric Power Corporation Limited [NHPC],"Multi-States
(Arunachal
Pradesh, Assam)",2003-09-01,2005-01-01,2010-09-01,2026-05-01,6285.33,26075.5,26150.32,97.64,National Hydroelectric Power Corporation Limited [NHPC],602096,180100221,19790.17,314.86286320686423,100.28693601273228,-74.81999999999971,2.6469360127322688,68.0,16.0,255.0,188.0,1,1,Mega,0,0,1,1,100,100,0,0,60.0,HIGH,63
1951,Upper Tunga Irrigation Project,Water Resources-KA,Karnataka,2014-04-01,2014-04-01,2019-12-01,2026-03-01,770.16,1606.07,1515.6,99.32,Water Resources-KA,701377,-,835.91,108.53718707800977,94.3669952119148,90.47000000000004,-4.953004788085195,68.0,0.0,144.0,75.0,1,1,Medium,0,0,0,1,100,100,0,0,60.0,HIGH,63
1048,Vadodara Mumbai Expressway Gandeva to Ena Phase IB - Pkg VII [Km 190.00 to Km 217.500],National Highways Authority of India [NHAI],Gujarat,2020-07-01,2021-11-01,2023-11-01,2026-05-01,1710.3,3392.21,2158.87,97.05,National Highways Authority of India [NHAI],618465,N24001789,1681.91,98.34005729988893,63.641991504063725,1233.34,-33.40800849593627,24.0,16.0,53.0,30.0,1,1,Large,0,0,0,0,100,100,0,0,60.0,HIGH,63
1582,Bhadrak KM 136.500 to Baleshwar KM 199.141,National Highways Authority of India [NHAI],Odisha,2014-11-01,2019-03-01,2021-09-01,2026-11-01,844.67,1394.82,538.51,91.32,National Highways Authority of India [NHAI],618523,N24000738,550.15,65.13194501994862,38.60784904145338,856.31,-52.712150958546616,30.0,52.0,85.0,62.0,1,1,Medium,0,0,0,0,100,100,0,0,60.0,HIGH,63
994,Bakhtiyarpur Km 153.300 to Mokama Km 197.900,National Highways Authority of India [NHAI],Bihar,2015-12-01,2017-06-01,2019-12-01,2026-05-01,1182.94,1898.84,843.24,99.95,National Highways Authority of India [NHAI],619152,N24000507,715.8999999999999,60.518707626760424,44.408164984938175,1055.6,-55.54183501506183,30.0,18.0,106.0,77.0,1,1,Large,0,0,0,0,100,100,0,0,60.0,HIGH,63
1949,Sardar Sarovar Project,"Narmada and Water Resources, Water Supply and Kalpsar Department-GJ",Gujarat,1996-04-01,1996-04-01,2019-12-01,2026-03-01,20718.17,33412.5,31860.86,93.7,"Narmada and Water Resources, Water Supply and Kalpsar Department-GJ",701372,-,12694.330000000002,61.2714829543343,95.35610924055368,1551.6399999999994,1.6561092405536897,284.0,0.0,360.0,75.0,1,1,Mega,0,0,0,0,100,100,0,0,60.0,HIGH,63
1047,Vadodara Mumbai Expressway Ena -Kim Phase IB - Pkg VI [Km 217.500 to Km 254.430],National Highways Authority of India [NHAI],Gujarat,2020-05-01,2021-12-01,2023-12-01,2026-05-01,2271.86,4297.28,2574.42,98.9,National Highways Authority of India [NHAI],618464,-,2025.4199999999996,89.15250059422674,59.908127932087275,1722.8599999999997,-38.99187206791273,24.0,19.0,52.0,29.0,1,1,Large,0,0,0,0,100,100,0,0,60.0,HIGH,63
170,"Pakal Dul [Drangdhuran] Hydroelectric Project, 1000 MW",National Hydroelectric Power Corporation Limited [NHPC],"Jammu and
Kashmir",2014-10-01,2018-02-01,2020-04-01,2026-12-01,8112.12,12728.0,9114.12,80.5,National Hydroelectric Power Corporation Limited [NHPC],602525,N18000172,4615.88,56.90103203601525,71.6068510370836,3613.879999999999,-8.8931489629164,26.0,40.0,98.0,80.0,1,1,Mega,0,0,0,0,100,100,0,0,60.0,HIGH,63
979,Maheshkunt-Saharsa-Purnea Pkg I km 0.00 to km. 90.00 of NH-107,National Highways Authority of India [NHAI],Bihar,2017-02-01,2019-12-01,2021-12-01,2026-09-01,662.44,1311.22,933.08,85.25,National Highways Authority of India [NHAI],618902,N24000723,648.78,97.93792645371656,71.1612086453837,378.14,-14.088791354616305,24.0,34.0,76.0,57.0,1,1,Medium,0,0,0,0,100,100,0,0,60.0,HIGH,63
1046,Vadodara Mumbai Expressway Kim to Ankleshwar Phase IA - Pkg V,National Highways Authority of India [NHAI],Gujarat,2018-02-01,2019-11-01,2021-10-01,2026-06-01,1324.84,2807.48,1248.75,91.34,National Highways Authority of India [NHAI],618463,N24000834,1482.64,111.91087225627248,44.47939077037058,1558.73,-46.860609229629425,23.0,21.0,77.0,56.0,1,1,Large,0,0,0,1,100,100,0,0,60.0,HIGH,63
974,Aunta - Simaria including Ganga Bridge,National Highways Authority of India [NHAI],Bihar,2017-01-01,2018-08-01,2022-02-01,2026-04-01,1309.47,2107.68,812.81,100.0,National Highways Authority of India [NHAI],618839,N24000696,798.2099999999998,60.95672294897935,38.564203294617776,1294.87,-61.435796705382224,42.0,19.0,92.0,50.0,1,1,Large,0,0,0,0,100,100,0,0,60.0,HIGH,63
1942,Sardar Gouthu Latchanna Thotapalli Barrage Project,Water Resources-AP,Andhra Pradesh,2005-04-01,2006-01-01,2019-12-01,2026-06-01,353.05,1023.24,872.65,95.88,Water Resources-AP,400100,-,670.19,189.8286361705141,85.28302255580313,150.59000000000003,-10.596977444196868,167.0,9.0,243.0,78.0,1,1,Small,0,0,0,1,100,100,0,0,60.0,HIGH,63
1087,4L of Jind-Gohana road Package-1 from km. 0.00 to km. 40.601 of NH-352 A under NHO,National Highways Authority of India [NHAI],Haryana,2019-01-01,2020-07-01,2022-07-01,2026-05-01,994.22,1606.82,623.68,99.97,National Highways Authority of India [NHAI],619092,-,612.5999999999999,61.61614129669488,38.81455296797401,983.14,-61.15544703202599,24.0,18.0,69.0,46.0,1,1,Medium,0,0,0,0,100,100,0,0,60.0,HIGH,63
634,Wardha - Yavatmal Nanded Railway Line Project,Central Railways,Maharashtra,2008-02-01,2013-04-01,2026-12-01,,3445.34,4030.69,3608.59,47.0,Central Railways,705497,-,585.3499999999999,16.989614958175387,89.52784758937055,422.0999999999999,42.52784758937055,164.0,62.0,156.0,,0,1,Large,0,1,0,0,50,50,75,75,60.0,HIGH,63
1831,Aligarh-Kanpur Pkg I [Aligarh-Bhadwas],National Highways Authority of India [NHAI],Uttar Pradesh,2018-03-01,2019-02-01,2022-06-01,2026-08-01,1226.64,2069.6,659.17,100.0,National Highways Authority of India [NHAI],618692,-,842.9599999999998,68.72105915345983,31.85011596443757,1410.4299999999998,-68.14988403556242,40.0,11.0,86.0,50.0,1,1,Large,0,0,0,0,100,100,0,0,60.0,HIGH,63
1961,Waghur Project,Department of water resources-MH - II,Maharashtra,1996-04-01,1996-04-01,2019-12-01,2026-03-01,1058.99,1758.51,1557.82,89.57,Department of water resources-MH - II,701383,-,699.52,66.05539240219454,88.58749736993249,200.69000000000003,-0.9825026300675006,284.0,0.0,360.0,75.0,1,1,Large,0,0,0,0,100,100,0,0,60.0,HIGH,63
1390,Loha-Waranga Section of NH-361 from km 187.800 to km 244.369,National Highways Authority of India [NHAI],Maharashtra,2018-03-01,2019-03-01,2021-03-01,2027-03-01,1236.08,3466.58,899.6,96.2,National Highways Authority of India [NHAI],618653,-,2230.5,180.44948547019612,25.95064876621916,2566.98,-70.24935123378084,24.0,12.0,85.0,72.0,1,1,Large,0,0,0,1,100,100,0,0,60.0,HIGH,63
1389,Chakur Loha Section of NH-361 from km 114.600 to km 187.80,National Highways Authority of India [NHAI],Maharashtra,2018-03-01,2019-03-01,2021-03-01,2024-02-01,1241.38,3342.11,785.13,100.0,National Highways Authority of India [NHAI],618652,-,2100.73,169.2253782081232,23.49204544434504,2556.98,-76.50795455565496,24.0,12.0,85.0,35.0,1,1,Large,0,0,0,1,100,100,0,0,60.0,HIGH,63
355,Multi Product Pipeline from Irugur to Devangonthi,"Department of Water Resources, River Development & GR","Multi-States
(Karnataka, Tamil
Nadu)",2012-11-01,2012-11-01,2017-02-01,2026-09-01,678.0,1732.0,1118.26,82.6,"Department of Water Resources, River Development & GR",400301,N16000234,1054.0,155.45722713864308,64.56466512702079,613.74,-18.03533487297921,51.0,0.0,161.0,115.0,1,1,Medium,0,0,0,1,100,100,0,0,60.0,HIGH,63
1204,Challakere to Hariyur section from km 358.500 to km 414.205 of NH-150 A,National Highways Authority of India [NHAI],Karnataka,2018-03-01,2021-01-01,2023-01-01,2025-06-01,1167.52,1873.58,843.6,99.5,National Highways Authority of India [NHAI],618698,-,706.06,60.47519528573386,45.02609976622296,1029.98,-54.47390023377704,24.0,34.0,63.0,29.0,1,1,Large,0,0,0,0,100,100,0,0,60.0,HIGH,63
356,Rajasthan Refinery Project,MinistryofPetroleumNaturalGas,Rajasthan,2017-10-01,2017-10-01,2022-10-01,2026-06-01,43129.0,79459.0,69202.21,91.9,MinistryofPetroleumNaturalGas,701263,N16000513,36330.0,84.23566509773006,87.0917202582464,10256.789999999994,-4.8082797417536085,60.0,0.0,102.0,44.0,1,1,Mega,0,0,0,0,100,100,0,0,60.0,HIGH,63
548,"Fatuha-Islampur incl. MM for extn.of NL from Neora to Daniawan , Daniawan to Biharsharif, Biharsharif to Barbigha , Barbigha to Shekhpura",East Central Railway [ECR] - I,Bihar,2002-08-01,2002-03-01,2023-03-01,2025-08-01,1473.0,2882.0,2641.14,98.0,East Central Railway [ECR] - I,705373,N22000476,1409.0,95.6551255940258,91.64260929909784,240.86000000000013,-6.357390700902158,252.0,-5.0,289.0,29.0,1,1,Large,0,0,0,0,100,100,0,0,60.0,HIGH,63
1251,Kozhikode Bypass Calicut Bypass Vengalam Jn. to Ramanattukara Jn.,National Highways Authority of India [NHAI],Kerala,2018-02-01,2021-02-01,2023-02-01,2026-05-01,1424.77,2139.18,1048.92,98.75,National Highways Authority of India [NHAI],619098,N24000784,714.4099999999999,50.14212820314857,49.0337419011023,1090.2599999999998,-49.7162580988977,24.0,36.0,62.0,39.0,1,1,Large,0,0,0,0,100,100,0,0,60.0,HIGH,63
364,Numaligarh Refinery Expansion Project,Ministry of Petroleum & Natural Gas,Assam,2020-07-01,2020-07-01,2024-07-01,2027-03-01,12366.0,22494.0,19522.33,84.6,Ministry of Petroleum & Natural Gas,604791,N16000379,10128.0,81.90198932557011,86.78905485907353,2971.6699999999983,2.1890548590735364,48.0,0.0,69.0,32.0,1,1,Mega,0,0,0,0,100,100,0,0,60.0,HIGH,63
466,Establishment of new GMC Porbandar,"Medical Education, Ministry of Health and Family Welfare",Gujarat,2022-04-01,2022-10-01,2024-09-01,,325.0,618.98,934.64,78.0,"Medical Education, Ministry of Health and Family Welfare",707050,-,293.98,90.45538461538465,150.99680118905297,-315.65999999999997,72.99680118905295,23.0,6.0,42.0,,0,1,Small,0,1,1,0,100,50,0,100,60.0,HIGH,63
1972,Relining of Rajasthan feeder and Sirhind Feeder canal,Department of Water Resources-PB,Punjab,2016-02-01,2018-04-01,2021-06-01,2026-06-01,1441.26,2462.16,2222.34,90.0,Department of Water Resources-PB,701410,-,1020.9,70.8338537113359,90.25977190759336,239.8199999999997,0.2597719075933469,38.0,26.0,96.0,60.0,1,1,Large,0,0,0,0,100,100,0,0,60.0,HIGH,63
424,Kochi - Koottanad - Bangalore - Mangalore Pipeline Phase-II,Ministry of Petroleum & Natural Gas,"Multi-States
(Karnataka,
Kerala, Tamil
Nadu)",2009-06-01,2009-06-01,2012-12-01,2026-09-01,2915.0,5909.0,4790.3,96.6,Ministry of Petroleum & Natural Gas,701228,N16000285,2994.0,102.71012006861064,81.06786258250128,1118.6999999999998,-15.532137417498715,42.0,0.0,202.0,165.0,1,1,Large,0,0,0,1,100,100,0,0,60.0,HIGH,63
510,NMDC Slurry Pipeline Project Phase-1,National Mineral Development Corporation Limited [NMDC],Chhattisgarh,2015-11-01,2020-09-01,2023-06-01,2026-05-01,2907.0,5427.0,3607.64,94.1,National Mineral Development Corporation Limited [NMDC],706811,N12000124,2520.0,86.687306501548,66.47576930163994,1819.36,-27.62423069836005,33.0,58.0,67.0,35.0,1,1,Large,0,0,0,0,100,100,0,0,60.0,HIGH,63
1975,Indiramma Flood Flow Canal Project,Irrigation and CAD-TG,Telangana,1996-04-01,2006-01-01,2019-12-01,2026-12-01,1331.3,5940.09,4491.08,92.0,Irrigation and CAD-TG,400103,-,4608.79,346.1871854578232,75.60626185798532,1449.0100000000002,-16.393738142014683,167.0,117.0,243.0,84.0,1,1,Large,0,0,0,1,100,100,0,0,60.0,HIGH,63
1699,Thumbipadi-Namakkal from km. 180.00 to km. 248.625 Package No. NS-2/BOT/TN- 02,National Highways Authority of India [NHAI],Tamil Nadu,2005-06-01,2006-08-01,2009-02-01,2026-08-01,255.53,395.43,206.64,100.0,National Highways Authority of India [NHAI],619083,-,139.9,54.74895315618519,52.25703664365374,188.79,-47.74296335634626,30.0,14.0,236.0,210.0,1,1,Small,0,0,0,0,100,100,0,0,60.0,HIGH,63
1111,Solan - Kaithlighat Section of NH-22 Now NH-5 from Km. 106.139 to Km.129.05,National Highways Authority of India [NHAI],Himachal Pradesh,2018-03-01,2018-11-01,2021-05-01,2026-11-01,881.74,1519.53,652.04,90.11,National Highways Authority of India [NHAI],619003,N24000852,637.79,72.33311406990723,42.910636841654984,867.49,-47.199363158345015,30.0,8.0,89.0,66.0,1,1,Medium,0,0,0,0,100,100,0,0,60.0,HIGH,63
309,Expansion of Malanjkhand Copper Project,Hindustan Copper Limited [HCL],Madhya Pradesh,2011-09-01,2015-04-01,2020-04-01,2029-03-01,1856.36,3800.0,965.07,84.87,Hindustan Copper Limited [HCL],400426,-,1943.64,104.70167424421987,25.39657894736842,2834.93,-59.473421052631586,60.0,43.0,132.0,107.0,1,1,Large,0,0,0,1,100,100,0,0,60.0,HIGH,63
1976,J. Chokka Rao Devadula Lift Irrigation Scheme,Irrigation and CAD-TG,Telangana,2006-04-01,2006-04-01,2019-12-01,2025-12-01,8200.71,14730.0,4784.54,87.7,Irrigation and CAD-TG,701405,-,6529.290000000001,79.61859399978785,32.4816021724372,9945.46,-55.2183978275628,164.0,0.0,240.0,72.0,1,1,Mega,0,0,0,0,100,100,0,0,60.0,HIGH,63
1327,Kante - Wakad section of NH-66 4L PS from Km.281/300 to 332/200,MoRTH,Maharashtra,2016-03-01,2017-11-01,2019-11-01,2025-11-01,1117.75,2020.56,287.96,90.14,MoRTH,617948,N24001134,902.81,80.7702974726012,14.25149463515065,1732.6,-75.88850536484935,24.0,20.0,101.0,72.0,1,1,Large,0,0,0,0,100,100,0,0,60.0,HIGH,63
1977,Rajiv Bhima Lift Irrigation Scheme,Irrigation and CAD-TG,Telangana,2007-04-01,2008-01-01,2019-12-01,2026-03-01,1402.0,2509.66,1839.76,100.0,Irrigation and CAD-TG,701406,-,1107.66,79.00570613409414,73.30714120637856,669.8999999999999,-26.69285879362144,143.0,9.0,219.0,75.0,1,1,Large,0,0,0,0,100,100,0,0,60.0,HIGH,63
1956,Urmodi Irrigation Project,Department of water resources-MH - II,Maharashtra,2017-04-01,2018-04-01,2022-06-01,2026-12-01,580.79,895.81,713.46,76.22,Department of water resources-MH - II,400105,-,315.02,54.23991459908056,79.64412096315068,182.3499999999999,3.424120963150685,50.0,12.0,96.0,54.0,1,1,Medium,0,0,0,0,100,100,0,0,60.0,HIGH,63
583,4th LINE BETWEEN BAREJADI NANDEJ-SANAND-AHMEDABAD BYPASS,Western Railway WR - II,Gujarat,2023-02-01,2023-02-01,2027-03-01,2028-07-01,961.67,961.67,507.6,21.0,Western Railway WR - II,612072,N22000532,0.0,0.0,52.78317926107709,454.06999999999994,31.783179261077088,49.0,0.0,38.0,16.0,1,0,Medium,1,1,0,0,0,75,100,75,58.75,HIGH,118
1783,Improvement and upgradation to two lane with Paved Shoulder configuration from existing km 55.00 to km 90.00 Design length 34.76 of NH-227A near Chhapia Village to near Sikriganj in the State of UP on EPC Mode.,MoRTH,Uttar Pradesh,2021-11-01,2022-11-01,2024-05-01,2025-07-01,307.11,307.11,125.88,0.0,MoRTH,618110,N24001469,0.0,0.0,40.98857087037218,181.23,40.98857087037218,18.0,12.0,41.0,14.0,1,0,Small,1,1,0,0,0,75,100,75,58.75,HIGH,118
1757,Rehabilitation and upgradation of NH-221 from km 121/0 to 165/0 Rudrampur to Bhadrachalam section to two lane with paved shoulder under NHDPIV in the state of Telangana through EPC mode,MoRTH,Telangana,2015-01-01,2015-02-01,2017-02-01,2026-05-01,295.47,334.82,375.14,82.76,MoRTH,619193,-,39.349999999999966,13.317764916912026,112.04229138044322,-40.31999999999999,29.282291380443212,24.0,1.0,134.0,111.0,1,1,Small,0,1,1,0,50,100,0,75,56.25,HIGH,120
967,4L Greenfield Alignment from Kalyanapur to Tal Dashraha of NH-119D Pkg-III,NHAI,Bihar,2022-03-01,2023-02-01,2025-02-01,2027-06-01,1857.58,1969.3,416.74,32.17,NHAI,618741,N24001697,111.72000000000004,6.014276639498704,21.161834154268018,1552.56,-11.008165845731988,24.0,11.0,38.0,28.0,1,1,Large,0,0,0,0,25,100,75,0,56.25,HIGH,120
624,AURANGABAD-ANKAI - DOUBLING PROJECT 98.25 Km,South Central Railway [SCR] - II,Maharashtra,2023-05-01,2023-05-01,2027-03-01,,960.64,960.64,1304.54,2.02,South Central Railway [SCR] - II,611751,-,0.0,0.0,135.7990506329114,-343.9,133.77905063291138,46.0,0.0,35.0,,0,0,Medium,1,1,1,0,0,50,100,100,55.0,HIGH,122
1851,"Construction of 4/6 lane Highway of Southern Bareilly Bypass, starting at Ch. 237000 of NH 530 near Jhumka chauraha, Dhantiya village and ending at Ch. 267000 of NH 30 near Invertis University including Trumpet Interchange",National Highways Authority of India [NHAI],Uttar Pradesh,2024-12-01,2025-12-01,2028-06-01,2028-06-01,1122.02,1869.59,129.68,10.21,National Highways Authority of India [NHAI],618869,-,747.5699999999999,66.62715459617475,6.936280146984099,1739.91,-3.273719853015902,30.0,12.0,4.0,0.0,0,1,Large,1,0,0,0,100,0,100,0,55.0,HIGH,122
1227,Yekkambi-Haveri,National Highways Authority of India [NHAI],Karnataka,2021-09-01,2022-03-01,2024-03-01,2027-06-01,309.9,309.9,82.28,21.12,National Highways Authority of India [NHAI],619138,N24001682,0.0,0.0,26.55050016134237,227.62,5.430500161342369,24.0,6.0,49.0,39.0,1,0,Small,1,0,0,0,0,100,100,0,55.0,HIGH,122
1752,Hyderabad - Maneguda,National Highways Authority of India [NHAI],Telangana,2021-10-01,2024-11-01,2026-11-01,2027-05-01,958.86,1218.49,193.26,15.78,National Highways Authority of India [NHAI],618944,-,259.63,27.07694553949482,15.860614366962386,1025.23,0.0806143669623864,24.0,37.0,17.0,6.0,1,1,Medium,1,0,0,0,75,25,100,0,55.0,HIGH,122
1978,Saryu Nahar CADWM Project,Irrigation & Water Resources-UP,Uttar Pradesh,2017-04-01,2017-04-01,2019-12-01,2026-03-01,1672.7,1672.7,22.24,1.76,Irrigation & Water Resources-UP,400093,-,0.0,0.0,1.3295868954385126,1650.46,-0.4304131045614874,32.0,0.0,108.0,75.0,1,0,Large,1,0,0,0,0,100,100,0,55.0,HIGH,122
474,Establishment of new GMC Hoshiarpur,"Medical Education, Ministry of Health and Family Welfare",Punjab,2020-01-01,2026-03-01,2028-12-01,,325.0,374.75,1.0,1.0,"Medical Education, Ministry of Health and Family Welfare",707070,-,49.75,15.307692307692308,0.2668445630420279,373.75,-0.733155436957972,33.0,74.0,1.0,,0,1,Small,1,0,0,0,50,50,100,0,55.0,HIGH,122
791,Widening to two lane with paved shoulders from Km 0/0 to 64/020 Pamarru to Akiveedu,MoRTH,Andhra Pradesh,2020-03-01,2021-11-01,2023-11-01,2027-05-01,529.54,588.65,0.0,69.62,MoRTH,617985,N24000983,59.110000000000014,11.162518412206826,0.0,588.65,-69.62,24.0,20.0,53.0,42.0,1,1,Medium,0,0,0,0,50,100,40,0,55.0,HIGH,122
1239,6L of Azhiyur-Vengalam from km. 189.200 to km. 230.400 of NH-66,National Highways Authority of India [NHAI],Kerala,2020-10-01,2021-10-01,2024-07-01,2027-05-01,3205.77,3898.46,776.8,60.07,National Highways Authority of India [NHAI],618597,N24001661,692.69,21.607601293916908,19.925816861016912,3121.66,-40.14418313898309,33.0,12.0,54.0,34.0,1,1,Large,0,0,0,0,50,100,40,0,55.0,HIGH,122
470,Establishment of new GMC Chaibasa [Singhbhum],"Medical Education, Ministry of Health and Family Welfare",Jharkhand,2018-06-01,2023-03-01,2025-09-01,,250.0,454.1,64.0,57.0,"Medical Education, Ministry of Health and Family Welfare",707022,-,204.1,81.64000000000001,14.093811935696982,390.1,-42.90618806430302,30.0,57.0,37.0,,0,1,Small,0,0,0,0,100,50,40,0,55.0,HIGH,122
1548,Widening of existing single lane to intermediate lane road from Mokokchung to Chare via Dikhu in the state of Nagaland on EPC mode,MoRTH,Nagaland,2021-02-01,2023-06-01,2025-06-01,,192.93,192.93,99.65,0.0,MoRTH,618002,N24001418,0.0,0.0,51.65085782408128,93.28,51.65085782408128,24.0,28.0,34.0,,0,0,Small,1,1,0,0,0,50,100,100,55.0,HIGH,122
397,"City Gas Distribution Project at Jammu, Udhampur, Reasi, Samba and Kathua Districts",MinistryofPetroleumNaturalGas,"Jammu and
Kashmir",2022-03-01,2022-03-01,2032-03-01,2034-09-01,538.0,538.0,4.32,0.6,MinistryofPetroleumNaturalGas,709773,N16000527,0.0,0.0,0.8029739776951674,533.68,0.2029739776951674,120.0,0.0,49.0,30.0,1,0,Medium,1,0,0,0,0,100,100,0,55.0,HIGH,122
1557,Construction of 4/6 Laning from Km 132.375 to Km 153.058 Total New Alignment length of 20.683 Km of Daboka-Dimapur Section Dimapur Bypass Nagaland Portion of NH-36 & 39 in the State of Nagaland on EPC basis under PhaseA of SARDP-NE,NHIDCL,Nagaland,2017-02-01,2017-09-01,2020-09-01,2023-02-01,819.39,819.39,0.0,0.0,NHIDCL,618329,N24001281,0.0,0.0,0.0,819.39,0.0,36.0,7.0,103.0,29.0,1,0,Medium,1,0,0,0,0,100,100,0,55.0,HIGH,122
525,Nadikudi - Srikalahasti New Line,South Central Railway [SCR] - II,Andhra Pradesh,2012-03-01,2016-12-01,2027-05-01,2028-03-01,2312.0,5932.0,3069.35,55.01,South Central Railway [SCR] - II,400298,N22000286,3620.0,156.5743944636678,51.74224544841537,2862.65,-3.2677545515846305,125.0,57.0,112.0,10.0,1,1,Large,0,0,0,1,100,50,40,0,55.0,HIGH,122
458,Establishment of new GMC Jamui,"Medical Education, Ministry of Health and Family Welfare",Bihar,2019-03-01,2022-10-01,2025-10-01,,250.0,500.0,102.21,50.0,"Medical Education, Ministry of Health and Family Welfare",707020,-,250.0,100.0,20.442,397.79,-29.558,36.0,43.0,42.0,,0,1,Small,0,0,0,0,100,50,40,0,55.0,HIGH,122
1625,4L of Phagwara - Hoshiarpur,National Highways Authority of India [NHAI],Punjab,2022-11-01,2025-03-01,2027-03-01,2027-07-01,1196.38,1503.79,160.92,13.97,National Highways Authority of India [NHAI],618786,-,307.40999999999985,25.69501329009176,10.700962235418508,1342.87,-3.2690377645814923,24.0,28.0,13.0,4.0,1,1,Large,1,0,0,0,75,25,100,0,55.0,HIGH,122
932,"Construction of Balance Work of 4-Laning of the Section from Jhanji to Demow of NH- 37 Old from Km 514.800 to Km 534.800 20.000 Km, under SARDP- NE under EPC Mode in the state of Assam Pkg-III Road Works",NHIDCL,Assam,2014-10-01,2024-10-01,2025-09-01,,344.71,619.7,46.37,62.9,NHIDCL,619060,N24000320,274.99000000000007,79.77430303733576,7.482652896562852,573.33,-55.417347103437145,11.0,120.0,18.0,,0,1,Small,0,0,0,0,100,50,40,0,55.0,HIGH,122
1460,"Rehabilitation and Up gradation to 2-lane with paved shoulder of Keifang Section Economic Corridor of NH-06 from Existing Chainage Km 30050 Keifang to Km 50360 Keifang, Design Chainage Km 27400 to Km 45040 PkgIII in the State of Mizoram under Bharatmala Pariyojna on EPC Mode Seling-Dulte - III",NHIDCL,Mizoram,2020-03-01,2020-07-01,2022-06-01,2024-12-01,292.23,292.23,0.0,0.0,NHIDCL,618343,N24001281,0.0,0.0,0.0,292.23,0.0,23.0,4.0,69.0,30.0,1,0,Small,1,0,0,0,0,100,100,0,55.0,HIGH,122
311,Pottangi Bauxite Mines Project,National Aluminium Company Limited [NALCO],Odisha,2018-05-01,2018-05-01,2025-03-01,2026-05-01,1381.0,1960.77,770.08,52.1,National Aluminium Company Limited [NALCO],400299,N10000016,579.77,41.981897175959446,39.27436670287693,1190.69,-12.825633297123067,82.0,0.0,95.0,14.0,1,1,Large,0,0,0,0,75,75,40,0,55.0,HIGH,122
744,NATHDWARA- NATHDWARA TOWN NL,North Western Railway [NWR],Rajasthan,2019-03-01,2024-04-01,2027-03-01,,166.33,166.33,109.96,15.0,North Western Railway [NWR],617408,-,0.0,0.0,66.1095412733722,56.37000000000002,51.1095412733722,35.0,61.0,24.0,,0,0,Small,1,1,0,0,0,50,100,100,55.0,HIGH,122
1184,Widening to 2 lane with paved shoulder from Km. 103.225 Pattadakal to Km. 133.00 Shirur cross of NH-367 in the state of Karnataka on EPC Mode.Job No. NH-367-KNT- 2021-22-934,MoRTH,Karnataka,2022-02-01,2022-11-01,2024-05-01,2026-12-01,264.14,264.14,3.58,0.0,MoRTH,618030,N24001940,0.0,0.0,1.355341864162944,260.56,1.355341864162944,18.0,9.0,41.0,31.0,1,0,Small,1,0,0,0,0,100,100,0,55.0,HIGH,122
598,Lodhma - Piska - Link Line bypassing Hatia/Ranchi with Y connection,South Eastern Railway [SER] - I,Jharkhand,2021-08-01,2019-03-01,2026-06-01,2027-05-01,473.0,473.0,306.22,10.0,South Eastern Railway [SER] - I,705785,N22000508,0.0,0.0,64.73995771670191,166.77999999999997,54.73995771670191,87.0,-29.0,85.0,11.0,1,0,Small,1,1,0,0,0,50,100,100,55.0,HIGH,122
1040,Upgradation to two lane with paved Shoulder Configuaration from Km. 0/00 to 47/000 of NH 351 Mahuva to Badhada section in the State of Gujarat,MoRTH,Gujarat,2022-12-01,2024-02-01,2025-08-01,2026-12-01,173.06,219.08,22.53,67.0,MoRTH,618022,N24002118,46.02000000000001,26.59193343349128,10.283914551761914,196.55,-56.71608544823809,18.0,14.0,26.0,16.0,1,1,Small,0,0,0,0,75,75,40,0,55.0,HIGH,122
1673,Construction of Trumpet Interchange Connecting Bangalore Chennai Expressway km.261705 to km. 262800 with Maduravoyal to Walajapet Section of NH 48 near Sriperumbudur Toll Plaza at km. 35700,National Highways Authority of India [NHAI],Tamil Nadu,2023-05-01,2024-02-01,2025-08-01,2026-10-01,162.55,162.56,43.1,24.13,National Highways Authority of India [NHAI],618480,-,0.0099999999999909,0.0061519532451497,26.513287401574804,119.46,2.3832874015748047,18.0,9.0,26.0,14.0,1,1,Small,1,0,0,0,25,75,100,0,55.0,HIGH,122
682,"New line Dahod-Indore via Sardarpur, Jabuwa and Dhar",Western Railway [WR] - II,"Multi-States
(Gujarat, Madhya
Pradesh)",2012-06-01,2012-06-01,2027-02-01,2027-02-01,456.07,3516.77,4157.76,55.0,Western Railway [WR] - II,705453,N22000139,3060.7,671.103120135067,118.22666822112338,-640.9900000000002,63.226668221123376,176.0,0.0,166.0,0.0,0,1,Small,0,1,1,1,100,0,40,100,55.0,HIGH,122
1704,Mahabalipuram - Pondicherry Pkg-II [Mugaiyur to Marakkanam],National Highways Authority of India [NHAI],Tamil Nadu,2019-02-01,2023-12-01,2025-12-01,2027-02-01,1116.13,1463.75,531.32,53.41,National Highways Authority of India [NHAI],619130,N24002111,347.6199999999999,31.145117504233365,36.29854824935953,932.43,-17.11145175064047,24.0,58.0,28.0,14.0,1,1,Large,0,0,0,0,75,75,40,0,55.0,HIGH,122
602,New Railway Line between Ginigera and Raichur [165.57 km],South Western Railway [SWR] - II,Karnataka,2008-03-01,2009-05-01,2019-03-01,2027-03-01,2565.0,3034.98,2293.26,70.0,South Western Railway [SWR] - II,705434,-,469.98,18.32280701754386,75.56095921554673,741.7199999999998,5.560959215546731,118.0,14.0,203.0,96.0,1,1,Large,0,0,0,0,50,100,40,0,55.0,HIGH,122
1172,"Construction of Elevated corridor from Km. 135.650 to 136.300 on 63, from Km. 249 to Km. 250.050 on old NH-4 and from Km. 192.910 to Km. 193.350 on NH-218 from decongestion of traffic in Ranichennamma circle in Hubli city in the state of Karnataka on EPC basis",MoRTH,Karnataka,2020-08-01,2021-06-01,2024-06-01,2026-11-01,298.0,349.49,167.23,52.0,MoRTH,617935,N24001938,51.49000000000001,17.27852348993289,47.84972388337291,182.26,-4.15027611662709,36.0,10.0,58.0,29.0,1,1,Small,0,0,0,0,50,100,40,0,55.0,HIGH,122
1177,Construction of Major Bridge at Km.180.865 across river Krishna on NH 167 Hagari Jadcherla section,MoRTH,Karnataka,2019-03-01,2019-05-01,2021-11-01,2026-03-01,157.32,187.61,103.33,68.0,MoRTH,617989,N24001450,30.29000000000002,19.25375031782356,55.077021480731304,84.28000000000002,-12.922978519268696,30.0,2.0,83.0,52.0,1,1,Small,0,0,0,0,50,100,40,0,55.0,HIGH,122
725,Talcher-Bimlagarh New Railway Line,East Coast Railway [ECoR] - II,Odisha,2004-03-01,2004-12-01,2025-03-01,2029-03-01,1928.0,1928.0,2120.08,56.0,East Coast Railway [ECoR] - II,705359,220100328,0.0,0.0,109.96265560165976,-192.07999999999993,53.96265560165975,243.0,9.0,256.0,48.0,1,0,Large,0,1,1,0,0,100,40,100,55.0,HIGH,122
527,GUNTAKAL WEST-MALLAPPA GATE RAIL OVER RAIL - ROR TRACK,South Central Railway [SCR] - II,Andhra Pradesh,2023-07-01,2023-07-01,2026-07-01,,293.3,293.3,267.51,0.23,South Central Railway [SCR] - II,611754,-,0.0,0.0,91.2069553358336,25.79000000000002,90.9769553358336,36.0,0.0,33.0,,0,0,Small,1,1,0,0,0,50,100,100,55.0,HIGH,122
1129,Construction & Upgradation to 2 lane with paved shoulder from Design Km. 31.449 Khellani Ex. Km 44.946 to Km 51.700 Prem Nagar Ex. Km 68617 of 20.251 Km length on Khellani - Kishtwar - Chattroo section of NH-244 in the UT of J&K on EPC Mode under NHO-Gen PKG- 1,NHIDCL,"Jammu and
Kashmir",2021-02-01,2021-03-01,2022-08-01,2024-10-01,486.45,486.45,0.0,0.0,NHIDCL,618396,N24001323,0.0,0.0,0.0,486.45,0.0,17.0,1.0,61.0,26.0,1,0,Small,1,0,0,0,0,100,100,0,55.0,HIGH,122
606,Hubli-Ankola New Line Project [164.44 km],South Western Railway [SWR] - II,Karnataka,1999-01-01,2000-01-01,2005-03-01,2030-03-01,5174.0,5174.0,178.42,4.7,South Western Railway [SWR] - II,705493,-,0.0,0.0,3.448395825280247,4995.58,-1.2516041747197533,62.0,12.0,315.0,300.0,1,0,Mega,1,0,0,0,0,100,100,0,55.0,HIGH,122
133,BONJEMEHARI EXPANSION OCP,Eastern Coal Fields Limited [ECL],West Bengal,2021-08-01,2021-08-01,2026-03-01,2030-03-01,570.11,570.11,88.78,17.1,Eastern Coal Fields Limited [ECL],400180,N06000244,0.0,0.0,15.572433390047536,481.33,-1.5275666099524656,55.0,0.0,56.0,48.0,1,0,Medium,1,0,0,0,0,100,100,0,55.0,HIGH,122
612,Bangalore Suburban Railway Project,Karnataka Rail Infrastructure Development Company Limited [K-RIDE],Karnataka,2020-10-01,2020-10-01,2026-12-01,2030-03-01,15767.0,15767.0,3224.09,19.95,Karnataka Rail Infrastructure Development Company Limited [K-RIDE],705941,-,0.0,0.0,20.44834147269614,12542.91,0.4983414726961399,74.0,0.0,66.0,39.0,1,0,Mega,1,0,0,0,0,100,100,0,55.0,HIGH,122
1697,Construction of New Double Tier 4L Elevated Corridor from Chennai Port to Maduravoyal in Chennai District from km -0.342 to Km 20.593 and Package IV from Km 14.185 to Km 20.593,National Highways Authority of India [NHAI],Tamil Nadu,2023-03-01,2023-11-01,2026-05-01,2027-11-01,1205.4,1210.21,62.01,7.91,National Highways Authority of India [NHAI],619045,-,4.809999999999945,0.3990376638460216,5.123904115814611,1148.2,-2.7860958841853893,30.0,8.0,29.0,18.0,1,1,Large,1,0,0,0,25,75,100,0,55.0,HIGH,122
135,SIDULI [OC & UG],ECL - CIL,West Bengal,2018-05-01,2018-05-01,2027-03-01,2030-03-01,535.18,535.17,5.74,14.61,ECL - CIL,400182,N06000165,-0.0099999999999909,-0.0018685302141318,1.0725563839527628,529.43,-13.537443616047236,106.0,0.0,95.0,36.0,1,0,Medium,1,0,0,0,0,100,100,0,55.0,HIGH,122
745,Dholpur - Sirmuttra Gauge Conversion,North Central Railway,Rajasthan,2022-03-01,2020-04-01,2019-02-01,2027-02-01,747.0,747.0,491.95,49.5,North Central Railway,705482,N22000158,0.0,0.0,65.85676037483267,255.05,16.356760374832675,-14.0,-23.0,72.0,96.0,1,0,Medium,0,0,0,0,0,100,75,40,54.75,HIGH,158
1143,"4L of Km.165.092 to Km.171.855 North Bound and from Km.166.895 to Km.173.638 South Bound, excl. certain reaches of North Bound and South Bound of Ramban to Banihal Pkg-III of Old NH-1A New NH-44",National Highways Authority of India [NHAI],"Jammu and
Kashmir",2021-07-01,2022-02-01,2024-08-01,2027-06-01,614.48,444.76,257.32,42.8,National Highways Authority of India [NHAI],618545,N24001621,-169.72000000000003,-27.620101549277443,57.85592229517042,187.44,15.055922295170426,30.0,7.0,50.0,34.0,1,0,Medium,0,0,0,0,0,100,75,40,54.75,HIGH,158
921,"Construction of Balance Work of 4-Laning of the Section from Jhanji to Demow of NH- 37 Old from Km 490.800 to Km 501.800 11.000 Km, under SARDP- NE under EPC Mode in the state of Assam Pkg-I Road Works",NHIDCL,Assam,2016-01-01,2024-10-01,2025-09-01,,467.79,476.5,72.13,0.0,NHIDCL,618441,N24000320,8.70999999999998,1.8619465999700675,15.137460650577122,404.37,15.137460650577122,11.0,105.0,18.0,,0,1,Small,1,0,0,0,25,50,100,40,53.5,HIGH,160
148,NLC Talabira Thermal Power Project,NLC India Limited [NLCIL],Odisha,2017-01-01,2024-01-01,2030-03-01,,27212.96,27213.0,3454.06,2.1,NLC India Limited [NLCIL],400231,N06000270,0.0400000000008731,0.0001469887876984,12.692683643846692,23758.94,10.592683643846692,74.0,84.0,27.0,,0,1,Mega,1,0,0,0,25,50,100,40,53.5,HIGH,160
366,"Guwahati Refinery Expansion [1.0 to 1.2 MMTPA] along with installation of CRU, Guwahati Refinery",Ministry of Petroleum & Natural Gas,Assam,2021-05-01,2021-05-01,2023-10-01,2026-05-01,412.3,577.0,457.64,94.9,Ministry of Petroleum & Natural Gas,607701,N16000414,164.7,39.94664079553723,79.31369150779895,119.36,-15.586308492201056,29.0,0.0,59.0,31.0,1,1,Small,0,0,0,0,75,100,0,0,52.5,HIGH,162
701,Ramganjmandi-Bhopal New Line Project [276.50 km],West Central Railway [WCR] - II,"Multi-States
(Madhya Pradesh,
Rajasthan)",2001-03-01,2004-10-01,2025-12-01,2027-12-01,3032.0,5073.0,4139.87,81.0,West Central Railway [WCR] - II,705481,220100314,2041.0,67.31530343007915,81.6059530849596,933.13,0.6059530849595944,254.0,43.0,258.0,24.0,1,1,Large,0,0,0,0,100,75,0,0,52.5,HIGH,162
393,Poly Butadiene Rubber plant at Panipat,Indian Oil Corporation Limited [IOCL],Haryana,2022-03-01,2022-03-01,2025-03-01,2026-12-01,1459.0,2531.44,1473.41,85.9,Indian Oil Corporation Limited [IOCL],611917,N16000458,1072.44,73.50514050719671,58.20442119900137,1058.03,-27.69557880099864,36.0,0.0,49.0,21.0,1,1,Large,0,0,0,0,100,75,0,0,52.5,HIGH,162
396,"Installation of Multiple Effect Evaporator [MEE] for ETP-1, 2 & 4 of Panipat Refinery and Petrochemical Complex.",MinistryofPetroleumNaturalGas,Haryana,2020-12-01,2020-12-01,2023-06-01,2026-06-01,165.13,247.69,174.93,87.1,MinistryofPetroleumNaturalGas,709783,-,82.56,49.99697208260159,70.62457103637611,72.75999999999999,-16.475428963623884,30.0,0.0,64.0,36.0,1,1,Small,0,0,0,0,75,100,0,0,52.5,HIGH,162
1663,Construction/Up gradation of Existing road to 2 Lane with Paved Shoulder including Geometric Improvement from Ranipool to Pakyong Balance work from Km 2.000 to 16.167 of NH-717-A on EPC basis under SARDP-NE Phase A in the State of Sikkim,NHIDCL,Sikkim,2018-03-01,2023-01-01,2024-07-01,2026-12-01,264.84,380.94,0.0,85.15,NHIDCL,618426,-,116.10000000000002,43.837788853647496,0.0,380.94,-85.15,18.0,58.0,39.0,29.0,1,1,Small,0,0,0,0,75,100,0,0,52.5,HIGH,162
497,National Maritime Heritage Complex [NMHC] Phase-I,Indian Port Rail & Ropeway Corporation Ltd. [IPRCL],Gujarat,2019-02-01,2022-01-01,2024-03-01,2026-03-01,573.0,1238.05,614.91,76.12,Indian Port Rail & Ropeway Corporation Ltd. [IPRCL],707215,-,665.05,116.06457242582896,49.66762247082105,623.14,-26.452377529178953,26.0,35.0,51.0,24.0,1,1,Medium,0,0,0,1,100,75,0,0,52.5,HIGH,162
1755,Khammam-Devarapalle Pkg II [4L Access Controlled Greenfield from Somavaram village to Chintagudem village Design Chainage 33604 to 63117],National Highways Authority of India [NHAI],Telangana,2021-01-01,2022-09-01,2024-09-01,2026-05-01,615.78,981.64,431.67,98.02,National Highways Authority of India [NHAI],619128,N24001483,365.86,59.41407645587711,43.97436942259892,549.97,-54.04563057740108,24.0,20.0,43.0,20.0,1,1,Medium,0,0,0,0,100,75,0,0,52.5,HIGH,162
1664,Realignment of NH-717A from Design Ch.0.00 Km 77.800 of NH-10 to Design Ch.2.00 Km 3.100 of NH-717A with two lane paved shoulder including Major Bridge of 680 m in the State of Sikkim on EPC Mode-COS work,NHIDCL,Sikkim,2021-01-01,2021-04-01,2023-04-01,2026-05-01,264.84,380.94,61.11,97.57,NHIDCL,618428,-,116.10000000000002,43.837788853647496,16.041896361631753,319.83,-81.52810363836824,24.0,3.0,60.0,37.0,1,1,Small,0,0,0,0,75,100,0,0,52.5,HIGH,162
310,Expansion of Alumina Refinery Plant with addition of 5th Stream having capacity enhancement of 1.0 Million Tonee Per Annum,National Aluminium Company Limited [NALCO],Odisha,2017-04-01,2017-04-01,2022-12-01,2026-06-01,4103.0,5677.4,4887.6,94.2,National Aluminium Company Limited [NALCO],400141,N10000010,1574.3999999999996,38.371922983183026,86.08870257512243,789.7999999999993,-8.111297424877577,68.0,0.0,108.0,42.0,1,1,Large,0,0,0,0,75,100,0,0,52.5,HIGH,162
1744,Khammam-Devarapalle Pkg I [4L Access Controlled Greenfield from Thallampadu village to Somavaram village Design Chainage 0000 to 33604],National Highways Authority of India [NHAI],Telangana,2021-01-01,2022-10-01,2024-10-01,2026-10-01,797.36,1337.18,635.3,95.8,National Highways Authority of India [NHAI],618746,N24001482,539.82,67.70091301294272,47.51043240251872,701.8800000000001,-48.28956759748127,24.0,21.0,42.0,24.0,1,1,Medium,0,0,0,0,100,75,0,0,52.5,HIGH,162
711,Jharsuguda-Barpali-Sardega Ph II Works- Rail Connectivity for Coal Loading Bulb at Barpali.,South Eastern Railway [SER] - I,Odisha,2021-10-01,2021-10-01,2025-10-01,2026-12-01,808.99,808.99,701.15,38.0,South Eastern Railway [SER] - I,400006,-,0.0,0.0,86.66979814336393,107.84000000000005,48.669798143363934,48.0,0.0,54.0,14.0,1,0,Medium,0,1,0,0,0,75,75,75,52.5,HIGH,162
709,Sivok-Rangpo New Rail Line,Indian Railway Construction International Limited [IRCON],"Multi-States
(Sikkim, West
Bengal)",2009-10-01,2010-05-01,2015-05-01,2027-12-01,7877.0,11775.0,10770.42,93.0,Indian Railway Construction International Limited [IRCON],705432,N22000102,3898.0,49.48584486479624,91.46853503184713,1004.58,-1.531464968152875,60.0,7.0,191.0,151.0,1,1,Mega,0,0,0,0,75,100,0,0,52.5,HIGH,162
1587,6L Greenfield Baunsaguar - Baraja Section of NH-130-CD Road from km 293000 to km 338500 Package OD-6,National Highways Authority of India [NHAI],Odisha,2021-08-01,2022-06-01,2024-05-01,2026-06-01,1265.59,1635.44,874.99,98.96,National Highways Authority of India [NHAI],618678,N24001678,369.85000000000014,29.223524206101516,53.5018099104828,760.45,-45.4581900895172,23.0,10.0,46.0,25.0,1,1,Large,0,0,0,0,75,100,0,0,52.5,HIGH,162
1595,3L Major Bridge over River Brahmani at Km. 401.250 Duburi - Chandikhole Section of NH-200 New NH -53,National Highways Authority of India [NHAI],Odisha,2022-04-01,2022-08-01,2025-01-01,2026-12-01,153.61,103.68,73.59,38.0,National Highways Authority of India [NHAI],618908,N24002081,-49.93000000000001,-32.50439424516633,70.97800925925925,30.090000000000003,32.97800925925925,29.0,4.0,44.0,23.0,1,0,Small,0,1,0,0,0,75,75,75,52.5,HIGH,162
1604,6L of Hatibena - Badakumari Section from Km 146.50 to km 179.00 of NH-130-CD Package OD-2,National Highways Authority of India [NHAI],Odisha,2021-02-01,2022-03-01,2024-03-01,2026-05-01,791.17,1070.63,727.37,99.95,National Highways Authority of India [NHAI],619213,-,279.46000000000015,35.32237066622852,67.93850349794046,343.2600000000001,-32.01149650205954,24.0,13.0,49.0,26.0,1,1,Medium,0,0,0,0,75,100,0,0,52.5,HIGH,162
228,NORTH EASTERN REGION POWER SYSTEM IMPROVEMENT PROJECT [NERPSIP],Power Grid Corporation of India Limited [POWERGRID],"Multi-States
(Assam, Manipur,
Meghalaya,
Mizoram,
Nagaland, Tripura)",2014-12-01,2016-03-01,2018-12-01,2027-03-01,5111.33,6700.0,5577.75,98.5,Power Grid Corporation of India Limited [POWERGRID],607709,N18000250,1588.67,31.08134282075311,83.25,1122.25,-15.25,33.0,15.0,121.0,99.0,1,1,Mega,0,0,0,0,75,100,0,0,52.5,HIGH,162
695,Baiyyappanahalli - Hosur Doubling Project [48 km],Karnataka Rail Infrastructure Development Company Limited [K-RIDE],"Multi-States
(Karnataka, Tamil
Nadu)",2019-04-01,2019-02-01,2024-03-01,2026-01-01,498.7,748.7,698.51,88.0,Karnataka Rail Infrastructure Development Company Limited [K-RIDE],703586,N22000542,250.00000000000009,50.13033888109085,93.29638039268065,50.190000000000055,5.296380392680646,61.0,-2.0,86.0,22.0,1,1,Small,0,0,0,0,100,75,0,0,52.5,HIGH,162
435,Daman Upside Development Project,Oil and Natural Gas Corporation Limited [ONGC],Offshore,2022-06-01,2022-06-01,2025-10-01,2026-12-01,4144.41,6406.9,6136.43,99.9,Oil and Natural Gas Corporation Limited [ONGC],709839,N16000470,2262.49,54.59136523654754,95.77845760039958,270.46999999999935,-4.121542399600429,40.0,0.0,46.0,14.0,1,1,Large,0,0,0,0,100,75,0,0,52.5,HIGH,162
563,Gevra Road-Pendra Road New Railway Line [135 km],Indian Railway Construction International Limited [IRCON],Chhattisgarh,2014-04-01,2014-04-01,2022-03-01,2026-12-01,4970.0,7448.52,5152.72,82.0,Indian Railway Construction International Limited [IRCON],705444,-,2478.5200000000004,49.869617706237435,69.17776954347977,2295.8,-12.82223045652023,95.0,0.0,144.0,57.0,1,1,Large,0,0,0,0,75,100,0,0,52.5,HIGH,162
832,Renigunta - Poyya - Naidupeta km 124.60 to km 183.4 of NH 71,National Highways Authority of India [NHAI],Andhra Pradesh,2020-03-01,2022-01-01,2024-01-01,2026-05-01,1863.09,2510.14,1488.04,98.6,National Highways Authority of India [NHAI],618700,N24001824,647.05,34.729937898866936,59.28115563275356,1022.1,-39.318844367246435,24.0,22.0,51.0,28.0,1,1,Large,0,0,0,0,75,100,0,0,52.5,HIGH,162
827,Six Laning of Vijayawada Bypass from Gollapudi to Chinnakakani in Vijayawada - Gundugolanu Section from km. 30.00 to km. 47.881 Pkg-IV,National Highways Authority of India [NHAI],Andhra Pradesh,2020-01-01,2021-07-01,2024-01-01,2026-05-01,1194.57,1757.82,853.14,99.92,National Highways Authority of India [NHAI],618527,N24001301,563.25,47.15085763077928,48.53397958835376,904.68,-51.38602041164624,30.0,18.0,57.0,28.0,1,1,Large,0,0,0,0,75,100,0,0,52.5,HIGH,162
697,Ratlam-Mhow-Khandwa-Akola Gauge Conversion,Western Railway [WR] - II,"Multi-States
(Madhya Pradesh,
Maharashtra)",2008-04-01,2010-03-01,2027-03-01,2028-09-01,1656.25,6499.86,4606.71,83.0,Western Railway [WR] - II,705457,N22000120,4843.61,292.44437735849056,70.87398805512734,1893.1499999999996,-12.126011944872658,204.0,23.0,193.0,18.0,1,1,Large,0,0,0,1,100,75,0,0,52.5,HIGH,162
450,Durgapur - Haldia Pipeline [Section-3B of JHBDPL Project],Ministry of Petroleum & Natural Gas,West Bengal,2017-03-01,2017-03-01,2020-12-01,2026-09-01,1740.0,2493.15,2363.6,94.7,Ministry of Petroleum & Natural Gas,617302,N16000275,753.1500000000001,43.2844827586207,94.80376230872592,129.55000000000018,0.1037623087259049,45.0,0.0,109.0,69.0,1,1,Large,0,0,0,0,75,100,0,0,52.5,HIGH,162
363,HP-COAT [Crude to Olefins and Aromatics Technology] demo unit at Visakh Refinery,Hindustan Petroleum Corporation Limited,Andhra Pradesh,2021-09-01,2021-09-01,2024-06-01,2027-02-01,160.0,220.0,135.52,91.6,Hindustan Petroleum Corporation Limited,709752,N16000432,60.0,37.5,61.6,84.47999999999999,-29.999999999999993,33.0,0.0,55.0,32.0,1,1,Small,0,0,0,0,75,100,0,0,52.5,HIGH,162
1709,6-laning of km 9.900 to km 19/948 Aramgarh to Shamshabad Section of Hyderabad- Bangalore section of NH-44 Under NHO EPC basis in the state of Telangana,MoRTH,Telangana,2018-01-01,2018-05-01,2020-05-01,2026-06-01,283.15,300.7,480.38,92.62,MoRTH,617913,N24000987,17.55000000000001,6.198128200600393,159.7539075490522,-179.68,67.1339075490522,24.0,4.0,95.0,73.0,1,1,Small,0,1,1,0,25,100,0,100,52.5,HIGH,162
778,Tarakeshwar-Bishnupur New Line [82.47 km],Eastern Railway [ER] - I,West Bengal,2001-03-01,2008-02-01,2019-03-01,2026-02-01,1189.0,1542.0,1390.59,96.9,Eastern Railway [ER] - I,400273,220100272,353.0,29.68881412952061,90.18093385214009,151.41000000000008,-6.719066147859934,133.0,83.0,218.0,83.0,1,1,Large,0,0,0,0,75,100,0,0,52.5,HIGH,162
1529,Thalassery Mahe Bypass Km 170.600 to Km 189.200 of NH-17New NH-66 in Kerala,National Highways Authority of India [NHAI],"Multi-States
(Kerala,
Puducherry)",2017-09-01,2017-12-01,2020-05-01,2026-05-01,1181.12,1573.18,710.24,100.0,National Highways Authority of India [NHAI],619097,-,392.0600000000002,33.19391763749663,45.14677277870301,862.94,-54.85322722129699,29.0,3.0,100.0,72.0,1,1,Large,0,0,0,0,75,100,0,0,52.5,HIGH,162
1028,8L of Dwarka Expressway Pkg-II RuB near Dwarka Sector 21-DL/HR Border from 5.300 Km.to 9.500 Km. of NH-248BB,National Highways Authority of India [NHAI],Delhi,2018-01-01,2019-10-01,2021-10-01,2026-05-01,2067.67,2670.22,1909.28,100.0,National Highways Authority of India [NHAI],619090,N24001781,602.5499999999997,29.141497434310104,71.50272262210605,760.9399999999998,-28.49727737789395,24.0,21.0,78.0,55.0,1,1,Large,0,0,0,0,75,100,0,0,52.5,HIGH,162
1145,Construction of twin tube tunnels on Jammu Kashmir Ring Road NH-244A Between Design Ch. 50600 to 51700 and design Ch. 53535 to 55700 on EPC mode under residual NHDP component of Bharatmala Pariyojna,National Highways Authority of India [NHAI],"Jammu and
Kashmir",2022-11-01,2023-06-01,2025-06-01,2026-12-01,242.65,731.59,655.27,83.87,National Highways Authority of India [NHAI],618549,N24001926,488.94000000000005,201.5001030290542,89.56792739102502,76.32000000000005,5.6979273910250186,24.0,7.0,34.0,18.0,1,1,Small,0,0,0,1,100,75,0,0,52.5,HIGH,162
171,Kiru HE Project,National Hydroelectric Power Corporation Limited [NHPC],"Jammu and
Kashmir",2019-03-01,2020-02-01,2023-09-01,2026-12-01,4287.59,5409.0,3733.26,83.46,National Hydroelectric Power Corporation Limited [NHPC],602532,N18000278,1121.41,26.15478625521563,69.01941209095952,1675.7399999999998,-14.440587909040474,43.0,11.0,74.0,39.0,1,1,Large,0,0,0,0,75,100,0,0,52.5,HIGH,162
167,Dhaulasidh Hydro Electric Project [66 MW],Satluj Jal Vidyut Nigam [SJVN] Thermal Limited,Himachal Pradesh,2020-10-01,2021-05-01,2025-11-01,2027-03-01,687.97,1561.21,1107.31,77.51,Satluj Jal Vidyut Nigam [SJVN] Thermal Limited,602582,N18000291,873.24,126.9299533409887,70.9263968332255,453.9000000000001,-6.583603166774509,54.0,7.0,59.0,16.0,1,1,Medium,0,0,0,1,100,75,0,0,52.5,HIGH,162
1225,Nidagatta-Mysore Pkg II,National Highways Authority of India [NHAI],Karnataka,2018-02-01,2019-12-01,2022-06-01,2026-06-01,2919.8,4113.89,2279.05,99.19,National Highways Authority of India [NHAI],619120,-,1194.09,40.8962942667306,55.39890468631879,1834.84,-43.79109531368121,30.0,22.0,76.0,48.0,1,1,Large,0,0,0,0,75,100,0,0,52.5,HIGH,162
1966,Thoubal Multipurpose Project,Water Resources Department-MN,Manipur,1997-04-01,1997-04-01,2019-12-01,2026-03-01,1449.44,1822.24,1837.91,98.9,Water Resources Department-MN,701400,-,372.7999999999999,25.72027817639916,100.85993063482309,-15.670000000000073,1.9599306348230812,272.0,0.0,348.0,75.0,1,1,Large,0,0,1,0,75,100,0,0,52.5,HIGH,162
1238,6L of Taliparamba to Muzhappilangad from Km 134.650 to Km 170.6 of NH-66,National Highways Authority of India [NHAI],Kerala,2020-08-01,2021-11-01,2024-05-01,2027-12-01,2714.6,3557.65,1040.02,82.87,National Highways Authority of India [NHAI],618596,N24001660,843.0500000000002,31.05614086789951,29.23334223434008,2517.63,-53.63665776565992,30.0,15.0,53.0,43.0,1,1,Large,0,0,0,0,75,100,0,0,52.5,HIGH,162
162,Buxar Thermal Power Project [1320 MW],Satluj Jal Vidyut Nigam [SJVN] Thermal Limited,Bihar,2019-03-01,2019-06-01,2024-01-01,2026-05-01,10439.09,13756.6,13370.07,94.33,Satluj Jal Vidyut Nigam [SJVN] Thermal Limited,602579,N18000194,3317.51,31.77968577720855,97.19022142099064,386.53000000000065,2.860221420990655,55.0,3.0,82.0,28.0,1,1,Mega,0,0,0,0,75,100,0,0,52.5,HIGH,162
1219,4L of 42.000 to km 80.00 of Dodaballapur Bypass to Hoskote section of NH-648 Old NH-207 [Bangalore Ring Road Pkg 2],National Highways Authority of India [NHAI],Karnataka,2020-02-01,2021-02-01,2023-02-01,2026-06-01,1317.74,1846.52,1026.9,99.2,National Highways Authority of India [NHAI],619073,-,528.78,40.12779455734818,55.612720143838146,819.6199999999999,-43.58727985616186,24.0,12.0,62.0,40.0,1,1,Large,0,0,0,0,75,100,0,0,52.5,HIGH,162
975,Simaria Km. 206.050 to Khagaria Km. 266.282,National Highways Authority of India [NHAI],Bihar,2015-12-01,2016-10-01,2019-04-01,2026-07-01,664.02,891.64,351.77,97.67,National Highways Authority of India [NHAI],618840,N24000480,227.62,34.27908797927773,39.45202099502041,539.87,-58.21797900497959,30.0,10.0,114.0,87.0,1,1,Medium,0,0,0,0,75,100,0,0,52.5,HIGH,162
1948,Sardar Sarovar CADWM Project,"Narmada and Water Resources, Water Supply and Kalpsar Department-GJ",Gujarat,2017-04-01,2017-04-01,2019-12-01,2026-03-01,5021.76,6670.31,4956.98,90.3,"Narmada and Water Resources, Water Supply and Kalpsar Department-GJ",400097,-,1648.5500000000002,32.82813196966801,74.31408735126253,1713.3300000000008,-15.985912648737468,32.0,0.0,108.0,75.0,1,1,Mega,0,0,0,0,75,100,0,0,52.5,HIGH,162
1229,BRT Tiger Reserve Boundary Km.287.500 to Bangalore Section Km.458.420 of NH- 209 in Karnataka,National Highways Authority of India [NHAI],Karnataka,2016-04-01,2017-08-01,2019-08-01,2026-05-01,2082.69,2859.93,730.43,99.7,National Highways Authority of India [NHAI],619150,-,777.2399999999998,37.3190441208245,25.54013559772442,2129.5,-74.15986440227559,24.0,16.0,104.0,81.0,1,1,Large,0,0,0,0,75,100,0,0,52.5,HIGH,162
1237,6L of Chengala - Neeleshwaram from km. 56.200 to km. 93.468,National Highways Authority of India [NHAI],Kerala,2020-06-01,2021-10-01,2024-04-01,2027-03-01,1746.45,2538.06,943.25,90.18,National Highways Authority of India [NHAI],618595,N24001664,791.6099999999999,45.32680580606373,37.164212035964475,1594.81,-53.01578796403553,30.0,16.0,54.0,35.0,1,1,Large,0,0,0,0,75,100,0,0,52.5,HIGH,162
1063,Kodinar - Veraval Package VI from km. 221.610 to km. 263.00 of NH-8E & km. 120.900 to km. 121.150 of NH-8D,National Highways Authority of India [NHAI],Gujarat,2016-02-01,2018-02-01,2020-07-01,2026-05-01,894.01,1127.42,457.05,98.79,National Highways Authority of India [NHAI],618833,N24000592,233.41000000000008,26.10820908043535,40.53946177999326,670.3700000000001,-58.250538220006746,29.0,24.0,98.0,70.0,1,1,Medium,0,0,0,0,75,100,0,0,52.5,HIGH,162
1496,6L of Dhanara - Hatibena Section from Km 124.611 to km 146.50 of NH-130-CD Package OD-1,National Highways Authority of India [NHAI],"Multi-States
(Chhattisgarh,
Odisha)",2021-02-01,2022-03-01,2024-03-01,2026-04-01,477.76,638.32,297.98,99.95,National Highways Authority of India [NHAI],618676,N24001669,160.56000000000006,33.60683188211656,46.68191502694573,340.34000000000003,-53.26808497305427,24.0,13.0,49.0,25.0,1,1,Small,0,0,0,0,75,100,0,0,52.5,HIGH,162
152,Ghatampur Thermal Power Plant 3 X 660 MW,NLC India Limited [NLCIL],Uttar Pradesh,2016-07-01,2016-08-01,2020-11-01,2026-03-01,17237.8,21780.9,21237.52,95.68,NLC India Limited [NLCIL],400259,N06000152,4543.100000000002,26.355451391708932,97.50524542144724,543.380000000001,1.825245421447221,51.0,1.0,116.0,64.0,1,1,Mega,0,0,0,0,75,100,0,0,52.5,HIGH,162
1235,Tumkur-Shimoga Pkg-III from Km 121.900 Banawara to Km 170.415 Bettadahalli of Old NH-206,National Highways Authority of India [NHAI],Karnataka,2018-02-01,2021-03-01,2023-03-01,2026-12-01,1444.5,1834.81,890.55,97.3,National Highways Authority of India [NHAI],619220,-,390.30999999999995,27.020422291450323,48.53636071309836,944.26,-48.76363928690163,24.0,37.0,61.0,45.0,1,1,Large,0,0,0,0,75,100,0,0,52.5,HIGH,162
1226,4L of Hubli - Hospet Section of NH-63 from Km 128.850 to Km 272.571,National Highways Authority of India [NHAI],Karnataka,2016-07-01,2017-03-01,2020-03-01,2026-05-01,2531.99,3619.32,1360.9,99.65,National Highways Authority of India [NHAI],619121,-,1087.3300000000004,42.943692510633944,37.60098582054088,2258.42,-62.04901417945913,36.0,8.0,109.0,74.0,1,1,Large,0,0,0,0,75,100,0,0,52.5,HIGH,162
1404,Vadodara Mumbai Expressway Phase II - Pkg XII [Km. 50.700 to Km. 77.000] Masvan - Ganjad,National Highways Authority of India [NHAI],Maharashtra,2020-08-01,2022-03-01,2024-03-01,2026-05-01,1711.38,2388.52,979.26,99.38,National Highways Authority of India [NHAI],619198,-,677.1399999999999,39.566899227523976,40.99861001791905,1409.26,-58.38138998208095,24.0,19.0,49.0,26.0,1,1,Large,0,0,0,0,75,100,0,0,52.5,HIGH,162
1234,4L of Tumkur-Shimoga Pkg-II from Km 65.195 Karadi to Km 121.900 Banawara of NH-206,National Highways Authority of India [NHAI],Karnataka,2018-02-01,2019-10-01,2021-10-01,2026-12-01,1505.85,1989.89,656.52,99.97,National Highways Authority of India [NHAI],619219,-,484.0400000000002,32.14397184314508,32.992778495293706,1333.37,-66.97722150470629,24.0,20.0,78.0,62.0,1,1,Large,0,0,0,0,75,100,0,0,52.5,HIGH,162
1016,4L of Bilaspur to Urga km 0.00 to 70.2 of NH-130A,National Highways Authority of India [NHAI],Chhattisgarh,2020-04-01,2022-03-01,2024-03-01,2026-07-01,1855.59,2523.86,1290.88,94.81,National Highways Authority of India [NHAI],618639,N24001611,668.2700000000002,36.01388237703374,51.1470525306475,1232.98,-43.6629474693525,24.0,23.0,49.0,28.0,1,1,Large,0,0,0,0,75,100,0,0,52.5,HIGH,162
1252,6L of Perole Nileshwar town to Taliparamba from Km 94.248 to Km 134.650 of NH-66,National Highways Authority of India [NHAI],Kerala,2020-06-01,2021-10-01,2024-01-01,2027-03-01,3041.65,3867.66,1007.02,86.65,National Highways Authority of India [NHAI],619206,-,826.0099999999998,27.15664195420248,26.036931891634733,2860.64,-60.61306810836527,27.0,16.0,54.0,38.0,1,1,Large,0,0,0,0,75,100,0,0,52.5,HIGH,162
1069,6L of Chiloda-Naroda section from Km. 540.595 to Km. 555.595 of NH-8Package-VII,National Highways Authority of India [NHAI],Gujarat,2016-11-01,2017-05-01,2019-05-01,2026-05-01,356.6,463.03,103.23,100.0,National Highways Authority of India [NHAI],619067,-,106.42999999999996,29.84576556365674,22.294451763384664,359.79999999999995,-77.70554823661533,24.0,6.0,107.0,84.0,1,1,Small,0,0,0,0,75,100,0,0,52.5,HIGH,162
1314,Dhangaon - Borgaon section km 81.000 to km 139.000 [Indore - Edlabad Pkg IV],National Highways Authority of India [NHAI],Madhya Pradesh,2020-01-01,2021-08-01,2023-08-01,2026-06-01,866.0,1185.04,638.17,99.8,National Highways Authority of India [NHAI],619100,-,319.03999999999996,36.840646651270205,53.852190643353815,546.87,-45.94780935664618,24.0,19.0,56.0,34.0,1,1,Medium,0,0,0,0,75,100,0,0,52.5,HIGH,162
1326,Arawali Kante section of NH-17New NH-66 4L PS from Km.241/300 to 281/300,MoRTH,Maharashtra,2016-03-01,2017-11-01,2019-11-01,2026-03-01,1006.99,1443.09,0.0,80.06,MoRTH,617947,N24000585,436.0999999999999,43.30728209813403,0.0,1443.09,-80.06,24.0,20.0,101.0,76.0,1,1,Large,0,0,0,0,75,100,0,0,52.5,HIGH,162
1024,4 Laning with PS of Pathrapalli-Katghora km 53.3 to km 92.6 Pkg-II of Bilaspur Kathghora,National Highways Authority of India [NHAI],Chhattisgarh,2019-12-01,2020-12-01,2022-12-01,2026-06-01,865.1,1275.26,587.68,93.1,National Highways Authority of India [NHAI],619167,-,410.16,47.41185990058952,46.083151671031786,687.58,-47.01684832896821,24.0,12.0,64.0,42.0,1,1,Medium,0,0,0,0,75,100,0,0,52.5,HIGH,162
1136,Delhi-Amritsar-Katra Expressway Phase-II Pkg-XV [Junction with Hiranagar Road near village Gurha Baildaran to Junction with Jammu Ring Road NH-244A near Jakh village from Km 468100 to Km 503250],National Highways Authority of India [NHAI],"Jammu and
Kashmir",2021-10-01,2022-09-01,2024-09-01,2026-12-01,2714.95,3716.56,1653.54,88.87,National Highways Authority of India [NHAI],618494,N24001552,1001.61,36.89239212508518,44.49114234668618,2063.02,-44.37885765331382,24.0,11.0,43.0,27.0,1,1,Large,0,0,0,0,75,100,0,0,52.5,HIGH,162
1099,Pandoh bypass 221.305 to Takoli 242.000 of NH-21 in the state of Himachal Pradesh,National Highways Authority of India [NHAI],Himachal Pradesh,2017-06-01,2018-03-01,2021-09-01,2026-06-01,3419.95,4465.94,1923.0,95.62,National Highways Authority of India [NHAI],618851,-,1045.9899999999998,30.584950072369477,43.059243966555755,2542.9399999999996,-52.56075603344425,42.0,9.0,97.0,57.0,1,1,Large,0,0,0,0,75,100,0,0,52.5,HIGH,162
1072,Four Laning of Una to Kodinar from km. 180.478 to km. 221.610 Package-V,National Highways Authority of India [NHAI],Gujarat,2016-02-01,2017-02-01,2019-08-01,2025-03-01,877.71,1126.66,630.51,100.0,National Highways Authority of India [NHAI],619145,-,248.95000000000005,28.363582504471868,55.96275717607796,496.1500000000001,-44.03724282392204,30.0,12.0,110.0,67.0,1,1,Medium,0,0,0,0,75,100,0,0,52.5,HIGH,162
1974,Sri Ram Sagar Project Stage - II,Irrigation and CAD-TG,Telangana,1996-04-01,2005-04-01,2019-12-01,2025-12-01,736.13,949.87,971.47,97.0,Irrigation and CAD-TG,400102,-,213.74,29.03563229320908,102.27399538884268,-21.600000000000023,5.273995388842678,176.0,108.0,252.0,72.0,1,1,Medium,0,0,1,0,75,100,0,0,52.5,HIGH,162
1371,Vadodara Mumbai Expressway Phase II - Pkg XIII [Km. 26.582 to Km. 50.700] Shirsad - Masvan,National Highways Authority of India [NHAI],Maharashtra,2020-06-01,2022-02-01,2024-02-01,2026-07-01,3536.9,4679.54,1792.74,90.86,National Highways Authority of India [NHAI],618469,N24001506,1142.64,32.30625689162826,38.310175786508935,2886.8,-52.549824213491064,24.0,20.0,50.0,29.0,1,1,Large,0,0,0,0,75,100,0,0,52.5,HIGH,162
943,Jaynagar-Narahia Section km 156.500 to km 219.945 Lot-III,MoRTH,Bihar,2016-02-01,2016-05-01,2018-11-01,2026-06-01,553.3,706.39,0.0,99.0,MoRTH,618007,N24001792,153.09000000000003,27.668534249051156,0.0,706.39,-99.0,30.0,3.0,119.0,91.0,1,1,Medium,0,0,0,0,75,100,0,0,52.5,HIGH,162
1022,4 laning of Champa - Korba from km 0.00 to km 38.2,National Highways Authority of India [NHAI],Chhattisgarh,2021-02-01,2022-01-01,2024-01-01,2026-05-01,1002.33,1304.47,780.84,98.75,National Highways Authority of India [NHAI],618957,-,302.14,30.14376502748595,59.8587932263678,523.63,-38.8912067736322,24.0,11.0,51.0,28.0,1,1,Large,0,0,0,0,75,100,0,0,52.5,HIGH,162
1077,Delhi-Amritsar-Katra Expressway Phase-I Pkg-I from Jussur Kheri on NH-KMP Expressway to Junction with Rohtak-Panipat road NH-709 near Rukhi Paani village Km 0000 to Km 34000,National Highways Authority of India [NHAI],Haryana,2020-12-01,2021-12-01,2023-12-01,2026-05-01,1866.49,2429.9,1081.52,99.91,National Highways Authority of India [NHAI],618482,-,563.4100000000001,30.1855354167448,44.508827523766406,1348.38,-55.40117247623359,24.0,12.0,52.0,29.0,1,1,Large,0,0,0,0,75,100,0,0,52.5,HIGH,162
15,"Construction of Terminal Building & Associated works at Leh Airport, Ladakh",Airport Authority of India [AAI],Ladakh,2018-07-01,2018-09-01,2021-09-01,2026-07-01,480.0,640.0,501.81,78.9,400010,N04000078,4665,160.0,33.33333333333333,78.40781249999999,138.19,-0.4921875000000142,36.0,2.0,91.0,58.0,1,1,Small,0,0,0,0,75,100,0,0,52.5,HIGH,162
181,Rangit-IV HE Project [120 MW] executed by Jal Power Corporation Ltd. [JPCL] - A wholly owned subsidiary of NHPC Ltd. acquired through NCLT,National Hydroelectric Power Corporation Limited [NHPC],Sikkim,2021-03-01,2021-08-01,2024-05-01,2025-12-01,938.29,1828.11,1625.93,96.53,National Hydroelectric Power Corporation Limited [NHPC],605156,N18000326,889.8199999999999,94.83421969753488,88.94049045188748,202.17999999999984,-7.589509548112517,33.0,5.0,56.0,19.0,1,1,Medium,0,0,0,0,100,75,0,0,52.5,HIGH,162
942,Sitamarhi-Jaynagar Section km 79.400 to km 156.500 Lot-II,MoRTH,Bihar,2016-02-01,2016-06-01,2018-12-01,2026-06-01,369.77,503.28,0.0,98.78,MoRTH,618006,N24001590,133.51,36.10622819590556,0.0,503.28,-98.78,30.0,4.0,118.0,90.0,1,1,Small,0,0,0,0,75,100,0,0,52.5,HIGH,162
1073,Kagvadar - Una Package-IV,National Highways Authority of India [NHAI],Gujarat,2016-02-01,2017-03-01,2019-09-01,2026-05-01,750.53,955.78,363.41,97.93,National Highways Authority of India [NHAI],619146,N24000569,205.25,27.34734121221004,38.02234823913454,592.3699999999999,-59.90765176086547,30.0,13.0,109.0,80.0,1,1,Medium,0,0,0,0,75,100,0,0,52.5,HIGH,162
1027,6L Access Controlled Highway from DND Maharani Bagh - Jn. with Jaitpur - Pushta Road of NH-148NA from km. 0.00 to km. 9.00 in NCR,National Highways Authority of India [NHAI],Delhi,2020-07-01,2022-01-01,2024-07-01,2026-05-01,1467.44,2510.34,1615.84,98.25,National Highways Authority of India [NHAI],618578,N24001773,1042.9,71.06934525432045,64.36737653066913,894.5000000000002,-33.882623469330866,30.0,18.0,51.0,22.0,1,1,Large,0,0,0,0,100,75,0,0,52.5,HIGH,162
53,EPR PUNDI OCP,Ministry of Coal,Jharkhand,2020-11-01,2020-11-01,2027-03-01,,713.35,713.35,236.58,10.19,Ministry of Coal,400154,N06000242,0.0,0.0,33.16464568584846,476.77,22.974645685848465,76.0,0.0,65.0,,0,0,Medium,1,1,0,0,0,50,100,75,51.25,HIGH,228
772,Bhandai - Flyover for Etawah bound down train- 10 Km,North Central Railway [NCR] - II,Uttar Pradesh,2020-07-01,2021-04-01,2026-02-01,2027-02-01,250.18,250.18,139.49,9.0,North Central Railway [NCR] - II,705777,N22000564,0.0,0.0,55.75585578383564,110.69,46.75585578383564,58.0,9.0,60.0,12.0,1,0,Small,1,1,0,0,0,50,100,75,51.25,HIGH,228
753,Coach Production Factory Upgradation Project,CPM/ICF,Tamil Nadu,2017-12-01,2018-07-01,2021-12-01,,520.0,520.0,192.25,0.0,CPM/ICF,705244,-,0.0,0.0,36.97115384615385,327.75,36.97115384615385,41.0,7.0,93.0,,0,0,Medium,1,1,0,0,0,50,100,75,51.25,HIGH,228
762,Anandnagar - Ghugli via Maharajganj New line 52.7 km,Construction NER,Uttar Pradesh,2023-10-01,2023-11-01,2028-03-01,,958.27,958.27,635.41,23.8,Construction NER,617252,-,0.0,0.0,66.30803427009089,322.86,42.50803427009089,52.0,1.0,29.0,,0,0,Medium,1,1,0,0,0,50,100,75,51.25,HIGH,228
532,3rd Line between Gudur Renigunta 83.17 Km,South Central Railway [SCR] - II,Andhra Pradesh,2024-10-01,2024-10-01,2027-03-01,,877.34,877.34,205.35,0.16,South Central Railway [SCR] - II,617216,-,0.0,0.0,23.40597715822828,671.99,23.24597715822828,29.0,0.0,18.0,,0,0,Medium,1,1,0,0,0,50,100,75,51.25,HIGH,228
47,CHANDRAGUPT OCP,Ministry of Coal,Jharkhand,2020-08-01,2020-08-01,2032-03-01,,973.5,973.5,440.75,24.86,Ministry of Coal,400138,N06000238,0.0,0.0,45.27478171545968,532.75,20.41478171545968,139.0,0.0,68.0,,0,0,Medium,1,1,0,0,0,50,100,75,51.25,HIGH,228
752,Redevelopment of Chennai Egmore Station,Ministry of Railways,Tamil Nadu,2022-05-01,2022-10-01,2026-03-01,,842.0,842.0,340.0,0.0,Ministry of Railways,613002,-,0.0,0.0,40.38004750593824,502.0,40.38004750593824,41.0,5.0,42.0,,0,0,Medium,1,1,0,0,0,50,100,75,51.25,HIGH,228
581,Dahod Rolling Stock Workshop Provision of Infrastructure for CBS at,PCE/WR,Gujarat,2022-11-01,2023-03-01,2025-03-01,,158.0,158.0,51.87,10.0,PCE/WR,611978,-,0.0,0.0,32.82911392405063,106.13,22.82911392405063,24.0,4.0,37.0,,0,0,Small,1,1,0,0,0,50,100,75,51.25,HIGH,228
677,Mumbai-Ahmedabad High Speed Rail Project- 508 km,National High Speed Rail Corporation [NHSRC],"Multi-States
(Dadra & Nagar
Haveli and Daman
& Diu, Gujarat,
Maharashtra)",2015-03-01,2017-09-01,2027-08-01,2029-12-01,108000.0,108000.0,90501.89,59.86,National High Speed Rail Corporation [NHSRC],705728,N22000463,0.0,0.0,83.79804629629629,17498.11,23.938046296296292,119.0,30.0,103.0,28.0,1,0,Mega,0,1,0,0,0,100,40,75,51.25,HIGH,228
28,TIRAP OCP,MIS MoCoal Integration Logins,Assam,2022-11-01,2022-11-01,2030-11-01,,289.46,289.46,105.61,3.26,MIS MoCoal Integration Logins,615821,N06000291,0.0,0.0,36.48517929938506,183.84999999999997,33.22517929938506,96.0,0.0,41.0,,0,0,Small,1,1,0,0,0,50,100,75,51.25,HIGH,228
1968,Ken-Betwa Linking Development Project,"Department of Water Resources, River Development, ","Multi-States
(Madhya Pradesh,
Uttar Pradesh)",2022-03-01,,2029-03-01,,21030.0,21030.0,8530.86,0.0,"Department of Water Resources, River Development, ",701530,-,0.0,0.0,40.56519258202568,12499.14,40.56519258202568,,,,,0,0,Mega,1,1,0,0,0,50,100,75,51.25,HIGH,228
651,Doubling between Mudkhed Medchal & Mahbubnagar Dhone section 417.88 Km,South Central Railway [SCR] - II,"Multi-States
(Andhra Pradesh,
Maharashtra,
Telangana)",2023-08-01,2023-08-01,2029-03-01,,4686.09,4686.09,1938.02,2.08,South Central Railway [SCR] - II,617212,-,0.0,0.0,41.356866812203776,2748.07,39.27686681220378,67.0,0.0,32.0,,0,0,Large,1,1,0,0,0,50,100,75,51.25,HIGH,228
628,Doubling between Parbhani Parli Vaijanath stations 64.71 Km,South Central Railway [SCR] - II,Maharashtra,2023-12-01,2023-12-01,2028-03-01,,769.93,769.93,197.06,0.19,South Central Railway [SCR] - II,617215,-,0.0,0.0,25.59453456807762,572.8699999999999,25.40453456807762,51.0,0.0,28.0,,0,0,Medium,1,1,0,0,0,50,100,75,51.25,HIGH,228
626,Redevelopment of Chhatrapati Shivaji Maharaj Terminus [CSMT] and construction of associated infrastructure,Rail Land Development Authority,Maharashtra,2023-04-01,2023-07-01,2027-03-01,,1813.0,1813.0,833.84,23.0,Rail Land Development Authority,613015,-,0.0,0.0,45.992277992278,979.16,22.992277992278,44.0,3.0,33.0,,0,0,Large,1,1,0,0,0,50,100,75,51.25,HIGH,228
668,NER Provision of Automatic Block Signalling on Gorakhpur Cantt[Excl] Chhapra Gramin & Burhwal Jn [Excl] Sitapur Jn section of high density routes,North Eastern Railway [NER],"Multi-States
(Bihar, Uttar
Pradesh)",2022-05-01,2023-06-01,2027-03-01,2028-03-01,380.47,380.47,256.53,20.0,North Eastern Railway [NER],611669,-,0.0,0.0,67.42450127473913,123.94000000000004,47.42450127473913,45.0,13.0,34.0,12.0,1,0,Small,1,1,0,0,0,50,100,75,51.25,HIGH,228
475,Establishment of new GMC Gangtok,"Medical Education, Ministry of Health and Family Welfare",Sikkim,2018-10-01,2018-12-01,2026-12-01,,250.0,635.21,666.21,92.0,"Medical Education, Ministry of Health and Family Welfare",707039,-,385.21,154.08400000000003,104.88027581429763,-31.0,12.880275814297647,96.0,2.0,88.0,,0,1,Small,0,0,1,1,100,50,0,40,51.0,HIGH,243
1953,Bargi Diversion Project Phase - IV [km. 154 to km 197],Water Resources-MP,Madhya Pradesh,2008-04-01,2009-01-01,2019-12-01,2026-03-01,751.03,893.35,814.02,75.0,Water Resources-MP,400115,-,142.32000000000005,18.94997536716244,91.11994179213076,79.33000000000004,16.119941792130746,131.0,9.0,207.0,75.0,1,1,Medium,0,0,0,0,50,100,0,40,51.0,HIGH,243
1952,Omkareshwar CADWM Project,Water resource-mp,Madhya Pradesh,2017-04-01,2017-04-01,2019-12-01,2027-06-01,648.09,648.09,208.06,49.78,Water resource-mp,400096,-,0.0,0.0,32.10356586276597,440.03,-17.676434137234033,32.0,0.0,108.0,90.0,1,0,Medium,0,0,0,0,0,100,75,0,48.75,MEDIUM,245
546,Hajipur-Sagauli New line,East Central Railway [ECR] - I,Bihar,2007-10-01,2004-10-01,2020-03-01,2027-06-01,2067.0,2087.0,2084.14,75.3,East Central Railway [ECR] - I,705366,220100303,20.0,0.9675858732462508,99.86296118830856,2.8600000000001273,24.562961188308577,185.0,-36.0,258.0,87.0,1,1,Large,0,1,0,0,25,100,0,75,48.75,MEDIUM,245
73,NIGAHI EXPANSION [15 TO 25 MTP,Northern Coalfields Limited [NCL],Madhya Pradesh,2020-11-01,2020-11-01,2025-03-01,2028-03-01,1729.68,1729.68,929.02,48.76,Northern Coalfields Limited [NCL],400321,N06000196,0.0,0.0,53.710512927246654,800.6600000000001,4.950512927246656,52.0,0.0,65.0,36.0,1,0,Large,0,0,0,0,0,100,75,0,48.75,MEDIUM,245
1141,4L of twin tube tunnel configuration including approaches from Marog to Digdol from Km.154.210 to Km.158.650 North Bound and from Km.155.940 to Km.160.260 South Bound of Ramban to Banihal Pkg-I of Old NH-1A New NH-44,National Highways Authority of India [NHAI],"Jammu and
Kashmir",2021-07-01,2022-08-01,2025-08-01,2027-12-01,1912.17,1034.3,357.42,27.0,National Highways Authority of India [NHAI],618543,N24001627,-877.8700000000001,-45.90962100650047,34.55670501788649,676.8799999999999,7.556705017886493,36.0,13.0,44.0,28.0,1,0,Large,0,0,0,0,0,100,75,0,48.75,MEDIUM,245
132,MOHANPUR EXPANSION OC -PHASE I,Eastern Coal Fields Limited [ECL],West Bengal,2020-11-01,2020-11-01,2026-03-01,2030-03-01,888.99,888.99,142.55,31.52,Eastern Coal Fields Limited [ECL],400173,N06000236,0.0,0.0,16.035051012947278,746.44,-15.48494898705272,64.0,0.0,65.0,48.0,1,0,Medium,0,0,0,0,0,100,75,0,48.75,MEDIUM,245
650,"Renigunta, Wadi & Gooty Bypass Railway Project",South Central Railway [SCR] - II,"Multi-States
(Andhra Pradesh,
Karnataka)",2016-04-01,2016-04-01,2025-12-01,2026-03-01,302.0,543.0,635.72,89.03,South Central Railway [SCR] - II,705610,N22000587,241.0,79.80132450331125,117.0755064456722,-92.72000000000004,28.04550644567219,116.0,0.0,120.0,3.0,1,1,Small,0,1,1,0,100,25,0,75,48.75,MEDIUM,245
659,Vijayawada - Kazipet Byepass line,South Central Railway [SCR] - II,"Multi-States
(Andhra Pradesh,
Telangana)",2016-04-01,2016-04-01,2025-01-01,2025-12-01,647.0,904.0,1242.64,95.01,South Central Railway [SCR] - II,705632,N22000586,257.0,39.721792890262755,137.46017699115046,-338.6400000000001,42.45017699115046,105.0,0.0,120.0,11.0,1,1,Medium,0,1,1,0,75,50,0,75,48.75,MEDIUM,245
966,4L Greenfield Alignment of Shivrampur to Ramnagar from Km. 55.002 to Km. 109.300 of NH 119 D Pkg-II,National Highways Authority of India [NHAI],Bihar,2022-02-01,2023-07-01,2025-07-01,2027-06-01,1494.31,1546.07,264.72,43.6,National Highways Authority of India [NHAI],618740,N24002066,51.75999999999999,3.463806037569179,17.122122542963776,1281.35,-26.477877457036225,24.0,17.0,33.0,23.0,1,1,Large,0,0,0,0,25,75,75,0,48.75,MEDIUM,245
172,"Ratle HE Project - 850 MW, Ratle Hydroelectric Power Corporation Limited.",National Hydroelectric Power Corporation Limited [NHPC],"Jammu and
Kashmir",2021-02-01,2022-01-01,2026-02-01,2028-11-01,5281.94,5281.94,1566.39,29.85,National Hydroelectric Power Corporation Limited [NHPC],602535,N18000324,0.0,0.0,29.655581093310417,3715.5499999999993,-0.1944189066895845,49.0,11.0,51.0,33.0,1,0,Mega,0,0,0,0,0,100,75,0,48.75,MEDIUM,245
1960,Bodwad Parisar Sinchan Yojna,Department of Water Resources-MH,Maharashtra,2002-05-01,2017-01-01,2027-07-01,,1923.81,1923.81,1949.56,49.5,Department of Water Resources-MH,617422,-,0.0,0.0,101.33848976770057,-25.75,51.83848976770055,126.0,176.0,111.0,,0,0,Large,0,1,1,0,0,50,75,100,48.75,MEDIUM,245
1603,Rehabilitation and Up gradation from 4 to 8 laning of Chandikhole Paradip Section of NH-53 Old NH 5A from Km.60.000 to Km.76.646 Package-4,National Highways Authority of India [NHAI],Odisha,2023-03-01,2024-11-01,2026-10-01,2027-10-01,882.45,1009.92,163.87,32.0,National Highways Authority of India [NHAI],619181,-,127.46999999999991,14.445011048784623,16.22603770595691,846.05,-15.773962294043091,23.0,20.0,17.0,12.0,1,1,Medium,0,0,0,0,50,50,75,0,48.75,MEDIUM,245
1378,6L of Kagal-Satara section from Km 592.500 to Km 658.000 of NH-48 Pkg-I,National Highways Authority of India [NHAI],Maharashtra,2021-12-01,2023-01-01,2025-01-01,2027-02-01,2111.95,1435.46,631.63,49.88,National Highways Authority of India [NHAI],618513,N24001546,-676.4899999999998,-32.03153483747247,44.00192272860268,803.83,-5.8780772713973235,24.0,13.0,39.0,25.0,1,0,Large,0,0,0,0,0,100,75,0,48.75,MEDIUM,245
1550,"Construction of 2-lane with Paved shoulder of Kohima- Bypass Road Connecting NH- 39New NH-02, NH-150New NH-02, NH-61New NH-29, NH-39New NH-02 from Design Km 32.00 to Design Km 43.454Design Length-11.454 Km in the State of Nagaland under SARDP-NE on EPC Mode Package-IV",NHIDCL,Nagaland,2020-07-01,2020-10-01,2022-04-01,2026-12-01,202.36,202.36,94.2,45.52,NHIDCL,618290,N24001258,0.0,0.0,46.55070171970745,108.16,1.0307017197074444,18.0,3.0,66.0,56.0,1,0,Small,0,0,0,0,0,100,75,0,48.75,MEDIUM,245
1553,"Construction of 2-Lane with paved shoulder of Kohima-Bypass Road connecting NH- 39New NH-02, NH-150New NH-02, NH-61New NH-29 and NH-39New NH-02 from design Km 0.00 to Km 10.500 in the State of Nagaland under SARDP-NE on EPC Mode Package-1 -Balance work",NHIDCL,Nagaland,2020-07-01,2023-11-01,2026-11-01,2026-11-01,232.29,350.88,12.48,25.61,NHIDCL,618293,N24001288,118.59,51.052563605837534,3.556771545827633,338.4,-22.05322845417237,36.0,40.0,29.0,0.0,0,1,Small,0,0,0,0,100,0,75,0,48.75,MEDIUM,245
1260,Upgradation and reconstruction of Shahpura-Dindori Section of NH 45 from Km 103.700 Design to Km 164.580 Design including 3 bypasses Total length 60.88km to Two lane with paved shoulder configuration along with One time improvement in 03 nos of bypassed built-up areas in a total length of 12.341 km in the State of Madhya Pradesh on EPC mode,MoRTH,Madhya Pradesh,2022-03-01,2024-01-01,2025-12-01,2027-06-01,241.23,250.09,0.0,29.09,MoRTH,617914,-,8.860000000000014,3.672843344525977,0.0,250.09,-29.09,23.0,22.0,27.0,18.0,1,1,Small,0,0,0,0,25,75,75,0,48.75,MEDIUM,245
965,4L Greenfield Alignment of Amas to Shivrampur from 0.000 Km. to 55.002 Km. of NH 119 D Pkg-I,National Highways Authority of India [NHAI],Bihar,2022-02-01,2023-03-01,2025-03-01,2026-09-01,1390.92,1427.43,341.86,45.35,National Highways Authority of India [NHAI],618739,N24002065,36.50999999999999,2.6248813734794227,23.949335519079742,1085.5700000000002,-21.400664480920256,24.0,13.0,37.0,18.0,1,1,Large,0,0,0,0,25,75,75,0,48.75,MEDIUM,245
1511,Construction of Greenfield Connectivity to Jewar International Airport from DND- Faridabad-Ballabhgarh Bypass KMP Link - Spur to Delhi Mumbai Expressway,National Highways Authority of India [NHAI],"Multi-States
(Haryana, Uttar
Pradesh)",2022-07-01,2023-06-01,2025-06-01,2027-04-01,2920.69,3485.77,1024.9,69.77,National Highways Authority of India [NHAI],619068,N24002048,565.0799999999999,19.347482957794217,29.40239889608322,2460.87,-40.367601103916776,24.0,11.0,34.0,22.0,1,1,Large,0,0,0,0,50,75,40,0,47.5,MEDIUM,261
1706,Construction of New Double Tier 4L Elevated Corridor from Chennai Port to Maduravoyal in Chennai District from km -0.342 to Km 20.593 and Package III from Km 9.700 to Km 14.185,National Highways Authority of India [NHAI],Tamil Nadu,2023-03-01,2023-11-01,2026-05-01,2027-11-01,1299.36,1299.36,146.74,16.88,National Highways Authority of India [NHAI],619139,-,0.0,0.0,11.293252062553874,1152.62,-5.586747937446125,30.0,8.0,29.0,18.0,1,0,Large,1,0,0,0,0,75,100,0,47.5,MEDIUM,261
430,"City Gas Distribution [CGD] Project in Gajapati, Kandhamal, Boudh, & Sonepur GA",Ministry of Petroleum & Natural Gas,Odisha,2022-02-01,2022-02-01,2030-02-01,2031-12-01,514.91,514.91,22.08,5.9,Ministry of Petroleum & Natural Gas,617818,-,0.0,0.0,4.288128022372842,492.83,-1.6118719776271586,96.0,0.0,50.0,22.0,1,0,Medium,1,0,0,0,0,75,100,0,47.5,MEDIUM,261
964,6L Bridge and its approaches across River Ganga as Part of Patna Ring Road NH- 131G starting from Km 8.480 near Sherpur to Km 23.000 near Dighwara,National Highways Authority of India [NHAI],Bihar,2022-09-01,2023-09-01,2027-09-01,2029-03-01,6291.69,3351.62,581.87,19.02,National Highways Authority of India [NHAI],618738,N24002062,-2940.0699999999997,-46.7294161028277,17.360858331195065,2769.75,-1.659141668804935,48.0,12.0,31.0,18.0,1,0,Mega,1,0,0,0,0,75,100,0,47.5,MEDIUM,261
954,Construction of 6-Lane Elevated / Extra Dose Cable Bridge on River Ganga parallel to & Western side of Digha-Sonepur Rail cum-Road Bridge of NH 139W in the State of Bihar,MoRTH,Bihar,2024-01-01,2024-05-01,2027-11-01,2028-12-01,3064.45,3064.45,0.0,10.69,MoRTH,618250,N24002194,0.0,0.0,0.0,3064.45,-10.69,42.0,4.0,23.0,13.0,1,0,Large,1,0,0,0,0,75,100,0,47.5,MEDIUM,261
304,Jalandhar Water Supply Infrastructure Project,Ministry of Housing & Urban Affairs,Punjab,2016-11-01,2020-08-01,2023-08-01,2026-06-01,258.53,266.64,161.02,58.0,Ministry of Housing & Urban Affairs,703021,-,8.110000000000014,3.1369666963215157,60.3885388538854,105.61999999999998,2.3885388538854,36.0,45.0,68.0,34.0,1,1,Small,0,0,0,0,25,100,40,0,47.5,MEDIUM,261
1459,Rehabilitation and upgradation to 2 Lane with Paved shoulder of Economic corridor of NH-6 from Design chaiange Km 0.000 to Km 13.510 Package-1 in the state of Mizoram under Bharatmala Pariyojana on EPC mode,NHIDCL,Mizoram,2020-03-01,2020-07-01,2022-06-01,2024-06-01,206.9,206.9,0.0,0.0,NHIDCL,618342,N24001278,0.0,0.0,0.0,206.9,0.0,23.0,4.0,69.0,24.0,1,0,Small,1,0,0,0,0,75,100,0,47.5,MEDIUM,261
665,Multi tracking of Son Nagar-Andal 374.53 rkm & 814.38 tkm,East Central Railway [ECR] - I,"Multi-States
(Bihar, Jharkhand)",2023-08-01,2023-08-01,2028-03-01,,12333.57,12333.6,816.82,17.5,East Central Railway [ECR] - I,616699,-,0.0300000000006548,0.0002432385756975,6.622721670882791,11516.78,-10.877278329117209,55.0,0.0,32.0,,0,1,Mega,1,0,0,0,25,50,100,0,47.5,MEDIUM,261
1703,Mahabalipuram - Pondicherry Pkg-I [Mamallapuram to Mugaiyur],National Highways Authority of India [NHAI],Tamil Nadu,2019-02-01,2022-05-01,2024-05-01,2026-12-01,1360.54,1477.94,575.41,58.65,National Highways Authority of India [NHAI],619129,N24001721,117.40000000000008,8.628926749672932,38.933244921986,902.53,-19.716755078013996,24.0,39.0,47.0,31.0,1,1,Large,0,0,0,0,25,100,40,0,47.5,MEDIUM,261
1130,Widening and Up-gradation to 2-Lane with Paved Shoulder of configuration and geometric improvement from Km 0.000 to Km 16.990 on Chenani Sudhmahadev section of NH-244 in UT of Jammu and Kashmir to be executed on EPC basis,NHIDCL,"Jammu and
Kashmir",2018-03-01,2018-11-01,2020-11-01,2022-02-01,255.9,255.9,0.0,0.0,NHIDCL,618397,-,0.0,0.0,0.0,255.9,0.0,24.0,8.0,89.0,15.0,1,0,Small,1,0,0,0,0,75,100,0,47.5,MEDIUM,261
82,JAYANT EXPN. [20 TO 38 MTPA],Northern Coalfields Limited [NCL],Madhya Pradesh,2025-02-01,2025-02-01,2032-03-01,,25560.48,25560.5,126.68,1.32,Northern Coalfields Limited [NCL],619032,-,0.0200000000004365,7.824579194301733e-05,0.4956084583634905,25433.82,-0.8243915416365095,85.0,0.0,14.0,,0,1,Mega,1,0,0,0,25,50,100,0,47.5,MEDIUM,261
1110,4L of Shakral Village to Dhalli Section from Km 146.300 to Km 156.560 Shimla Bypass - Pkg II and Shimla connectivity from Km 0.000 to Km 0.725 of NH-5,National Highways Authority of India [NHAI],Himachal Pradesh,2022-04-01,2024-03-01,2027-03-01,2027-12-01,1956.26,2880.72,1236.15,63.17,National Highways Authority of India [NHAI],618922,-,924.4599999999998,47.25649964728614,42.911147213196706,1644.5699999999997,-20.258852786803295,36.0,23.0,25.0,9.0,1,1,Large,0,0,0,0,75,50,40,0,47.5,MEDIUM,261
1088,4/6L of Gurgaon - Pataudi - Rewari from km. 0.00 to km.43.87 of NH-352W,National Highways Authority of India [NHAI],Haryana,2020-05-01,2021-11-01,2023-11-01,2026-08-01,1810.04,1917.5,522.34,72.5,National Highways Authority of India [NHAI],619132,N24001774,107.46000000000004,5.936885372698948,27.240677966101696,1395.16,-45.2593220338983,24.0,18.0,53.0,33.0,1,1,Large,0,0,0,0,25,100,40,0,47.5,MEDIUM,261
901,Dillai to Lahorijan Package-7,NHIDCL,Assam,2021-11-01,2023-01-01,2024-07-01,2025-12-01,204.1,204.1,0.0,0.0,NHIDCL,618325,N24001537,0.0,0.0,0.0,204.1,0.0,18.0,14.0,39.0,17.0,1,0,Small,1,0,0,0,0,75,100,0,47.5,MEDIUM,261
1092,"Improvement/construction of existing CL-5 Road to NH Intermediate lane specification with hard shoulder from Km 133.000 to 166.000 net Length 33.000 kms of NH-505 Sumdo-Kaza-Gramphoo road in the state of Himachal Pradesh on EPC mode under project Deepak, BRO",MoRTH,Himachal Pradesh,2021-03-01,2023-07-01,2026-06-01,2027-09-01,230.55,203.15,15.16,23.24,MoRTH,618216,N24001915,-27.40000000000001,-11.884623725872917,7.462466158011321,187.99,-15.777533841988678,35.0,28.0,33.0,15.0,1,0,Small,1,0,0,0,0,75,100,0,47.5,MEDIUM,261
1958,Purna Barrage-2 [Ner Dhamana] Medium Irrigation Project,Department of water resources-MH - II,Maharashtra,2017-04-01,2018-04-01,2020-06-01,2026-06-01,848.07,888.43,690.49,69.63,Department of water resources-MH - II,400109,-,40.3599999999999,4.759041116888924,77.72024807807031,197.9399999999999,8.090248078070317,26.0,12.0,96.0,72.0,1,1,Medium,0,0,0,0,25,100,40,0,47.5,MEDIUM,261
596,Parasnath-Madhuban-Giridih new line,East Central Railway [ECR] - I,Jharkhand,2019-03-01,2019-03-01,2024-03-01,2026-03-01,902.86,902.86,0.0,0.1,East Central Railway [ECR] - I,705747,-,0.0,0.0,0.0,902.86,-0.1,60.0,0.0,85.0,24.0,1,0,Medium,1,0,0,0,0,75,100,0,47.5,MEDIUM,261
730,Jeypore-Navarangpur New Rail Line Project,East Coast Railway [ECoR] - II,Odisha,2017-07-01,2023-04-01,2028-07-01,2029-12-01,748.0,748.0,15.91,1.97,East Coast Railway [ECoR] - II,705741,N22000517,0.0,0.0,2.127005347593583,732.09,0.1570053475935828,63.0,69.0,36.0,17.0,1,0,Medium,1,0,0,0,0,75,100,0,47.5,MEDIUM,261
1715,Widening and strengthening of existing 2-lane to 2- lane with paved shoulders from km 159/0 to 165/4 and 186/0 to 215/0 of NH-163 on EPC mode int the state of Telangana,MoRTH,Telangana,2018-01-01,2018-06-01,2019-11-01,2020-12-01,230.03,230.03,0.0,0.0,MoRTH,617982,N24000988,0.0,0.0,0.0,230.03,0.0,17.0,5.0,94.0,13.0,1,0,Small,1,0,0,0,0,75,100,0,47.5,MEDIUM,261
1480,4L Access Controlled Greenfield Highway section on NH-163G Khammam Vijayawada from Remidicherla village at Design Ch. 280.200 Km to Jakkampudi village on NH-16 at Design Ch. 309.909 Km Package-III,National Highways Authority of India [NHAI],"Multi-States
(Andhra Pradesh,
Telangana)",2023-03-01,2025-05-01,2027-05-01,2027-12-01,1183.23,1225.14,1.28,2.8,National Highways Authority of India [NHAI],618818,-,41.91000000000008,3.541999442204819,0.1044778555920139,1223.86,-2.695522144407986,24.0,26.0,11.0,7.0,1,1,Large,1,0,0,0,25,50,100,0,47.5,MEDIUM,261
125,Jawahar Khani Open Cast Mine,Singareni Collieries Company Limited [SCCL],Telangana,2021-12-01,2021-12-01,2025-03-01,2027-03-01,297.88,297.88,47.48,20.0,Singareni Collieries Company Limited [SCCL],615818,N06000259,0.0,0.0,15.939304417886396,250.4,-4.060695582113604,39.0,0.0,52.0,24.0,1,0,Small,1,0,0,0,0,75,100,0,47.5,MEDIUM,261
1011,Upgradation of Bilaspur-Takhatpur-Mungeli-Pandariya-Pondi Road on N.H.-130A Package IIIA Takhatpur By-pass from existing Ch. 26.542 to 32.093 [Design Ch. 18.700 to 25.900] & Mungeli By-pass from existing Ch. 45.786 to 56.275 [Design Ch. 29.600 to 51.600] and Package IIIB Pandariya By-Pass from existing Ch. 82.582 to 87.133 [Design Ch. 77.900 to 81.1000 & Pondi By-pass from existing Ch. 103.166 to 104.756 [Design Ch. 97.000 to 103.395] to two lane with paved shoulder configuration in the,MoRTH,Chhattisgarh,2022-03-01,2024-01-01,2025-07-01,2026-12-01,351.19,351.19,11.48,10.0,MoRTH,618018,-,0.0,0.0,3.2688857883197127,339.71,-6.731114211680287,18.0,22.0,27.0,17.0,1,0,Small,1,0,0,0,0,75,100,0,47.5,MEDIUM,261
702,Nimach-Badi Sadri New Rail Line Project,Western Railway [WR] - II,"Multi-States
(Madhya Pradesh,
Rajasthan)",2017-04-01,2021-09-01,2026-03-01,2026-06-01,495.0,825.0,261.69,60.0,Western Railway [WR] - II,705764,N22000503,330.0,66.66666666666666,31.72,563.31,-28.28,54.0,53.0,55.0,3.0,1,1,Small,0,0,0,0,100,25,40,0,47.5,MEDIUM,261
555,JHAJHA - BATIA,East Central Railway [ECR] - I,Bihar,2023-03-01,2023-03-01,2028-03-01,2030-01-01,588.18,588.18,2.38,0.1,East Central Railway [ECR] - I,900874,-,0.0,0.0,0.4046380359753816,585.8,0.3046380359753816,60.0,0.0,37.0,22.0,1,0,Medium,1,0,0,0,0,75,100,0,47.5,MEDIUM,261
262,Patna Metro Rail Project,Patna Metro Rail Corporation Ltd. [PMRCL],Bihar,2019-02-01,2019-02-01,2024-02-01,2027-06-01,13365.77,13365.8,5197.09,50.0,Patna Metro Rail Corporation Ltd. [PMRCL],702627,N28000148,0.0299999999988358,0.000224453959621,38.8834936928579,8168.709999999999,-11.116506307142105,60.0,0.0,86.0,40.0,1,1,Mega,0,0,0,0,25,100,40,0,47.5,MEDIUM,261
141,SHYAMSUNDARPUR UG INCLUDING SA,Eastern Coal Fields Limited [ECL],West Bengal,2020-04-01,2020-04-01,2026-03-01,2028-03-01,483.65,483.65,77.79,16.79,Eastern Coal Fields Limited [ECL],613793,N06000191,0.0,0.0,16.08394500155071,405.86,-0.7060549984492894,71.0,0.0,72.0,24.0,1,0,Small,1,0,0,0,0,75,100,0,47.5,MEDIUM,261
482,350 Bedded [Upgradable to 500 beds] ESI Hospital at Sanand,Employee's State Insurance Company [ESIC],Gujarat,2022-06-01,2023-04-01,2026-03-01,2027-05-01,558.12,558.12,55.81,21.0,Employee's State Insurance Company [ESIC],612186,-,0.0,0.0,9.99964165412456,502.31,-11.00035834587544,35.0,10.0,36.0,14.0,1,0,Medium,1,0,0,0,0,75,100,0,47.5,MEDIUM,261
231,Eastern Region Expansion Scheme-44 [ERES-44],Power Grid Corporation of India Limited [POWERGRID],"Multi-States
(Bihar, West
Bengal)",2024-11-01,2024-11-01,2026-05-01,2027-06-01,408.94,408.94,6.13,1.5,Power Grid Corporation of India Limited [POWERGRID],617270,N18000422,0.0,0.0,1.4989974079327042,402.81,-0.0010025920672958,18.0,0.0,17.0,13.0,1,0,Small,1,0,0,0,0,75,100,0,47.5,MEDIUM,261
1687,Construction of New Double Tier 4L Elevated Corridor from Chennai Port to Maduravoyal in Chennai District from km -0.342 to Km 20.593 and Package II from Km 4.604 to Km 9.700,National Highways Authority of India [NHAI],Tamil Nadu,2023-03-01,2023-11-01,2026-05-01,2027-11-01,1616.97,1616.97,185.63,17.54,National Highways Authority of India [NHAI],618800,N24002109,0.0,0.0,11.480114040458387,1431.34,-6.059885959541612,30.0,8.0,29.0,18.0,1,0,Large,1,0,0,0,0,75,100,0,47.5,MEDIUM,261
1688,Construction of New Double Tier 4-lane Elevated Corridor from Chennai Port to Maduravoyal in Chennai District from Km -0342 to Km 20223 Package 1 from Km - 0342 to Km 4604,National Highways Authority of India [NHAI],Tamil Nadu,2023-03-01,2023-11-01,2026-05-01,2027-11-01,1388.59,1388.59,200.25,21.93,National Highways Authority of India [NHAI],618801,N24002110,0.0,0.0,14.4211034214563,1188.34,-7.5088965785437,30.0,8.0,29.0,18.0,1,0,Large,1,0,0,0,0,75,100,0,47.5,MEDIUM,261
992,4L of Greenfield Alignment from Km. 47.000 to Km. 89.210 of Balbhadarpur to Bela Nawda Section of NH-119D,NHAI,Bihar,2022-03-01,2024-03-01,2026-03-01,2027-08-01,2185.75,2118.46,373.63,24.67,NHAI,619127,-,-67.28999999999996,-3.0785771474322297,17.636868291117132,1744.83,-7.03313170888287,24.0,24.0,25.0,17.0,1,0,Large,1,0,0,0,0,75,100,0,47.5,MEDIUM,261
1414,"Widening/Improvement to 2 Lane with earthen shoulder of Jessami to Laynen bridge Nagaland border section of NH-29 of Imphal -Ukhrul - Jessami Economic Corridor from km 0.000 to km 11.009 in the State of Manipur on EPC mode under Bharatmala Pariyojana, under NHO-NE Package-7",NHIDCL,Manipur,2023-03-01,2024-12-01,2026-06-01,2026-10-01,164.89,164.89,125.76,23.56,NHIDCL,618304,N24002227,0.0,0.0,76.26902783673965,39.12999999999998,52.70902783673965,18.0,21.0,16.0,4.0,1,0,Small,1,1,0,0,0,25,100,100,47.5,MEDIUM,261
154,Shivpur-Kathautia New Rail [BG] Line [49 km] [Package II of Tori-Shivpur-Kathautia line],Ministry of Coal,Jharkhand,2018-02-01,2022-05-01,2025-06-01,2026-06-01,1799.64,2564.34,1713.19,71.0,Ministry of Coal,400416,-,764.7,42.49183169967326,66.80822355849848,851.1500000000001,-4.191776441501517,37.0,51.0,47.0,12.0,1,1,Large,0,0,0,0,75,50,40,0,47.5,MEDIUM,261
1906,Construction of ROB and its approaches in lieu of LC No. 10/B/T at Km 307.050 of NH-60.,MoRTH,West Bengal,2016-03-01,2023-08-01,2025-08-01,2027-03-01,155.87,138.57,0.0,15.7,MoRTH,617931,-,-17.30000000000001,-11.098992750368904,0.0,138.57,-15.7,24.0,89.0,32.0,19.0,1,0,Small,1,0,0,0,0,75,100,0,47.5,MEDIUM,261
1629,4L of Beas-Mehta-Batala-Dera Baba Nanak from intersection with Jalandhar-Amritsar Highway NH-3 near Beas till start of Batala Bypass near Village Acchhal from Km. 0.000 to Km. 31.300 Pkg-1,National Highways Authority of India [NHAI],Punjab,2021-08-01,2023-06-01,2025-06-01,2027-05-01,809.51,966.99,499.54,65.99,National Highways Authority of India [NHAI],618809,N24002101,157.48000000000002,19.45374362268533,51.65927258813432,467.45,-14.330727411865674,24.0,22.0,34.0,23.0,1,1,Medium,0,0,0,0,50,75,40,0,47.5,MEDIUM,261
1626,4L of Fazilka to Abohar section of NH-07 including construction of Greenfield Abohar & Fazilka Bypasses,National Highways Authority of India [NHAI],Punjab,2023-03-01,2024-04-01,2026-04-01,2027-07-01,1409.88,1674.04,569.17,60.0,National Highways Authority of India [NHAI],618793,-,264.15999999999985,18.736346355718204,33.99978495137512,1104.87,-26.00021504862488,24.0,13.0,24.0,15.0,1,1,Large,0,0,0,0,50,75,40,0,47.5,MEDIUM,261
613,Belgaum-Dharwad via Kittur [73.10Km],South Western Railway [SWR] - II,Karnataka,2020-09-01,2025-03-01,2027-12-01,2029-03-01,1591.0,1591.0,0.38,0.0,South Western Railway [SWR] - II,706835,N22000557,0.0,0.0,0.0238843494657448,1590.62,0.0238843494657448,33.0,54.0,13.0,15.0,1,0,Large,1,0,0,0,0,75,100,0,47.5,MEDIUM,261
1741,Improvement of Geometrics of Kalkallu to Gundla Pochanpalli from Km 454.00 to Km 471.00 of NH-44,National Highways Authority of India [NHAI],Telangana,2022-03-01,2023-01-01,2025-01-01,2026-07-01,955.49,903.17,427.43,35.96,National Highways Authority of India [NHAI],618558,N24001555,-52.32000000000005,-5.475724497378313,47.32553118460533,475.7399999999999,11.36553118460533,24.0,10.0,39.0,18.0,1,0,Medium,0,0,0,0,0,75,75,40,47.25,MEDIUM,298
37,KATKONA RO UG MINE,South Eastern Coalfields Limited [SECL],Chhattisgarh,2023-01-01,2023-01-01,2029-03-01,,329.21,329.21,62.03,2.01,South Eastern Coalfields Limited [SECL],615191,N06000274,0.0,0.0,18.84207648613347,267.17999999999995,16.832076486133474,74.0,0.0,39.0,,0,0,Small,1,0,0,0,0,50,100,40,46.0,MEDIUM,299
79,URDHAN EXPANSION OC COST PLUS,Western Coalfields Limited [WCL],Madhya Pradesh,2022-07-01,2023-01-01,2031-03-01,,206.88,206.88,27.32,2.02,Western Coalfields Limited [WCL],615194,N06000265,0.0,0.0,13.205723124516629,179.56,11.185723124516628,98.0,6.0,39.0,,0,0,Small,1,0,0,0,0,50,100,40,46.0,MEDIUM,299
333,Construction of IIT Bhubaneswar -Phase III,"Indian Institute of Technology, Bhubaneshwar",Odisha,2024-02-01,2024-05-01,2026-11-01,,454.27,454.27,100.77,7.0,"Indian Institute of Technology, Bhubaneshwar",611961,-,0.0,0.0,22.18284280273846,353.5,15.18284280273846,30.0,3.0,23.0,,0,0,Small,1,0,0,0,0,50,100,40,46.0,MEDIUM,299
1146,Corridor Efficiency Improvement including removal of black spots in Lakhanpur - Samba section of NH-44 from Chainage Km. 16.300 to Km. 74.100,National Highways Authority of India [NHAI],"Jammu and
Kashmir",2022-06-01,2022-12-01,2024-06-01,2026-09-01,855.74,215.68,197.46,74.63,National Highways Authority of India [NHAI],618550,N24001619,-640.06,-74.79608292238295,91.5522997032641,18.22,16.922299703264102,18.0,6.0,40.0,27.0,1,0,Medium,0,0,0,0,0,100,40,40,46.0,MEDIUM,299
653,Doubling of Kottavalasa-Koraput Rail Line [189 KM],East Coast Railway [ECoR] - II,"Multi-States
(Andhra Pradesh,
Odisha)",2015-12-01,2016-01-01,2022-03-01,2028-03-01,2500.0,2500.0,2163.97,73.0,East Coast Railway [ECoR] - II,705512,N22000377,0.0,0.0,86.55879999999999,336.0300000000002,13.55879999999999,74.0,1.0,123.0,72.0,1,0,Large,0,0,0,0,0,100,40,40,46.0,MEDIUM,299
142,PARASEA-BELBAID UG PROJECT,Eastern Coal Fields Limited [ECL],West Bengal,2023-01-01,2023-01-01,2028-03-01,,389.1,389.1,132.48,22.13,Eastern Coal Fields Limited [ECL],613794,N06000277,0.0,0.0,34.04780262143407,256.62,11.917802621434074,62.0,0.0,39.0,,0,0,Small,1,0,0,0,0,50,100,40,46.0,MEDIUM,299
1085,Jagadhari - Tajewala from Km -0.175 to 32.337 km of NH-344,National Highways Authority of India [NHAI],Haryana,2022-03-01,2023-02-01,2025-02-01,2027-05-01,1269.5,919.43,679.31,63.0,National Highways Authority of India [NHAI],618936,N24001635,-350.07000000000005,-27.57542339503742,73.88381932284133,240.12,10.883819322841331,24.0,11.0,38.0,27.0,1,0,Large,0,0,0,0,0,100,40,40,46.0,MEDIUM,299
123,BALABHADRA OCP,MCL - CIL,Odisha,2023-04-01,2023-04-01,2030-03-01,,978.44,978.44,251.55,15.24,MCL - CIL,616233,N06000288,0.0,0.0,25.70929234291321,726.8900000000001,10.469292342913208,83.0,0.0,36.0,,0,0,Medium,1,0,0,0,0,50,100,40,46.0,MEDIUM,299
1461,Construction of 2-laning with hard shoulder of Lunglei to Chhumkhum from Design Chainage Km 0.000 to Km 37.420 of NH-302 [Lunglei-Tlabung] Package-A,NHIDCL,Mizoram,2021-03-01,2021-06-01,2022-12-01,2026-06-01,698.45,698.45,556.91,64.78,NHIDCL,618362,N24001358,0.0,0.0,79.73512778294794,141.54000000000008,14.95512778294794,18.0,3.0,58.0,42.0,1,0,Medium,0,0,0,0,0,100,40,40,46.0,MEDIUM,299
720,Flyover between Siju and Paradeep coaching Yard to avoid Surface crossing of trains,East Coast Railway [ECoR] - II,Odisha,2023-04-01,2025-10-01,2028-07-01,,200.77,200.77,34.06,5.5,East Coast Railway [ECoR] - II,616694,-,0.0,0.0,16.96468595905763,166.71,11.464685959057627,33.0,30.0,6.0,,0,0,Small,1,0,0,0,0,50,100,40,46.0,MEDIUM,299
657,Rail Connectivity to Errupalem Amravati Namburu 57 Km,South Central Railway [SCR] - II,"Multi-States
(Andhra Pradesh,
Telangana)",2024-11-01,2024-11-01,2027-03-01,,2047.4,2047.4,208.59,0.16,South Central Railway [SCR] - II,617214,-,0.0,0.0,10.188043372081664,1838.81,10.028043372081664,28.0,0.0,17.0,,0,0,Large,1,0,0,0,0,50,100,40,46.0,MEDIUM,299
989,Umagaon - Saharsa Package - I Combined Umagaon-Kaluahi0.000KM to 21.609Km of NH227LSaharghat-Rahika0.000 Km to 26.130KM of NH227JRahika-Rampatti 0.00 KM to 15.00KM of NH527ABideshwarsthan-Bheja0.000KM to 25.915KM of NH527A.,NHAI,Bihar,2022-08-01,2025-01-01,2027-07-01,2027-07-01,1473.2,1703.02,586.95,16.41,NHAI,618954,-,229.8199999999999,15.60005430355688,34.465244095782786,1116.07,18.055244095782783,30.0,29.0,15.0,0.0,0,1,Large,1,0,0,0,50,0,100,40,46.0,MEDIUM,299
741,AJMER- CHANDERIYA DOUBLING,North Western Railway [NWR],Rajasthan,2024-02-01,2024-02-01,2027-06-01,,1634.79,1634.79,377.37,12.0,North Western Railway [NWR],616843,-,0.0,0.0,23.08369882370213,1257.42,11.083698823702129,40.0,0.0,26.0,,0,0,Large,1,0,0,0,0,50,100,40,46.0,MEDIUM,299
655,Doubling between Motumari Vishnupuram - 88.81 Km and Rail over Rail - RoR at Motumari - 10.877 Km,South Central Railway [SCR] - II,"Multi-States
(Andhra Pradesh,
Telangana)",2024-02-01,2025-03-01,2029-03-01,,1595.55,1595.55,212.11,2.04,South Central Railway [SCR] - II,616857,-,0.0,0.0,13.29384851618564,1383.44,11.25384851618564,48.0,13.0,13.0,,0,0,Large,1,0,0,0,0,50,100,40,46.0,MEDIUM,299
120,INTEGRATED KULDA GARJANBAHAL O,Mahanadi Coalfields Limited [MCL],Odisha,2023-04-01,2023-04-01,2033-03-01,,3563.5,3563.5,672.78,6.18,Mahanadi Coalfields Limited [MCL],616226,N06000289,0.0,0.0,18.87975305177494,2890.7200000000003,12.69975305177494,119.0,0.0,36.0,,0,0,Large,1,0,0,0,0,50,100,40,46.0,MEDIUM,299
755,Doubling between Bhadrachalam Road and Dornakal,South Central Railway [SCR] - II,Telangana,2023-08-01,2025-04-01,2029-04-01,,770.12,770.12,87.93,0.05,South Central Railway [SCR] - II,616856,-,0.0,0.0,11.417701137485068,682.19,11.367701137485067,48.0,20.0,12.0,,0,0,Medium,1,0,0,0,0,50,100,40,46.0,MEDIUM,299
91,MAKARDHOKRA EXPN OC 4.9 MTY,Western Coalfields Limited [WCL],Maharashtra,2022-06-01,2022-06-01,2026-03-01,,361.87,361.87,96.64,12.2,Western Coalfields Limited [WCL],615189,N06000253,0.0,0.0,26.705723049713985,265.23,14.505723049713986,45.0,0.0,46.0,,0,0,Small,1,0,0,0,0,50,100,40,46.0,MEDIUM,299
93,GOKUL EXTENSION OC MINE,Western Coalfields Limited [WCL],Maharashtra,2021-04-01,2021-04-01,2026-03-01,,309.58,309.58,57.46,8.44,Western Coalfields Limited [WCL],615192,N06000264,0.0,0.0,18.560630531688098,252.12,10.120630531688096,59.0,0.0,60.0,,0,0,Small,1,0,0,0,0,50,100,40,46.0,MEDIUM,299
765,Doubling between Jaunpur Jn - Zaffarabad 6.28 km,M/S SRC company Infra Private Limited,Uttar Pradesh,2023-03-01,2025-02-01,2027-01-01,,180.66,180.66,43.65,10.5,M/S SRC company Infra Private Limited,617370,-,0.0,0.0,24.161408170043178,137.01,13.661408170043174,23.0,23.0,14.0,,0,0,Small,1,0,0,0,0,50,100,40,46.0,MEDIUM,299
813,Rehabilitation and Up-gradation of Thimmapuram to Gurajanapalli section from Km 26/150 to Km 41/161 of NH - 214 New NH - 216 to two lane with paved shoulder in the state of Andhra Pradesh under NHDP-IV,MoRTH,Andhra Pradesh,2016-08-01,2017-01-01,2018-07-01,2026-07-01,350.61,432.91,233.92,98.2,MoRTH,618238,N24000964,82.30000000000001,23.473374975043495,54.0343258413989,198.99000000000004,-44.1656741586011,18.0,5.0,111.0,96.0,1,1,Small,0,0,0,0,50,100,0,0,45.0,MEDIUM,318
828,6L of Anandapuram Pendurthi Anakapalli Section from km. 681.000 to km. 731.780 of NH-16,National Highways Authority of India [NHAI],Andhra Pradesh,2018-01-01,2019-01-01,2021-07-01,2026-05-01,2527.0,2957.25,994.53,100.0,National Highways Authority of India [NHAI],618579,-,430.25,17.026117926394935,33.63023078873954,1962.72,-66.36976921126046,30.0,12.0,87.0,58.0,1,1,Large,0,0,0,0,50,100,0,0,45.0,MEDIUM,318
1502,Delhi-Amritsar-Katra Expressway Phase-I Pkg-V from Junction with Ambala-Kaithal- Hissar road NH-152 near Kharak Pandwa village to Junction with Patiala-Samana- Patran road SH-10 near Ghagga village Km 120250 to Km 157920,National Highways Authority of India [NHAI],"Multi-States
(Haryana, Punjab)",2021-01-01,2022-05-01,2024-05-01,2026-05-01,1741.86,2281.02,924.51,98.7,National Highways Authority of India [NHAI],618486,N24001632,539.1600000000001,30.95311907960457,40.53055212141937,1356.51,-58.169447878580634,24.0,16.0,47.0,24.0,1,1,Large,0,0,0,0,75,75,0,0,45.0,MEDIUM,318
1388,Tarsod - Fagne section of NH-6,National Highways Authority of India [NHAI],Maharashtra,2016-06-01,2019-01-01,2021-07-01,2026-04-01,2267.99,2560.5,990.0,98.84,National Highways Authority of India [NHAI],618638,-,292.5100000000002,12.897323180437317,38.664323374340945,1570.5,-60.17567662565906,30.0,31.0,87.0,57.0,1,1,Large,0,0,0,0,50,100,0,0,45.0,MEDIUM,318
1618,6L of Jodhpur Romana Bathinda - Mandi Dabwali Punjab Haryana Border section of NH-54 from km. 0.000 to km. 27.400 of NH-54,National Highways Authority of India [NHAI],Punjab,2020-05-01,2023-08-01,2025-08-01,2026-05-01,789.26,1318.91,518.65,99.0,National Highways Authority of India [NHAI],618610,N24002075,529.6500000000001,67.10716367230066,39.32413887225057,800.2600000000001,-59.67586112774943,24.0,39.0,32.0,9.0,1,1,Medium,0,0,0,0,100,50,0,0,45.0,MEDIUM,318
479,Establishment of new GMC Pithoragarh,"Medical Education, Ministry of Health and Family Welfare",Uttarakhand,2021-08-01,2023-04-01,2026-12-01,,325.0,768.89,325.08,84.0,"Medical Education, Ministry of Health and Family Welfare",707087,-,443.89,136.58153846153846,42.279129654436915,443.81,-41.720870345563085,44.0,20.0,36.0,,0,1,Small,0,0,0,1,100,50,0,0,45.0,MEDIUM,318
1233,4L Tumkur-Shimoga Pkg-I from Mallasandra to Karadi village of NH-206 from Km. 12.300 to Km. 65.195,National Highways Authority of India [NHAI],Karnataka,2018-02-01,2019-10-01,2021-10-01,2026-06-01,1364.14,1692.12,552.09,100.0,National Highways Authority of India [NHAI],619218,-,327.9799999999998,24.042986790212133,32.6271186440678,1140.0299999999995,-67.37288135593221,24.0,20.0,78.0,56.0,1,1,Large,0,0,0,0,50,100,0,0,45.0,MEDIUM,318
980,Maheshkunt -Saharsa-Purnea Pkg II,National Highways Authority of India [NHAI],Bihar,2017-03-01,2018-12-01,2020-12-01,2026-09-01,1028.28,1244.09,831.69,91.03,National Highways Authority of India [NHAI],618903,N24000665,215.80999999999997,20.98747422880927,66.85127281788296,412.39999999999986,-24.178727182117044,24.0,21.0,88.0,69.0,1,1,Large,0,0,0,0,50,100,0,0,45.0,MEDIUM,318
785,"Rehabilitation and up-gradation of section to Intermediate/2-Lane with hard shoulder from Km 107.760 to Km 129.445 After Middle strait to Humphrey, Km 130.600 to Km 138.00 After Humphrey to Kadamtala & Km 155.00 to Km 181.0 End of Jarwa to Rangat of NH-04 in UT of A&N on EPC Package-IIIA",NHIDCL,"Andaman &
Nicobar",2018-02-01,2024-03-01,2025-09-01,2026-05-01,207.45,376.48,0.0,78.01,NHIDCL,619184,-,169.03000000000003,81.47987466859486,0.0,376.48,-78.01,18.0,73.0,25.0,8.0,1,1,Small,0,0,0,0,100,50,0,0,45.0,MEDIUM,318
1605,Cuttack-Angul Section of NH-42 New NH-55 from Km.60.200 to Km. 112.000 Pkg-II in the State of Odisha,National Highways Authority of India [NHAI],Odisha,2017-10-01,2018-03-01,2020-09-01,2026-06-01,991.41,1168.82,499.5,99.66,National Highways Authority of India [NHAI],619215,-,177.40999999999997,17.894715607064683,42.73540836056878,669.3199999999999,-56.92459163943121,30.0,5.0,97.0,69.0,1,1,Medium,0,0,0,0,50,100,0,0,45.0,MEDIUM,318
997,Construction of Approach Road to Rail-cum- Road Bridge across river Ganga at Munger Ghat NH-333 B,NHAI,Bihar,2013-07-01,2018-12-01,2021-05-01,2026-06-01,537.88,633.91,200.58,99.99,NHAI,619301,-,96.02999999999996,17.85342455566297,31.641715700967016,433.3299999999999,-68.34828429903298,29.0,65.0,88.0,61.0,1,1,Medium,0,0,0,0,50,100,0,0,45.0,MEDIUM,318
978,Bakhtiyarpur-Rajauli Pkg-III from km. 101.630 to km.152.520,National Highways Authority of India [NHAI],Bihar,2020-09-01,2021-12-01,2024-06-01,2026-05-01,2156.22,3046.61,1668.28,99.14,National Highways Authority of India [NHAI],618862,-,890.3900000000003,41.29402380091087,54.75856771953088,1378.3300000000002,-44.38143228046912,30.0,15.0,52.0,23.0,1,1,Large,0,0,0,0,75,75,0,0,45.0,MEDIUM,318
1700,Start of Karur Bypass - Dindigul from km. 292.600 to km. 305.600 Contract Package No. NS2/BOT/TN-4,National Highways Authority of India [NHAI],Tamil Nadu,2005-08-01,2006-10-01,2009-04-01,2026-10-01,461.54,515.03,42.28,100.0,National Highways Authority of India [NHAI],619084,-,53.48999999999995,11.589461368462093,8.209230530260374,472.75,-91.79076946973964,30.0,14.0,234.0,210.0,1,1,Small,0,0,0,0,50,100,0,0,45.0,MEDIUM,318
844,Khammam-Devarapalle Pkg V [4L Access Controlled Greenfield from Gurvaygudem village to Devarapalle village Design Chainage 132664 to 162126,National Highways Authority of India [NHAI],Andhra Pradesh,2020-12-01,2022-09-01,2024-09-01,2026-06-01,711.94,926.48,422.97,99.66,National Highways Authority of India [NHAI],618749,N24001477,214.53999999999996,30.134561901283806,45.65344098091702,503.51,-54.00655901908298,24.0,21.0,43.0,21.0,1,1,Medium,0,0,0,0,75,75,0,0,45.0,MEDIUM,318
857,Six Laning of Vijayawada Bypass from Chinna Avutapalli to Gollapudi in Vijayawada - Gundugolanu Section from km. 0.00 to km. 30.00 Pkg-III,National Highways Authority of India [NHAI],Andhra Pradesh,2020-01-01,2021-02-01,2023-02-01,2026-05-01,1581.24,1883.71,934.99,98.2,National Highways Authority of India [NHAI],619076,-,302.47,19.12865852116061,49.63555961374097,948.72,-48.56444038625903,24.0,13.0,62.0,39.0,1,1,Large,0,0,0,0,50,100,0,0,45.0,MEDIUM,318
1534,4L of Rajura-Korpana-Adilabad Road upto M.S. Border from km 32.910 to km 89.090 of NH-353B,National Highways Authority of India [NHAI],"Multi-States
(Maharashtra,
Telangana)",2022-03-01,2022-10-01,2024-10-01,2026-05-01,1013.33,1274.63,630.06,100.0,National Highways Authority of India [NHAI],618938,N24001796,261.30000000000007,25.786269033779725,49.43081521696491,644.5700000000002,-50.56918478303509,24.0,7.0,42.0,19.0,1,1,Large,0,0,0,0,75,75,0,0,45.0,MEDIUM,318
1513,4L Poanta SahebMednipur from Km. 435.65 to km. 458.65 of NH-07Pkg-1,NHAI,"Multi-States
(Himachal
Pradesh,
Uttarakhand)",2022-03-01,2023-05-01,2025-05-01,2026-07-01,524.54,657.32,253.88,94.25,NHAI,619291,-,132.7800000000001,25.3136081137759,38.62350149090245,403.44000000000005,-55.62649850909755,24.0,14.0,35.0,14.0,1,1,Medium,0,0,0,0,75,75,0,0,45.0,MEDIUM,318
1280,Indore - Edlabad Pkg-II [Tejajinagar to Balwara],National Highways Authority of India [NHAI],Madhya Pradesh,2022-03-01,2023-01-01,2025-01-01,2026-10-01,1162.8,1530.82,527.99,84.8,National Highways Authority of India [NHAI],618621,N24002070,368.02,31.649466804265565,34.49066513371918,1002.83,-50.309334866280814,24.0,10.0,39.0,21.0,1,1,Large,0,0,0,0,75,75,0,0,45.0,MEDIUM,318
1370,Vadodara Mumbai Expressway Phase II - Pkg XI [Km. 77.000 to Km. 103.400] Ganjad - Talsari,National Highways Authority of India [NHAI],Maharashtra,2020-06-01,2022-05-01,2024-05-01,2026-04-01,1524.71,1913.95,813.35,99.76,National Highways Authority of India [NHAI],618468,N24001504,389.24,25.528789081202323,42.49588547245226,1100.6,-57.26411452754775,24.0,23.0,47.0,23.0,1,1,Large,0,0,0,0,75,75,0,0,45.0,MEDIUM,318
407,"500 KTA PDHPP Project, Usar",Ministry of Petroleum & Natural Gas,Maharashtra,2021-04-01,2021-04-01,2025-04-01,2027-04-01,8797.0,11256.0,8003.66,90.7,Ministry of Petroleum & Natural Gas,400168,N16000430,2459.0,27.95271115152893,71.10572139303483,3252.34,-19.594278606965176,48.0,0.0,60.0,24.0,1,1,Mega,0,0,0,0,75,75,0,0,45.0,MEDIUM,318
1586,6L Greenfield Kaliagura Baunsaguar Section of NH-130-CD Road from km 249000 to km 293000 Package OD-5,National Highways Authority of India [NHAI],Odisha,2021-09-01,2022-05-01,2024-05-01,2026-06-01,1539.75,1918.49,981.3,94.81,National Highways Authority of India [NHAI],618677,N24001667,378.74,24.59749959408995,51.14960203076377,937.19,-43.66039796923623,24.0,8.0,47.0,25.0,1,1,Large,0,0,0,0,50,100,0,0,45.0,MEDIUM,318
1588,6L Greenfield Kandili - Aluru Section of NH-130-CD Road from km 342500 to km 365033 Package-OD-8,National Highways Authority of India [NHAI],Odisha,2021-12-01,2022-10-01,2024-10-01,2026-05-01,1492.74,1912.84,1032.78,97.47,National Highways Authority of India [NHAI],618680,N24001665,420.0999999999999,28.14287819714082,53.99197005499676,880.06,-43.47802994500323,24.0,10.0,42.0,19.0,1,1,Large,0,0,0,0,75,75,0,0,45.0,MEDIUM,318
1598,6L of Badakumari - Karki Section from Km 179.000 to km 226.500 of NH-130-CD Package OD-3,National Highways Authority of India [NHAI],Odisha,2021-03-01,2022-04-01,2024-04-01,2026-05-01,1101.76,1374.43,645.61,99.7,National Highways Authority of India [NHAI],619109,N24001668,272.6700000000001,24.748584083647987,46.97292695881202,728.82,-52.727073041187985,24.0,13.0,48.0,25.0,1,1,Large,0,0,0,0,50,100,0,0,45.0,MEDIUM,318
1253,Start of Kollam Bypass - Kadambattukonam,National Highways Authority of India [NHAI],Kerala,2021-06-01,2022-10-01,2025-03-01,2026-06-01,2641.37,3309.06,891.4,81.8,National Highways Authority of India [NHAI],619207,-,667.69,25.278170040547145,26.93816370812255,2417.66,-54.86183629187745,29.0,16.0,42.0,15.0,1,1,Large,0,0,0,0,75,75,0,0,45.0,MEDIUM,318
1373,Vadodara Mumbai Expressway Phase II - Pkg XV [Km. 20.200 to Km. 43.000 of Spur] Akloli - Amne,National Highways Authority of India [NHAI],Maharashtra,2021-05-01,2022-11-01,2024-05-01,2026-06-01,2610.88,2918.39,621.7,91.5,National Highways Authority of India [NHAI],618471,N24001521,307.50999999999976,11.77802120357886,21.302841635285212,2296.6899999999996,-70.1971583647148,18.0,18.0,41.0,25.0,1,1,Large,0,0,0,0,50,100,0,0,45.0,MEDIUM,318
1600,Cuttack-Angul Section of NH-42 New NH-55 from km 0.400 to km 60.200 Pkg-I in the State of Odisha,National Highways Authority of India [NHAI],Odisha,2017-10-01,2018-01-01,2020-07-01,2026-06-01,999.32,1178.31,512.79,99.0,National Highways Authority of India [NHAI],619119,N24000715,178.9899999999999,17.911179602129437,43.519107874837694,665.52,-55.480892125162306,30.0,3.0,99.0,71.0,1,1,Medium,0,0,0,0,50,100,0,0,45.0,MEDIUM,318
1259,Rehabilitation and upgradation Umaria to Shahdol section of NH-78 from Existing Km. 68/4 to Km. 142/2 to 2LPS including construction of Birshinghpur and Shahdol Bypass on EPC mode under NHDP-IVA,MoRTH,Madhya Pradesh,2015-03-01,2015-08-01,2017-07-01,2026-06-01,511.83,613.16,0.0,94.5,MoRTH,617911,N24000513,101.32999999999998,19.79758904323701,0.0,613.16,-94.5,23.0,5.0,128.0,107.0,1,1,Medium,0,0,0,0,50,100,0,0,45.0,MEDIUM,318
1777,Widening & Strenghteningof section from Bharthana chowk to Kodarkoot km.0.00 to km.40.00 of NH-91-A on EPC mode,MoRTH,Uttar Pradesh,2020-03-01,2023-03-01,2024-09-01,2026-06-01,262.37,343.77,112.46,92.0,MoRTH,618063,N24001587,81.39999999999998,31.024888516217548,32.713733019169794,231.31,-59.286266980830206,18.0,36.0,37.0,21.0,1,1,Small,0,0,0,0,75,75,0,0,45.0,MEDIUM,318
1602,4 Laning of Duburi Chandikhole from km 388.376 to km 428.074 Pkg-III,National Highways Authority of India [NHAI],Odisha,2018-01-01,2020-02-01,2022-08-01,2026-06-01,789.0,907.61,572.09,86.0,National Highways Authority of India [NHAI],619158,N24000733,118.61,15.032953105196452,63.03258007293881,335.52,-22.967419927061187,30.0,25.0,74.0,46.0,1,1,Medium,0,0,0,0,50,100,0,0,45.0,MEDIUM,318
1771,"Construction of four-lane elevated viaduct from km.4634 to km.6345 on NH-24A including Retaining wall, service lane, at grade road and improvement of junctions, on EPC mode",MoRTH,Uttar Pradesh,2021-03-01,2022-03-01,2023-09-01,2024-12-01,185.09,269.81,175.09,100.0,MoRTH,618008,N24001730,84.72,45.7723269760657,64.89381416552389,94.72,-35.10618583447611,18.0,12.0,49.0,15.0,1,1,Small,0,0,0,0,75,75,0,0,45.0,MEDIUM,318
998,4L of Munger Mirzachauki section from start of existing Bhagalpur bypass to Rasulpur from Km 125000 to Km 157350 Pkg-3,NHAI,Bihar,2021-01-01,2022-04-01,2024-04-01,2026-06-01,1769.5,2024.59,574.08,75.04,NHAI,619305,-,255.08999999999992,14.415936705283974,28.355370717034067,1450.5099999999998,-46.68462928296594,24.0,15.0,48.0,26.0,1,1,Large,0,0,0,0,50,100,0,0,45.0,MEDIUM,318
465,Establishment of new GMC Panchmahal,"Medical Education, Ministry of Health and Family Welfare",Gujarat,2022-09-01,2022-09-01,2026-03-01,,325.0,663.5,455.34,87.5,"Medical Education, Ministry of Health and Family Welfare",707049,-,338.5,104.15384615384616,68.62697814619442,208.16000000000005,-18.873021853805582,42.0,0.0,43.0,,0,1,Small,0,0,0,1,100,50,0,0,45.0,MEDIUM,318
1660,4L Greenfield spur from Delhi-Vadodara Greenfield expressway near Bandikui to Jaipur,National Highways Authority of India [NHAI],Rajasthan,2022-03-01,2022-11-01,2024-11-01,2026-05-01,1636.15,2170.39,1205.29,100.0,National Highways Authority of India [NHAI],619063,N24001557,534.2399999999998,32.65226293432752,55.53333732647128,965.1,-44.46666267352872,24.0,8.0,41.0,18.0,1,1,Large,0,0,0,0,75,75,0,0,45.0,MEDIUM,318
999,4L of Munger Mirzachauki section from Km 95580 to Km 125000 Pkg-2,NHAI,Bihar,2021-02-01,2022-03-01,2024-03-01,2026-06-01,1020.84,1235.65,478.11,93.13,NHAI,619306,-,214.8100000000001,21.04247482465421,38.69299558936592,757.5400000000001,-54.437004410634074,24.0,13.0,49.0,27.0,1,1,Large,0,0,0,0,50,100,0,0,45.0,MEDIUM,318
1052,Ahmedabad - Dholera Pkg II from km. 22.00 to km. 48.52 [Sindhrej Village - Vejallka Village],National Highways Authority of India [NHAI],Gujarat,2020-05-01,2022-01-01,2024-01-01,2026-05-01,1415.34,1729.69,1354.93,100.0,National Highways Authority of India [NHAI],618502,N24001444,314.35000000000014,22.210210974041583,78.33368985193879,374.76,-21.666310148061218,24.0,20.0,51.0,28.0,1,1,Large,0,0,0,0,50,100,0,0,45.0,MEDIUM,318
1106,"4L of Bhangbar Near Ranital to Kangra Bypass Section of Old NH-88 New NH- 303,503 up to Intersection with NH-154 from Km 175.270 to Km 193.400 Pkg-VB",National Highways Authority of India [NHAI],Himachal Pradesh,2021-03-01,2022-12-01,2024-12-01,2026-06-01,1322.95,1829.49,824.55,97.45,National Highways Authority of India [NHAI],618889,N24001808,506.54,38.28867304130919,45.06993752357214,1004.94,-52.38006247642786,24.0,21.0,40.0,18.0,1,1,Large,0,0,0,0,75,75,0,0,45.0,MEDIUM,318
1696,Salem - Ulundurpet section from km 0.313 to km 136.670 of NH-68,National Highways Authority of India [NHAI],Tamil Nadu,2006-12-01,2008-01-01,2011-01-01,2026-05-01,861.23,1019.85,137.29,100.0,National Highways Authority of India [NHAI],618943,-,158.62,18.417844246020227,13.461783595626803,882.5600000000001,-86.5382164043732,36.0,13.0,219.0,184.0,1,1,Medium,0,0,0,0,50,100,0,0,45.0,MEDIUM,318
636,3rd Line Wardha - Sewagram - Nagpur,Central Railway [CR] - II,Maharashtra,2015-09-01,2016-05-01,2025-12-01,2026-10-01,540.02,916.53,835.39,88.0,Central Railway [CR] - II,705500,N22000250,376.51,69.72149179660012,91.14704374106684,81.13999999999999,3.1470437410668524,115.0,8.0,119.0,10.0,1,1,Medium,0,0,0,0,100,50,0,0,45.0,MEDIUM,318
639,4th Line Wardha - Nagpur [78.7 Kilometres],Central Railway [CR] - II,Maharashtra,2017-04-01,2018-05-01,2025-12-01,2026-10-01,637.95,1214.69,1047.02,88.0,Central Railway [CR] - II,705505,N22000362,576.74,90.40520416960575,86.19647811375741,167.67000000000007,-1.803521886242592,91.0,13.0,95.0,10.0,1,1,Medium,0,0,0,0,100,50,0,0,45.0,MEDIUM,318
640,3rd Line Manmad - Jalgaon [160 Kilometres],Central Railway [CR] - II,Maharashtra,2017-05-01,2018-04-01,2024-12-01,2025-08-01,1035.16,1870.0,1865.44,100.0,Central Railway [CR] - II,705506,N22000361,834.8399999999999,80.64840217937322,99.75614973262032,4.559999999999945,-0.2438502673796705,80.0,11.0,96.0,8.0,1,1,Large,0,0,0,0,100,50,0,0,45.0,MEDIUM,318
1078,Delhi-Amritsar-Katra Expressway Phase-I Pkg-II from Junction with Rohtak-Panipat road NH-709 near Rukhi Paani village to Junction with Jind-Panipat road NH-352A near Gangana village Km 34000 to Km 60800,National Highways Authority of India [NHAI],Haryana,2020-12-01,2022-01-01,2024-01-01,2026-05-01,1533.87,1792.53,971.07,99.89,National Highways Authority of India [NHAI],618483,-,258.6600000000001,16.863228304875907,54.173151913775506,821.4599999999999,-45.716848086224495,24.0,13.0,51.0,28.0,1,1,Large,0,0,0,0,50,100,0,0,45.0,MEDIUM,318
1138,Delhi-Amritsar-Katra Expressway Phase-II Pkg-XVI Existing Jakh Vijaypur-Kunjwani section of NH-44 including spur Connectivity to Jammu Airport NH-144A [Km 503500 to km 514500],National Highways Authority of India [NHAI],"Jammu and
Kashmir",2021-09-01,2022-09-01,2024-09-01,2026-09-01,1821.72,2522.56,1174.58,94.14,National Highways Authority of India [NHAI],618496,N24001550,700.8399999999999,38.471334782513225,46.56301534948624,1347.98,-47.576984650513765,24.0,12.0,43.0,24.0,1,1,Large,0,0,0,0,75,75,0,0,45.0,MEDIUM,318
1521,Six Laning of KT/KL Border Thalapaddy -Chengala from Km. 17.200 to Km. 57.20,National Highways Authority of India [NHAI],"Multi-States
(Karnataka,
Kerala)",2020-05-01,2021-11-01,2024-05-01,2026-05-01,1981.07,2681.48,1060.49,99.2,National Highways Authority of India [NHAI],619205,-,700.4100000000001,35.35513636570137,39.548682071095065,1620.99,-59.65131792890494,30.0,18.0,53.0,24.0,1,1,Large,0,0,0,0,75,75,0,0,45.0,MEDIUM,318
666,Koderma-Tilaiya New Line,East Central Railway [ECR] - I,"Multi-States
(Bihar, Jharkhand)",2004-11-01,2002-03-01,2025-02-01,2026-02-01,1626.0,2486.62,2215.44,95.5,East Central Railway [ECR] - I,705375,220100305,860.6199999999999,52.92865928659286,89.09443340759748,271.17999999999984,-6.405566592402522,275.0,-32.0,289.0,12.0,1,1,Large,0,0,0,0,100,50,0,0,45.0,MEDIUM,318
1708,"Balance works of four lane from km 43.950 Thiruvallur Bypass to km 61.470 Veppampattu Bypass passing through Thannerkulam, Thozur and Sevapet Bypass 17.520 kms of Tirupathi- Tiruttani- Chennai section of NH 205",National Highways Authority of India [NHAI],Tamil Nadu,2022-03-01,2022-09-01,2024-09-01,2026-05-01,467.99,699.68,450.86,97.92,National Highways Authority of India [NHAI],619222,-,231.6899999999999,49.507468108292905,64.43802881317174,248.8199999999999,-33.48197118682826,24.0,6.0,43.0,20.0,1,1,Small,0,0,0,0,75,75,0,0,45.0,MEDIUM,318
676,Jharsuguda-Bilaspur Fourth Railway Line [206 km],SECR,"Multi-States
(Chhattisgarh,
Odisha)",2016-09-01,2016-09-01,2024-10-01,2026-03-01,2140.0,2979.0,2260.48,97.0,SECR,705616,N22000484,839.0,39.205607476635514,75.88049681101042,718.52,-21.119503188989583,97.0,0.0,115.0,17.0,1,1,Large,0,0,0,0,75,75,0,0,45.0,MEDIUM,318
1061,Pipli Bhavnagar-Package 1 from km 136.025 to km 169.328,National Highways Authority of India [NHAI],Gujarat,2018-03-01,2019-02-01,2021-09-01,,819.14,1297.38,188.7,100.0,National Highways Authority of India [NHAI],618699,-,478.2400000000001,58.38318236198942,14.54469777551681,1108.68,-85.45530222448319,31.0,11.0,86.0,,0,1,Medium,0,0,0,0,100,50,0,0,45.0,MEDIUM,318
1054,Ahmedabad - Dholera Pkg IV from km. 71.06 to km. 109.019 [Start of DSIR zone - Adhelai Village],National Highways Authority of India [NHAI],Gujarat,2020-05-01,2021-12-01,2023-12-01,2026-05-01,1181.76,1358.73,1204.33,97.92,National Highways Authority of India [NHAI],618504,N24001446,176.97000000000003,14.975121852152723,88.63644727061299,154.4000000000001,-9.283552729387011,24.0,19.0,52.0,29.0,1,1,Large,0,0,0,0,50,100,0,0,45.0,MEDIUM,318
1053,Ahmedabad - Dholera Pkg III from km. 48.52 to km. 71.06 [Vejallka Village - Start of DSIR zone],National Highways Authority of India [NHAI],Gujarat,2020-05-01,2021-07-01,2023-07-01,2026-05-01,1034.04,1155.41,955.74,100.0,National Highways Authority of India [NHAI],618503,N24001445,121.37000000000012,11.737456964914328,82.71868860404531,199.67000000000007,-17.28131139595469,24.0,14.0,57.0,34.0,1,1,Large,0,0,0,0,50,100,0,0,45.0,MEDIUM,318
1722,"Construction of 4-lane flyover at Amberpet-X road, Hyderabad on NH-202 in the State of Telangana",MoRTH,Telangana,2018-05-01,2021-06-01,2023-06-01,2026-06-01,216.53,265.88,154.05,92.1,MoRTH,618001,N24001416,49.349999999999994,22.79129912714173,57.93967203249587,111.82999999999998,-34.160327967504124,24.0,37.0,58.0,36.0,1,1,Small,0,0,0,0,50,100,0,0,45.0,MEDIUM,318
1753,4L of Kodad Design Km 0.00/Existing Km 185.00 of NH-65 to Khammam Design Km 31.800/Existing Km 29.400 of NH-365A,National Highways Authority of India [NHAI],Telangana,2021-01-01,2022-01-01,2024-05-01,2026-05-01,1149.17,1606.99,787.84,99.98,National Highways Authority of India [NHAI],618945,N24001522,457.81999999999994,39.83918828371781,49.02581845562201,819.15,-50.954181544377995,28.0,12.0,51.0,24.0,1,1,Large,0,0,0,0,75,75,0,0,45.0,MEDIUM,318
1400,Satara Km 725.000 to Pune Km 865.350 of NH - 4 New NH - 48 in Maharashtra,National Highways Authority of India [NHAI],Maharashtra,2009-09-01,2010-10-01,2022-05-01,2026-06-01,361.72,425.51,64.35,99.05,National Highways Authority of India [NHAI],619069,-,63.78999999999997,17.63518743779718,15.123028835985052,361.16,-83.92697116401494,139.0,13.0,186.0,49.0,1,1,Small,0,0,0,0,50,100,0,0,45.0,MEDIUM,318
557,Doubling of Kirandul-Jagdalpur Line [150 km],East Coast Railway [ECoR] - II,Chhattisgarh,2013-02-01,2013-03-01,2020-03-01,2027-04-01,1589.0,1798.0,1656.54,97.6,East Coast Railway [ECoR] - II,400291,N22000318,209.0,13.1529263687854,92.13236929922137,141.46000000000004,-5.467630700778642,84.0,1.0,157.0,85.0,1,1,Large,0,0,0,0,50,100,0,0,45.0,MEDIUM,318
556,Kharsia-Dharamjaygarh with Spur line [East Corridor-Phase 1],Indian Railway Construction International Limited [IRCON],Chhattisgarh,2016-03-01,2014-01-01,2018-09-01,2026-12-01,3055.0,3798.06,2695.19,95.1,Indian Railway Construction International Limited [IRCON],400220,N22000489,743.06,24.322749590834693,70.96228074332686,1102.87,-24.137719256673137,56.0,-26.0,147.0,99.0,1,1,Large,0,0,0,0,50,100,0,0,45.0,MEDIUM,318
549,Jogbani-Biratnagar New Rail Line project,Indian Railway Construction International Limited [IRCON],Bihar,2010-06-01,2011-01-01,2022-03-01,2026-12-01,402.0,486.0,369.28,86.26,Indian Railway Construction International Limited [IRCON],705450,N22000207,84.0,20.8955223880597,75.9835390946502,116.72000000000004,-10.276460905349808,134.0,7.0,183.0,57.0,1,1,Small,0,0,0,0,50,100,0,0,45.0,MEDIUM,318
1197,Davanagere - Haveri of NH-48 Old NH-4 from km. 260.00 to km. 338.923,National Highways Authority of India [NHAI],Karnataka,2017-01-01,2018-01-01,2020-07-01,2026-09-01,1454.67,1805.84,690.56,98.87,National Highways Authority of India [NHAI],618518,-,351.16999999999985,24.140870437968736,38.24037567004829,1115.28,-60.62962432995172,30.0,12.0,99.0,74.0,1,1,Large,0,0,0,0,50,100,0,0,45.0,MEDIUM,318
1198,4L of km 0.00 to km 42.00 of Dobbaspet to Doddaballapura Bypass section of NH-648 old NH-207] [Bangalore Ring Road Pkg 1],National Highways Authority of India [NHAI],Karnataka,2020-08-01,2021-04-01,2023-04-01,2026-06-01,1438.74,1786.57,1051.89,99.2,National Highways Authority of India [NHAI],618520,-,347.8299999999999,24.176015124344907,58.87762584169667,734.6799999999998,-40.32237415830333,24.0,8.0,60.0,38.0,1,1,Large,0,0,0,0,50,100,0,0,45.0,MEDIUM,318
707,Narayangarh-Bhadrak 3rd line,South Eastern Railway [SER] - I,"Multi-States
(Odisha, West
Bengal)",2019-03-01,2017-03-01,2025-12-01,2027-01-01,2400.0,3425.32,2655.21,77.0,South Eastern Railway [SER] - I,705629,N22000506,1025.3200000000002,42.72166666666667,77.51713708500228,770.1100000000001,0.5171370850022754,105.0,-24.0,109.0,13.0,1,1,Large,0,0,0,0,75,75,0,0,45.0,MEDIUM,318
1396,4L of Nagpur-Katol Section from Km. 13.00 to Km. 62.900 of NH-353J,National Highways Authority of India [NHAI],Maharashtra,2021-02-01,2021-10-01,2023-10-01,2026-10-01,1166.96,1432.82,971.38,81.54,National Highways Authority of India [NHAI],618937,N24001799,265.8599999999999,22.782271885925816,67.7949777362125,461.43999999999994,-13.745022263787504,24.0,8.0,54.0,36.0,1,1,Large,0,0,0,0,50,100,0,0,45.0,MEDIUM,318
1479,Khammam-Devarapalle Pkg III [4L Access Controlled Greenfield from Chintagudem village to Recherla village Design Chainage 63117 to 105236],National Highways Authority of India [NHAI],"Multi-States
(Andhra Pradesh,
Telangana)",2021-01-01,2022-09-01,2024-09-01,2026-05-01,829.5,1227.07,518.85,98.82,National Highways Authority of India [NHAI],618747,N24001484,397.56999999999994,47.92887281494876,42.28365129943688,708.2199999999999,-56.53634870056312,24.0,20.0,43.0,20.0,1,1,Medium,0,0,0,0,75,75,0,0,45.0,MEDIUM,318
533,Kurnool Coach Midlife Rehabilitation Project,South Central Railway [SCR] - II,Andhra Pradesh,2016-05-01,2014-07-01,2020-12-01,2026-12-01,563.0,560.72,949.34,75.0,South Central Railway [SCR] - II,705253,-,-2.2799999999999727,-0.404973357015981,169.30731916107862,-388.62,94.30731916107862,77.0,-22.0,141.0,72.0,1,0,Medium,0,1,1,0,0,100,0,100,45.0,MEDIUM,318
1206,Bangalore-Nidagatta Pkg. I,National Highways Authority of India [NHAI],Karnataka,2018-02-01,2019-05-01,2021-11-01,2026-06-01,3496.01,4087.42,604.66,99.19,National Highways Authority of India [NHAI],618706,-,591.4099999999999,16.916713624961023,14.793194729193475,3482.76,-84.39680527080652,30.0,15.0,83.0,55.0,1,1,Large,0,0,0,0,50,100,0,0,45.0,MEDIUM,318
1214,4L of Bettadahalli- Shivamogga section from Km.170.415 to km. 226.750 of NH-206 Tumkur- Shivamogga Pkg-IV,National Highways Authority of India [NHAI],Karnataka,2019-01-01,2021-10-01,2023-10-01,2027-03-01,2082.98,2545.11,865.7,82.88,National Highways Authority of India [NHAI],618887,N24001687,462.1300000000001,22.18600274606574,34.014246928423525,1679.41,-48.86575307157647,24.0,33.0,54.0,41.0,1,1,Large,0,0,0,0,50,100,0,0,45.0,MEDIUM,318
1098,Nerchowk km 190.000 to Pandoh including Pandoh bypass km221.305,National Highways Authority of India [NHAI],Himachal Pradesh,2016-03-01,2018-01-01,2020-07-01,2026-05-01,1464.12,1651.67,848.66,100.0,National Highways Authority of India [NHAI],618850,N24000613,187.55000000000015,12.809742370843932,51.38193464796236,803.0100000000001,-48.61806535203764,30.0,22.0,99.0,70.0,1,1,Large,0,0,0,0,50,100,0,0,45.0,MEDIUM,318
1220,Goa / Karnataka Km.93.700 to Kundapur Km.283.30,National Highways Authority of India [NHAI],Karnataka,2012-07-01,2014-03-01,2016-08-01,2026-07-01,1644.92,1990.99,329.44,97.8,National Highways Authority of India [NHAI],619096,N24000462,346.06999999999994,21.03871312890596,16.54654217248705,1661.55,-81.25345782751295,29.0,20.0,145.0,119.0,1,1,Large,0,0,0,0,50,100,0,0,45.0,MEDIUM,318
938,Rehabilitation and Upgrading to 2 lanes/2-lane with paved shoulders configuration and strengthening of of Birpur and Bihpur Section from km 0.0 to Km 106 of NH 106 under phase I of National Highways Interconnectivity Improvement Projects NHIIP ICB No. NHIIP-BR-106-7 [NHIIP-BR-106-7],MoRTH,Bihar,2014-01-01,2016-10-01,2019-10-01,2026-05-01,780.77,961.33,0.04,99.74,MoRTH,617966,N24000382,180.5600000000001,23.125888545922624,0.0041609020835717,961.29,-99.73583909791644,36.0,33.0,114.0,79.0,1,1,Medium,0,0,0,0,50,100,0,0,45.0,MEDIUM,318
1981,Jamrani Dam Multipurpose Project,Irrigation-UK,Uttarakhand,2023-10-01,2023-11-01,2029-06-01,,2584.1,2584.1,1267.4,25.08,Irrigation-UK,613787,-,0.0,0.0,49.04608954761813,1316.6999999999998,23.966089547618132,67.0,1.0,29.0,,0,0,Large,0,1,0,0,0,50,75,75,45.0,MEDIUM,318
326,CONSTRUCTION OF PERMANENT CAMPUS FOR IIT PALAKKAD UNDER PHASE 1A,INDIAN INSTITUTE OF TECHNOLOGY PALAKKAD,Kerala,2017-07-01,2020-03-01,2022-06-01,2026-06-01,1006.45,1217.4,680.69,86.0,INDIAN INSTITUTE OF TECHNOLOGY PALAKKAD,606431,N28000140,210.95000000000005,20.959809230463513,55.91342204698538,536.71,-30.08657795301462,27.0,32.0,73.0,48.0,1,1,Large,0,0,0,0,50,100,0,0,45.0,MEDIUM,318
1855,Varanasi Gorakhpur Section Packege IV from km. 149.540 to km. 215.160 Mau- Gorakhpur,National Highways Authority of India [NHAI],Uttar Pradesh,2015-04-01,2017-04-01,2019-10-01,2026-05-01,2966.63,3475.65,865.21,97.35,National Highways Authority of India [NHAI],618893,-,509.02,17.15818959560174,24.8934731632932,2610.44,-72.4565268367068,30.0,24.0,108.0,79.0,1,1,Large,0,0,0,0,50,100,0,0,45.0,MEDIUM,318
352,Paradip-Numaligarh Crude Oil Pipeline [PNCPL] & Crude Oil Import Terminal [COIT] at Paradip,Ministry of Petroleum & Natural Gas,"Multi-States
(Assam, Bihar,
Jharkhand,
Odisha, West
Bengal)",2019-01-01,2019-01-01,2024-07-01,2026-10-01,10228.0,11407.0,10912.42,92.4,Ministry of Petroleum & Natural Gas,701349,N16000394,1179.0,11.527180289401642,95.6642412553695,494.5799999999999,3.264241255369498,66.0,0.0,87.0,27.0,1,1,Mega,0,0,0,0,50,100,0,0,45.0,MEDIUM,318
348,"Andheri Residential Towers, Mumbai",Ministry of Petroleum & Natural Gas,Maharashtra,2017-06-01,2017-06-01,2025-05-01,2026-06-01,281.35,389.67,270.49,79.5,Ministry of Petroleum & Natural Gas,604833,N16000503,108.32,38.500088857295175,69.41514614930581,119.18,-10.084853850694188,95.0,0.0,106.0,13.0,1,1,Small,0,0,0,0,75,75,0,0,45.0,MEDIUM,318
86,DINESH[MAKARDHOKRA-III] OC,Western Coalfields Limited [WCL],Maharashtra,2020-02-01,2020-02-01,2027-03-01,,822.88,822.88,652.67,40.54,Western Coalfields Limited [WCL],400178,N06000222,0.0,0.0,79.31533151856893,170.21000000000004,38.775331518568926,85.0,0.0,74.0,,0,0,Medium,0,1,0,0,0,50,75,75,45.0,MEDIUM,318
112,SUBHADRA OCP,Mahanadi Coalfields Limited [MCL],Odisha,2021-05-01,2021-05-01,2032-04-01,,1693.81,1693.81,1329.14,45.57,Mahanadi Coalfields Limited [MCL],400165,N06000249,0.0,0.0,78.47043056777325,364.66999999999985,32.90043056777325,131.0,0.0,59.0,,0,0,Large,0,1,0,0,0,50,75,75,45.0,MEDIUM,318
298,Satna Sewerage Management and Treatment Infrastructure Project,Ministry of Housing & Urban Affairs,Madhya Pradesh,2015-11-01,2016-12-01,2024-03-01,2026-05-01,191.56,215.89,200.32,96.0,Ministry of Housing & Urban Affairs,702808,-,24.329999999999984,12.700981415744405,92.78799388577517,15.569999999999991,-3.2120061142248346,87.0,13.0,112.0,26.0,1,1,Small,0,0,0,0,50,100,0,0,45.0,MEDIUM,318
145,600 MW Khavda Solar Power Project,NLC India Limited [NLCIL],Gujarat,2023-08-01,2024-06-01,2026-06-01,,3335.85,3335.85,2171.16,40.0,NLC India Limited [NLCIL],617730,-,0.0,0.0,65.08566032645352,1164.69,25.08566032645352,24.0,10.0,22.0,,0,0,Large,0,1,0,0,0,50,75,75,45.0,MEDIUM,318
377,Barauni Refinery Capacity Expansion from 6.0 to 9.0 MMTPA,Ministry of Petroleum & Natural Gas,Bihar,2020-01-01,2020-01-01,2023-04-01,2026-08-01,14810.0,16724.0,12872.04,90.9,Ministry of Petroleum & Natural Gas,701324,N16000386,1914.0,12.923700202565833,76.96747189667545,3851.959999999999,-13.932528103324556,39.0,0.0,75.0,40.0,1,1,Mega,0,0,0,0,50,100,0,0,45.0,MEDIUM,318
307,Lucknow Sewerage Management Infrastructure Project,Ministry of Housing & Urban Affairs,Uttar Pradesh,2019-05-01,,2023-03-01,2026-05-01,142.46,173.21,152.65,95.0,Ministry of Housing & Urban Affairs,702958,-,30.75,21.585006317562826,88.13001558801454,20.56,-6.869984411985456,,,,38.0,1,1,Small,0,0,0,0,50,100,0,0,45.0,MEDIUM,318
48,KOTRE BASANTPUR PACHMO OCP,Ministry of Coal,Jharkhand,2020-08-01,2020-08-01,2032-03-01,,861.06,625.4,455.95,47.95,Ministry of Coal,400139,N06000237,-235.65999999999997,-27.36859220031124,72.9053405820275,169.45,24.955340582027503,139.0,0.0,68.0,,0,0,Medium,0,1,0,0,0,50,75,75,45.0,MEDIUM,318
1973,Shahpur Kandi Dam Project,Department of Water Resources-PB,Punjab,2010-02-01,2018-04-01,2022-06-01,2026-06-01,2285.81,2715.7,2201.94,88.0,Department of Water Resources-PB,701411,-,429.8899999999999,18.80689996106413,81.08185734801341,513.7599999999998,-6.918142651986585,50.0,98.0,96.0,48.0,1,1,Large,0,0,0,0,50,100,0,0,45.0,MEDIUM,318
1979,Morna [Gureghar] Irrigation Project,"Department of Water Resources, River Development & GR",Uttar Pradesh,2007-04-01,2007-12-01,2025-12-01,,219.9,219.9,115.2,31.5,"Department of Water Resources, River Development & GR",701395,-,0.0,0.0,52.38744884038199,104.7,20.887448840381992,216.0,8.0,220.0,,0,0,Small,0,1,0,0,0,50,75,75,45.0,MEDIUM,318
270,Construction of Bangalore Metro Rail Project Phase 2.,Bengaluru Metro Rail,Karnataka,2014-02-01,2016-02-01,2021-03-01,2026-09-01,26405.14,30695.1,29802.97,95.5,Bengaluru Metro Rail,702635,N28000058,4289.959999999999,16.246685304452086,97.09357519604109,892.1299999999974,1.593575196041073,61.0,24.0,122.0,66.0,1,1,Mega,0,0,0,0,50,100,0,0,45.0,MEDIUM,318
267,Ahmedabad Metro Rail Project [Phase-I],Gujarat Metro Rail Corporation Limited [GMRCL],Gujarat,2014-11-01,2015-02-01,2018-03-01,2026-05-01,10773.0,12924.5,12520.65,99.99,Gujarat Metro Rail Corporation Limited [GMRCL],702639,N28000122,2151.5,19.971224357189268,96.87531432550584,403.8500000000003,-3.1146856744941687,37.0,3.0,134.0,98.0,1,1,Mega,0,0,0,0,50,100,0,0,45.0,MEDIUM,318
384,Redevelopment of Linch Field,Oil and Natural Gas Corporation Limited [ONGC],Gujarat,2021-04-01,2021-04-01,2025-03-01,2026-07-01,631.03,845.42,612.97,90.0,Oil and Natural Gas Corporation Limited [ONGC],400169,N16000428,214.39,33.974612934408825,72.50479051832227,232.44999999999993,-17.495209481677733,47.0,0.0,60.0,16.0,1,1,Medium,0,0,0,0,75,75,0,0,45.0,MEDIUM,318
325,"Construction of Permanent Campus for IIM Jammu Phase-1 at Jagti, Nagrota, Jammu, J&K","Indian Institute of Management, Jammu","Jammu and
Kashmir",2019-03-01,2020-10-01,2023-06-01,2025-11-01,424.93,500.91,484.52,96.0,"Indian Institute of Management, Jammu",602098,N28000130,75.98000000000002,17.880592097521948,96.72795512167852,16.390000000000043,0.7279551216785336,32.0,19.0,66.0,29.0,1,1,Small,0,0,0,0,50,100,0,0,45.0,MEDIUM,318
1859,Bijnor-Kotawali,National Highways Authority of India [NHAI],Uttar Pradesh,2021-02-01,2021-11-01,2023-05-01,2026-05-01,300.58,334.48,264.54,96.53,National Highways Authority of India [NHAI],618925,N24001738,33.900000000000034,11.278195488721815,79.0899306386032,69.94,-17.440069361396795,18.0,9.0,53.0,36.0,1,1,Small,0,0,0,0,50,100,0,0,45.0,MEDIUM,318
4,Guwahati Airport New Integrated Terminal Building Construction Project,Adani Airport Holdings Limited,Assam,2016-12-01,2018-03-01,2025-03-01,2026-06-01,1712.0,2520.0,2627.39,98.0,706724,N04000083,9925,808.0,47.19626168224299,104.26150793650793,-107.38999999999989,6.261507936507925,84.0,15.0,97.0,15.0,1,1,Large,0,0,1,0,75,75,0,0,45.0,MEDIUM,318
1910,Construction & upgradation of existing road to 2-lane with paved shoulder including geometric improvement of sect. from Pedong bypass to Reshi Border km 79.700 to km 96.254 of NH-717A under SARDP-NE-A on EPC as part of Alternate connectivity to Gangtok Lava More-Reshi Border Pkg-VB,NHIDCL,West Bengal,2020-06-01,2020-10-01,2022-04-01,2026-05-01,345.38,395.59,395.8,94.71,NHIDCL,618429,N24001262,50.20999999999998,14.537610747582368,100.05308526504714,-0.2100000000000363,5.343085265047151,18.0,4.0,66.0,49.0,1,1,Small,0,0,1,0,50,100,0,0,45.0,MEDIUM,318
281,Kalyan Station Precinct Imporvement Project,ministry of housing and urban affairs,Maharashtra,2018-04-01,2020-07-01,2023-07-01,2026-06-01,600.0,723.7,492.82,82.0,ministry of housing and urban affairs,701991,-,123.70000000000005,20.61666666666667,68.09727787757357,230.88000000000005,-13.902722122426423,36.0,27.0,69.0,35.0,1,1,Medium,0,0,0,0,50,100,0,0,45.0,MEDIUM,318
322,Establishment of Permanent campus Phase 1 of IIM Sirmaur,"Indian Institute of Management, Sirmaur",Himachal Pradesh,2018-09-01,2020-08-01,2023-10-01,2026-05-01,392.51,454.78,336.71,97.5,"Indian Institute of Management, Sirmaur",602099,N42000008,62.26999999999998,15.864563960153877,74.03799639386077,118.07,-23.46200360613923,38.0,23.0,68.0,31.0,1,1,Small,0,0,0,0,50,100,0,0,45.0,MEDIUM,318
698,Itarsi - Nagpur Third Railway Line [280 km],Central Railway [CR] - II,"Multi-States
(Madhya Pradesh,
Maharashtra)",2016-09-01,2016-09-01,2027-03-01,2027-12-01,2449.91,2506.68,2155.76,55.0,Central Railway [CR] - II,705507,N22000358,56.76999999999998,2.317227979803339,86.00060637975331,350.9199999999996,31.000606379753307,126.0,0.0,115.0,9.0,1,1,Large,0,1,0,0,25,50,40,75,43.75,MEDIUM,407
1057,6L with PS of Samakhiyali to Santalpur section from km. 339.700 to Km. 430.100 of NH-27,National Highways Authority of India [NHAI],Gujarat,2023-01-01,2023-12-01,2025-12-01,2027-01-01,1553.76,34.34,28.18,57.59,National Highways Authority of India [NHAI],618564,-,-1519.42,-97.78987745855216,82.06173558532322,6.160000000000004,24.471735585323216,24.0,11.0,28.0,13.0,1,0,Large,0,1,0,0,0,75,40,75,43.75,MEDIUM,407
777,Kalinarayanpur-Krishnanagar Doubling Alongwith Krishnanagar - Chapra New Line And Naihati-Ranaghat 3rd Line.,Eastern Railway [ER] - I,West Bengal,2015-07-01,2005-11-01,2027-02-01,2028-03-01,1000.0,1000.0,1065.08,74.5,Eastern Railway [ER] - I,400247,N22000624,0.0,0.0,106.508,-65.07999999999993,32.00800000000001,255.0,-116.0,245.0,13.0,1,0,Medium,0,1,1,0,0,75,40,75,43.75,MEDIUM,407
623,Wardha-Nanded Via Yavatmal New BG Line,Central Railway [CR] - II,Maharashtra,2017-12-01,2008-04-01,2025-03-01,2026-12-01,3445.0,3445.0,3002.93,50.0,Central Railway [CR] - II,400271,N22000231,0.0,0.0,87.16777939042089,442.07000000000016,37.16777939042089,203.0,-116.0,216.0,21.0,1,0,Large,0,1,0,0,0,75,40,75,43.75,MEDIUM,407
571,Development of New Bijwasan Railway Terminal,Northern Railways,Delhi,2008-02-01,2013-03-01,2020-03-01,2026-12-01,446.21,446.21,553.14,80.0,Northern Railways,617379,-,0.0,0.0,123.964052800251,-106.93,43.964052800251,84.0,61.0,157.0,81.0,1,0,Small,0,1,1,0,0,100,0,75,41.25,MEDIUM,411
865,6L of Naidupeta Junction - Turpukanupur Section from km 57.046 to km 91.927,National Highways Authority of India [NHAI],Andhra Pradesh,2022-08-01,2023-10-01,2025-10-01,2027-02-01,1398.84,965.58,297.06,43.4,National Highways Authority of India [NHAI],619140,N24001981,-433.2599999999999,-30.97280603928969,30.764928851053252,668.52,-12.635071148946746,24.0,14.0,30.0,16.0,1,0,Large,0,0,0,0,0,75,75,0,41.25,MEDIUM,411
275,PCMC To Nigdi- Extension Of North South Corridor Of Phase-1,Maharashtra Metro Rail Corporation Limited [MMRCL],Maharashtra,2023-10-01,2023-10-01,2027-01-01,,910.18,960.18,269.74,41.58,Maharashtra Metro Rail Corporation Limited [MMRCL],617225,N28000157,50.0,5.493418884176757,28.09264929492387,690.4399999999999,-13.487350705076128,39.0,0.0,30.0,,0,1,Medium,0,0,0,0,25,50,75,0,41.25,MEDIUM,411
1916,4 laning of Barasat - Barajaguli Section of NH-12 from Km. 31.000 to Km. 48.679 in the district of North 24 - Parganas,National Highways Authority of India [NHAI],West Bengal,2024-02-01,2024-08-01,2026-02-01,2027-03-01,352.01,346.39,84.95,35.78,National Highways Authority of India [NHAI],618823,-,-5.6200000000000045,-1.5965455526831638,24.52438003406565,261.44,-11.25561996593435,18.0,6.0,20.0,13.0,1,0,Small,0,0,0,0,0,75,75,0,41.25,MEDIUM,411
1776,Construction of Shohratgarh Bypass on NH-730 under EPC mode in the State of Uttar Pradesh,MoRTH,Uttar Pradesh,2022-10-01,2023-11-01,2025-05-01,2026-12-01,189.31,189.31,0.0,49.22,MoRTH,618057,N24001997,0.0,0.0,0.0,189.31,-49.22,18.0,13.0,29.0,19.0,1,0,Small,0,0,0,0,0,75,75,0,41.25,MEDIUM,411
863,6L Access Controlled Greenfield Highway from Somavarappadu Ch.314.600 to Muppavaram Ch.343240 of [NH-544G] Package-14,National Highways Authority of India [NHAI],Andhra Pradesh,2023-02-01,2024-02-01,2026-02-01,2027-03-01,1103.9,943.66,197.36,43.16,National Highways Authority of India [NHAI],619125,N24002126,-160.24000000000012,-14.515807591267334,20.91431235826463,746.3,-22.24568764173537,24.0,12.0,26.0,13.0,1,0,Large,0,0,0,0,0,75,75,0,41.25,MEDIUM,411
1769,Rehabilitation and upgradation to four lane road from km 70.500 to km 78.600 of NH- 92 under EPC mode in the State of Uttar Pradesh,MoRTH,Uttar Pradesh,2022-01-01,2025-01-01,2027-01-01,2027-07-01,296.02,351.78,0.0,35.0,MoRTH,617963,N24002211,55.75999999999999,18.836565096952903,0.0,351.78,-35.0,24.0,36.0,15.0,6.0,1,1,Small,0,0,0,0,50,25,75,0,41.25,MEDIUM,411
483,"Demolition, Construction and upgradation of ESI Hospital, Kalol, Gujarat from 50 beds to 150 beds.",Employee's State Insurance Company [ESIC],Gujarat,2022-08-01,2023-10-01,2025-10-01,2026-11-01,205.87,205.87,51.74,46.0,Employee's State Insurance Company [ESIC],612211,-,0.0,0.0,25.13236508476223,154.13,-20.86763491523777,24.0,14.0,30.0,13.0,1,0,Small,0,0,0,0,0,75,75,0,41.25,MEDIUM,411
173,Kwar HE Project,National Hydroelectric Power Corporation Limited [NHPC],"Jammu and
Kashmir",2022-05-01,2022-11-01,2026-11-01,2028-03-01,4526.12,4526.12,1569.55,34.21,National Hydroelectric Power Corporation Limited [NHPC],605155,N18000363,0.0,0.0,34.67760465917828,2956.5699999999997,0.4676046591782778,48.0,6.0,41.0,16.0,1,0,Large,0,0,0,0,0,75,75,0,41.25,MEDIUM,411
1646,Construction of 2 lane with Paved Shoulder for Northern Bypass Phase-II of Kota city in the State of Rajasthan.,MoRTH,Rajasthan,2022-03-01,2023-10-01,2025-04-01,2027-02-01,317.74,317.74,6.07,36.87,MoRTH,618200,N24001928,0.0,0.0,1.9103669667023353,311.67,-34.95963303329766,18.0,19.0,30.0,22.0,1,0,Small,0,0,0,0,0,75,75,0,41.25,MEDIUM,411
153,Dharamjaigarh-Korba,Railway,Chhattisgarh,2018-05-01,2017-03-01,2026-12-01,2026-08-01,1686.22,2438.53,625.77,43.5,Railway,400203,-,752.3100000000002,44.61517476960303,25.661771641111653,1812.76,-17.838228358888347,117.0,-14.0,109.0,-4.0,0,1,Large,0,0,0,0,75,0,75,0,41.25,MEDIUM,411
1957,Sulwade-Jamphal-Kanoli Lift Irrigation Scheme,Department of water resources-MH - II,Maharashtra,2017-04-01,2019-02-01,2023-06-01,2027-06-01,2407.67,2407.67,2779.38,80.54,Department of water resources-MH - II,400107,-,0.0,0.0,115.43857754592617,-371.71,34.898577545926145,52.0,22.0,86.0,48.0,1,0,Large,0,1,1,0,0,100,0,75,41.25,MEDIUM,411
521,Up-gradation of Blast Furnace No. 3 at Durgapur Steel Plant,Steel Authority of India Limited [SAIL],West Bengal,2024-09-01,2024-10-01,2026-06-01,2027-10-01,758.09,758.09,219.33,38.12,Steel Authority of India Limited [SAIL],617246,N12000139,0.0,0.0,28.93192101201704,538.76,-9.188078987982957,20.0,1.0,18.0,16.0,1,0,Medium,0,0,0,0,0,75,75,0,41.25,MEDIUM,411
1193,Construction of 2 Lane with paved shoulder from km 55.6 to km 90.7 existing chainages of NH-766C complete Realignment of 13.76 km with 2 major Bridges across Sharavathi Backwaters on EPC mode under Annual Plan 2022-23 in the state of Karnataka NH-766C-KNT-2022-23 dated 14.10.2022,MoRTH,Karnataka,2023-01-01,2024-02-01,2026-02-01,2027-12-01,313.56,313.56,0.0,46.52,MoRTH,618184,-,0.0,0.0,0.0,313.56,-46.52,24.0,13.0,26.0,22.0,1,0,Small,0,0,0,0,0,75,75,0,41.25,MEDIUM,411
1885,Construction & up gradation of existing road to 2-Lane with paved shoulder from existing chainage km 468000 to km 489350 Design Chainage km 465150 to km 471500 of NH-07 Old NH-58 including Joshimath bypass on EPC mode in the state of Uttarakhand Length 6.35 km,MoRTH,Uttarakhand,2022-03-01,2022-09-01,2025-09-01,2027-08-01,258.85,258.85,0.0,35.6,MoRTH,618209,-,0.0,0.0,0.0,258.85,-35.6,36.0,6.0,43.0,23.0,1,0,Small,0,0,0,0,0,75,75,0,41.25,MEDIUM,411
535,Guntur-Guntakal Doubling Project,South Central Railway [SCR] - II,Andhra Pradesh,2017-03-01,2017-11-01,2025-12-01,2026-12-01,3733.0,4295.0,5523.6,94.01,South Central Railway [SCR] - II,705633,N22000368,562.0,15.054915617465843,128.60535506402795,-1228.6000000000004,34.59535506402794,97.0,8.0,101.0,12.0,1,1,Large,0,1,1,0,50,50,0,75,41.25,MEDIUM,411
65,TETARIAKHAR OC,Ministry of Coal,Jharkhand,2019-11-01,2019-11-01,2025-03-01,2027-03-01,243.52,243.52,50.82,31.27,Ministry of Coal,615843,N06000186,0.0,0.0,20.86892247043364,192.7,-10.401077529566358,64.0,0.0,77.0,24.0,1,0,Small,0,0,0,0,0,75,75,0,41.25,MEDIUM,411
1610,Delhi-Amritsar-Katra Expressway Phase-I Pkg-VIII from Junction with Ludhiana- Malerkotla SH-11 near Bhogiwal village to Junction with Ludhiana-Moga road NH-5 near Mullanpur Dakha Km 225770 to km 260860,National Highways Authority of India [NHAI],Punjab,2020-12-01,2023-03-01,2025-03-01,,1895.74,2034.94,751.95,31.08,National Highways Authority of India [NHAI],618488,N24001416,139.20000000000005,7.342779073079645,36.95194944322683,1282.99,5.871949443226832,24.0,27.0,37.0,,0,1,Large,0,0,0,0,25,50,75,0,41.25,MEDIUM,411
1613,Delhi-Amritsar-Katra Expressway Phase-I Pkg-XI from Junction with Jalandhar - Kapurthala road NH-703A near khojewal village to Junction with Amritsar-Mehta- SriHargobindpur-Tanda road NH-503A near SriHargobindpur Km 319400 to km 362420,National Highways Authority of India [NHAI],Punjab,2021-03-01,2022-11-01,2024-11-01,,2175.35,2206.71,941.19,43.45,National Highways Authority of India [NHAI],618491,N24001419,31.360000000000127,1.4416070977084203,42.651277240779265,1265.52,-0.7987227592207375,24.0,20.0,41.0,,0,1,Large,0,0,0,0,25,50,75,0,41.25,MEDIUM,411
1614,Delhi-Amritsar-Katra Expressway Phase-I Pkg-XII from Junction with Amritsar-Mehta- SriHargobindpur-Tanda road NH-503A near SriHargobindpur to Junction with Pathankot-Gurdaspur road NH-54 near Gurdaspur Km 362420 to km 397700,National Highways Authority of India [NHAI],Punjab,2021-03-01,2024-01-01,2025-12-01,2027-02-01,1734.18,1538.47,470.92,27.05,National Highways Authority of India [NHAI],618492,N24001420,-195.71000000000004,-11.285449030665792,30.609631647025942,1067.55,3.5596316470259417,23.0,34.0,27.0,14.0,1,0,Large,0,0,0,0,0,75,75,0,41.25,MEDIUM,411
1727,Widening and strengthening to 4 lane / 2-lane with paved shoulders of Mahabubnagar - Chincholi section from km 60/255 to Km 102/834 of NH-167N in the State of Telangana on EPC mode.,MoRTH,Telangana,2022-03-01,2023-10-01,2025-10-01,2026-11-01,631.49,631.49,92.56,30.8,MoRTH,618105,N24002010,0.0,0.0,14.65739758349301,538.9300000000001,-16.14260241650699,24.0,19.0,30.0,13.0,1,0,Medium,0,0,0,0,0,75,75,0,41.25,MEDIUM,411
834,6L Access Controlled Greenfield Highway from Yerragudipadu Ch. 129000 to Audireddipalle Ch. 160000 of [NH 544G] Package-6,National Highways Authority of India [NHAI],Andhra Pradesh,2023-02-01,2024-02-01,2026-02-01,2027-04-01,1200.42,1019.69,218.52,38.41,National Highways Authority of India [NHAI],618713,N24001846,-180.73,-15.055563885973244,21.430042463886085,801.1700000000001,-16.97995753611391,24.0,12.0,26.0,14.0,1,0,Large,0,0,0,0,0,75,75,0,41.25,MEDIUM,411
1615,Delhi-Amritsar-Katra Expressway Phase-I Spur-I from Jn. with Kapurthala - Sultanpur Lodhi Road NH-703A near Isharwal village to Jn. with Kapurthala - Tarn Taran road NH-703AA near Goinwal Sahib [Km 24000 to Km 41000 of Amritsar connectivity],National Highways Authority of India [NHAI],Punjab,2021-12-01,2023-04-01,2026-04-01,2028-03-01,2165.23,1519.6,396.24,31.77,National Highways Authority of India [NHAI],618493,N24002102,-645.6300000000001,-29.81807937263016,26.075282969202423,1123.36,-5.694717030797577,36.0,16.0,36.0,23.0,1,0,Large,0,0,0,0,0,75,75,0,41.25,MEDIUM,411
1725,Widening to two lane with paved shoulders from Km 0/000 to Km 45/946 of Nizampet- Narayankhed-bidar section of NH-161B in the state of Telangana under Annual Plan 2021-22 on EPC mode under NHO,MoRTH,Telangana,2022-03-01,2024-02-01,2026-02-01,2027-03-01,512.98,512.98,117.6,41.8,MoRTH,618091,-,0.0,0.0,22.924870365316387,395.38,-18.87512963468361,24.0,23.0,26.0,13.0,1,0,Medium,0,0,0,0,0,75,75,0,41.25,MEDIUM,411
1681,6L of Pondavakkam to Kannigaipair from km 96.040 to km 116.100 of NH 716B Pkg- IV,National Highways Authority of India [NHAI],Tamil Nadu,2021-02-01,2023-01-01,2025-01-01,2026-11-01,1359.81,1359.81,335.27,37.44,National Highways Authority of India [NHAI],618635,N24001818,0.0,0.0,24.655650421750096,1024.54,-12.784349578249902,24.0,23.0,39.0,22.0,1,0,Large,0,0,0,0,0,75,75,0,41.25,MEDIUM,411
1421,Widening to 2 -Lane with Paved shoulder of Imphal to Jiribam section of NH-37 from Design Chainage 33.000 km to 66.390 Km Existing Chainage from km 33.395 to km 67.496 on EPC Mode in Manipur PKG-3,NHIDCL,Manipur,2021-03-01,2021-09-01,2023-03-01,2026-03-01,467.0,467.0,568.72,86.33,NHIDCL,618337,N24001416,0.0,0.0,121.78158458244113,-101.72000000000004,35.45158458244113,18.0,6.0,55.0,36.0,1,0,Small,0,1,1,0,0,100,0,75,41.25,MEDIUM,411
1524,Akkalkot MH/KN border New Greenfield corridor from Km 512.000 to Km 548.400 of NH-150C part of Akkalkot KN/TS Border section Package XIV,National Highways Authority of India [NHAI],"Multi-States
(Karnataka,
Maharashtra)",2023-03-01,2024-10-01,2026-10-01,2027-06-01,1370.75,1403.49,275.76,47.0,National Highways Authority of India [NHAI],618636,-,32.74000000000001,2.3884734634324283,19.64816279417737,1127.73,-27.35183720582263,24.0,19.0,18.0,8.0,1,1,Large,0,0,0,0,25,50,75,0,41.25,MEDIUM,411
706,Third Line [new] between Kazipet - Balharshah with electrification [201.04 Km],South Central Railway [SCR] - II,"Multi-States
(Maharashtra,
Telangana)",2016-09-01,2016-10-01,2025-01-01,2025-11-01,2595.0,3071.0,4141.26,94.7,South Central Railway [SCR] - II,705613,N22000367,476.0,18.34296724470135,134.85053728427224,-1070.2600000000002,40.15053728427223,99.0,1.0,114.0,10.0,1,1,Large,0,1,1,0,50,50,0,75,41.25,MEDIUM,411
1807,"Improvement and Up-gradation to two Lane with Paved Shoulder/Four Lane configuration from existing Km 130.000 to Km 191.000 design km 131.500 to Km 188.735, Design length 57.235 Km of NH-227A near Barhalganj to Mehrauna Ghat in the state of Uttar Pradesh on Hybrid Annuity Model HAM basis",MoRTH,Uttar Pradesh,2022-01-01,2024-11-01,2027-05-01,2027-05-01,974.19,1344.61,0.82,48.0,MoRTH,618252,N24002201,370.41999999999985,38.02338352888038,0.0609842259093714,1343.79,-47.93901577409063,30.0,34.0,17.0,0.0,0,1,Medium,0,0,0,0,75,0,75,0,41.25,MEDIUM,411
930,"Construction of Balance Work of 4-Laning of the Section from Jhanji to Demow of NH- 37 Old from Km 501.800 to Km 514.800 13.000 Km, under SARDP- NE under EPC Mode in the state of Assam Pkg-II Road Works",NHIDCL,Assam,2014-10-01,2024-10-01,2026-01-01,,508.76,542.87,58.12,47.34,NHIDCL,619013,N24000320,34.110000000000014,6.704536520166683,10.706062224842045,484.75,-36.63393777515796,15.0,120.0,18.0,,0,1,Medium,0,0,0,0,25,50,75,0,41.25,MEDIUM,411
1276,Construction of Two lane with paved shoulder configuration of Shujalpur Bypass section of NH-752C from km 33100 Design to km. 42570 Design total design length 10.470 km in the State of Madhya Pradesh on EPC mode.,MoRTH,Madhya Pradesh,2023-03-01,2024-03-01,2025-09-01,2026-12-01,214.07,214.07,0.0,40.3,MoRTH,618170,-,0.0,0.0,0.0,214.07,-40.3,18.0,12.0,25.0,15.0,1,0,Small,0,0,0,0,0,75,75,0,41.25,MEDIUM,411
1315,Indore - Harda Pkg-II [Raghavgarh to Nanasa from km. 29.30 to km. 92.30],National Highways Authority of India [NHAI],Madhya Pradesh,2023-01-01,2024-03-01,2026-03-01,2026-12-01,1081.51,1146.63,356.17,40.25,National Highways Authority of India [NHAI],619114,-,65.12000000000012,6.021211084502235,31.062330481497952,790.46,-9.187669518502048,24.0,14.0,25.0,9.0,1,1,Large,0,0,0,0,25,50,75,0,41.25,MEDIUM,411
22,"Modernization of Chennai Airport, Phase II, Part 2",Airport Authority of India [AAI],Tamil Nadu,2018-05-01,2023-06-01,2025-07-01,2026-12-01,1207.0,1207.0,289.5,38.0,611602,-,5163,0.0,0.0,23.985086992543497,917.5,-14.014913007456505,25.0,61.0,34.0,17.0,1,0,Large,0,0,0,0,0,75,75,0,41.25,MEDIUM,411
904,Construction of 4/6 Laning from existing Km 159.400 of NH-36 to existing Km 102.500 of NH-39 and upto end point of Assam portion [Design Km 118.050 to design Km 132.375] Total New Alignment length of 14.325 Km of Daboka -Dimapur Section Dimapur Bypass in the state of Assam under SARDP-NE 'Phase-A' on EPC mode Assam Portion,NHIDCL,Assam,2018-03-01,2019-11-01,2022-11-01,2025-09-01,511.02,511.02,647.21,100.0,NHIDCL,618330,N24001263,0.0,0.0,126.65062032797152,-136.19000000000003,26.650620327971524,36.0,20.0,77.0,34.0,1,0,Medium,0,1,1,0,0,100,0,75,41.25,MEDIUM,411
1544,"Improvement & Up-gradation of NH-734 Section of Moradabad-Thakurdwara Kashipur including Moradabad & Kashipur Bypasse Package-III Kashipur Bypass Length 14.490 Km., Starts from Ch. 38770 and ends at Ch. 53260 existing Ch. 05560",National Highways Authority of India [NHAI],"Multi-States (Uttar
Pradesh,
Uttarakhand)",2023-02-01,2024-03-01,2025-09-01,2026-12-01,936.12,717.5,332.92,44.14,National Highways Authority of India [NHAI],618928,N24002093,-218.62,-23.353843524334486,46.400000000000006,384.58,2.260000000000005,18.0,13.0,25.0,15.0,1,0,Medium,0,0,0,0,0,75,75,0,41.25,MEDIUM,411
1254,Kadambattukonam-Kazhakuttom,National Highways Authority of India [NHAI],Kerala,2021-12-01,2022-07-01,2025-01-01,2026-12-01,3635.64,3526.33,573.31,44.34,National Highways Authority of India [NHAI],619208,-,-109.30999999999996,-3.0066233180402886,16.257979258889552,2953.02,-28.08202074111045,30.0,7.0,45.0,23.0,1,0,Large,0,0,0,0,0,75,75,0,41.25,MEDIUM,411
1661,Construction of two lane with paved shoulder of Ghatol Bypass from km 133.250 to km 140.950 of NH-56 old NH No. 113 on EPC mode in the State of Rajasthan.,MoRTH,Rajasthan,2025-03-01,2026-03-01,2027-09-01,,170.49,170.49,0.0,0.0,MoRTH,619251,-,0.0,0.0,0.0,170.49,0.0,18.0,12.0,1.0,,0,0,Small,1,0,0,0,0,50,100,0,40.0,MEDIUM,447
1128,"Construction & Upgradation to 2-lane with paved shoulder from Design Ch. Km 51700 at Premnagar km 66315 to Km 66535 New Thatri at Start of Km 83rd, Tunnel Km 82665 of 14.835 Km design length on Chenani-Sudhmahadev-Goha Khellani- Kishtwar-Vailoo Donipawa-Ashajipora section of NH-244 in the UT of J&K on EPC Mode under NHO-Gen Pkg - 2",NHIDCL,"Jammu and
Kashmir",2021-03-01,2021-08-01,2023-02-01,2026-10-01,512.43,512.43,155.69,53.49,NHIDCL,618395,N24001394,0.0,0.0,30.382686415705564,356.73999999999995,-23.10731358429444,18.0,5.0,56.0,44.0,1,0,Medium,0,0,0,0,0,100,40,0,40.0,MEDIUM,447
80,SHARDA UG MINE,Western Coalfields Limited [WCL],Madhya Pradesh,2022-07-01,2023-09-01,2028-03-01,,166.25,166.25,5.19,9.39,Western Coalfields Limited [WCL],615195,N06000266,0.0,0.0,3.121804511278196,161.06,-6.268195488721805,54.0,14.0,31.0,,0,0,Small,1,0,0,0,0,50,100,0,40.0,MEDIUM,447
611,Construction of New BG line between Hassan [Alur] to Belur [ Km 27.34],South Western Railway [SWR] - II,Karnataka,2019-06-01,2022-09-01,2027-04-01,2027-12-01,748.86,748.86,1.15,0.3,South Western Railway [SWR] - II,705762,-,0.0,0.0,0.1535667548006302,747.71,-0.1464332451993697,55.0,39.0,43.0,8.0,1,0,Medium,1,0,0,0,0,50,100,0,40.0,MEDIUM,447
78,RPR OF VISHNUPURI UG TO OC,Western Coalfields Limited [WCL],Madhya Pradesh,2022-11-01,2022-11-01,2029-03-01,,220.62,220.62,0.0,11.2,Western Coalfields Limited [WCL],615187,N06000260,0.0,0.0,0.0,220.62,-11.2,76.0,0.0,41.0,,0,0,Small,1,0,0,0,0,50,100,0,40.0,MEDIUM,447
225,Inter-Regional Strengthening between SR Grid and ER Grid,Power Grid Corporation of India Limited [POWERGRID],"Multi-States
(Andhra Pradesh,
Odisha)",2026-02-01,2026-02-01,2028-08-01,,2722.5,2722.5,13.4,1.0,Power Grid Corporation of India Limited [POWERGRID],619030,-,0.0,0.0,0.4921946740128558,2709.1,-0.5078053259871442,30.0,0.0,2.0,,0,0,Large,1,0,0,0,0,50,100,0,40.0,MEDIUM,447
1132,Construction of Kishtwar bypass with 2 lane with paved shoulder from Design Km. 80.675 Dulhasti to km 95.550 Bandarkoot of 14.88 km & a link road to Kishtwar town from 0000 to 1.871 of length1.871 Km on Khellani - Kishtwar - Chattroo section in UT of Jammu and Kashmir on EPC Mode Pkg-4,NHIDCL,"Jammu and
Kashmir",2021-03-01,2021-08-01,2023-08-01,2027-06-01,859.67,859.67,308.95,50.05,NHIDCL,618399,N24001395,0.0,0.0,35.93820884758105,550.72,-14.111791152418943,24.0,5.0,56.0,46.0,1,0,Medium,0,0,0,0,0,100,40,0,40.0,MEDIUM,447
1025,Widening of Existing Road from Intermediate Lane 2-lane to 4-lane Between Km 19.994 to Km 35.180 of NH-848A Rakholi-Khadoli-Velugam Section in U.T. of Dadra and Nagar Haveli and Daman and Diu,MoRTH,"Dadra & Nagar
Haveli and Daman
& Diu",2022-10-01,2024-02-01,2026-02-01,,198.06,239.57,73.03,52.0,MoRTH,619183,-,41.50999999999999,20.958295466020395,30.48378344533957,166.54,-21.51621655466043,24.0,16.0,26.0,,0,1,Small,0,0,0,0,50,50,40,0,40.0,MEDIUM,447
108,KOLARPIMPRI EXPANSION OC [2.5,Western Coalfields Limited [WCL],Maharashtra,2024-06-01,2025-02-01,2030-03-01,,630.37,630.37,0.61,0.35,Western Coalfields Limited [WCL],617278,N06000294,0.0,0.0,0.0967685644938686,629.76,-0.2532314355061313,61.0,8.0,14.0,,0,0,Medium,1,0,0,0,0,50,100,0,40.0,MEDIUM,447
1667,Construction of 2-Laning with Paved Shoulder of New Greenfield Alignment From Chochenpheri at Km 52000 to Helipad near Menla at Km 82000 of Rhenock-Menla Spur NH-717B Package-IIIA on EPC Basis under SARDP-NE Phase 'A' in the State of Sikkim.,NHIDCL,Sikkim,2020-10-01,2020-12-01,2023-12-01,2026-10-01,816.79,786.6,32.28,60.88,NHIDCL,618448,N24001338,-30.18999999999994,-3.696176495794506,4.103737604881769,754.32,-56.77626239511823,36.0,2.0,64.0,34.0,1,0,Medium,0,0,0,0,0,100,40,0,40.0,MEDIUM,447
1437,"Improvement of existing road to 2 laning with Hard Shoulders of Maram -Peren section Package-1A, length- 22.340Km from Design Chainage 0.000 km to 22.340 km on NH-129A in the State of Manipur on EPC mode",NHIDCL,Manipur,2021-02-01,2021-06-01,2022-12-01,2026-07-01,226.32,226.32,179.09,74.58,NHIDCL,618416,N24001349,0.0,0.0,79.13131848709793,47.22999999999999,4.55131848709793,18.0,4.0,58.0,43.0,1,0,Small,0,0,0,0,0,100,40,0,40.0,MEDIUM,447
699,RATLAM- DUNGARPUR VIA BANSWARA NEW LINE PROJECT,North Western Railway [NWR],"Multi-States
(Madhya Pradesh,
Rajasthan)",2015-10-01,2023-05-01,2028-03-01,,2417.24,2417.24,7.19,8.0,North Western Railway [NWR],617406,-,0.0,0.0,0.2974466747199286,2410.0499999999997,-7.702553325280071,58.0,91.0,35.0,,0,0,Large,1,0,0,0,0,50,100,0,40.0,MEDIUM,447
1439,Improvement and Widening two lannig with paved Shoulder of NH 127B from km 31.500 Goeragre to km 63.224 Package-II in state of Meghalaya,MoRTH,Meghalaya,2023-12-01,2025-05-01,2027-05-01,,504.0,350.67,0.0,2.5,MoRTH,618076,N24002239,-153.32999999999998,-30.422619047619044,0.0,350.67,-2.5,24.0,17.0,11.0,,0,0,Medium,1,0,0,0,0,50,100,0,40.0,MEDIUM,447
723,New Line between Junagarh - Nabarangpur [116.21 Km],Indian Railway,Odisha,2024-08-01,2025-08-01,2030-08-01,,2864.51,2864.51,0.0,0.0,Indian Railway,618995,-,0.0,0.0,0.0,2864.51,0.0,60.0,12.0,8.0,,0,0,Large,1,0,0,0,0,50,100,0,40.0,MEDIUM,447
728,Jarapada- Budhapank with flyover at Talcher road 3rd and 4th Line,East Coast Railway [ECoR] - II,Odisha,2015-11-01,2015-12-01,2018-11-01,2028-03-01,1000.0,810.02,455.8,59.0,East Coast Railway [ECoR] - II,705514,N22000380,-189.98,-18.998,56.27021555023333,354.21999999999997,-2.729784449766676,35.0,1.0,124.0,112.0,1,0,Medium,0,0,0,0,0,100,40,0,40.0,MEDIUM,447
136,TILABONI UG,Eastern Coal Fields Limited [ECL],West Bengal,2023-01-01,2023-01-01,2029-03-01,,749.08,749.07,53.88,11.9,Eastern Coal Fields Limited [ECL],400186,N06000276,-0.0099999999999909,-0.0013349708976332,7.192919219832593,695.19,-4.7070807801674075,74.0,0.0,39.0,,0,0,Medium,1,0,0,0,0,50,100,0,40.0,MEDIUM,447
1643,Up-gradation to 2 lane with Paved shoulder from Charbhuja at Design km 0.00 existing km 150.00 to Neechli Oden Nathdwara at Design ch. Km 88.800 existing km 55.950 of NH-162E on EPC mode.,MoRTH,Rajasthan,2022-02-01,2023-09-01,2025-09-01,,838.43,838.43,55.04,0.0,MoRTH,618093,N24001927,0.0,0.0,6.564650596949059,783.39,6.564650596949059,24.0,19.0,31.0,,0,0,Medium,1,0,0,0,0,50,100,0,40.0,MEDIUM,447
1940,Pollution Abatement Works for River Kali Meerut under Meerut Municipality Interception & Diversion with STP,National Mission for Clean Ganga,Uttar Pradesh,2020-05-01,2024-11-01,2024-12-01,2027-05-01,690.71,690.71,34.79,51.0,National Mission for Clean Ganga,616605,-,0.0,0.0,5.0368461438230225,655.9200000000001,-45.96315385617698,1.0,54.0,17.0,29.0,1,0,Medium,0,0,0,0,0,100,40,0,40.0,MEDIUM,447
722,Naupada-Gunupur - New line upto Theruvali [73.62 km],Indian Railway,Odisha,2024-08-01,2026-04-01,2029-12-01,,1165.89,1165.89,0.0,0.0,Indian Railway,616839,-,0.0,0.0,0.0,1165.89,0.0,44.0,20.0,0.0,,0,0,Large,1,0,0,0,0,50,100,0,40.0,MEDIUM,447
721,Paradeep - Badabandha 3rd & 4th Line / 18.51kms,East Coast Railway [ECoR] - II,Odisha,2023-08-01,2025-04-01,2028-11-01,,300.15,300.15,0.89,10.5,East Coast Railway [ECoR] - II,616695,-,0.0,0.0,0.2965184074629352,299.26,-10.203481592537065,43.0,20.0,12.0,,0,0,Small,1,0,0,0,0,50,100,0,40.0,MEDIUM,447
625,Gauge Conversion of Pachora-Jamner with Extension upto Malkapur [Bodwad] [84.34 Kms],Central Railway [CR] - II,Maharashtra,2022-08-01,2026-01-01,2028-07-01,,955.39,955.39,13.97,10.0,Central Railway [CR] - II,612845,-,0.0,0.0,1.4622300840494458,941.42,-8.537769915950554,30.0,41.0,3.0,,0,0,Medium,1,0,0,0,0,50,100,0,40.0,MEDIUM,447
1462,Construction of 2-laning with hard shoulder configuration of Chhumkhum to Tlabung from Design Chainage Km 37.420 to Km 74.950 of NH-302 in Mizoram under Bharatmala Pariyojana on EPC mode [Pkg-B],NHIDCL,Mizoram,2021-06-01,2021-07-01,2023-01-01,2026-12-01,740.58,740.58,430.45,61.34,NHIDCL,618363,N24001359,0.0,0.0,58.12336276972102,310.13000000000005,-3.216637230278984,18.0,1.0,57.0,47.0,1,0,Medium,0,0,0,0,0,100,40,0,40.0,MEDIUM,447
719,Badampahar-Kendujhargarh new line [82.06 km],CAO/C/SER,Odisha,2024-08-01,2025-09-01,2029-12-01,,1875.72,1875.72,2.15,0.0,CAO/C/SER,616587,-,0.0,0.0,0.1146226515684643,1873.57,0.1146226515684643,51.0,13.0,7.0,,0,0,Large,1,0,0,0,0,50,100,0,40.0,MEDIUM,447
627,Gondia-Balharshah [Chanda Fort] Doubling [240 Km],South East Central Railway,Maharashtra,2025-04-01,2025-04-01,2031-03-01,,4373.04,4373.04,1.0,1.0,South East Central Railway,617201,-,0.0,0.0,0.0228673874467189,4372.04,-0.977132612553281,71.0,0.0,12.0,,0,0,Large,1,0,0,0,0,50,100,0,40.0,MEDIUM,447
1113,Construction of Shopian Bypass on NH-444 taking off from existing chainage Km 36500 and re-joining at km 47588 of existing Chainage New Design Ch. From km 28000 to km 36925 as 2- lane with paved shoulder in the UT of Jammu & Kashmir on EPC mode.,MoRTH,"Jammu and
Kashmir",2024-03-01,2026-01-01,2028-01-01,,224.44,224.44,0.0,3.0,MoRTH,618038,-,0.0,0.0,0.0,224.44,-3.0,24.0,22.0,3.0,,0,0,Small,1,0,0,0,0,50,100,0,40.0,MEDIUM,447
629,Babupeth - Sasti New Rail Line [13.114 KMs],CentralRailway,Maharashtra,2024-10-01,2024-10-01,2028-03-01,,362.81,362.81,0.48,0.0,CentralRailway,617361,-,0.0,0.0,0.1323006532344753,362.33,0.1323006532344753,41.0,0.0,18.0,,0,0,Small,1,0,0,0,0,50,100,0,40.0,MEDIUM,447
630,Double Chord line Between Nilaje-Kopar,CentralRailway,Maharashtra,2025-01-01,2025-01-01,2028-07-01,,338.33,205.0,24.04,24.0,CentralRailway,617364,-,-133.32999999999998,-39.40827003221706,11.726829268292684,180.96,-12.273170731707316,42.0,0.0,15.0,,0,0,Small,1,0,0,0,0,50,100,0,40.0,MEDIUM,447
1134,Up-gradation to 4-lane with Paved Shoulder of Jammu-Akhnoor road section of NH- 144A from Ganesh Vihar Km 6.000 to Khati Chowk Km 26.350 in UT of Jammu and Kashmir on EPC basis Pkg-3A,NHIDCL,"Jammu and
Kashmir",2018-03-01,2019-07-01,2021-07-01,2022-05-01,322.49,322.49,0.0,0.0,NHIDCL,618406,N24000868,0.0,0.0,0.0,322.49,0.0,24.0,16.0,81.0,10.0,1,0,Small,1,0,0,0,0,50,100,0,40.0,MEDIUM,447
138,SONEPUR BAZARI EXPANSION OCP [,Eastern Coal Fields Limited [ECL],West Bengal,2021-07-01,2021-07-01,2029-03-01,,5365.88,5365.88,623.88,18.47,Eastern Coal Fields Limited [ECL],400315,N06000220,0.0,0.0,11.62679746844879,4742.0,-6.843202531551208,92.0,0.0,57.0,,0,0,Mega,1,0,0,0,0,50,100,0,40.0,MEDIUM,447
1632,6L Amritsar-Bathinda Greenfield section from Jn. with Moga Jalandhar road NH-703 near Dharamkot to Jn. with Bhagta Bhai Ka-Bhadaur Road near Dyalpura Bhai Ka from km 39.000 to km 93.000 of NH-754A Pkg-2,National Highways Authority of India [NHAI],Punjab,2021-03-01,2024-06-01,2026-06-01,2027-06-01,1801.37,2172.71,597.42,64.2,National Highways Authority of India [NHAI],619099,-,371.34000000000015,20.6143102194441,27.49653658334522,1575.29,-36.703463416654785,24.0,39.0,22.0,12.0,1,1,Large,0,0,0,0,50,50,40,0,40.0,MEDIUM,447
1469,"2-laning of Zorinpui - Longmasu section of NH-502A from km 0.000 to km 28.244 in the State of Mizoram on EPC mode under NHO-NE, stretch of IMBR",NHIDCL,Mizoram,2023-02-01,2024-12-01,2026-12-01,2027-07-01,781.85,781.85,20.64,4.71,NHIDCL,618452,N24002204,0.0,0.0,2.639892562511991,761.21,-2.070107437488009,24.0,22.0,16.0,7.0,1,0,Medium,1,0,0,0,0,50,100,0,40.0,MEDIUM,447
573,Chandargaon - Cansaulium Rail Flyover Project [16 Km],South Western Railway [SWR] - II,Goa,2026-04-01,,2031-03-01,,1892.0,1892.0,0.0,0.0,South Western Railway [SWR] - II,706865,-,0.0,0.0,0.0,1892.0,0.0,,,,,0,0,Large,1,0,0,0,0,50,100,0,40.0,MEDIUM,447
574,Kosamba Umarpada 70 Km,PCE/WR,Gujarat,2023-07-01,2022-07-01,2027-03-01,,468.0,468.0,44.62,9.0,PCE/WR,611918,-,0.0,0.0,9.534188034188034,423.38,0.5341880341880341,56.0,-12.0,45.0,,0,0,Small,1,0,0,0,0,50,100,0,40.0,MEDIUM,447
219,Mahan Transmission Limited,Adani Transmission Limited,Madhya Pradesh,2025-03-01,2025-03-01,2027-04-01,,3125.32,3125.32,286.79,17.0,Adani Transmission Limited,619024,-,0.0,0.0,9.176340342748905,2838.53,-7.823659657251097,25.0,0.0,13.0,,0,0,Large,1,0,0,0,0,50,100,0,40.0,MEDIUM,447
1152,Widening and Strengthening/Reconstruction to Two Lane with Paved Shoulder/ Two Lane with paved shoulders with service road from km 0000 to km 42250 excluding design Ch. 03220 to 04200 & 28350 to 29060 of NH-320G in the state of Jharkhand under EPC mode,MoRTH,Jharkhand,2022-03-01,2023-08-01,2025-08-01,,423.18,423.18,4.11,0.0,MoRTH,618123,N24001925,0.0,0.0,0.9712179214518646,419.07,0.9712179214518646,24.0,17.0,32.0,,0,0,Small,1,0,0,0,0,50,100,0,40.0,MEDIUM,447
1150,Construction of byepass around Lohardaga town of NH-143A in the Sate of Jharkhand under EPC mode.,MoRTH,Jharkhand,2022-02-01,2024-01-01,2026-01-01,2026-09-01,458.78,458.78,0.0,3.0,MoRTH,618083,-,0.0,0.0,0.0,458.78,-3.0,24.0,23.0,27.0,8.0,1,0,Small,1,0,0,0,0,50,100,0,40.0,MEDIUM,447
140,ITAPARA OCP,Eastern Coal Fields Limited [ECL],West Bengal,2023-12-01,2023-12-01,2030-03-01,,929.1,929.1,71.23,8.35,Eastern Coal Fields Limited [ECL],612816,N06000272,0.0,0.0,7.666559035625875,857.87,-0.6834409643741246,75.0,0.0,28.0,,0,0,Medium,1,0,0,0,0,50,100,0,40.0,MEDIUM,447
72,BLOCK B EXPANSION [3.5 TO 8.0,Northern Coalfields Limited [NCL],Madhya Pradesh,2019-07-01,2019-07-01,2023-03-01,2027-03-01,998.71,998.71,518.17,50.0,Northern Coalfields Limited [NCL],400162,N06000184,0.0,0.0,51.88393027004836,480.5400000000001,1.88393027004836,44.0,0.0,81.0,48.0,1,0,Medium,0,0,0,0,0,100,40,0,40.0,MEDIUM,447
585,Kosamba Umarpada GC PROJECT,Ministry of Railways-,Gujarat,2023-07-01,2023-07-01,2027-06-01,,467.58,467.58,70.54,16.0,Ministry of Railways-,616983,-,0.0,0.0,15.08618845972882,397.04,-0.9138115402711816,47.0,0.0,33.0,,0,0,Small,1,0,0,0,0,50,100,0,40.0,MEDIUM,447
586,Desalpar-Hajipir-Luna and Vayor-Lakhpat New Line,Western Railway [WR] - II,Gujarat,2025-09-01,2025-09-01,2028-09-01,,2526.47,2526.47,0.0,0.0,Western Railway [WR] - II,617880,-,0.0,0.0,0.0,2526.47,0.0,36.0,0.0,7.0,,0,0,Large,1,0,0,0,0,50,100,0,40.0,MEDIUM,447
739,Maintenance cum workshop depot for Vande Bharat Sleeper Trains as per conditions under WTA 527,WPO/Patna,Rajasthan,2022-09-01,2023-06-01,2024-12-01,,166.86,166.86,0.0,0.0,WPO/Patna,611929,-,0.0,0.0,0.0,166.86,0.0,18.0,9.0,34.0,,0,0,Small,1,0,0,0,0,50,100,0,40.0,MEDIUM,447
587,Devbhumi Dwarka [Okha] - Kanalus Doubling,Western Railway [WR] - II,Gujarat,2025-12-01,2025-12-01,2028-12-01,,1456.77,1456.77,0.0,0.0,Western Railway [WR] - II,618972,-,0.0,0.0,0.0,1456.77,0.0,36.0,0.0,4.0,,0,0,Large,1,0,0,0,0,50,100,0,40.0,MEDIUM,447
737,Ludhiana- Killa Raipur Railway Doubling Project,Railway,Punjab,2019-03-01,2022-12-01,2025-03-01,2027-02-01,237.64,238.0,137.05,57.0,Railway,705783,N22000584,0.3600000000000136,0.1514896482073782,57.584033613445385,100.95,0.584033613445385,27.0,45.0,40.0,23.0,1,1,Small,0,0,0,0,25,75,40,0,40.0,MEDIUM,447
736,Ludhiana Mullanpur 21Km Doubling Railway project,CAO/C/NR,Punjab,2022-10-01,,2024-06-01,,234.78,234.78,10.0,0.0,CAO/C/NR,607653,-,0.0,0.0,4.25930658488798,224.78,4.25930658488798,,,,,0,0,Small,1,0,0,0,0,50,100,0,40.0,MEDIUM,447
109,SAONER-III EXPN UG MINE 1.54,Western Coalfields Limited [WCL],Maharashtra,2025-08-01,2025-08-01,2032-03-01,,444.42,444.42,0.0,0.0,Western Coalfields Limited [WCL],619055,-,0.0,0.0,0.0,444.42,0.0,79.0,0.0,8.0,,0,0,Small,1,0,0,0,0,50,100,0,40.0,MEDIUM,447
76,RPR TAWA-III UG 0.84 MTY,Western Coalfields Limited [WCL],Madhya Pradesh,2021-12-01,2021-12-01,2027-03-01,,314.09,314.09,17.89,17.78,Western Coalfields Limited [WCL],613804,N06000250,0.0,0.0,5.695819669521476,296.2,-12.084180330478524,63.0,0.0,52.0,,0,0,Small,1,0,0,0,0,50,100,0,40.0,MEDIUM,447
589,Modasa-Shamlaji Road Railway Line Project,Western Railway WR - II,Gujarat,2012-09-01,2008-04-01,2025-03-01,2026-03-01,262.0,262.0,383.67,64.0,Western Railway WR - II,706757,N22000622,0.0,0.0,146.43893129770993,-121.67000000000002,82.43893129770993,203.0,-53.0,216.0,12.0,1,0,Small,0,1,1,0,0,50,40,100,40.0,MEDIUM,447
1713,Construction of six lane elevated corridor from km 7.950 Uppal to km 14.200 of NH- 163 to De-Congest the urban limits of Hyderabad-Bhoopalapatnam section on EPC mode in the state of Telangana,MoRTH,Telangana,2018-03-01,2018-07-01,2020-07-01,2026-10-01,626.76,626.76,16.13,51.7,MoRTH,617980,N24000994,0.0,0.0,2.5735528751037076,610.63,-49.126447124896295,24.0,4.0,93.0,75.0,1,0,Medium,0,0,0,0,0,100,40,0,40.0,MEDIUM,447
1893,"Construction, Operation & Maintenance of 2-L Bi-directional Silkyara Bend- Barkot Tunnel with escape passage including approaches Tunnel-4.531 & Approach road- 0.328 on Dharasu-Yamunotri section b/w Chainage 25.400km and 51.00km falling along NH-134 Old NH-94 on EPC mode",NHIDCL,Uttarakhand,2018-03-01,2018-07-01,2022-07-01,2027-03-01,1383.78,1383.78,688.93,70.64,NHIDCL,618390,N24000855,0.0,0.0,49.78609316509849,694.85,-20.853906834901508,48.0,4.0,93.0,56.0,1,0,Large,0,0,0,0,0,100,40,0,40.0,MEDIUM,447
320,Delhi University Eastern Campus at Surajmal Vihar,Delhi University,Delhi,2024-09-01,2025-03-01,2026-10-01,,373.0,373.0,28.13,12.0,Delhi University,616886,-,0.0,0.0,7.541554959785522,344.87,-4.458445040214478,19.0,6.0,13.0,,0,0,Small,1,0,0,0,0,50,100,0,40.0,MEDIUM,447
595,Koderma-Arigada Doubling 133.38 Km of East Central Railway,East Central Railway [ECR] - I,Jharkhand,2025-06-01,2025-06-01,2029-12-01,,2887.11,2887.11,0.0,0.0,East Central Railway [ECR] - I,617832,-,0.0,0.0,0.0,2887.11,0.0,54.0,0.0,10.0,,0,0,Large,1,0,0,0,0,50,100,0,40.0,MEDIUM,447
732,Khurda Road - Balangir Electrification of Railway Track Project,Ministry of Railways,Odisha,2018-09-01,2019-09-01,2021-03-01,,267.61,267.61,0.0,0.0,Ministry of Railways,706898,-,0.0,0.0,0.0,267.61,0.0,18.0,12.0,79.0,,0,0,Small,1,0,0,0,0,50,100,0,40.0,MEDIUM,447
1897,4L of Haridwar Nagina section Design Ch. LME from km 13.829 to km 17.110 & km 26.077 to km 27.508 and Design Ch. RME from km 13.839 to km 17.120 & km 26.078 to km 27.509 of EUP mitigation measures on NH74,National Highways Authority of India [NHAI],Uttarakhand,2021-11-01,2022-08-01,2024-02-01,2026-06-01,183.92,142.11,102.18,70.42,National Highways Authority of India [NHAI],618875,-,-41.809999999999974,-22.732709873858187,71.90204770952079,39.93000000000001,1.482047709520785,18.0,9.0,44.0,28.0,1,0,Small,0,0,0,0,0,100,40,0,40.0,MEDIUM,447
318,Phase B Construction of Permanent Campus of IIT Bhilai,"Indian Institute of Technology, Bhilai",Chhattisgarh,2025-05-01,2026-01-01,2028-10-01,,1188.97,1188.97,0.0,0.0,"Indian Institute of Technology, Bhilai",617877,-,0.0,0.0,0.0,1188.97,0.0,33.0,8.0,3.0,,0,0,Large,1,0,0,0,0,50,100,0,40.0,MEDIUM,447
747,Sawai Madhopur-Jaipur Railway Line Project,North Western Railway [NWR],Rajasthan,2024-02-01,2023-04-01,2027-03-01,,1203.89,1203.89,207.11,19.0,North Western Railway [NWR],705912,-,0.0,0.0,17.203398981634535,996.78,-1.7966010183654646,47.0,-10.0,36.0,,0,0,Large,1,0,0,0,0,50,100,0,40.0,MEDIUM,447
221,WRNES Talegaon Power Transmission Limited,Adani Transmission Limited,Maharashtra,2025-05-01,,2028-01-01,,2000.0,2000.0,36.0,5.0,Adani Transmission Limited,619027,-,0.0,0.0,1.7999999999999998,1964.0,-3.2,,,,,0,0,Large,1,0,0,0,0,50,100,0,40.0,MEDIUM,447
222,Network Expansion Scheme in Maharashtra for removal of Transmission constraints in Pune Region-I [765/400kV AIS Pune East],Power Grid Corporation of India Limited [POWERGRID],Maharashtra,2026-03-01,2026-03-01,2028-03-01,,1420.0,1420.0,2.84,0.5,Power Grid Corporation of India Limited [POWERGRID],619227,-,0.0,0.0,0.2,1417.16,-0.3,24.0,0.0,1.0,,0,0,Large,1,0,0,0,0,50,100,0,40.0,MEDIUM,447
632,Baramati Lonand New Line Project,Central Railway,Maharashtra,2016-03-01,1999-03-01,2027-03-01,2027-03-01,138.48,1843.9,1007.49,60.0,Central Railway,705357,N22000615,1705.42,1231.5280184864243,54.63908021042355,836.4100000000001,-5.3609197895764495,336.0,-204.0,325.0,0.0,0,1,Small,0,0,0,1,100,0,40,0,40.0,MEDIUM,447
603,Bangalore-Satyamanglam New Line Project [260 Km] - Part Hejjala - Chamarajanagar [142 Km],South Western Railway [SWR] - II,Karnataka,1999-02-01,2026-07-01,2031-12-01,,1382.78,1382.78,0.0,0.0,South Western Railway [SWR] - II,705464,-,0.0,0.0,0.0,1382.78,0.0,65.0,329.0,-3.0,,0,0,Large,1,0,0,0,0,50,100,0,40.0,MEDIUM,447
718,Bangriposi-Gorumahisani new line [ 85.60 km ],CAO/C/SER,Odisha,2024-08-01,2025-09-01,2029-12-01,,2269.49,2269.49,7.14,0.0,CAO/C/SER,616586,-,0.0,0.0,0.3146081278172629,2262.35,0.3146081278172629,51.0,13.0,7.0,,0,0,Large,1,0,0,0,0,50,100,0,40.0,MEDIUM,447
294,SAAP-3 Water Supply Infrastructure SAAP-3 Project,Ministry of Housing & Urban Affairs,Jharkhand,2017-02-01,2018-12-01,2023-10-01,2026-06-01,159.31,159.31,87.5,67.0,Ministry of Housing & Urban Affairs,702742,-,0.0,0.0,54.92436130814136,71.81,-12.075638691858645,58.0,22.0,88.0,32.0,1,0,Small,0,0,0,0,0,100,40,0,40.0,MEDIUM,447
83,RPR FOR RAMPUR BATURA OCP,SECL - CIL,Madhya Pradesh,2025-05-01,2025-05-01,2030-03-01,,1604.69,1604.69,74.71,0.3,SECL - CIL,619053,-,0.0,0.0,4.655727897600159,1529.98,4.355727897600159,58.0,0.0,11.0,,0,0,Large,1,0,0,0,0,50,100,0,40.0,MEDIUM,447
1049,Vadodara Mumbai Expressway Jujuwa - Gandeva from Km. 154.600 to Km. 190.000 Phase-I Package-VIII,National Highways Authority of India [NHAI],Gujarat,2023-07-01,2024-08-01,2026-03-01,2026-11-01,3834.24,3820.2,197.13,4.85,National Highways Authority of India [NHAI],618466,-,-14.039999999999964,-0.3661742613920872,5.160201036594943,3623.07,0.3102010365949432,19.0,13.0,20.0,8.0,1,0,Large,1,0,0,0,0,50,100,0,40.0,MEDIUM,447
276,Pune Metro Phase-1 Extension line towards south from Swargate to Katraj,Maharashtra Metro Rail Corporation Limited [MMRCL],Maharashtra,2024-09-01,2024-09-01,2029-03-01,,2954.53,2954.53,46.13,5.2,Maharashtra Metro Rail Corporation Limited [MMRCL],617226,N28000160,0.0,0.0,1.5613312438865066,2908.4,-3.6386687561134936,54.0,0.0,19.0,,0,0,Large,1,0,0,0,0,50,100,0,40.0,MEDIUM,447
118,BASUNDHARA WEST EXTENSION OPEN,MCL - CIL,Odisha,2014-05-01,2014-05-01,2019-03-01,2029-03-01,479.15,479.15,281.57,67.58,MCL - CIL,615193,N06000112,0.0,0.0,58.76447876447877,197.58,-8.815521235521231,58.0,0.0,143.0,120.0,1,0,Small,0,0,0,0,0,100,40,0,40.0,MEDIUM,447
92,SINGHORI DEEP OC MIN 2.0 MTY,Western Coalfields Limited [WCL],Maharashtra,2022-05-01,2022-05-01,2029-03-01,,335.75,335.75,49.75,9.57,Western Coalfields Limited [WCL],615190,N06000252,0.0,0.0,14.817572598659718,286.0,5.247572598659717,82.0,0.0,47.0,,0,0,Small,1,0,0,0,0,50,100,0,40.0,MEDIUM,447
672,Gondia - Dongargarh 4th line [84 Km],South Eastern Central Railway,"Multi-States
(Chhattisgarh,
Maharashtra)",2025-10-01,2025-10-01,2030-10-01,,2222.53,2222.53,0.0,0.0,South Eastern Central Railway,618978,-,0.0,0.0,0.0,2222.53,0.0,60.0,0.0,6.0,,0,0,Large,1,0,0,0,0,50,100,0,40.0,MEDIUM,447
94,KOLGAON EXPANSION DEEP OC MINE,Western Coalfields Limited [WCL],Maharashtra,2023-01-01,2023-09-01,2027-03-01,,198.71,198.71,23.54,2.82,Western Coalfields Limited [WCL],615199,N06000267,0.0,0.0,11.846409340244575,175.17000000000002,9.026409340244577,42.0,8.0,31.0,,0,0,Small,1,0,0,0,0,50,100,0,40.0,MEDIUM,447
100,RPR OF BHANEGAON OC,Western Coalfields Limited [WCL],Maharashtra,2017-02-01,2022-09-01,2028-03-01,,405.2,405.2,35.03,15.95,Western Coalfields Limited [WCL],615918,N06000256,0.0,0.0,8.645113524185588,370.17,-7.304886475814412,66.0,67.0,43.0,,0,0,Small,1,0,0,0,0,50,100,0,40.0,MEDIUM,447
674,Sardega -Bhalumuda New Double line [37.24 Km],SECR,"Multi-States
(Chhattisgarh,
Odisha)",2024-09-01,2024-09-01,2028-03-01,,1281.81,1281.81,128.07,4.0,SECR,617390,-,0.0,0.0,9.991340370257683,1153.74,5.991340370257683,42.0,0.0,19.0,,0,0,Large,1,0,0,0,0,50,100,0,40.0,MEDIUM,447
95,BALLARPUR NORTH WEST OC MINE,Western Coalfields Limited [WCL],Maharashtra,2022-12-01,2022-12-01,2029-03-01,,360.81,360.81,3.84,5.17,Western Coalfields Limited [WCL],615330,N06000282,0.0,0.0,1.0642720545439428,356.97,-4.105727945456057,75.0,0.0,40.0,,0,0,Small,1,0,0,0,0,50,100,0,40.0,MEDIUM,447
1908,Development to 4/6-lanning of NH-31 New NH-10 with both side service roads from km 569.258 to km 581.030 end of AH-02 project on NH- 31 near Shivmandir to Sevoke Army Cantonment in districts of Darjeeling and Jalpaiguri in the state of West Bengal on EPC Mode Job No. 010/WB/2021-22/490,MoRTH,West Bengal,2022-03-01,2023-03-01,2025-09-01,2027-03-01,995.04,1059.2,456.48,71.03,MoRTH,618227,N24001850,64.16000000000008,6.44798199067375,43.09667673716013,602.72,-27.93332326283988,30.0,12.0,37.0,18.0,1,1,Medium,0,0,0,0,25,75,40,0,40.0,MEDIUM,447
274,Indore Metro Rail Project,Madhya Pradesh Metro Rail Co Limited [MPMRCL],Madhya Pradesh,2018-11-01,2018-11-01,2022-11-01,2028-12-01,7500.8,7500.8,4923.05,64.15,Madhya Pradesh Metro Rail Co Limited [MPMRCL],702626,N28000125,0.0,0.0,65.63366574232083,2577.75,1.4836657423208237,48.0,0.0,89.0,73.0,1,0,Mega,0,0,0,0,0,100,40,0,40.0,MEDIUM,447
273,Bhopal Metro Rail Project,Madhya Pradesh Metro Rail Co Limited [MPMRCL],Madhya Pradesh,2018-11-01,2018-11-01,2022-11-01,2028-06-01,6941.4,6941.4,4259.25,59.94,Madhya Pradesh Metro Rail Co Limited [MPMRCL],702625,N28000124,0.0,0.0,61.36010026795747,2682.1499999999996,1.4201002679574728,48.0,0.0,89.0,67.0,1,0,Mega,0,0,0,0,0,100,40,0,40.0,MEDIUM,447
1455,Construction of 4-Laning of West Serawlg-Sairang section of NH-6 from Existing Chainage km 142000 to km 158900 Design Chainage km 123400 to km 136260 on Silchar - Vairengte - Sairang road in the State of Mizoram under Bharatmala Pariyojna on EPC mode under NHO-NE Package-8,NHIDCL,Mizoram,2024-02-01,2025-11-01,2028-11-01,,875.79,875.79,0.0,13.95,NHIDCL,618321,-,0.0,0.0,0.0,875.79,-13.95,36.0,21.0,5.0,,0,0,Medium,1,0,0,0,0,50,100,0,40.0,MEDIUM,447
1050,Vadodara Mumbai Expressway Karvad - Jujuwa from Km. 128.000 to Km. 154.600 Phase-I Package-IX,National Highways Authority of India [NHAI],Gujarat,2023-07-01,2024-04-01,2025-10-01,2026-06-01,2594.17,2587.04,212.76,21.75,National Highways Authority of India [NHAI],618467,-,-7.130000000000109,-0.2748470609096593,8.224070752674871,2374.2799999999997,-13.525929247325127,18.0,9.0,24.0,8.0,1,0,Large,1,0,0,0,0,50,100,0,40.0,MEDIUM,447
269,Bangalore Metro Rail Project - PHASE-3,Bengaluru Metro Rail,Karnataka,2026-06-01,,2031-05-01,,15611.0,15611.0,0.0,0.0,Bengaluru Metro Rail,612878,-,0.0,0.0,0.0,15611.0,0.0,,,,,0,0,Mega,1,0,0,0,0,50,100,0,40.0,MEDIUM,447
1482,6L Access Controlled Greenfield Highway of Julekal village to Dinnedevarapadu village from Km 242.200 to Km 280.400 Pkg-2,National Highways Authority of India [NHAI],"Multi-States
(Andhra Pradesh,
Telangana)",2022-01-01,2023-01-01,2025-01-01,2026-12-01,1227.57,1315.87,524.04,65.24,National Highways Authority of India [NHAI],619212,-,88.29999999999995,7.193072492810998,39.824602734312656,791.8299999999999,-25.41539726568734,24.0,12.0,39.0,23.0,1,1,Large,0,0,0,0,25,75,40,0,40.0,MEDIUM,447
268,"Metro connectivity from Millennium City Centre to Cyber City with Spur to Dwarka Expressway, Gurugram.",Gurugram Metro Rail Limited [GMRL],Haryana,2023-07-01,2024-08-01,2027-07-01,,5452.72,5452.72,92.12,0.0,Gurugram Metro Rail Limited [GMRL],619022,-,0.0,0.0,1.689432063263839,5360.6,1.689432063263839,35.0,13.0,20.0,,0,0,Mega,1,0,0,0,0,50,100,0,40.0,MEDIUM,447
761,Varanasi-Pt. Deen Dayal Upadhyaya multitracking 15km including construction of new Rail-cum-Road Bridge across Ganga River.,Northern Railways,Uttar Pradesh,2024-10-01,2025-10-01,2029-10-01,,2464.46,2464.46,59.82,2.42,Northern Railways,617213,-,0.0,0.0,2.427306590490412,2404.64,0.0073065904904119,48.0,12.0,6.0,,0,0,Large,1,0,0,0,0,50,100,0,40.0,MEDIUM,447
764,Surface triangle line bet. Bhadura stn and new crossing stn Karma,East Central Railway [ECR] - I,Uttar Pradesh,2022-10-01,2024-05-01,2027-02-01,,199.96,199.96,5.19,0.5,East Central Railway [ECR] - I,617333,-,0.0,0.0,2.595519103820764,194.77,2.095519103820764,33.0,19.0,23.0,,0,0,Small,1,0,0,0,0,50,100,0,40.0,MEDIUM,447
263,Delhi Metro Rail Phase-IV [2 Corridors],Delhi Metro Rail Corporation Limited [DMRC],Delhi,2024-03-01,2024-03-01,2029-03-01,,8399.81,8399.81,94.53,3.64,Delhi Metro Rail Corporation Limited [DMRC],617207,-,0.0,0.0,1.1253825979397154,8305.279999999999,-2.514617402060285,60.0,0.0,25.0,,0,0,Mega,1,0,0,0,0,50,100,0,40.0,MEDIUM,447
96,GADEGAON OC 3 MTY,Western Coalfields Limited [WCL],Maharashtra,2023-10-01,2023-10-01,2030-03-01,,497.41,497.41,27.55,2.19,Western Coalfields Limited [WCL],615331,-,0.0,0.0,5.538690416356728,469.86,3.3486904163567277,77.0,0.0,30.0,,0,0,Small,1,0,0,0,0,50,100,0,40.0,MEDIUM,447
763,Chunar-Chopan doubling project,North Central Railway,Uttar Pradesh,2023-08-01,2025-01-01,2028-03-01,,1423.96,1423.96,123.09,17.0,North Central Railway,617284,-,0.0,0.0,8.644203488862047,1300.87,-8.355796511137953,38.0,17.0,15.0,,0,0,Large,1,0,0,0,0,50,100,0,40.0,MEDIUM,447
1456,Construction of Twin Tube Uni-directional Aizawl Bypass Tunnel of 2.5 km and its approaches of 2.1 km from km 10.600 to km 15.200 on Sarrang - Phaibawk section of NH-6 in the State of Mizoram on EPC Mode under NHO-NE Package-2,NHIDCL,Mizoram,2024-01-01,2025-12-01,2028-12-01,,1313.28,1313.28,0.0,0.0,NHIDCL,618323,-,0.0,0.0,0.0,1313.28,0.0,36.0,23.0,4.0,,0,0,Large,1,0,0,0,0,50,100,0,40.0,MEDIUM,447
692,Buramara-Chakulia new line [59.96 km],South Eastern Railway [SER] - I,"Multi-States
(Jharkhand,
Odisha, West
Bengal)",2024-08-01,2024-12-01,2029-12-01,,1459.13,1459.13,7.58,0.0,South Eastern Railway [SER] - I,616588,-,0.0,0.0,0.5194876398950059,1451.5500000000002,0.5194876398950059,60.0,4.0,16.0,,0,0,Large,1,0,0,0,0,50,100,0,40.0,MEDIUM,447
693,Chandil - Anara - Damodar - 3rd line [121.26 km],CAO/C/SER,"Multi-States
(Jharkhand, West
Bengal)",2024-09-01,2025-07-01,2029-09-01,,1932.01,1932.01,4.51,0.0,CAO/C/SER,616227,-,0.0,0.0,0.2334356447430396,1927.5,0.2334356447430396,50.0,10.0,9.0,,0,0,Large,1,0,0,0,0,50,100,0,40.0,MEDIUM,447
1457,Construction of 2-lane Aizawl Bypass from km 15.200 to km 34.500 Package-3 on Sairang - Phaibawk section of NH-6 in the State of Mizoram under Bharatmala Pariyojna on EPC Mode under NHO-NE,NHIDCL,Mizoram,2023-02-01,2025-10-01,2028-11-01,,720.72,720.72,0.0,15.1,NHIDCL,618324,-,0.0,0.0,0.0,720.72,-15.1,37.0,32.0,6.0,,0,0,Medium,1,0,0,0,0,50,100,0,40.0,MEDIUM,447
97,GHONSA EXPANSION DEEP OC MINE,Western Coalfields Limited [WCL],Maharashtra,2021-03-01,2021-03-01,2029-03-01,,184.71,184.71,15.72,12.83,Western Coalfields Limited [WCL],615914,N06000205,0.0,0.0,8.51063829787234,168.99,-4.31936170212766,96.0,0.0,61.0,,0,0,Small,1,0,0,0,0,50,100,0,40.0,MEDIUM,447
98,AMLG GAURI PAUNI EXPANSION OC,Western Coalfields Limited [WCL],Maharashtra,2024-04-01,2024-04-01,2030-03-01,,1225.21,1225.21,88.88,4.21,Western Coalfields Limited [WCL],615916,N06000271,0.0,0.0,7.254266615518971,1136.33,3.0442666155189713,71.0,0.0,24.0,,0,0,Large,1,0,0,0,0,50,100,0,40.0,MEDIUM,447
264,Delhi Metro Rail Phase V A,Delhi Metro Rail Corporation Limited [DMRC],Delhi,2026-01-01,2026-01-01,2028-12-01,,12014.91,12014.9,17.4,5.34,Delhi Metro Rail Corporation Limited [DMRC],619031,-,-0.0100000000002182,-8.322992015935432e-05,0.1448201816078369,11997.5,-5.195179818392163,35.0,0.0,3.0,,0,0,Mega,1,0,0,0,0,50,100,0,40.0,MEDIUM,447
1454,Construction of 4-Laning of N. Kawnpui N. Mualvum Mualkhang via Khamrang Village section Package-7 of NH-6 from Existing Chainage km 127200 to km 142000 Design Chainage km 111850 to km 123400 on Silchar - Vairengte - Sairang road in the State of Mizoram on EPC mode,NHIDCL,Mizoram,2024-02-01,2025-10-01,2028-10-01,,866.32,866.32,0.0,18.9,NHIDCL,618320,-,0.0,0.0,0.0,866.32,-18.9,36.0,20.0,6.0,,0,0,Medium,1,0,0,0,0,50,100,0,40.0,MEDIUM,447
277,Thane Integral Ring Metro Rail Project,Maharashtra Metro Rail Corporation Limited [MMRCL],Maharashtra,2024-09-01,2024-09-01,2029-09-01,,12200.1,12200.1,81.63,8.25,Maharashtra Metro Rail Corporation Limited [MMRCL],617327,-,0.0,0.0,0.6690928762878993,12118.47,-7.580907123712101,60.0,0.0,19.0,,0,0,Mega,1,0,0,0,0,50,100,0,40.0,MEDIUM,447
278,Pune Metro Rail Project Phase-2 Corridor 2A Vanaz to Chandani Chowk and Corridor 2B Ramwadi to Wagholi/Vitthalwadi,Maharashtra Metro Rail Corporation Limited [MMRCL],Maharashtra,2025-07-01,2025-07-01,2029-07-01,,3626.24,3626.24,2.65,1.38,Maharashtra Metro Rail Corporation Limited [MMRCL],618971,-,0.0,0.0,0.0730784504059301,3623.59,-1.3069215495940698,48.0,0.0,9.0,,0,0,Large,1,0,0,0,0,50,100,0,40.0,MEDIUM,447
664,New Delhi- Howrah Speed Booster[160Kmph] Project,PCE/NCR,"Multi-States
(Bihar, Delhi,
Jharkhand, Uttar
Pradesh, West
Bengal)",2019-09-01,2019-09-01,2024-03-01,,6684.81,6684.81,127.03,0.0,PCE/NCR,705794,-,0.0,0.0,1.9002783923552051,6557.780000000001,1.9002783923552051,54.0,0.0,79.0,,0,0,Mega,1,0,0,0,0,50,100,0,40.0,MEDIUM,447
635,3rd Line Kalyan - Kasara [67.35 Kilometres],Central Railway,Maharashtra,2015-09-01,2015-09-01,2026-12-01,2026-12-01,792.89,1395.79,1077.37,73.0,Central Railway,705498,N22000233,602.9,76.03829030508645,77.18711267454272,318.4200000000001,4.187112674542718,135.0,0.0,127.0,0.0,0,1,Medium,0,0,0,0,100,0,40,0,40.0,MEDIUM,447
99,GAURIDEEP/GAURI CENTRAL OCP 7.,Western Coalfields Limited [WCL],Maharashtra,2023-08-01,2024-06-01,2030-03-01,,973.07,973.07,1.55,2.31,Western Coalfields Limited [WCL],615917,N06000278,0.0,0.0,0.1592896708356027,971.52,-2.150710329164397,69.0,10.0,22.0,,0,0,Medium,1,0,0,0,0,50,100,0,40.0,MEDIUM,447
1481,4L Access Controlled Greenfield Highway section on NH-163G Khammam Vijayawada from BrahmanapalliK village at Design Ch. 250.400 Km to Remidicherla village at Design Ch. 280.200 KmPackage-II,National Highways Authority of India [NHAI],"Multi-States
(Andhra Pradesh,
Telangana)",2023-03-01,2025-03-01,2027-03-01,2027-06-01,826.01,862.58,69.29,22.08,National Highways Authority of India [NHAI],619143,-,36.57000000000005,4.427307175457931,8.032878109856476,793.2900000000001,-14.047121890143522,24.0,24.0,13.0,3.0,1,1,Medium,1,0,0,0,25,25,100,0,40.0,MEDIUM,447
230,Inter-regional [NR-WR] Transmission System strengthening to relieve the loading of 765 kV Vindhyachal-Varanasi D/c line,Power Grid Corporation of India Limited [POWERGRID],"Multi-States
(Bihar, Uttar
Pradesh)",2025-10-01,2025-10-01,2027-10-01,,2368.0,2368.0,35.52,2.0,Power Grid Corporation of India Limited [POWERGRID],617807,-,0.0,0.0,1.5000000000000002,2332.48,-0.4999999999999998,24.0,0.0,6.0,,0,0,Large,1,0,0,0,0,50,100,0,40.0,MEDIUM,447
87,DHUPTALA OC [SASTI UG TO OC ],Western Coalfields Limited [WCL],Maharashtra,2019-02-01,2021-10-01,2028-03-01,,711.01,711.01,174.62,19.02,Western Coalfields Limited [WCL],400353,N06000209,0.0,0.0,24.55942954388827,536.39,5.5394295438882715,77.0,32.0,54.0,,0,0,Medium,1,0,0,0,0,50,100,0,40.0,MEDIUM,447
291,Storm water drainag Development Project,ministry of housing and urban affairs,"Dadra & Nagar
Haveli and Daman
& Diu",2020-08-01,2021-12-01,2024-03-01,,210.0,210.0,0.0,20.0,ministry of housing and urban affairs,702355,-,0.0,0.0,0.0,210.0,-20.0,27.0,16.0,52.0,,0,0,Small,1,0,0,0,0,50,100,0,40.0,MEDIUM,447
1669,Rehabilitation & Upgradation of existing road to 2-lane with paved shoulder including geometric improvement of section from start of Rabangla km33.600 to km58.840 under SARDP-NE Phase A Pkg- IV,NHIDCL,Sikkim,2020-07-01,2020-10-01,2022-05-01,2026-06-01,292.8,292.8,1.91,65.1,NHIDCL,618450,N24001327,0.0,0.0,0.6523224043715846,290.89,-64.4476775956284,19.0,3.0,66.0,49.0,1,0,Small,0,0,0,0,0,100,40,0,40.0,MEDIUM,447
1945,Borolia Irrigation Project,"Department of Water Resources, River Development & GR",Assam,1996-04-01,1996-12-01,2022-12-01,2026-03-01,256.16,256.16,44.7,55.44,"Department of Water Resources, River Development & GR",701370,-,0.0,0.0,17.45003123048095,211.46000000000004,-37.98996876951905,312.0,8.0,352.0,39.0,1,0,Small,0,0,0,0,0,100,40,0,40.0,MEDIUM,447
235,TRANSMISSION SYSTEM FOR EVACUATION OF POWER FROM POTENTIAL RENEWABLE ENERGY ZONE IN KHAVDA AREA OF GUJARAT UNDER PHASE-V [8 GW] PART A [SPV Name POWERGRID West Central Transmission Limited],Power Grid Corporation of India Limited [POWERGRID],"Multi-States
(Gujarat,
Maharashtra)",2024-11-01,2024-11-01,2029-05-01,,24819.0,24819.0,2481.9,9.67,Power Grid Corporation of India Limited [POWERGRID],615347,N18000405,0.0,0.0,10.0,22337.1,0.33,54.0,0.0,17.0,,0,0,Mega,1,0,0,0,0,50,100,0,40.0,MEDIUM,447
107,WAGHODA UG MINE [1.02 MTY],Western Coalfields Limited [WCL],Maharashtra,2024-01-01,2025-01-01,2030-03-01,,379.3,379.3,0.0,0.01,Western Coalfields Limited [WCL],617233,N06000293,0.0,0.0,0.0,379.3,-0.01,62.0,12.0,15.0,,0,0,Small,1,0,0,0,0,50,100,0,40.0,MEDIUM,447
1955,Gosikhurd CADWM Project,Department of water resources-MH - II,Maharashtra,2017-04-01,2017-04-01,2019-12-01,2026-06-01,743.73,743.73,459.06,53.93,Department of water resources-MH - II,400095,-,0.0,0.0,61.72401274656125,284.67,7.794012746561251,32.0,0.0,108.0,78.0,1,0,Medium,0,0,0,0,0,100,40,0,40.0,MEDIUM,447
106,AMAL GONDEGAON GHATROHANA EXPN,Western Coalfields Limited [WCL],Maharashtra,2024-09-01,2024-09-01,2029-03-01,,668.54,668.54,2.94,2.52,Western Coalfields Limited [WCL],616229,N06000284,0.0,0.0,0.4397642624225925,665.5999999999999,-2.0802357375774077,54.0,0.0,19.0,,0,0,Medium,1,0,0,0,0,50,100,0,40.0,MEDIUM,447
649,Rayadurg-Tumkur via Kalyandurg New Line [207 km],South Western Railway [SWR] - II,"Multi-States
(Andhra Pradesh,
Karnataka)",2008-03-01,2010-07-01,2015-09-01,2028-02-01,2496.0,2496.0,1898.7,72.0,South Western Railway [SWR] - II,705494,N22000279,0.0,0.0,76.06971153846153,597.3,4.069711538461533,62.0,28.0,189.0,149.0,1,0,Large,0,0,0,0,0,100,40,0,40.0,MEDIUM,447
288,Agra Metro Rail Project,Uttar Pradesh metro rail corporation [UPMRC],Uttar Pradesh,2019-05-01,2020-12-01,2024-05-01,2027-06-01,8379.62,8379.62,6071.78,69.5,Uttar Pradesh metro rail corporation [UPMRC],702629,N28000145,0.0,0.0,72.4588943174034,2307.840000000001,2.9588943174034057,41.0,19.0,64.0,37.0,1,0,Mega,0,0,0,0,0,100,40,0,40.0,MEDIUM,447
776,Rishikesh-Karnaprayag New Rail Line- 125 km,RVNL - II,Uttarakhand,2016-11-01,2018-08-01,2025-12-01,2028-12-01,38953.0,38953.0,28286.15,74.0,RVNL - II,705429,N22000406,0.0,0.0,72.61610145560034,10666.85,-1.3838985443996563,88.0,21.0,92.0,36.0,1,0,Mega,0,0,0,0,0,100,40,0,40.0,MEDIUM,447
286,LUCKNOW METRO RAIL PROJECT PHASE-1B EAST WEST CORRIDOR,Uttar Pradesh metro rail corporation [UPMRC],Uttar Pradesh,2025-09-01,2026-05-01,2031-04-01,,5801.05,5801.05,0.0,1.0,Uttar Pradesh metro rail corporation [UPMRC],619052,-,0.0,0.0,0.0,5801.05,-1.0,59.0,8.0,-1.0,,0,0,Mega,1,0,0,0,0,50,100,0,40.0,MEDIUM,447
284,Delhi Metro Rail Phase-IV [Rithala - Kundli Corridor],Delhi Metro Rail Corporation Limited [DMRC],"Multi-States (Delhi,
Haryana)",2025-01-01,2025-01-01,2029-01-01,,6230.99,6230.99,72.98,0.0,Delhi Metro Rail Corporation Limited [DMRC],617206,-,0.0,0.0,1.1712424510390804,6158.01,1.1712424510390804,48.0,0.0,15.0,,0,0,Mega,1,0,0,0,0,50,100,0,40.0,MEDIUM,447
656,Doubling of Guntur Bibinagar 239 Km,South Central Railway [SCR] - II,"Multi-States
(Andhra Pradesh,
Telangana)",2023-08-01,2023-08-01,2029-03-01,,2853.23,2853.23,348.95,2.5,South Central Railway [SCR] - II,617211,-,0.0,0.0,12.22999898360805,2504.28,9.72999898360805,67.0,0.0,32.0,,0,0,Large,1,0,0,0,0,50,100,0,40.0,MEDIUM,447
929,2L with ES of Yagyi - Kalewa section from Milepost 40/0 to Milepost 115/5 in Myanmar,National Highways Authority of India [NHAI],Assam,2017-12-01,2018-05-01,2023-06-01,2027-07-01,1200.14,1200.14,0.0,52.0,National Highways Authority of India [NHAI],618958,-,0.0,0.0,0.0,1200.14,-52.0,61.0,5.0,95.0,49.0,1,0,Large,0,0,0,0,0,100,40,0,40.0,MEDIUM,447
1672,Bangalore Chennai Expressway Phase-III Package III Arakkonam to Kancheepuram from Km 204.500 to Km 230.000,National Highways Authority of India [NHAI],Tamil Nadu,2020-12-01,2022-08-01,2024-07-01,2027-09-01,1525.1,1525.1,360.29,53.56,National Highways Authority of India [NHAI],618479,N24001717,0.0,0.0,23.624024654121044,1164.81,-29.93597534587896,23.0,20.0,44.0,38.0,1,0,Large,0,0,0,0,0,100,40,0,40.0,MEDIUM,447
243,RAJASTHAN PART I POWER TRANSMISSION LIMITED,Adani Transmission Limited,"Multi-States
(Madhya Pradesh,
Rajasthan, Uttar
Pradesh)",2025-01-01,2025-01-01,2029-07-01,,25000.0,25000.0,230.05,2.0,Adani Transmission Limited,619025,-,0.0,0.0,0.9202,24769.95,-1.0798,54.0,0.0,15.0,,0,0,Mega,1,0,0,0,0,50,100,0,40.0,MEDIUM,447
257,"Construction of One Tower of Office Complex and another Tower of Residential quarters consisting of 10Nos. Type-V, 10Nos. Type-VI & 1No.Type-VII Quarters i/c internal water supply, sanitary installation and all development and bulk services, Horticulture works on EPC Mode-I basis i/c comprehensive operation and maintenance of Civil, E&M services for 7 years after completion of original construction work for Ranga Reddy, Secunderabad, Medchal, AuditI, Audit-II Commissionerates of Central Tax at Khajaguda, Serilingampally, Hyderabad.",Central Public Works Department - CPWD,Telangana,2024-03-01,2024-11-01,2027-09-01,,644.0,644.0,161.57,21.0,Central Public Works Department - CPWD,617412,-,0.0,0.0,25.088509316770185,482.43,4.088509316770185,34.0,8.0,17.0,,0,0,Medium,1,0,0,0,0,50,100,0,40.0,MEDIUM,447
238,Inter-Regional Strengthening between SR Grid and WR Grid,Power Grid Corporation of India Limited [POWERGRID],"Multi-States
(Karnataka,
Maharashtra)",2025-10-01,2025-10-01,2027-10-01,,1007.0,1007.0,20.14,2.5,Power Grid Corporation of India Limited [POWERGRID],617808,-,0.0,0.0,2.0,986.86,-0.5,24.0,0.0,6.0,,0,0,Large,1,0,0,0,0,50,100,0,40.0,MEDIUM,447
280,New Suburba Station Development Project,ministry of housing and urban affairs,Maharashtra,2018-04-01,2019-03-01,2022-07-01,,262.76,262.76,17.62,6.0,ministry of housing and urban affairs,701745,-,0.0,0.0,6.705739077485158,245.14,0.7057390774851582,40.0,11.0,85.0,,0,0,Small,1,0,0,0,0,50,100,0,40.0,MEDIUM,447
757,Kazipet Wagon Overhauling Project,RVNL,Telangana,2017-09-01,2017-07-01,2023-12-01,,385.0,385.0,0.0,0.0,RVNL,705252,-,0.0,0.0,0.0,385.0,0.0,77.0,-2.0,105.0,,0,0,Small,1,0,0,0,0,50,100,0,40.0,MEDIUM,447
662,Lumding Furkating Doubling Project 140 km,Northeast Frontier Railway [NFR],"Multi-States
(Assam,
Nagaland)",2024-02-01,2025-01-01,2028-02-01,,2123.7,2123.7,121.34,10.0,Northeast Frontier Railway [NFR],616701,-,0.0,0.0,5.7136130338560065,2002.36,-4.2863869661439935,37.0,11.0,15.0,,0,0,Large,1,0,0,0,0,50,100,0,40.0,MEDIUM,447
279,Pune Metro Rail Project Phase-2 Line-4 Kharadi to Khadakwasla with Spur Line 4A Nal Stop - Warje - Manikbaug,Maharashtra Metro Rail Corporation Limited [MMRCL],Maharashtra,2025-12-01,2025-12-01,2030-12-01,,9857.85,9857.85,3.94,0.48,Maharashtra Metro Rail Corporation Limited [MMRCL],618985,-,0.0,0.0,0.0399681472126274,9853.91,-0.4400318527873725,60.0,0.0,4.0,,0,0,Mega,1,0,0,0,0,50,100,0,40.0,MEDIUM,447
90,NEW MAJRI UG TO OC 3 MTY COST,Western Coalfields Limited [WCL],Maharashtra,2019-05-01,2022-09-01,2027-03-01,,402.27,402.27,67.11,24.17,Western Coalfields Limited [WCL],615188,N06000255,0.0,0.0,16.68282496830487,335.15999999999997,-7.487175031695131,54.0,40.0,43.0,,0,0,Small,1,0,0,0,0,50,100,0,40.0,MEDIUM,447
190,North Eastern Region Expansion Scheme-XXIII [NERES-XXIII],Power Grid Corporation of India Limited [POWERGRID],Arunachal Pradesh,2025-08-01,2025-08-01,2028-02-01,,209.38,209.38,3.14,1.5,Power Grid Corporation of India Limited [POWERGRID],617375,-,0.0,0.0,1.4996656796255612,206.24,-0.0003343203744388,30.0,0.0,8.0,,0,0,Small,1,0,0,0,0,50,100,0,40.0,MEDIUM,447
570,Redevelopment of New Delhi Railway Station and construction of associated infrastructure,Rail Land Development Authority,Delhi,2023-01-01,2024-06-01,2028-12-01,,4744.0,4744.0,257.53,3.0,Rail Land Development Authority,613785,-,0.0,0.0,5.4285413153457,4486.47,2.4285413153457,54.0,17.0,22.0,,0,0,Large,1,0,0,0,0,50,100,0,40.0,MEDIUM,447
457,AIIMS Darbhanga,PMSSY AND Institute of NATIONAL Importance,Bihar,2020-09-01,2020-09-01,2024-09-01,,1264.0,1264.0,0.0,0.0,PMSSY AND Institute of NATIONAL Importance,701172,-,0.0,0.0,0.0,1264.0,0.0,48.0,0.0,67.0,,0,0,Large,1,0,0,0,0,50,100,0,40.0,MEDIUM,447
165,"Sipat Super Thermal Power Project, Stage-III [1x800 MW]",National Thermal Power Corporation [NTPC],Chhattisgarh,2024-09-01,2024-09-01,2029-09-01,,9791.0,9791.0,1619.63,18.91,National Thermal Power Corporation [NTPC],617188,-,0.0,0.0,16.54202839342253,8171.37,-2.36797160657747,60.0,0.0,19.0,,0,0,Mega,1,0,0,0,0,50,100,0,40.0,MEDIUM,447
46,SANGHMITRA OC,Ministry of Coal,Jharkhand,2024-03-01,2024-03-01,2032-03-01,,2660.0,2660.0,16.1,16.77,Ministry of Coal,400136,-,0.0,0.0,0.605263157894737,2643.9,-16.164736842105263,96.0,0.0,25.0,,0,0,Large,1,0,0,0,0,50,100,0,40.0,MEDIUM,447
462,"Setting up IT Infrastructure including Network Security and Hosting at AIIMS, New Delhi",PMSSY AND Institute of NATIONAL Importance,Delhi,2025-09-01,2025-09-01,2026-09-01,,358.19,358.19,0.0,0.0,PMSSY AND Institute of NATIONAL Importance,617882,-,0.0,0.0,0.0,358.19,0.0,12.0,0.0,7.0,,0,0,Small,1,0,0,0,0,50,100,0,40.0,MEDIUM,447
45,KARO EXPANSION OCP,Ministry of Coal,Jharkhand,2022-01-01,2022-01-01,2029-03-01,,908.47,908.47,289.45,23.57,Ministry of Coal,400074,N06000246,0.0,0.0,31.86126124142789,619.02,8.29126124142789,86.0,0.0,51.0,,0,0,Medium,1,0,0,0,0,50,100,0,40.0,MEDIUM,447
1230,Belgaum-Khanapur Pkg I Km 0.000-Km 30.800 of NH-4A,National Highways Authority of India [NHAI],Karnataka,2018-03-01,2019-03-01,2021-09-01,2027-03-01,1214.3,1195.74,497.43,72.77,National Highways Authority of India [NHAI],619164,-,-18.559999999999945,-1.5284526064399198,41.60018064127653,698.31,-31.169819358723466,30.0,12.0,85.0,66.0,1,0,Large,0,0,0,0,0,100,40,0,40.0,MEDIUM,447
879,"lmprovement and Widening to 2 lane with paved Shoulder of NH-15 old NH-52 from Existing Km 770.600 Design Km 24.819 to Existing km 805.750 Design Km 59.885 Kamlang T-Junction to Chowkham, Existing Length 35.150 Km, Design Length-35.066 Km in the state of Arunachal Pradesh on EPC mode Pkg-2",NHIDCL,Arunachal Pradesh,2023-12-01,2026-02-01,2028-02-01,,316.73,316.73,0.0,0.0,NHIDCL,619014,-,0.0,0.0,0.0,316.73,0.0,24.0,26.0,2.0,,0,0,Small,1,0,0,0,0,50,100,0,40.0,MEDIUM,447
42,MADANNAGAR OCP 12 MTY - MDO,SECL - CIL,Chhattisgarh,2024-12-01,2024-12-01,2029-03-01,,1859.19,1859.19,0.45,0.0,SECL - CIL,619172,-,0.0,0.0,0.0242040888774143,1858.74,0.0242040888774143,51.0,0.0,16.0,,0,0,Large,1,0,0,0,0,50,100,0,40.0,MEDIUM,447
1584,"Balance work of 8 nos. of Elephant Underpasses EUPs, 1 no. of Vehicular Underpass VUP, 1 nos. of Light Vehicular Underpass LVUP, 1 nos. of Pedestrian Underpass PUP, 1 nos. of Foot Over Bridge FOB and A2 side approach of Jharpokharia Flyover at Km.215.270 in Baharagora-Singhara section of NH-49",National Highways Authority of India [NHAI],Odisha,2023-09-01,2024-11-01,2026-05-01,2027-03-01,320.64,244.85,33.71,18.0,National Highways Authority of India [NHAI],618592,-,-75.78999999999999,-23.637100798403193,13.76761282417807,211.14,-4.2323871758219305,18.0,14.0,17.0,10.0,1,0,Small,1,0,0,0,0,50,100,0,40.0,MEDIUM,447
41,RPR FOR DURGAPUR OCP 10 MTY,SECL - CIL,Chhattisgarh,2025-09-01,2025-09-01,2032-03-01,,2415.91,2415.91,2.35,0.01,SECL - CIL,619171,-,0.0,0.0,0.0972718354574466,2413.56,0.0872718354574466,78.0,0.0,7.0,,0,0,Large,1,0,0,0,0,50,100,0,40.0,MEDIUM,447
40,MANIKPUR OC EXPANSION PROJECT,South Eastern Coalfields Limited [SECL],Chhattisgarh,2025-01-01,2025-01-01,2029-03-01,,382.61,382.61,116.09,21.29,South Eastern Coalfields Limited [SECL],617288,-,0.0,0.0,30.34160110817804,266.52,9.05160110817804,50.0,0.0,15.0,,0,0,Small,1,0,0,0,0,50,100,0,40.0,MEDIUM,447
39,KUSMUNDA OC EXPANSION PROJECT,SECL - CIL,Chhattisgarh,2024-11-01,2024-11-01,2030-03-01,,4516.88,4516.88,817.06,22.0,SECL - CIL,617287,-,0.0,0.0,18.089034909052263,3699.82,-3.910965090947734,64.0,0.0,17.0,,0,0,Large,1,0,0,0,0,50,100,0,40.0,MEDIUM,447
175,"Koderma Thermal Power Station Phase II [2X800 MW] At Koderma, Jharkhand",Damodar Valley Corporation,Jharkhand,2023-04-01,2024-11-01,2029-03-01,,14358.0,14358.0,1890.03,11.0,Damodar Valley Corporation,611509,-,0.0,0.0,13.163602173004596,12467.97,2.1636021730045965,52.0,19.0,17.0,,0,0,Mega,1,0,0,0,0,50,100,0,40.0,MEDIUM,447
176,"Gadarwara Super Thermal Power Project, Stage-II [2x800 MW]",National Thermal Power Corporation [NTPC],Madhya Pradesh,2024-11-01,2025-05-01,2030-03-01,,20446.0,20446.0,1721.18,7.5,National Thermal Power Corporation [NTPC],618976,-,0.0,0.0,8.418174704098602,18724.82,0.918174704098602,58.0,6.0,11.0,,0,0,Mega,1,0,0,0,0,50,100,0,40.0,MEDIUM,447
951,construction of a new 4 lane Parallel to existing MG Setu with its approaces from km 0.00 to km 14.500 across river Ganga on NH-19 at Patna in the state of Bihar.,MoRTH,Bihar,2019-02-01,2021-03-01,2024-09-01,2027-06-01,2926.42,2926.42,0.0,72.51,MoRTH,618228,N24001201,0.0,0.0,0.0,2926.42,-72.51,42.0,25.0,61.0,33.0,1,0,Large,0,0,0,0,0,100,40,0,40.0,MEDIUM,447
200,Jamnagar Transmission Limited,Adani Transmission Limited,Gujarat,2024-10-01,,2026-10-01,,4000.0,4000.0,537.0,18.0,Adani Transmission Limited,617405,-,0.0,0.0,13.425,3463.0,-4.574999999999999,,,,,0,0,Large,1,0,0,0,0,50,100,0,40.0,MEDIUM,447
52,EPR ROHINI - KARKETTA OCP,Ministry of Coal,Jharkhand,2021-01-01,2021-01-01,2028-03-01,,1020.42,1020.42,84.94,22.84,Ministry of Coal,400153,N06000243,0.0,0.0,8.32402344132808,935.48,-14.51597655867192,86.0,0.0,63.0,,0,0,Large,1,0,0,0,0,50,100,0,40.0,MEDIUM,447
1877,Rehabilitation and upgradation of 2 lane with paved shoulder from existing km. 195.175 to km. 220.000 Design Chainage km71.300 to Km. 95.947 Excluding existing chainage Km 200.300 to Km 202.400 Design chainage Km 76.400 to Km 78.400 on Dharasu to Yamunotri Road of NH- 134 Old NH-94,MoRTH,Uttarakhand,2025-05-01,2025-10-01,2028-04-01,,344.73,344.73,0.0,17.78,MoRTH,617974,-,0.0,0.0,0.0,344.73,-17.78,30.0,5.0,6.0,,0,0,Small,1,0,0,0,0,50,100,0,40.0,MEDIUM,447
485,"Construction of 100 bed ESI Hospital and Staff Quarters [32 Nos.] at Harohalli, Karnataka",Employee's State Insurance Company [ESIC],Karnataka,2019-07-01,2025-03-01,2027-02-01,,150.92,150.92,6.76,10.0,Employee's State Insurance Company [ESIC],612748,-,0.0,0.0,4.479194275112643,144.16,-5.520805724887357,23.0,68.0,13.0,,0,0,Small,1,0,0,0,0,50,100,0,40.0,MEDIUM,447
205,Transmission Scheme for evacuation of Power from Ratle HEP [850 MW] & kiru [624 MW] Part B,Power Grid Corporation of India Limited [POWERGRID],"Jammu and
Kashmir",2024-07-01,2024-07-01,2026-07-01,2027-06-01,218.6,218.6,3.72,1.7,Power Grid Corporation of India Limited [POWERGRID],617179,N18000417,0.0,0.0,1.7017383348581887,214.88,0.0017383348581887,24.0,0.0,21.0,11.0,1,0,Small,1,0,0,0,0,50,100,0,40.0,MEDIUM,447
60,2.5 MTPA PATHERDIH NLW WASHERY,Ministry of Coal,Jharkhand,2015-10-01,2016-04-01,2018-04-01,2026-12-01,334.27,334.27,162.75,51.81,Ministry of Coal,611017,N06000194,0.0,0.0,48.68818619678703,171.51999999999998,-3.121813803212973,24.0,6.0,120.0,104.0,1,0,Small,0,0,0,0,0,100,40,0,40.0,MEDIUM,447
489,"Construction of 100 Bedded ESI Hospital at Duburi, Odisha.",Employee's State Insurance Company [ESIC],Odisha,2010-12-01,2025-02-01,2027-06-01,,164.6,164.6,16.4,7.2,Employee's State Insurance Company [ESIC],612513,-,0.0,0.0,9.963547995139733,148.2,2.7635479951397324,28.0,170.0,14.0,,0,0,Small,1,0,0,0,0,50,100,0,40.0,MEDIUM,447
156,Badam Coal Mining project of NTPC,National Thermal Power Corporation [NTPC],Jharkhand,2019-02-01,2019-09-01,2056-12-01,2027-04-01,502.0,784.0,471.08,67.86,National Thermal Power Corporation [NTPC],603293,N18000367,282.0,56.17529880478087,60.08673469387755,312.92,-7.773265306122447,447.0,7.0,79.0,-356.0,0,1,Medium,0,0,0,0,100,0,40,0,40.0,MEDIUM,447
487,"Construction of 200 Bedded ESIC Hospital at Butibori, Nagpur, Maharashtra.",Employee's State Insurance Company [ESIC],Maharashtra,2013-10-01,2022-08-01,2025-08-01,2026-09-01,194.93,196.7,114.39,65.5,Employee's State Insurance Company [ESIC],612213,-,1.7699999999999818,0.9080182629661836,58.15455007625826,82.30999999999999,-7.345449923741739,36.0,106.0,44.0,13.0,1,1,Small,0,0,0,0,25,75,40,0,40.0,MEDIUM,447
218,Augmentation of Transformation Capacity and Implementation of Line Bays at Mandsaur S/S for RE Interconnection [SPV Name- POWERGRID Mandsaur I RE Transmission Limited],Power Grid Corporation of India Limited [POWERGRID],Madhya Pradesh,2025-10-01,2025-10-01,2028-03-01,,319.0,319.0,12.76,2.5,Power Grid Corporation of India Limited [POWERGRID],617802,-,0.0,0.0,4.0,306.24,1.5,29.0,0.0,6.0,,0,0,Small,1,0,0,0,0,50,100,0,40.0,MEDIUM,447
159,186 MW Tato-I H E Project,North Eastern Electric Power Corporation Limited,Arunachal Pradesh,2024-12-01,2025-05-01,2029-07-01,,1750.07,1750.07,73.91,5.04,North Eastern Electric Power Corporation Limited,611699,-,0.0,0.0,4.2232596410429295,1676.16,-0.8167403589570705,50.0,5.0,11.0,,0,0,Large,1,0,0,0,0,50,100,0,40.0,MEDIUM,447
163,"Nabinagar Super Thermal Power Project, Stage-II [3x800 MW]",National Thermal Power Corporation [NTPC],Bihar,2024-11-01,2025-03-01,2030-07-01,,29948.0,29948.0,2676.55,10.17,National Thermal Power Corporation [NTPC],619051,-,0.0,0.0,8.937324696139976,27271.45,-1.2326753038600238,64.0,4.0,13.0,,0,0,Mega,1,0,0,0,0,50,100,0,40.0,MEDIUM,447
203,Transmission System for Reliable Power Supply to Dholera,Power Grid Corporation of India Limited [POWERGRID],Gujarat,2024-09-01,2024-09-01,2026-03-01,2026-12-01,319.42,319.42,51.1,18.0,Power Grid Corporation of India Limited [POWERGRID],619029,-,0.0,0.0,15.997745914469975,268.32,-2.002254085530023,18.0,0.0,19.0,9.0,1,0,Small,1,0,0,0,0,50,100,0,40.0,MEDIUM,447
202,KPSIII HVDC Transmission Limited,Adani Transmission Limited,Gujarat,2025-12-01,,2029-12-01,,19000.0,19000.0,20.0,1.0,Adani Transmission Limited,619026,-,0.0,0.0,0.1052631578947368,18980.0,-0.8947368421052632,,,,,0,0,Mega,1,0,0,0,0,50,100,0,40.0,MEDIUM,447
160,700 MW Tato-II HE Project,North Eastern Electric Power Corporation Limited,Arunachal Pradesh,2025-09-01,2025-09-01,2031-09-01,,8146.21,8146.21,243.25,6.41,North Eastern Electric Power Corporation Limited,611716,-,0.0,0.0,2.986051182083447,7902.96,-3.423948817916553,72.0,0.0,7.0,,0,0,Mega,1,0,0,0,0,50,100,0,40.0,MEDIUM,447
1873,Construction of 2 lane with paved shoulder of Kund Bypass from Design Km 35.130 to Km 47.700 existing Km 33.130 to Km 41.260 of NH-109 in the State of Uttarakhand,MoRTH,Uttarakhand,2018-02-01,2018-05-01,2020-05-01,2026-12-01,247.41,247.41,110.98,73.5,MoRTH,617929,N24000781,0.0,0.0,44.8567155733398,136.43,-28.6432844266602,24.0,3.0,95.0,79.0,1,0,Small,0,0,0,0,0,100,40,0,40.0,MEDIUM,447
1872,Construction of Champawat Bypass with two lane with paved shoulder configuration starting from existing chainage 121.700 to existing chainage 129.450 Design Length 9.847 of NH-125 in District-Champawat in the state of Uttrakhand on EPC mode.,MoRTH,Uttarakhand,2025-02-01,2026-01-01,2027-12-01,,220.89,220.89,0.0,5.0,MoRTH,617890,-,0.0,0.0,0.0,220.89,-5.0,23.0,11.0,3.0,,0,0,Small,1,0,0,0,0,50,100,0,40.0,MEDIUM,447
161,Kalai-II Hydro Electric Project [1200 MW],THDC India Limited,Arunachal Pradesh,2026-04-01,2026-04-01,2032-10-01,,14105.83,14105.8,187.16,0.0,THDC India Limited,619311,-,-0.0300000000006548,-0.0002126780203692,1.3268300982574543,13918.64,1.3268300982574543,78.0,0.0,0.0,,0,0,Mega,1,0,0,0,0,50,100,0,40.0,MEDIUM,447
445,"Creation of Gas Dehydration Facilities, Tripura Asset",Oil and Natural Gas Corporation Limited [ONGC],Tripura,2022-03-01,2022-03-01,2024-05-01,2026-08-01,209.33,131.51,78.98,68.9,Oil and Natural Gas Corporation Limited [ONGC],709837,-,-77.82000000000002,-37.17575120622941,60.05626948521026,52.52999999999999,-8.843730514789748,26.0,0.0,49.0,27.0,1,0,Small,0,0,0,0,0,100,40,0,40.0,MEDIUM,447
199,Augmentation of Transformation Capacity at Bhuj-II PS [GIS],Power Grid Corporation of India Limited [POWERGRID],Gujarat,2025-02-01,2025-02-01,2026-11-01,2027-06-01,488.29,488.29,5.86,1.5,Power Grid Corporation of India Limited [POWERGRID],617391,-,0.0,0.0,1.200106494091626,482.43,-0.299893505908374,21.0,0.0,14.0,7.0,1,0,Small,1,0,0,0,0,50,100,0,40.0,MEDIUM,447
1245,6L of Kodugallur to Edapppally section from km 397.750 to km 423.780 of NH - 66 old NH-17,National Highways Authority of India [NHAI],Kerala,2021-11-01,2022-10-01,2025-04-01,2026-12-01,3465.82,3606.2,768.14,64.93,National Highways Authority of India [NHAI],618603,N24001653,140.37999999999963,4.050412312237786,21.300537962398092,2838.06,-43.62946203760191,30.0,11.0,42.0,20.0,1,1,Large,0,0,0,0,25,75,40,0,40.0,MEDIUM,447
5,Development of New Civil Enclave at Bihta,Airport Authority of India [AAI],Bihar,2024-08-01,2025-04-01,2027-03-01,,1413.0,1413.0,7.64,1.28,612183,-,9918,0.0,0.0,0.5406935598018401,1405.36,-0.7393064401981599,23.0,8.0,12.0,,0,0,Large,1,0,0,0,0,50,100,0,40.0,MEDIUM,447
1535,4L of Bamni - Rajura - Warur - Devada upto M.S. Border of NH - 930D from km 19.000 to km 51.985,National Highways Authority of India [NHAI],"Multi-States
(Maharashtra,
Telangana)",2022-03-01,2024-03-01,2026-03-01,2026-12-01,968.05,1187.19,599.67,68.15,National Highways Authority of India [NHAI],618941,-,219.1400000000001,22.637260472083064,50.511712531271314,587.5200000000001,-17.63828746872869,24.0,24.0,25.0,9.0,1,1,Medium,0,0,0,0,50,50,40,0,40.0,MEDIUM,447
185,"Raghunathpur Thermal Power Station Phase II [2X660 MW] at Raghunathpur, Purulia, West Bengal",Damodar Valley Corporation,West Bengal,2023-01-01,2025-02-01,2029-06-01,,17673.0,17673.0,1950.25,9.4,Damodar Valley Corporation,400062,-,0.0,0.0,11.03519493011939,15722.75,1.6351949301193898,52.0,25.0,14.0,,0,0,Mega,1,0,0,0,0,50,100,0,40.0,MEDIUM,447
940,Construction of Bhabhua Bypass from Ch. 10800Design Ch. 10800 to Ch. 19860 Design Ch. 18150 and Chand Bypass from Ch. 38060 Design Ch. 36250 to Ch. 40460 Design Ch. 38650 and widening of existing road to 2 - lane with Paved shoulder from Ch. 40460 Design Ch. 38650 to Ch. 46860 Design Ch. 45050 of NH-219 Total length- 16.150 Kmunder EPC mode in the state of Bihar,MoRTH,Bihar,2022-02-01,2025-01-01,2026-07-01,2027-04-01,179.86,179.86,0.0,0.05,MoRTH,618004,N24001545,0.0,0.0,0.0,179.86,-0.05,18.0,35.0,15.0,9.0,1,0,Small,1,0,0,0,0,50,100,0,40.0,MEDIUM,447
920,"Construction of Balance Work of 4-Laning of the Section from Jhanji to Demow of NH- 37 Old from Km 490.800 to Km 534.800, under SARDP- NE on EPC Mode in the state of Assam Pkg- IV Structures & Toll Plaza",NHIDCL,Assam,2016-01-01,2024-10-01,2025-10-01,,187.09,100.22,0.0,0.0,NHIDCL,618440,N24000320,-86.87,-46.43219840718371,0.0,100.22,0.0,12.0,105.0,18.0,,0,0,Small,1,0,0,0,0,50,100,0,40.0,MEDIUM,447
191,Transmission system for evacuation of Power from REZ in Rajasthan [20 GW] under phase-III Part-D Phase-II,Power Grid Corporation of India Limited [POWERGRID],Delhi,2023-11-01,2024-10-01,2026-02-01,2026-12-01,284.0,284.0,22.72,7.75,Power Grid Corporation of India Limited [POWERGRID],615336,-,0.0,0.0,8.0,261.28,0.25,16.0,11.0,18.0,10.0,1,0,Small,1,0,0,0,0,50,100,0,40.0,MEDIUM,447
1835,Four laning of Agra-Aligarh Section from Km. 0.000 Junction of NH-34 Aligarh Km 144.60 to Km. 28.000 near Asroi village in Hathras of NH-509 Package-I,National Highways Authority of India [NHAI],Uttar Pradesh,2024-06-01,2026-03-01,2028-03-01,2028-11-01,1309.08,1309.08,0.0,0.0,National Highways Authority of India [NHAI],618768,-,0.0,0.0,0.0,1309.08,0.0,24.0,21.0,1.0,8.0,1,0,Large,1,0,0,0,0,50,100,0,40.0,MEDIUM,447
1517,6L Greenfield Varanasi- Ranchi- Kolkata Highway from junction with NH-320 in Lepo village to Kamlapur villageJH/WB border from km 358.500 to km 387.200 Pkg -13,National Highways Authority of India [NHAI],"Multi-States
(Jharkhand, West
Bengal)",2023-03-01,2025-09-01,2027-09-01,2027-09-01,1154.49,1319.18,90.87,17.22,National Highways Authority of India [NHAI],618734,-,164.69000000000003,14.265173366594777,6.8883700480601595,1228.31,-10.331629951939838,24.0,30.0,7.0,0.0,0,1,Large,1,0,0,0,50,0,100,0,40.0,MEDIUM,447
1552,Construction of 2-Lane with paved shoulder of Kohima-Bypass Road connecting New NH-02 and New NH-29 from Design Km 10.500 to design Km 21.000 [Design Length- 10.500 km] including TUNNEL of 500m at Ch. 11.000 in the state of Nagaland Under SARDP-NE on EPC Mode Package-2,NHIDCL,Nagaland,2020-07-01,2020-10-01,2022-10-01,2026-06-01,277.44,277.44,192.45,69.82,NHIDCL,618292,N24001255,0.0,0.0,69.36634948096886,84.99000000000001,-0.4536505190311288,24.0,3.0,66.0,44.0,1,0,Small,0,0,0,0,0,100,40,0,40.0,MEDIUM,447
398,Development of Jharia CBM Block [Phase-1],Oil and Natural Gas Corporation Limited [ONGC],Jharkhand,2019-11-01,2019-11-01,2024-01-01,2026-05-01,431.0,431.0,261.97,65.3,Oil and Natural Gas Corporation Limited [ONGC],610984,N16000445,0.0,0.0,60.78190255220418,169.02999999999997,-4.518097447795817,50.0,0.0,77.0,28.0,1,0,Small,0,0,0,0,0,100,40,0,40.0,MEDIUM,447
1304,2L PS of Hinotiya-Mehulwa section of NH-346 from Km. 27.000 to Km 75.700 Vidisha Mehulwa-Talbehat Pkg-II Section of NH- 346,National Highways Authority of India [NHAI],Madhya Pradesh,2022-10-01,2023-09-01,2025-09-01,2027-01-01,581.65,592.71,243.28,69.04,National Highways Authority of India [NHAI],618751,N24001921,11.06000000000006,1.9014871486289109,41.04536788648749,349.43000000000006,-27.994632113512516,24.0,11.0,31.0,16.0,1,1,Medium,0,0,0,0,25,75,40,0,40.0,MEDIUM,447
1308,Construction of 6 lane Indore western bypass from km 34000 to Km 64000 Pkg-II in the state of Madhya Pradesh on Hybrid Annuity Mode under NHO,National Highways Authority of India [NHAI],Madhya Pradesh,2024-03-01,2026-03-01,2028-03-01,,1430.56,1430.56,8.62,0.0,National Highways Authority of India [NHAI],618933,-,0.0,0.0,0.6025612347612124,1421.94,0.6025612347612124,24.0,24.0,1.0,,0,0,Large,1,0,0,0,0,50,100,0,40.0,MEDIUM,447
1321,Udgir Raavi Degloor Aadampur phata to Sagroli fata,MoRTH,Maharashtra,2024-11-01,2026-04-01,2028-04-01,,809.77,809.77,0.0,0.0,MoRTH,617937,-,0.0,0.0,0.0,809.77,0.0,24.0,17.0,0.0,,0,0,Medium,1,0,0,0,0,50,100,0,40.0,MEDIUM,447
1313,Upgradation of Sarvardewla to Pal MP/MH Border Road section of NH-347 C from Design Chainge km 81.600 to 137.400 Total length 55.80 km to two lane with paved shoulder configuration along with One time improvement of 1 .95 km in the State of Madhya Pradesh on EPC mode.,MoRTH,Madhya Pradesh,2023-03-01,2026-01-01,2028-01-01,,461.23,461.23,0.0,0.0,MoRTH,619007,-,0.0,0.0,0.0,461.23,0.0,24.0,34.0,3.0,,0,0,Small,1,0,0,0,0,50,100,0,40.0,MEDIUM,447
1843,"Improvement and Up-Gradation of Existing Road to 4L PS from Km 123.650 to 175.080, from Start of Shahabad Bypass to End of Hardoi bypass of NH 731 Pkg-2B",National Highways Authority of India [NHAI],Uttar Pradesh,2022-09-01,2023-11-01,2025-11-01,2026-11-01,1101.79,1212.26,346.55,63.51,National Highways Authority of India [NHAI],618856,N24002094,110.47000000000004,10.026411566632484,28.587101776846552,865.71,-34.922898223153446,24.0,14.0,29.0,12.0,1,1,Large,0,0,0,0,50,50,40,0,40.0,MEDIUM,447
182,"Singrauli Super Thermal Power Project, Stage-III [2x800 MW]",National Thermal Power Corporation [NTPC],Uttar Pradesh,2024-03-01,2024-03-01,2030-02-01,,17195.0,17195.0,3306.21,19.8,National Thermal Power Corporation [NTPC],612142,N18000382,0.0,0.0,19.227740622273917,13888.79,-0.572259377726084,71.0,0.0,25.0,,0,0,Mega,1,0,0,0,0,50,100,0,40.0,MEDIUM,447
1361,Rehabilitation and upgradation from ch km 50/200 to 56/800 and km 62/600 to 100/403 of Kolde to Visarwadi Near Junction with NH-6 section of NH 752G total length 44.40 to two-lane with paved shoulder / four lanes in the State of Maharashtra on EPC mode.,MoRTH,Maharashtra,2025-03-01,2026-01-01,2028-01-01,,349.08,349.08,0.0,21.6,MoRTH,618176,-,0.0,0.0,0.0,349.08,-21.6,24.0,10.0,3.0,,0,0,Small,1,0,0,0,0,50,100,0,40.0,MEDIUM,447
180,"TEESTA-VI HE PROJECT, SIKKIM [500 MW], executed by LANCO TEESTA HYDRO POWER LIMITED [A wholly owned Subsidiary of NHPC LTD. acquired through NCLT]",National Hydroelectric Power Corporation Limited [NHPC],Sikkim,2019-03-01,2020-03-01,2024-03-01,2027-12-01,5748.04,5748.04,4356.15,72.51,National Hydroelectric Power Corporation Limited [NHPC],602181,N18000325,0.0,0.0,75.78496322224618,1391.8900000000003,3.2749632222461713,48.0,12.0,73.0,45.0,1,0,Mega,0,0,0,0,0,100,40,0,40.0,MEDIUM,447
1542,Road Safety Improvement of Critical Junctions on MuzaffarnagarHaridwar Section of NH-334 from Km 143000 to Km 196000,National Highways Authority of India [NHAI],"Multi-States (Uttar
Pradesh,
Uttarakhand)",2025-04-01,2025-10-01,2027-10-01,2027-10-01,238.66,0.1,11.65,11.12,National Highways Authority of India [NHAI],618886,-,-238.56,-99.95809938825109,11650.0,-11.55,11638.88,24.0,6.0,6.0,0.0,0,0,Small,1,1,1,0,0,0,100,100,40.0,MEDIUM,447
906,Widening/Improvement to 2-Lane Lane with Paved Shoulder from km 16900 Bogapani to km 27150 Golai Goan on existing Dibrugarh to Ledo section with proposed Digboi Bypass Green Field and Brownfield 2-LanePS of NH-315 OLD NH-38 in Tinsukia District under NHO- NE Package-4,NHIDCL,Assam,2023-01-01,2023-12-01,2026-12-01,,356.65,356.65,0.0,20.45,NHIDCL,618339,N24002025,0.0,0.0,0.0,356.65,-20.45,36.0,11.0,28.0,,0,0,Small,1,0,0,0,0,50,100,0,40.0,MEDIUM,447
1268,Upgradation of Shahdol- Sagartola Section of NH 543 from km 0000 to km 69400 to 2 lane with paved shoulders under Hybrid Annuity Mode HAM in the State of Madhya Pradesh,MoRTH,Madhya Pradesh,2024-02-01,2026-03-01,2028-03-01,,851.4,851.4,0.0,0.0,MoRTH,618044,-,0.0,0.0,0.0,851.4,0.0,24.0,25.0,1.0,,0,0,Medium,1,0,0,0,0,50,100,0,40.0,MEDIUM,447
179,"Darlipali Super Thermal Power Project, Stage-II [1x800 MW]",National Thermal Power Corporation [NTPC],Odisha,2025-11-01,2025-11-01,2031-01-01,,11131.0,11131.0,460.85,1.95,National Thermal Power Corporation [NTPC],619056,-,0.0,0.0,4.1402389722396915,10670.15,2.1902389722396913,62.0,0.0,5.0,,0,0,Mega,1,0,0,0,0,50,100,0,40.0,MEDIUM,447
16,C/o NITB Imphal Airport,Airport Authority of India [AAI],Manipur,2021-11-01,2022-07-01,2024-07-01,2026-12-01,499.0,499.0,201.99,50.69,706718,N04000100,-,0.0,0.0,40.478957915831664,297.01,-10.211042084168334,24.0,8.0,45.0,29.0,1,0,Small,0,0,0,0,0,100,40,0,40.0,MEDIUM,447
903,Widening/Improvement to 4-Lane with Paved Shoulder from KM 113300 to Km 146230 Design Chainage 113830 to 145712 of Kwaram Taro Village - Dillai Section in Assam on EPC Package-6,NHIDCL,Assam,2021-09-01,2022-07-01,2024-07-01,2025-03-01,625.64,625.64,0.0,0.0,NHIDCL,618327,N24001450,0.0,0.0,0.0,625.64,0.0,24.0,10.0,45.0,8.0,1,0,Medium,1,0,0,0,0,50,100,0,40.0,MEDIUM,447
1376,Upgradation & rehabilitation of Service Roads on both sides in urban areas of Pune City on PuneSatara section of NH48,National Highways Authority of India [NHAI],Maharashtra,2025-01-01,2025-06-01,2026-06-01,2027-06-01,604.59,388.78,44.03,14.7,National Highways Authority of India [NHAI],618511,-,-215.8100000000001,-35.69526455945352,11.325171047893411,344.75,-3.374828952106588,12.0,5.0,10.0,12.0,1,0,Medium,1,0,0,0,0,50,100,0,40.0,MEDIUM,447
946,Improvement to two lane with paved shoulders of BH WB Border Amdabad Manihari section from design Km 0.000 to Km 23.945 of NH 131 A Total length 23.945 Km under EPC mode in the state of Bihar,MoRTH,Bihar,2022-01-01,2024-09-01,2026-03-01,,353.27,353.27,0.0,3.1,MoRTH,618080,N24002198,0.0,0.0,0.0,353.27,-3.1,18.0,32.0,19.0,,0,0,Small,1,0,0,0,0,50,100,0,40.0,MEDIUM,447
194,Augmentation of Transformation Capacity at jam Khambhaliya PS [GIS] [SPV Name POWERGRID Jam Khambhaliya Transmission Limited],Power Grid Corporation of India Limited [POWERGRID],Gujarat,2024-10-01,2024-10-01,2026-07-01,2027-04-01,329.0,329.0,36.19,13.5,Power Grid Corporation of India Limited [POWERGRID],615342,N18000398,0.0,0.0,10.999999999999998,292.81,-2.5000000000000018,21.0,0.0,18.0,9.0,1,0,Small,1,0,0,0,0,50,100,0,40.0,MEDIUM,447
195,Provision of Dynamic Reactive Compensation at Khavda pooling Station 1 [KPS1] and Khavda Pooling station 3 [KPS3],Power Grid Corporation of India Limited [POWERGRID],Gujarat,2024-11-01,2024-11-01,2026-11-01,,501.0,501.0,25.05,6.0,Power Grid Corporation of India Limited [POWERGRID],615343,N18000402,0.0,0.0,5.0,475.95,-1.0,24.0,0.0,17.0,,0,0,Medium,1,0,0,0,0,50,100,0,40.0,MEDIUM,447
434,Pipeline Replacement Project- PRP-IX,Ministry of Petroleum & Natural Gas,Offshore,2025-08-01,2025-08-01,2027-05-01,,6175.0,6175.0,520.71,11.3,Ministry of Petroleum & Natural Gas,619314,-,0.0,0.0,8.432550607287451,5654.29,-2.8674493927125493,21.0,0.0,8.0,,0,0,Mega,1,0,0,0,0,50,100,0,40.0,MEDIUM,447
29,PORDA CHIMTAPANI OCP [10 MTY],South Eastern Coalfields Limited [SECL],Chhattisgarh,2020-12-01,2020-12-01,2029-03-01,,2310.12,2310.12,113.83,11.81,South Eastern Coalfields Limited [SECL],400144,N06000199,0.0,0.0,4.927449656294911,2196.29,-6.8825503437050894,99.0,0.0,64.0,,0,0,Large,1,0,0,0,0,50,100,0,40.0,MEDIUM,447
197,Augmentation of Transformation Capacity at KPS1 [GIS] and KPS2 [GIS] [Phase-V Part B1 and Part B2 Scheme] [SPV Name- POWERGRID KPS1 and 2 Augmentation Transmission Limited],Power Grid Corporation of India Limited [POWERGRID],Gujarat,2025-02-01,2025-02-01,2027-02-01,,466.0,466.0,93.2,22.5,Power Grid Corporation of India Limited [POWERGRID],617069,N18000411,0.0,0.0,20.0,372.8,-2.5,24.0,0.0,14.0,,0,0,Small,1,0,0,0,0,50,100,0,40.0,MEDIUM,447
1248,Paravoor-Kottankulangara,National Highways Authority of India [NHAI],Kerala,2021-12-01,2022-08-01,2025-02-01,2027-03-01,3273.61,3200.24,1226.55,71.2,National Highways Authority of India [NHAI],618606,N24001649,-73.37000000000035,-2.2412565944019094,38.326812989025825,1973.69,-32.87318701097418,30.0,8.0,44.0,25.0,1,0,Large,0,0,0,0,0,100,40,0,40.0,MEDIUM,447
1201,4 Lane with PS from Des. Ch 89.900 to Des. Ch. 136.100 of Belgaum-Hungund- Raichur Section of NH-748A Package-3,National Highways Authority of India [NHAI],Karnataka,2024-01-01,2025-04-01,2027-04-01,2027-12-01,1363.9,1219.62,115.76,19.25,National Highways Authority of India [NHAI],618650,-,-144.2800000000002,-10.578488158955947,9.491480953083748,1103.86,-9.758519046916252,24.0,15.0,12.0,8.0,1,0,Large,1,0,0,0,0,50,100,0,40.0,MEDIUM,447
158,240MW Heo HE Project,North Eastern Electric Power Corporation Limited,Arunachal Pradesh,2024-12-01,2025-05-01,2029-07-01,,1938.85,1938.85,96.94,4.95,North Eastern Electric Power Corporation Limited,611698,-,0.0,0.0,4.999871057585683,1841.91,0.0498710575856824,50.0,5.0,11.0,,0,0,Large,1,0,0,0,0,50,100,0,40.0,MEDIUM,447
498,Integrated Multi Modal Logistics Hub at Nangal Chaudhary in Haryana - Other Trunk Infrastructure Development Phase 1,National Highways & Infrastructure Development Corporation Ltd. [NHIDCL],Haryana,2018-05-01,2021-12-01,2023-12-01,2028-05-01,763.0,763.0,430.0,60.0,National Highways & Infrastructure Development Corporation Ltd. [NHIDCL],707410,-,0.0,0.0,56.356487549148106,333.0,-3.643512450851894,24.0,43.0,52.0,53.0,1,0,Medium,0,0,0,0,0,100,40,0,40.0,MEDIUM,447
63,TAPIN SOUTH EXPN,Ministry of Coal,Jharkhand,2020-11-01,2020-11-01,2028-03-01,,230.41,230.41,22.02,22.76,Ministry of Coal,615349,N06000241,0.0,0.0,9.556876871663556,208.39,-13.203123128336443,88.0,0.0,65.0,,0,0,Small,1,0,0,0,0,50,100,0,40.0,MEDIUM,447
524,Stamp Charge Battery No.12 Battery Proper at IISCO Steel Plant,Steel Authority of India Limited [SAIL],West Bengal,2025-01-01,2025-02-01,2028-07-01,,2518.39,2518.39,375.65,22.5,Steel Authority of India Limited [SAIL],617338,-,0.0,0.0,14.916275874665958,2142.74,-7.583724125334042,41.0,1.0,14.0,,0,0,Large,1,0,0,0,0,50,100,0,40.0,MEDIUM,447
1195,Widening to Two Lane with Paved Shoulder of NH-73 New Spur Road Ujire - Dharmasthala - Periyashanthi in the State of Karnataka under on HAM under NHO Annual Plan 2023-24Job No NH-73Spur-KNT-2023-24-996,MoRTH,Karnataka,2024-01-01,2025-11-01,2027-11-01,,613.65,613.65,0.0,0.0,MoRTH,618189,-,0.0,0.0,0.0,613.65,0.0,24.0,22.0,5.0,,0,0,Medium,1,0,0,0,0,50,100,0,40.0,MEDIUM,447
526,GOOTY-PENDEKALLU DOUBLING 29.225 Km,South Central Railway [SCR] - II,Andhra Pradesh,2023-03-01,2023-06-01,2027-03-01,2027-03-01,351.83,351.83,330.25,3.03,South Central Railway [SCR] - II,611752,N22000585,0.0,0.0,93.86635591052496,21.579999999999984,90.83635591052496,45.0,3.0,34.0,0.0,0,0,Small,1,1,0,0,0,0,100,100,40.0,MEDIUM,447
211,Transmission System Strengthening at Davanagere for Integration of RE Generation [SPV Name - POWERGRID Davanagere Power Transmission Limited],Power Grid Corporation of India Limited [POWERGRID],Karnataka,2025-09-01,2025-09-01,2027-09-01,,379.0,379.0,17.06,2.5,Power Grid Corporation of India Limited [POWERGRID],617803,-,0.0,0.0,4.5013192612137205,361.94,2.0013192612137205,24.0,0.0,7.0,,0,0,Small,1,0,0,0,0,50,100,0,40.0,MEDIUM,447
529,Flyover between Pendurthi and Simhachalam North to avoid surface crossing at Simhachalam 7.135 km PB 73 of 2023 24 NR,East Coast Railway [ECoR] - II,Andhra Pradesh,2023-04-01,2024-05-01,2027-04-01,,183.65,183.65,14.79,15.0,East Coast Railway [ECoR] - II,612827,-,0.0,0.0,8.053362374081132,168.86,-6.946637625918868,35.0,13.0,23.0,,0,0,Small,1,0,0,0,0,50,100,0,40.0,MEDIUM,447
1743,Improvement of Geometrics of Thondupally to Kothur from Km 22.300 to Km 34.14 of NH-44,National Highways Authority of India [NHAI],Telangana,2022-03-01,2023-03-01,2024-09-01,,541.58,527.43,72.23,17.05,National Highways Authority of India [NHAI],618560,N24002082,-14.150000000000093,-2.6127257284242567,13.69470830252356,455.19999999999993,-3.355291697476442,18.0,12.0,37.0,,0,0,Medium,1,0,0,0,0,50,100,0,40.0,MEDIUM,447
531,Tiupati Katpadi 104.39 kms,South Central Railway [SCR] - II,Andhra Pradesh,2025-04-01,2025-04-01,2029-03-01,,1215.56,1215.56,0.16,0.05,South Central Railway [SCR] - II,617210,-,0.0,0.0,0.0131626575405574,1215.4,-0.0368373424594425,47.0,0.0,12.0,,0,0,Large,1,0,0,0,0,50,100,0,40.0,MEDIUM,447
1883,Widening to 2-lane with Hard Shoulder configuration of Mana Ch. 0.00 to Mana Pass Ch. 50.987 road on NH-07 under Bharatmala Pariyojna in the state of Uttarakhand under Annual Plan 2022-23 length 50.987,MoRTH,Uttarakhand,2022-10-01,2023-10-01,2027-10-01,2028-10-01,573.96,573.96,0.0,20.78,MoRTH,618207,-,0.0,0.0,0.0,573.96,-20.78,48.0,12.0,30.0,12.0,1,0,Medium,1,0,0,0,0,50,100,0,40.0,MEDIUM,447
1742,6L of existing 4L from Gundlapochampally to Bowenpally from km 471.300 to km 481.331 of NH-44,National Highways Authority of India [NHAI],Telangana,2021-12-01,2022-08-01,2024-07-01,2026-04-01,521.53,528.21,256.53,50.5,National Highways Authority of India [NHAI],618559,N24001556,6.680000000000064,1.280846739401389,48.56591128528425,271.68000000000006,-1.9340887147157488,23.0,8.0,44.0,21.0,1,1,Medium,0,0,0,0,25,75,40,0,40.0,MEDIUM,447
537,Furkating-New Tinsukia[194 Km],Northeast Frontier Railway [NFR],Assam,2025-09-01,2025-09-01,2029-06-01,,3633.58,3633.58,0.0,0.0,Northeast Frontier Railway [NFR],618986,-,0.0,0.0,0.0,3633.58,0.0,45.0,0.0,7.0,,0,0,Large,1,0,0,0,0,50,100,0,40.0,MEDIUM,447
1190,Construction of Major Bridge Across Sharavathi Backwaters and approches between Ambargodu and Kalasavalli Near Sigandhur in Sagar Taluk on NH 369E in the State of Karnataka on EPC mode.Job No. NH-369E-KNT-2018-19-895 dated 06.03.2019.,MoRTH,Karnataka,2019-03-01,2019-12-01,2022-12-01,,423.15,423.15,0.0,0.0,MoRTH,618144,N24001281,0.0,0.0,0.0,423.15,0.0,36.0,9.0,76.0,,0,0,Small,1,0,0,0,0,50,100,0,40.0,MEDIUM,447
212,Transmission System Strengthening for integration of additional RE Potential at Davanagere [0.25 GW] and Bellary [2.75 GW],Power Grid Corporation of India Limited [POWERGRID],Karnataka,2026-02-01,2026-02-01,2028-02-01,,1111.0,1111.0,5.5,1.0,Power Grid Corporation of India Limited [POWERGRID],619228,-,0.0,0.0,0.495049504950495,1105.5,-0.504950495049505,24.0,0.0,2.0,,0,0,Large,1,0,0,0,0,50,100,0,40.0,MEDIUM,447
540,"Mariani-Jorhat, Tinsukia-Dangri and Makum -TirapTrack Electrification Project",GM/C/ NFR,Assam,2018-09-01,2022-01-01,2024-05-01,,183.99,183.99,0.0,0.0,GM/C/ NFR,706940,-,0.0,0.0,0.0,183.99,0.0,28.0,40.0,51.0,,0,0,Small,1,0,0,0,0,50,100,0,40.0,MEDIUM,447
541,Harmuty-Murkongselek Branch Line Electrification Project,GM/C/ NFR,Assam,2018-09-01,2022-01-01,2024-05-01,,237.52,237.52,0.0,0.0,GM/C/ NFR,706942,-,0.0,0.0,0.0,237.52,0.0,28.0,40.0,51.0,,0,0,Small,1,0,0,0,0,50,100,0,40.0,MEDIUM,447
543,Construction of Bulb line at Nabinagar Ankorah of East Central Railway,East Central Railway [ECR] - I,Bihar,2024-06-01,2024-06-01,2028-06-01,,611.74,611.74,0.0,0.0,East Central Railway [ECR] - I,617231,-,0.0,0.0,0.0,611.74,0.0,48.0,0.0,22.0,,0,0,Medium,1,0,0,0,0,50,100,0,40.0,MEDIUM,447
544,Doubling of Narkatiaganj Raxaul Sitamarhi Darbhanga & Sitamarhi Muzaffarpur 256 KM,East Central Railway [ECR] - I,Bihar,2024-11-01,2025-11-01,2029-11-01,,4079.95,4079.95,2.67,0.0,East Central Railway [ECR] - I,617239,-,0.0,0.0,0.0654419784556183,4077.28,0.0654419784556183,48.0,12.0,5.0,,0,0,Large,1,0,0,0,0,50,100,0,40.0,MEDIUM,447
66,CHUPERBHITA SIMLONG OCP MDO 6,Eastern Coal Fields Limited [ECL],Jharkhand,2023-12-01,2023-12-01,2037-03-01,,979.08,979.08,0.0,0.05,Eastern Coal Fields Limited [ECL],616225,N06000280,0.0,0.0,0.0,979.08,-0.05,159.0,0.0,28.0,,0,0,Medium,1,0,0,0,0,50,100,0,40.0,MEDIUM,447
1888,"STABILIZATION OF LAND SLIDE AND SLOPE PROTECTION AT KM 11.00 TO KM 11.08, 29,730 KM TO 30,060 KM, 30,400 KM TO 31,060 KM, 34,750 KM TO 35,300 KM, 38,950 KM TO 39,030 KM & 39,460 KM TO 39,540 KM TWO LOC CLUBBED, KM 40,400 TO KM 40,650, KM 43,500 KM 43,680, 52,460 RISHIKESH - DHARASU ROAD NH-94 ON EPC MODE IN THE STATE OF UTTARAKHAND. NOSE OF LAND SLIDE - 12 NOS",MoRTH,Uttarakhand,2024-01-01,2025-10-01,2027-04-01,,197.26,197.26,0.0,15.06,MoRTH,618212,-,0.0,0.0,0.0,197.26,-15.06,18.0,21.0,6.0,,0,0,Small,1,0,0,0,0,50,100,0,40.0,MEDIUM,447
143,PARASCOLE JAMBAD OCP,Eastern Coal Fields Limited [ECL],West Bengal,2024-11-01,2024-11-01,2037-03-01,,1193.55,1193.55,11.42,0.22,Eastern Coal Fields Limited [ECL],616230,N06000281,0.0,0.0,0.956809517824976,1182.13,0.736809517824976,148.0,0.0,17.0,,0,0,Large,1,0,0,0,0,50,100,0,40.0,MEDIUM,447
213,Augmentation of 1x500 MVA 400/220kV ICT [3rd] at Thrissur VSC HVDC Station in Kerala,Power Grid Corporation of India Limited [POWERGRID],Kerala,2025-08-01,2025-08-01,2027-08-01,,173.14,173.14,2.08,1.5,Power Grid Corporation of India Limited [POWERGRID],619028,-,0.0,0.0,1.2013399561048863,171.05999999999997,-0.2986600438951137,24.0,0.0,8.0,,0,0,Small,1,0,0,0,0,50,100,0,40.0,MEDIUM,447
68,BLOCK E OCP,Ministry of Coal,Jharkhand,2024-03-01,2024-03-01,2029-03-01,,5850.83,5850.83,20.32,4.17,Ministry of Coal,616253,N06000287,0.0,0.0,0.3473011521442257,5830.51,-3.8226988478557744,60.0,0.0,25.0,,0,0,Mega,1,0,0,0,0,50,100,0,40.0,MEDIUM,447
559,4th line between Nipania Bhatapara 14.4 Km,South East Central Railway [SECR] - II,Chhattisgarh,2022-12-01,2024-05-01,2027-03-01,,170.49,170.49,9.56,15.0,South East Central Railway [SECR] - II,612815,N22000573,0.0,0.0,5.607367000997126,160.93,-9.392632999002874,34.0,17.0,23.0,,0,0,Small,1,0,0,0,0,50,100,0,40.0,MEDIUM,447
560,KHARSIA- NAYA RAIPUR-PARMALKASA 5th and 6th Line [278KM],CAO/C/SECR,Chhattisgarh,2025-04-01,2025-04-01,2031-03-01,,7853.84,7853.84,0.64,0.0,CAO/C/SECR,617200,-,0.0,0.0,0.0081488800382997,7853.2,0.0081488800382997,71.0,0.0,12.0,,0,0,Mega,1,0,0,0,0,50,100,0,40.0,MEDIUM,447
743,POKHRAN - RAMDEVRA New Line,North Western Railway [NWR],Rajasthan,2025-04-01,2025-04-01,2028-03-01,,189.21,189.21,0.0,0.0,North Western Railway [NWR],617404,-,0.0,0.0,0.0,189.21,0.0,35.0,0.0,12.0,,0,0,Small,1,0,0,0,0,50,100,0,40.0,MEDIUM,447
1005,Upgradation to Two lane with Paved Shoulder Configuration of Narayanpur Kasturmeta pkg-II from design ch. 48.693 to 70.453 design length21.760 Km. on NH-130D under EPC mode in the state of Chhattisgarh.,MoRTH,Chhattisgarh,2022-12-01,2024-12-01,2026-06-01,,200.67,200.67,14.99,0.0,MoRTH,617972,-,0.0,0.0,7.469975581800966,185.68,7.469975581800966,18.0,24.0,16.0,,0,0,Small,1,0,0,0,0,50,100,0,40.0,MEDIUM,447
565,4TH LINE - BHATAPARA-HATHBAND [8.8 KM] [PB-72/NR/2022-23],SECR,Chhattisgarh,2022-09-01,2024-05-01,2027-01-01,2027-12-01,177.03,177.03,4.8,16.0,SECR,709815,N22000574,0.0,0.0,2.7114048466361633,172.23,-13.288595153363836,32.0,20.0,23.0,11.0,1,0,Small,1,0,0,0,0,50,100,0,40.0,MEDIUM,447
217,Transmission System for evacuation of power from Mahan Energen Limited Generating Station in Madhya Pradesh [SPV Name - POWERGRID MEL Power Transmission Limited],Power Grid Corporation of India Limited [POWERGRID],Madhya Pradesh,2025-06-01,2025-06-01,2027-12-01,,558.0,558.0,50.22,9.75,Power Grid Corporation of India Limited [POWERGRID],617279,-,0.0,0.0,9.0,507.78,-0.75,30.0,0.0,10.0,,0,0,Medium,1,0,0,0,0,50,100,0,40.0,MEDIUM,447
327,Phase B of Construction of Permanent Campus of IIT Palakkad,INDIAN INSTITUTE OF TECHNOLOGY PALAKKAD,Kerala,2025-05-01,2026-01-01,2028-10-01,,1527.0,1527.0,9.8,0.0,INDIAN INSTITUTE OF TECHNOLOGY PALAKKAD,617878,-,0.0,0.0,0.641781270464964,1517.2,0.641781270464964,33.0,8.0,3.0,,0,0,Large,1,0,0,0,0,50,100,0,40.0,MEDIUM,447
1161,Grade separated Interchanges at Km. 113.730 junction with Ranchi Hazaribagh Road & Km. 139.225 junction with Ranchi Jamshedpur road on 4L Ranchi Bypass of NH-33,National Highways Authority of India [NHAI],Jharkhand,2025-01-01,2025-12-01,2027-12-01,2027-12-01,303.53,5.58,3.16,0.0,National Highways Authority of India [NHAI],618737,-,-297.95,-98.16163146970644,56.63082437275986,2.42,56.63082437275986,24.0,11.0,4.0,0.0,0,0,Small,1,1,0,0,0,0,100,100,40.0,MEDIUM,447
523,Revamping of Air Pollution Control Systems of SP-1 at Durgapur Steel Plant,Steel Authority of India Limited [SAIL],West Bengal,2024-07-01,2024-12-01,2026-05-01,,196.4,196.4,35.36,24.8,Steel Authority of India Limited [SAIL],617251,N12000140,0.0,0.0,18.0040733197556,161.04000000000002,-6.795926680244399,17.0,5.0,16.0,,0,0,Small,1,0,0,0,0,50,100,0,40.0,MEDIUM,447
740,PUSHKAR- MERTA CITY NEW LINE,North Western Railway [NWR],Rajasthan,2024-02-01,2024-02-01,2026-12-01,,799.64,799.64,131.75,8.0,North Western Railway [NWR],616841,-,0.0,0.0,16.476164273923267,667.89,8.476164273923267,34.0,0.0,26.0,,0,0,Medium,1,0,0,0,0,50,100,0,40.0,MEDIUM,447
504,Development of Zaheerabad Node under Hyderabad Nagpur Industrial Corridor,National Industrial Corridor Development Corporation,Telangana,2024-08-01,2026-02-01,2029-01-01,,2360.0,2360.0,0.0,0.3,National Industrial Corridor Development Corporation,601812,-,0.0,0.0,0.0,2360.0,-0.3,35.0,18.0,2.0,,0,0,Large,1,0,0,0,0,50,100,0,40.0,MEDIUM,447
1881,Rehabilitation and upgrading to two lanes with paved shoulders and Strengthening of Kotdwar-Pauri-Srinagar road section from Km 232.00 to 274.470 on NH-119 New 534 Paidul to Srinagar in the State of Uttarakhand on EPC Mode under NHO Annual Plan 2021-22.,MoRTH,Uttarakhand,2022-02-01,2025-12-01,2027-12-01,,299.31,299.31,0.0,2.0,MoRTH,618041,-,0.0,0.0,0.0,299.31,-2.0,24.0,46.0,4.0,,0,0,Small,1,0,0,0,0,50,100,0,40.0,MEDIUM,447
208,System Strengthening at Koppal-II and GadagII for integration of RE generation projects [SPV Name POWERGRID Koppal Gadag Augmentation Transmission Limited],Power Grid Corporation of India Limited [POWERGRID],Karnataka,2025-01-01,2025-01-01,2027-06-01,,1354.0,1354.0,270.8,22.5,Power Grid Corporation of India Limited [POWERGRID],616672,N18000409,0.0,0.0,20.0,1083.2,-2.5,29.0,0.0,15.0,,0,0,Large,1,0,0,0,0,50,100,0,40.0,MEDIUM,447
147,100 MW SPP part of SECI 150 MW Hybrid,NLC India Limited [NLCIL],Gujarat,2022-07-01,2024-04-01,2026-12-01,,480.68,480.68,2.62,1.2,NLC India Limited [NLCIL],618992,-,0.0,0.0,0.5450611633519181,478.06,-0.6549388366480818,32.0,21.0,24.0,,0,0,Small,1,0,0,0,0,50,100,0,40.0,MEDIUM,447
1749,4L Access Controlled Greenfield Highway section on NH163G Warangal-Khammam from Oorugonda village in Hanamkonda District at Design Ch. 112.240 Km to Venkatpur village in Warangal District at Design Ch. 150.240 KmPackage-I,National Highways Authority of India [NHAI],Telangana,2023-03-01,2025-06-01,2027-06-01,2028-05-01,1142.6,1140.82,65.67,0.0,National Highways Authority of India [NHAI],618814,-,-1.7799999999999727,-0.1557850516366158,5.756385757612946,1075.15,5.756385757612946,24.0,27.0,10.0,11.0,1,0,Large,1,0,0,0,0,50,100,0,40.0,MEDIUM,447
150,810 MW Solar Power Project - Rajasthan,NLC India Limited [NLCIL],Rajasthan,2024-10-01,2025-09-01,2028-03-01,,4147.07,4147.07,224.77,0.0,NLC India Limited [NLCIL],618981,-,0.0,0.0,5.419971208588232,3922.3,5.419971208588232,30.0,11.0,7.0,,0,0,Large,1,0,0,0,0,50,100,0,40.0,MEDIUM,447
209,"Augmentation of Transformation Capacity by 3x500 MVA, 400/220 KV ICTS [6th-8th] and 1x1500 MVA, 765/400 KV ICT [4th] at Bidar PS [SPV Name- POWERGRID Bidar Augmentation Transmission Limited]",Power Grid Corporation of India Limited [POWERGRID],Karnataka,2025-02-01,2025-02-01,2027-06-01,,288.0,288.0,20.16,7.2,Power Grid Corporation of India Limited [POWERGRID],617068,N18000410,0.0,0.0,7.000000000000001,267.84,-0.1999999999999993,28.0,0.0,14.0,,0,0,Small,1,0,0,0,0,50,100,0,40.0,MEDIUM,447
1754,Upgradation to Two Lane with Paved Shoulders from Km 0.000 to Km 41.920 Green Field Alignment of Gowrelly to Valigonda Section of NH-930P in the State of Telangana on EPC Mode under Annual Plan 2022-23,MoRTH,Telangana,2022-11-01,2026-05-01,2028-04-01,,690.33,690.33,0.0,0.0,MoRTH,619009,-,0.0,0.0,0.0,690.33,0.0,23.0,42.0,-1.0,,0,0,Medium,1,0,0,0,0,50,100,0,40.0,MEDIUM,447
505,IMC at Prayagraj,National Industrial Corridor Development Corporation,Uttar Pradesh,2024-08-01,2026-04-01,2028-12-01,,658.0,658.0,0.0,6.5,National Industrial Corridor Development Corporation,707419,-,0.0,0.0,0.0,658.0,-6.5,32.0,20.0,0.0,,0,0,Medium,1,0,0,0,0,50,100,0,40.0,MEDIUM,447
1748,4L Access Controlled Greenfield Section Mancherial Warangal from Narva village at Design Ch. 3.834 Km to Puttapaka village at Design Ch. 35.300 Km Package-I,National Highways Authority of India [NHAI],Telangana,2023-03-01,2024-12-01,2026-12-01,2027-10-01,1127.9,1104.27,110.86,9.0,National Highways Authority of India [NHAI],618813,-,-23.63000000000011,-2.095043886869413,10.039211424742138,993.41,1.0392114247421382,24.0,21.0,16.0,10.0,1,0,Large,1,0,0,0,0,50,100,0,40.0,MEDIUM,447
503,Development of Palakkad Node under extension of CBIC to Kochi,National Industrial Corridor Development Corporation,Kerala,2024-08-01,2025-10-01,2029-04-01,,3805.0,3805.0,0.0,1.0,National Industrial Corridor Development Corporation,701668,-,0.0,0.0,0.0,3805.0,-1.0,42.0,14.0,6.0,,0,0,Large,1,0,0,0,0,50,100,0,40.0,MEDIUM,447
1747,4L Access Controlled Greenfield Section Mancherial Warangal from Puttapaka village at Design Ch. 35.300 Km to Pangidipalle village at Design Ch. 72.350 KmPackage-II,National Highways Authority of India [NHAI],Telangana,2023-01-01,2025-06-01,2027-06-01,2027-12-01,1129.33,1145.41,78.94,6.3,National Highways Authority of India [NHAI],618812,-,16.080000000000155,1.4238530810303591,6.891855318183008,1066.47,0.5918553181830086,24.0,29.0,10.0,6.0,1,1,Large,1,0,0,0,25,25,100,0,40.0,MEDIUM,447
502,Tumakuru Node - Phase 1 - Roads and Services Development,National Highways & Infrastructure Development Corporation Ltd. [NHIDCL],Karnataka,2020-12-01,2023-02-01,2026-09-01,,1701.81,1701.81,278.35,23.18,National Highways & Infrastructure Development Corporation Ltd. [NHIDCL],701657,-,0.0,0.0,16.356114959954404,1423.46,-6.823885040045596,43.0,26.0,38.0,,0,0,Large,1,0,0,0,0,50,100,0,40.0,MEDIUM,447
500,Kopparthy Industrial Area,NICDC,Andhra Pradesh,2024-08-01,2025-10-01,2028-10-01,,2136.0,2136.0,39.75,3.0,NICDC,617729,-,0.0,0.0,1.8609550561797752,2096.25,-1.1390449438202246,36.0,14.0,6.0,,0,0,Large,1,0,0,0,0,50,100,0,40.0,MEDIUM,447
210,Transmission Scheme for integration of Davanagere/ Chitradurga and Bellary REZ in Karnataka [POWERGRID Chitradurga Bellary REZ Transmission Limited],Power Grid Corporation of India Limited [POWERGRID],Karnataka,2025-03-01,2025-03-01,2027-09-01,,3453.0,3453.0,414.36,13.41,Power Grid Corporation of India Limited [POWERGRID],617184,N18000419,0.0,0.0,12.000000000000002,3038.64,-1.4099999999999984,30.0,0.0,13.0,,0,0,Large,1,0,0,0,0,50,100,0,40.0,MEDIUM,447
499,Orvakal Industrial Area,NICDC,Andhra Pradesh,2024-08-01,2025-10-01,2028-10-01,,2786.0,2786.0,112.0,6.14,NICDC,617727,-,0.0,0.0,4.0201005025125625,2674.0,-2.1198994974874372,36.0,14.0,6.0,,0,0,Large,1,0,0,0,0,50,100,0,40.0,MEDIUM,447
62,MURAIDIH UG PROJECT,Bharat Coking Coal Limited (BCCL),Jharkhand,2011-02-01,2011-02-01,2014-04-01,2026-12-01,339.87,339.87,191.0,70.47,BCCL,613808,N06000096,0.0,0.0,56.19795804278106,148.87,-14.27204195721894,38.0,0.0,182.0,152.0,1,0,Small,0,0,0,0,0,100,40,0,40.0,MEDIUM,447
146,200 MW SPP part of 510 MW CPSU scheme,NLC India Limited [NLCIL],Gujarat,2022-07-01,2024-03-01,2026-12-01,,1221.41,1221.41,64.03,0.0,NLC India Limited [NLCIL],618991,-,0.0,0.0,5.242301929736943,1157.38,5.242301929736943,33.0,20.0,25.0,,0,0,Large,1,0,0,0,0,50,100,0,40.0,MEDIUM,447
1144,2L NH-1 from km 8.660 to km 33.775 Sumbal to Wayul to 4L dual carriageway NH standard as part of Srinagar Ring Road PhaseII [Design Ch. 41.907 to Ch. 66.609],National Highways Authority of India [NHAI],"Jammu and
Kashmir",2022-11-01,2023-12-01,2026-06-01,2027-04-01,961.0,643.64,412.37,48.8,National Highways Authority of India [NHAI],618547,N24002059,-317.36,-33.02393340270552,64.068423342241,231.27,15.268423342241007,30.0,13.0,28.0,10.0,1,0,Medium,0,0,0,0,0,50,75,40,39.75,MEDIUM,693
31,DIPKA EXPANSION OCP [40 MTY],South Eastern Coalfields Limited [SECL],Chhattisgarh,2020-12-01,2020-12-01,2029-03-01,,5241.4,5241.4,2910.11,38.0,South Eastern Coalfields Limited [SECL],400354,N06000200,0.0,0.0,55.52161636204068,2331.2899999999995,17.52161636204068,99.0,0.0,64.0,,0,0,Mega,0,0,0,0,0,50,75,40,39.75,MEDIUM,693
607,Bagalkot-Kudachi New Railway Line [142 km],South Western Railway [SWR] - II,Karnataka,2013-10-01,2012-11-01,2027-03-01,2027-01-01,1378.0,1649.0,797.87,36.0,South Western Railway [SWR] - II,705495,N22000258,271.0,19.666182873730044,48.38508186779867,851.13,12.385081867798668,172.0,-11.0,161.0,-2.0,0,1,Large,0,0,0,0,50,0,75,40,39.75,MEDIUM,693
1387,Strengthening of Existing Alignment of Pandharpur Town Part Bypassed Section of NH 965 from KM 36.230 to KM 44.230 from Chh. Shivaji Maharaj Chowk to Wakhari,National Highways Authority of India [NHAI],Maharashtra,2022-08-01,2023-11-01,2025-10-01,2026-08-01,150.21,87.59,58.75,48.0,National Highways Authority of India [NHAI],618628,-,-62.620000000000005,-41.6883030424073,67.0738668797808,28.840000000000003,19.073866879780795,23.0,15.0,29.0,10.0,1,0,Small,0,0,0,0,0,50,75,40,39.75,MEDIUM,693
1830,"4 lanning of Aligarh Palwal section from km 0.00 to km 46.39 package -1 from khereshwar junction-kurana of NH33D , including khair & jattari bypass in the state of UP on HAM mode",National Highways Authority of India [NHAI],Uttar Pradesh,2024-03-01,2025-03-01,2027-03-01,2027-03-01,1663.38,1685.69,534.65,15.75,National Highways Authority of India [NHAI],618690,-,22.309999999999945,1.34124493501184,31.71698236330523,1151.04,15.966982363305233,24.0,12.0,13.0,0.0,0,1,Large,1,0,0,0,25,0,100,40,38.5,MEDIUM,697
996,4L of Munger Mirzachauki section from Munger to Kharia village junction from Km 69520 to Km 95580 Pkg-1,NHAI,Bihar,2021-01-01,2022-03-01,2024-03-01,2026-06-01,1659.81,1696.66,506.33,78.09,NHAI,619289,-,36.850000000000136,2.2201336297528114,29.842749873280443,1190.3300000000002,-48.24725012671957,24.0,14.0,49.0,27.0,1,1,Large,0,0,0,0,25,100,0,0,37.5,MEDIUM,698
988,Umagaon-Saharsa Package-IV Koshi Bridge & approach Road - Bheja-Bakaur,NHAI,Bihar,2019-02-01,2020-02-01,2023-08-01,2027-03-01,1199.58,1223.94,1120.87,89.23,NHAI,618953,N24001371,24.360000000000127,2.0307107487620777,91.57883556383482,103.07000000000016,2.348835563834811,42.0,12.0,74.0,43.0,1,1,Large,0,0,0,0,25,100,0,0,37.5,MEDIUM,698
1514,Delhi-Amritsar-Katra Expressway Phase-II Pkg-XIV from Junction with Pathankot- Gurdaspur road NH-54 near Balsua to Junction with Hiranagar Road near village Gurha Baildaran km 423500 to km 468100,National Highways Authority of India [NHAI],"Multi-States
(Jammu and
Kashmir, Punjab)",2021-10-01,2022-09-01,2024-09-01,2026-09-01,3044.02,3707.91,1551.33,83.6,National Highways Authority of India [NHAI],619066,N24001551,663.8899999999999,21.80964645435969,41.83839413577999,2156.58,-41.76160586422,24.0,11.0,43.0,24.0,1,1,Large,0,0,0,0,50,75,0,0,37.5,MEDIUM,698
187,Installation of FGD for 4x210 & 2x250 MW MTPS U 1-6,Damodar Valley Corporation,West Bengal,2019-06-01,2021-02-01,2024-01-01,2026-05-01,1037.0,1106.0,1133.78,96.0,Damodar Valley Corporation,602538,-,69.0,6.653809064609451,102.51175406871609,-27.779999999999973,6.511754068716087,35.0,20.0,62.0,28.0,1,1,Large,0,0,1,0,25,100,0,0,37.5,MEDIUM,698
1472,6L Aluru - Jakkuva Section of NH-130CD Road from km 365.033 to km 396.800 Pkg. 1,National Highways Authority of India [NHAI],"Multi-States
(Andhra Pradesh,
Odisha)",2021-02-01,2022-03-01,2024-03-01,2026-06-01,1216.12,1241.66,683.05,96.23,National Highways Authority of India [NHAI],618681,N24001838,25.54000000000019,2.1001216985166096,55.01103361628786,558.6100000000001,-41.21896638371214,24.0,13.0,49.0,27.0,1,1,Large,0,0,0,0,25,100,0,0,37.5,MEDIUM,698
1516,Barwa Adda Km. 398.240 to Panagarh Km. 521.120,National Highways Authority of India [NHAI],"Multi-States
(Jharkhand, West
Bengal)",2010-08-01,2014-04-01,2016-09-01,2026-05-01,1560.39,1568.22,91.41,100.0,National Highways Authority of India [NHAI],618533,N24000515,7.829999999999927,0.5017976275161932,5.828901557179477,1476.81,-94.17109844282052,29.0,44.0,144.0,116.0,1,1,Large,0,0,0,0,25,100,0,0,37.5,MEDIUM,698
1001,Muzaffarpur - Sonbarsa Section of NH-77 from km 2.800 to km 89.000,NHAI,Bihar,2011-05-01,,2013-11-01,2026-06-01,2290.72,2311.1,468.71,100.0,NHAI,619320,-,20.38000000000011,0.8896766082279856,20.280818657782007,1842.39,-79.719181342218,,,,151.0,1,1,Large,0,0,0,0,25,100,0,0,37.5,MEDIUM,698
1501,Bal. Works of Fagne Km. 510.000 to Maharashtra/Gujarat Border Km. 650.794,National Highways Authority of India [NHAI],"Multi-States
(Gujarat,
Maharashtra)",2019-12-01,2020-09-01,2022-09-01,2026-12-01,1654.07,1672.89,1356.95,97.66,National Highways Authority of India [NHAI],618637,N24001804,18.820000000000164,1.1377994885343523,81.11411987638158,315.94000000000005,-16.545880123618417,24.0,9.0,67.0,51.0,1,1,Large,0,0,0,0,25,100,0,0,37.5,MEDIUM,698
1622,Moga - Bagha Purana - Bajakhana from km. 0.00 to km. 43.32,National Highways Authority of India [NHAI],Punjab,2020-05-01,2022-12-01,2024-12-01,2026-05-01,1032.59,1264.17,663.72,76.0,National Highways Authority of India [NHAI],618764,N24001639,231.58000000000015,22.427100785403713,52.50243242601865,600.45,-23.49756757398135,24.0,31.0,40.0,17.0,1,1,Large,0,0,0,0,50,75,0,0,37.5,MEDIUM,698
829,Nandigama Bypass and Kanchikacherla bypass,National Highways Authority of India [NHAI],Andhra Pradesh,2017-11-01,2018-03-01,2019-06-01,2026-05-01,416.07,444.58,110.65,98.47,National Highways Authority of India [NHAI],618629,-,28.50999999999999,6.852212368111132,24.8886589590175,333.92999999999995,-73.5813410409825,15.0,4.0,97.0,83.0,1,1,Small,0,0,0,0,25,100,0,0,37.5,MEDIUM,698
1058,Sanchore - Santalpur from km 67.000 - km 99.000 of NH-754K AJ-RGBS-Package-3,National Highways Authority of India [NHAI],Gujarat,2020-02-01,2021-08-01,2023-08-01,2026-05-01,752.3,765.25,569.43,99.0,National Highways Authority of India [NHAI],618614,N24001790,12.950000000000044,1.7213877442509695,74.41097680496569,195.82000000000005,-24.589023195034315,24.0,18.0,56.0,33.0,1,1,Medium,0,0,0,0,25,100,0,0,37.5,MEDIUM,698
1596,4-L of Rajamunda to Barkote Section of NH-23 from km. 287.200 to km. 337.185,National Highways Authority of India [NHAI],Odisha,2017-10-01,2018-12-01,2021-06-01,2024-12-01,609.63,630.97,114.77,96.52,National Highways Authority of India [NHAI],618913,N24000739,21.340000000000032,3.50048390007054,18.189454332218645,516.2,-78.33054566778135,30.0,14.0,88.0,42.0,1,1,Medium,0,0,0,0,25,100,0,0,37.5,MEDIUM,698
1518,2L PS of JH / WB Border km. 70.524 - Purulia km.84.400 & Purulia km. 94.30 - Chandil Junction with NH-33 km. 153.705 of Old NH-32,National Highways Authority of India [NHAI],"Multi-States
(Jharkhand, West
Bengal)",2018-03-01,2019-12-01,2022-08-01,2026-10-01,1652.4,1771.88,749.26,97.4,National Highways Authority of India [NHAI],618909,N24000788,119.48000000000002,7.230694747034618,42.28615933358918,1022.62,-55.11384066641082,32.0,21.0,76.0,50.0,1,1,Large,0,0,0,0,25,100,0,0,37.5,MEDIUM,698
1488,4L of Sahibganj - Manihari Ganga Bridge including Manihari Bypass,National Highways Authority of India [NHAI],"Multi-States
(Bihar, Jharkhand)",2016-10-01,2020-11-01,2024-10-01,2026-12-01,1954.77,1978.01,1820.63,85.17,National Highways Authority of India [NHAI],618952,N24000714,23.24000000000001,1.1888866720893,92.04351848575084,157.37999999999988,6.873518485750836,47.0,49.0,65.0,26.0,1,1,Large,0,0,0,0,25,100,0,0,37.5,MEDIUM,698
768,Lalitpur-Birari with flyover at Lalitpur- 16 Km,North Central Railway,Uttar Pradesh,2017-03-01,2017-11-01,2024-12-01,2026-01-01,304.44,356.0,255.32,86.0,North Central Railway,705766,N22000546,51.56,16.93601366443306,71.71910112359551,100.68,-14.280898876404493,85.0,8.0,101.0,13.0,1,1,Small,0,0,0,0,50,75,0,0,37.5,MEDIUM,698
1059,Sanchore - Santalpur from km 99.000 - km 130.073 of NH-754K AJ-RGBS-Package-4,National Highways Authority of India [NHAI],Gujarat,2020-02-01,2021-03-01,2023-03-01,2026-05-01,778.15,835.55,663.38,99.7,National Highways Authority of India [NHAI],618615,N24001794,57.39999999999998,7.376469832294543,79.39441086709354,172.16999999999996,-20.305589132906466,24.0,13.0,61.0,38.0,1,1,Medium,0,0,0,0,25,100,0,0,37.5,MEDIUM,698
1651,Sangariya near Chautala-Rasisar near Bikaner section of NH-754K Phase-I AJ/SR- Package-7,National Highways Authority of India [NHAI],Rajasthan,2019-02-01,2021-06-01,2023-06-01,2026-05-01,520.63,548.42,426.0,100.0,National Highways Authority of India [NHAI],618611,-,27.789999999999964,5.337763863012112,77.6776922796397,122.41999999999996,-22.3223077203603,24.0,28.0,58.0,35.0,1,1,Medium,0,0,0,0,25,100,0,0,37.5,MEDIUM,698
1039,Development of Chiloda - Gandhinagar- Sarkhej ofNH-147 Package -II,MoRTH,Gujarat,2018-04-01,2018-11-01,2020-11-01,2022-07-01,211.28,234.44,0.0,99.55,MoRTH,617977,-,23.159999999999997,10.961756910261265,0.0,234.44,-99.55,24.0,7.0,89.0,20.0,1,1,Small,0,0,0,0,50,75,0,0,37.5,MEDIUM,698
981,Chhapra - Hajipur from km. 143.200 to km. 209.200,National Highways Authority of India [NHAI],Bihar,2010-07-01,2011-01-01,2013-07-01,2026-04-01,2127.86,2171.6,98.07,89.81,National Highways Authority of India [NHAI],618904,N24000187,43.73999999999978,2.055586363764523,4.516025050653895,2073.5299999999997,-85.29397494934611,30.0,6.0,183.0,153.0,1,1,Large,0,0,0,0,25,100,0,0,37.5,MEDIUM,698
1929,Saturation 4G mobile coverage of Uncovered Villages through USOF,Department of Telecommunications [DoT],PAN India,2022-07-01,2022-07-01,2024-06-01,2026-03-01,26316.0,30620.0,9791.8,84.0,Department of Telecommunications [DoT],400013,-,4304.0,16.355069159446725,31.97844546048334,20828.2,-52.02155453951666,23.0,0.0,45.0,21.0,1,1,Mega,0,0,0,0,50,75,0,0,37.5,MEDIUM,698
1487,Hariharganj to Parwa Mode section from km 23.284 to km 57.049 of NH-98,National Highways Authority of India [NHAI],"Multi-States
(Bihar, Jharkhand)",2020-09-01,2022-03-01,2024-02-01,2026-06-01,1125.78,1186.56,609.94,91.3,National Highways Authority of India [NHAI],618951,N24001589,60.77999999999997,5.398923413100248,51.40405879180152,576.6199999999999,-39.89594120819848,23.0,18.0,49.0,28.0,1,1,Large,0,0,0,0,25,100,0,0,37.5,MEDIUM,698
174,Patratu Thermal Power Station Expansion Project Phase-I [3x800 MW],National Thermal Power Corporation [NTPC],Jharkhand,2017-11-01,2017-11-01,2023-03-01,2027-02-01,18668.0,20302.0,18690.0,88.74,National Thermal Power Corporation [NTPC],400261,N18000275,1634.0,8.752946218127276,92.05989557679048,1612.0,3.319895576790472,64.0,0.0,101.0,47.0,1,1,Mega,0,0,0,0,25,100,0,0,37.5,MEDIUM,698
1556,4-Laning of Balance work of Dimapur-Kohima Road from design km 152.490 to km 166.700 Existing km 156.000 to km 172.900 Excluding Dimapur & Kohima Bypass under SARDP-NE Package-III,NHIDCL,Nagaland,2016-03-01,2023-09-01,2025-09-01,,562.98,794.75,119.71,82.59,NHIDCL,618328,N24001278,231.77,41.168425166080496,15.062598301352626,675.04,-67.52740169864738,24.0,90.0,31.0,,0,1,Medium,0,0,0,0,75,50,0,0,37.5,MEDIUM,698
814,"Rehabilitation & Upgradation of NH214New NH-216 from Km 34/230 to Km 84/550 Losari to Machavaram Section to two lane with paved shoulder in the state of Andhrapradesh under NHDP-IV through Engineering, Procurement& Construction EPC mode.",MoRTH,Andhra Pradesh,2016-03-01,2016-09-01,2018-09-01,2025-07-01,445.22,459.37,0.0,98.6,MoRTH,618239,-,14.149999999999975,3.178204033960734,0.0,459.37,-98.6,24.0,6.0,115.0,82.0,1,1,Small,0,0,0,0,25,100,0,0,37.5,MEDIUM,698
1023,4/6 Laning of Raipur-Simga Pkg-I from km. 0.00 to km. 48.58,National Highways Authority of India [NHAI],Chhattisgarh,2015-10-01,2016-04-01,2018-04-01,2026-05-01,1096.52,1172.36,107.31,100.0,National Highways Authority of India [NHAI],619103,-,75.83999999999992,6.916426512968292,9.153331741103417,1065.05,-90.8466682588966,24.0,6.0,120.0,97.0,1,1,Large,0,0,0,0,25,100,0,0,37.5,MEDIUM,698
843,Khammam-Devarapalle Pkg IV [4L Access Controlled Greenfield from Recherla village to Gurvaygudem village Design Chainage 105236 to 132664],National Highways Authority of India [NHAI],Andhra Pradesh,2020-11-01,2022-09-01,2024-09-01,2025-05-01,569.37,752.02,355.88,100.0,National Highways Authority of India [NHAI],618748,N24001476,182.65,32.0793157349351,47.32320948910933,396.14,-52.67679051089067,24.0,22.0,43.0,8.0,1,1,Medium,0,0,0,0,75,50,0,0,37.5,MEDIUM,698
1478,6 laning of Balance Work of Chennai - Tada from km. 21.40 to km. 54.40,National Highways Authority of India [NHAI],"Multi-States
(Andhra Pradesh,
Tamil Nadu)",2017-12-01,2018-03-01,2020-03-01,2026-06-01,464.62,472.37,182.82,100.0,National Highways Authority of India [NHAI],619077,-,7.75,1.6680297877835653,38.70271185723056,289.55,-61.29728814276944,24.0,3.0,97.0,75.0,1,1,Small,0,0,0,0,25,100,0,0,37.5,MEDIUM,698
1498,Dwarka Expressway Pkg-III Delhi/HR Border to Start of RoB Gurugram,National Highways Authority of India [NHAI],"Multi-States (Delhi,
Haryana)",2018-01-01,2018-11-01,2020-11-01,2026-05-01,2228.26,2298.37,991.43,100.0,National Highways Authority of India [NHAI],618577,-,70.10999999999967,3.1464012278638784,43.136222627340246,1306.94,-56.863777372659754,24.0,10.0,89.0,66.0,1,1,Large,0,0,0,0,25,100,0,0,37.5,MEDIUM,698
1919,4L of Purulia Bypass section from Km 84.030 to Km 94.345 of NH-32,National Highways Authority of India [NHAI],West Bengal,2021-01-01,2022-02-01,2023-08-01,2026-05-01,557.55,562.57,468.78,94.12,National Highways Authority of India [NHAI],618910,N24001749,5.0200000000000955,0.9003676800287143,83.32829692304956,93.79000000000008,-10.79170307695044,18.0,13.0,50.0,33.0,1,1,Medium,0,0,0,0,25,100,0,0,37.5,MEDIUM,698
958,Permanent rectification of 3 nos. of black spots in project Highway NH-27 of U.P border - Dewapur - Kotwa section from Km.360.915 to km.440.000 Total Length of 79.085 Km of NH-27& Permanent rectification of 5 nos. of black spots of project Highway NH-27 of Kotwa - Mehsi - Muzaffarpur Section from km.440.000 to km.520.000 Total length 80.00Km,National Highways Authority of India [NHAI],Bihar,2022-04-01,2023-12-01,2025-12-01,2026-07-01,227.25,321.23,224.1,80.46,National Highways Authority of India [NHAI],618571,N24002064,93.98000000000002,41.35533553355336,69.76309809170999,97.13000000000002,-10.696901908290002,24.0,20.0,28.0,7.0,1,1,Small,0,0,0,0,75,50,0,0,37.5,MEDIUM,698
1599,Four Laning of Angul to Sambalpur from Km.112.000 to Km.265.000,National Highways Authority of India [NHAI],Odisha,2016-09-01,2017-03-01,2019-08-01,2026-05-01,2510.04,2632.91,1194.15,99.98,National Highways Authority of India [NHAI],619118,N24000619,122.86999999999988,4.895141113289027,45.35475956261323,1438.7599999999998,-54.62524043738677,29.0,6.0,109.0,81.0,1,1,Large,0,0,0,0,25,100,0,0,37.5,MEDIUM,698
766,Burhwal Gonda 3rd line,North Eastern Railway [NER],Uttar Pradesh,2017-11-01,2019-07-01,2025-03-01,2026-05-01,1016.0,1118.0,1050.11,88.4,North Eastern Railway [NER],705567,N22000468,102.0,10.039370078740156,93.92754919499104,67.8900000000001,5.527549194991039,68.0,20.0,81.0,14.0,1,1,Large,0,0,0,0,50,75,0,0,37.5,MEDIUM,698
1918,Bridge over Ganga River at d/s of Farraka Barrage including Approaches connecting Farakka-Raiganj,National Highways Authority of India [NHAI],West Bengal,2018-08-01,2018-12-01,2021-12-01,2026-09-01,622.04,646.1,340.02,96.17,National Highways Authority of India [NHAI],618825,N24001750,24.06000000000006,3.8679184618352616,52.62652840117629,306.08000000000004,-43.543471598823714,36.0,4.0,88.0,57.0,1,1,Medium,0,0,0,0,25,100,0,0,37.5,MEDIUM,698
831,6L Korlam-Kantakapalle Section of NH-130CD Road from Km 421.100 to Km 445.100 Pkg-3,National Highways Authority of India [NHAI],Andhra Pradesh,2021-02-01,2022-02-01,2024-02-01,2026-07-01,1112.7,1127.63,822.68,99.26,National Highways Authority of India [NHAI],618682,-,14.930000000000064,1.3417812528084894,72.95655489832656,304.95000000000016,-26.303445101673447,24.0,12.0,50.0,29.0,1,1,Large,0,0,0,0,25,100,0,0,37.5,MEDIUM,698
1045,Delhi-Vadodara Greenfield Alignment NH-148N Pkg-31 Ch.824920 to Ch.844382 [Junction near Pratap nagar Village - Junction near Dodka Village],National Highways Authority of India [NHAI],Gujarat,2019-11-01,2021-05-01,2023-05-01,2026-05-01,1644.85,1651.14,963.66,100.0,National Highways Authority of India [NHAI],618462,N24001520,6.290000000000191,0.382405690488506,58.363312620371374,687.4800000000001,-41.636687379628626,24.0,18.0,59.0,36.0,1,1,Large,0,0,0,0,25,100,0,0,37.5,MEDIUM,698
1656,Tanot -Ramgarh-Bhadasar-Jaisalmer NH-68 and BhadasarMokal-Sarkaritala up to Pakisthan Border NH-968 Pkg-BM/5,National Highways Authority of India [NHAI],Rajasthan,2018-02-01,2019-04-01,2021-04-01,2026-05-01,828.58,830.37,405.43,100.0,National Highways Authority of India [NHAI],618796,N24000795,1.7899999999999636,0.2160322479422582,48.82522249117864,424.94,-51.17477750882136,24.0,14.0,84.0,61.0,1,1,Medium,0,0,0,0,25,100,0,0,37.5,MEDIUM,698
1624,4/6L Greenfield LudhianaRupnagar highway from Jn. with NE-5 village near to ManewalLudhiana to Jn. with NH-205 near Bheora Village Rupnagar from Km 66.0 to Km 91.0 i/c spur to Kharar from Km 0.0 to Km 19.5 with Ludhiana bypass of NH-205K Pkg-3,National Highways Authority of India [NHAI],Punjab,2021-07-01,2023-02-01,2025-02-01,2026-05-01,1501.02,1815.13,992.99,78.6,National Highways Authority of India [NHAI],618785,N24001630,314.1100000000001,20.92643668971767,54.70627448171757,822.1400000000001,-23.89372551828243,24.0,19.0,38.0,15.0,1,1,Large,0,0,0,0,50,75,0,0,37.5,MEDIUM,698
1545,4/6L of Spur to Haridwar Greenfield from Km. 0.000 to Km. 50.70,National Highways Authority of India [NHAI],"Multi-States (Uttar
Pradesh,
Uttarakhand)",2021-11-01,2023-02-01,2025-02-01,2026-06-01,2155.95,2612.3,1469.55,91.5,National Highways Authority of India [NHAI],618969,N24001628,456.3500000000003,21.16700294533734,56.25502430808099,1142.7500000000002,-35.24497569191901,24.0,15.0,38.0,16.0,1,1,Large,0,0,0,0,50,75,0,0,37.5,MEDIUM,698
771,Aligarh -Daud Khan Flyover Construction & 3rd Railway Line Project,CAO/C/NCR,Uttar Pradesh,2019-04-01,2020-09-01,2025-01-01,2027-03-01,758.0,779.49,484.51,83.0,CAO/C/NCR,705774,N22000562,21.49000000000001,2.8350923482849613,62.157307983425056,294.98,-20.842692016574944,52.0,17.0,67.0,26.0,1,1,Medium,0,0,0,0,25,100,0,0,37.5,MEDIUM,698
1000,4L of Hajipur-Muzaffarpur Section of the existing NH-77 from Km. 0000 Ramashish Chowk to Km. 46300 and new bypass starting at Km. 46300 and connecting NH-28 of E-W Corridor at Km. 515045,NHAI,Bihar,2010-08-01,,2013-02-01,2026-05-01,2723.39,2906.78,26.74,99.45,NHAI,619317,-,183.39000000000033,6.7338868101887845,0.9199182600678414,2880.0400000000004,-98.53008173993216,,,,159.0,1,1,Large,0,0,0,0,25,100,0,0,37.5,MEDIUM,698
1044,Delhi-Vadodara Greenfield Alignment NH-148N Pkg-28 Ch.756052 to Ch.781282,National Highways Authority of India [NHAI],Gujarat,2020-09-01,2021-11-01,2023-11-01,2026-05-01,1263.38,1266.98,865.87,100.0,National Highways Authority of India [NHAI],618460,N24001519,3.599999999999909,0.2849498963098916,68.34125242703121,401.11,-31.658747572968792,24.0,14.0,53.0,30.0,1,1,Large,0,0,0,0,25,100,0,0,37.5,MEDIUM,698
1051,Ahmedabad - Dholera Pkg I from km. 0.00 to km. 22.00 [Sardar Patel Ring Road - Sindhrej Village],National Highways Authority of India [NHAI],Gujarat,2020-05-01,2022-01-01,2024-01-01,2026-05-01,1298.0,1421.05,1012.45,100.0,National Highways Authority of India [NHAI],618501,N24001443,123.04999999999995,9.47996918335901,71.24661341965448,408.5999999999999,-28.75338658034552,24.0,20.0,51.0,28.0,1,1,Large,0,0,0,0,25,100,0,0,37.5,MEDIUM,698
1026,Development of 6L UER II [Package - I] NH-1 Near Bakoli till Karala Kanjhawala Road from km. 0.70 to km.15.00,National Highways Authority of India [NHAI],Delhi,2020-07-01,2021-10-01,2023-10-01,2026-05-01,2089.94,2203.45,1803.73,99.99,National Highways Authority of India [NHAI],618509,N24001777,113.50999999999976,5.431256399705243,81.85935691756112,399.7199999999998,-18.13064308243888,24.0,15.0,54.0,31.0,1,1,Large,0,0,0,0,25,100,0,0,37.5,MEDIUM,698
1601,4 Laning of Talcher to end of Kamakhyanagar Bypass km 8.844 - km 15.725 of NH- 149 and km 301.875 - km 335.946 of NH-53 Pkg-I,National Highways Authority of India [NHAI],Odisha,2018-01-01,2019-02-01,2021-08-01,2026-10-01,795.18,810.71,402.98,99.0,National Highways Authority of India [NHAI],619157,N24000734,15.530000000000086,1.953016926985096,49.70704690949909,407.73,-49.29295309050091,30.0,13.0,86.0,62.0,1,1,Medium,0,0,0,0,25,100,0,0,37.5,MEDIUM,698
1402,4L of Ratnagiri - Kolhapur section of NH-166 from km 0.000 to km 19.769 and km 31.000 to km 67.140 Pkg I,National Highways Authority of India [NHAI],Maharashtra,2022-02-01,2022-11-01,2024-11-01,2026-11-01,1774.03,2108.41,749.83,93.75,National Highways Authority of India [NHAI],619149,N24001495,334.3799999999999,18.848610226433593,35.5637660606808,1358.58,-58.1862339393192,24.0,9.0,41.0,24.0,1,1,Large,0,0,0,0,50,75,0,0,37.5,MEDIUM,698
1089,Karnal ring road Lot-4/Pkg-1,National Highways Authority of India [NHAI],Haryana,2022-11-01,2023-08-01,2025-08-01,2026-10-01,1741.45,2041.54,461.25,91.61,National Highways Authority of India [NHAI],619201,-,300.0899999999999,17.232191564500845,22.593238437650008,1580.29,-69.01676156234998,24.0,9.0,32.0,14.0,1,1,Large,0,0,0,0,50,75,0,0,37.5,MEDIUM,698
1372,Vadodara Mumbai Expressway Phase II - Pkg XIV [Km. 3.000 to Km. 20.200 of Spur] Shirsad - Akloli,National Highways Authority of India [NHAI],Maharashtra,2021-05-01,2022-11-01,2024-05-01,2026-05-01,2058.79,2324.72,629.88,86.0,National Highways Authority of India [NHAI],618470,N24001507,265.92999999999984,12.916810359482987,27.094875942048937,1694.8399999999997,-58.90512405795106,18.0,18.0,41.0,24.0,1,1,Large,0,0,0,0,50,75,0,0,37.5,MEDIUM,698
426,Dhamra Haldia Pipeline Project,Ministry of Petroleum & Natural Gas,"Multi-States
(Odisha, West
Bengal)",2020-03-01,2020-03-01,2022-11-01,2026-09-01,1030.65,1125.0,916.9,93.7,Ministry of Petroleum & Natural Gas,701344,N16000391,94.34999999999992,9.154417115412594,81.50222222222222,208.1,-12.197777777777787,32.0,0.0,73.0,46.0,1,1,Large,0,0,0,0,25,100,0,0,37.5,MEDIUM,698
652,Vizianagaram - Titlagarh 3rd line [272 Km including By - pass line of 7.68 KM],RVNL - II,"Multi-States
(Andhra Pradesh,
Odisha)",2016-06-01,2016-11-01,2025-12-01,2026-12-01,4803.0,6669.91,6211.43,97.0,RVNL - II,400253,N22000409,1866.91,38.8696647928378,93.12614413088032,458.4799999999995,-3.873855869119666,109.0,5.0,113.0,12.0,1,1,Large,0,0,0,0,75,50,0,0,37.5,MEDIUM,698
287,Kanpur Metro Rail Project,Uttar Pradesh metro rail corporation [UPMRC],Uttar Pradesh,2019-05-01,2019-11-01,2024-05-01,2027-03-01,11076.48,11076.5,9101.15,80.9,Uttar Pradesh metro rail corporation [UPMRC],702628,N28000144,0.0200000000004365,0.0001805627780706,82.16629801832708,1975.3500000000004,1.2662980183270776,54.0,6.0,77.0,34.0,1,1,Mega,0,0,0,0,25,100,0,0,37.5,MEDIUM,698
351,Srikakulam Angul Gas Pipeline Project,Ministry of Petroleum & Natural Gas,"Multi-States
(Andhra Pradesh,
Odisha)",2019-09-01,2019-09-01,2022-07-01,2026-06-01,2658.34,2810.0,2315.2,97.6,Ministry of Petroleum & Natural Gas,701343,N16000388,151.65999999999983,5.705064062535261,82.39145907473309,494.8000000000002,-15.208540925266902,34.0,0.0,79.0,47.0,1,1,Large,0,0,0,0,25,100,0,0,37.5,MEDIUM,698
1168,4L of NH-80 from km 215.00 to km 260.00 Mirza Chauki to Farkka Pkg-I,National Highways Authority of India [NHAI],Jharkhand,2018-03-01,2021-12-01,2023-07-01,2026-07-01,1504.8,1508.21,804.61,91.83,National Highways Authority of India [NHAI],618947,N24001596,3.410000000000082,0.2266081871345084,53.34867160408696,703.6,-38.48132839591304,19.0,45.0,52.0,36.0,1,1,Large,0,0,0,0,25,100,0,0,37.5,MEDIUM,698
432,Life Extension of 48 well platforms of Mumbai High & Heera Fields,Oil and Natural Gas Corporation Limited [ONGC],Offshore,2015-12-01,2015-12-01,2018-04-01,2026-08-01,3190.69,3375.9,3123.2,90.0,Oil and Natural Gas Corporation Limited [ONGC],400119,N16000213,185.21000000000004,5.804700550664591,92.51458870227198,252.70000000000027,2.514588702271979,28.0,0.0,124.0,100.0,1,1,Large,0,0,0,0,25,100,0,0,37.5,MEDIUM,698
1693,4L of Sethiyathope -Cholapuram section from Km. 65.960 to Km. 116.440 section of NH45 C Pkg-II,National Highways Authority of India [NHAI],Tamil Nadu,2017-03-01,2018-08-01,2020-08-01,2026-04-01,2356.19,2356.9,1011.39,100.0,National Highways Authority of India [NHAI],618897,N24000708,0.7100000000000364,0.0301333933171788,42.91187576901863,1345.5100000000002,-57.08812423098137,24.0,17.0,92.0,68.0,1,1,Large,0,0,0,0,25,100,0,0,37.5,MEDIUM,698
1166,Barhi-Koderma Section of NH31 km 0.00 - km 27.5,National Highways Authority of India [NHAI],Jharkhand,2017-02-01,2019-11-01,2024-08-01,2026-05-01,662.44,826.59,478.57,98.5,National Highways Authority of India [NHAI],618863,-,164.14999999999998,24.77960268099752,57.89690172878936,348.02000000000004,-40.60309827121064,57.0,33.0,77.0,21.0,1,1,Medium,0,0,0,0,50,75,0,0,37.5,MEDIUM,698
1105,Rehabilitation and Up-gradation of existing road to 2L PS from End of Hamirpur Bypass near Chilbahal to Bhangbar section from Km. 138.295 to Km.175.270 of NH- 88 Pkg-IV,National Highways Authority of India [NHAI],Himachal Pradesh,2022-03-01,2023-04-01,2025-04-01,2026-06-01,1146.19,1358.62,293.43,91.35,National Highways Authority of India [NHAI],618888,N24002052,212.42999999999984,18.53357645765535,21.597650557183027,1065.1899999999998,-69.75234944281696,24.0,13.0,36.0,14.0,1,1,Large,0,0,0,0,50,75,0,0,37.5,MEDIUM,698
1240,6L Minor Bridge Paloli Palam at km. 203.160 & Major Bridge Morad at km. 204.895 and allied works,National Highways Authority of India [NHAI],Kerala,2020-03-01,2020-12-01,2022-06-01,2026-05-01,210.0,216.94,77.9,100.0,National Highways Authority of India [NHAI],618598,N24001652,6.939999999999998,3.3047619047619032,35.90854614179036,139.04,-64.09145385820963,18.0,9.0,64.0,47.0,1,1,Small,0,0,0,0,25,100,0,0,37.5,MEDIUM,698
1158,4L of Ormanjhi-Gola section from Km 81.450 to Km 53.600 of NH- 320BPKG-II,National Highways Authority of India [NHAI],Jharkhand,2022-02-01,2023-06-01,2025-06-01,2026-07-01,1214.93,1462.19,837.8,86.57,National Highways Authority of India [NHAI],618644,N24001854,247.26,20.35178981505107,57.29761522100411,624.3900000000001,-29.272384778995885,24.0,16.0,34.0,13.0,1,1,Large,0,0,0,0,50,75,0,0,37.5,MEDIUM,698
638,Doubling of Daund Manmad Line [247.6 km],Central Railway,Maharashtra,2017-10-01,2017-03-01,2025-12-01,2026-03-01,2081.27,3267.06,3077.28,92.0,Central Railway,705504,N22000360,1185.79,56.974347393658675,94.19110760132963,189.77999999999977,2.191107601329648,105.0,-7.0,109.0,3.0,1,1,Large,0,0,0,0,100,25,0,0,37.5,MEDIUM,698
1157,4L of Palma to Gumla from km. 26.00 to km. 89.170 of NH-23,National Highways Authority of India [NHAI],Jharkhand,2020-03-01,2022-04-01,2024-03-01,2026-05-01,1882.93,1895.75,891.94,98.96,National Highways Authority of India [NHAI],618642,N24001595,12.819999999999936,0.6808537757643639,47.04945272319663,1003.81,-51.91054727680336,23.0,25.0,48.0,26.0,1,1,Large,0,0,0,0,25,100,0,0,37.5,MEDIUM,698
1236,Widening to 2 Lanes with paved shoulders from Km.87/000 to 133/720 Nattukal to Thanau Jn. in Palakkad of NH-966 Old NH-213 on EPC mode Basis under NHO Annual Plan 2016-17 in the state of Kerala,MoRTH,Kerala,2017-02-01,2017-08-01,2019-08-01,2026-04-01,294.28,315.63,0.0,98.0,MoRTH,618070,N24001369,21.350000000000023,7.254995242626079,0.0,315.63,-98.0,24.0,6.0,104.0,80.0,1,1,Small,0,0,0,0,25,100,0,0,37.5,MEDIUM,698
299,Singrauli Sewerage Management and Treatment Infrastructure Project,Ministry of Housing & Urban Affairs,Madhya Pradesh,2016-05-01,2017-11-01,2023-03-01,2026-06-01,402.01,438.1,357.68,90.0,Ministry of Housing & Urban Affairs,702810,-,36.09000000000003,8.977388622173587,81.6434603971696,80.42000000000002,-8.356539602830395,64.0,18.0,101.0,39.0,1,1,Small,0,0,0,0,25,100,0,0,37.5,MEDIUM,698
1772,Balance work of Construction of Ring Road for Raebareli City on eastern side of NH- 24B Phase-1 on EPC mode.,MoRTH,Uttar Pradesh,2019-12-01,2020-10-01,2022-04-01,2026-06-01,319.96,347.8,0.0,95.0,MoRTH,618009,N24000331,27.840000000000032,8.701087635954504,0.0,347.8,-95.0,18.0,10.0,66.0,50.0,1,1,Small,0,0,0,0,25,100,0,0,37.5,MEDIUM,698
365,Development of Surface Facilities for production and evacuation of Crude Oil and Natural Gas from Nadua and East Khagorija,Ministry of Petroleum & Natural Gas,Assam,2018-01-01,2018-01-01,2020-02-01,2026-06-01,682.9,726.93,598.62,94.3,Ministry of Petroleum & Natural Gas,604863,N16000331,44.02999999999997,6.44750329477229,82.34905699310801,128.30999999999997,-11.95094300689199,25.0,0.0,99.0,76.0,1,1,Medium,0,0,0,0,25,100,0,0,37.5,MEDIUM,698
619,Katni Grade Separator/Bye Pass,Indian Railway Construction International Limited [IRCON],Madhya Pradesh,2016-03-01,2017-09-01,2024-09-01,2026-09-01,1248.0,1248.0,1817.51,95.0,Indian Railway Construction International Limited [IRCON],705661,N22000416,0.0,0.0,145.63381410256412,-569.51,50.63381410256411,84.0,18.0,103.0,24.0,1,0,Large,0,1,1,0,0,75,0,100,37.5,MEDIUM,698
324,"Construction of Permanent Campus of Central University of Himachal Pradesh at Dehra, District - Kangra, [H.P.] on Engineering. Procurement and Construction [EPC Mode 1] Basis.","Central University, Himachal Pradesh",Himachal Pradesh,2021-03-01,2022-08-01,2024-11-01,2026-03-01,251.98,300.45,223.21,85.0,"Central University, Himachal Pradesh",612894,N42000011,48.47,19.235653623303435,74.2918954900982,77.23999999999998,-10.7081045099018,27.0,17.0,44.0,16.0,1,1,Small,0,0,0,0,50,75,0,0,37.5,MEDIUM,698
1702,Thorapalli - Agraharam - Jittandahalli Section from km 23.350 to km 60.100 [Hosur to Dhamrapuri Pkg-2],National Highways Authority of India [NHAI],Tamil Nadu,2019-02-01,2021-12-01,2023-12-01,2026-12-01,1243.57,1272.11,623.59,82.56,National Highways Authority of India [NHAI],619094,N24001694,28.539999999999964,2.2950055083348717,49.02013190683196,648.5199999999999,-33.53986809316804,24.0,34.0,52.0,36.0,1,1,Large,0,0,0,0,25,100,0,0,37.5,MEDIUM,698
1224,Hassan km 184.912 to Maranahally km 230.060 of NH - 75 in Karnataka,National Highways Authority of India [NHAI],Karnataka,2015-12-01,2017-03-01,2019-03-01,2026-05-01,1021.57,1091.4,697.83,97.8,National Highways Authority of India [NHAI],619117,-,69.83000000000004,6.8355570347602255,63.93897746014293,393.5700000000001,-33.86102253985707,24.0,15.0,109.0,86.0,1,1,Large,0,0,0,0,25,100,0,0,37.5,MEDIUM,698
493,"Replacement and revamping of pipeline projects in oil jetty area, Kandla",Deendayal Port Trust [DPT],Gujarat,2021-09-01,2021-09-01,2023-09-01,2025-03-01,171.0,211.61,149.5,91.0,Deendayal Port Trust [DPT],701570,-,40.610000000000014,23.748538011695913,70.64883512121355,62.110000000000014,-20.35116487878645,24.0,0.0,55.0,18.0,1,1,Small,0,0,0,0,50,75,0,0,37.5,MEDIUM,698
421,Mumbai Nagpur Jharsuguda Pipeline Project,Ministry of Petroleum & Natural Gas,"Multi-States
(Chhattisgarh,
Madhya Pradesh,
Maharashtra,
Odisha)",2020-06-01,2020-06-01,2023-05-01,2026-06-01,7844.25,8255.0,7070.1,98.9,Ministry of Petroleum & Natural Gas,701354,N16000398,410.75,5.236319597157153,85.64627498485765,1184.8999999999996,-13.25372501514235,35.0,0.0,70.0,37.0,1,1,Mega,0,0,0,0,25,100,0,0,37.5,MEDIUM,698
1898,Construction of 4-lane connectivity to Banbasa ICP at India Nepal border from NH-09 old NH-125 Sitarganj-Tanakpur at Km 40.00 near Jagbuda bridge under Bharatmala Priyojana of NH-109D on EPC mode in the State of Uttarakhand,National Highways Authority of India [NHAI],Uttarakhand,2022-06-01,2023-03-01,2024-09-01,2027-04-01,216.97,237.01,161.97,75.24,National Highways Authority of India [NHAI],619142,-,20.039999999999992,9.236299949301744,68.33888865448715,75.03999999999999,-6.901111345512845,18.0,9.0,37.0,31.0,1,1,Small,0,0,0,0,25,100,0,0,37.5,MEDIUM,698
1907,Construction of new road at the missing link portion of NH-81 along approved alignment between Harishchandrapur and Eastern approach of Kalindri Bridge from Km 46.550 to Km 59.697 in the district of Malda. Job No-081-WB-2015-16/400,MoRTH,West Bengal,2016-08-01,2016-11-01,2018-11-01,2026-06-01,271.17,291.2,209.23,84.6,MoRTH,617960,N24000874,20.029999999999973,7.386510307187363,71.85096153846153,81.97,-12.74903846153846,24.0,3.0,113.0,91.0,1,1,Small,0,0,0,0,25,100,0,0,37.5,MEDIUM,698
1076,Delhi-Vadodara Greenfield Alignment NH-148N Pkg-27 Ch.729.700 to Ch.756.052,National Highways Authority of India [NHAI],Gujarat,2020-09-01,2022-02-01,2024-02-01,2026-05-01,1185.69,1259.27,991.08,97.0,National Highways Authority of India [NHAI],619197,-,73.57999999999993,6.205669272744134,78.70274047662535,268.18999999999994,-18.29725952337465,24.0,17.0,50.0,27.0,1,1,Large,0,0,0,0,25,100,0,0,37.5,MEDIUM,698
1062,"Upgradation to 4L PS from Bhimasar, Junction of NH-41 to Anjar- Bhuj upto Airport Junction from Km 0.000 to Km 65.478 of NH-341",National Highways Authority of India [NHAI],Gujarat,2022-03-01,2023-01-01,2025-06-01,2026-09-01,1373.06,1687.25,834.0,96.0,National Highways Authority of India [NHAI],618787,N24001785,314.19000000000005,22.882466898751694,49.42954511779523,853.25,-46.57045488220477,29.0,10.0,39.0,15.0,1,1,Large,0,0,0,0,50,75,0,0,37.5,MEDIUM,698
1405,Vadape to Thane from km 539.202 to km 563.000 section of NH-3 new NH-848,National Highways Authority of India [NHAI],Maharashtra,2018-03-01,2019-01-01,2021-07-01,2026-05-01,1252.92,1371.27,482.26,76.6,National Highways Authority of India [NHAI],619203,-,118.34999999999992,9.445934297481076,35.168858065880535,889.01,-41.43114193411946,30.0,10.0,87.0,58.0,1,1,Large,0,0,0,0,25,100,0,0,37.5,MEDIUM,698
1064,4L Kodinar - Veraval Package VI from km. 222.400 to km. 230.00 Kodinar Bypass of NH-8E NH 51 new,National Highways Authority of India [NHAI],Gujarat,2022-03-01,2022-04-01,2023-09-01,2025-04-01,162.73,192.01,174.82,100.0,National Highways Authority of India [NHAI],618834,N24001827,29.28,17.99299453081792,91.04734128430812,17.189999999999998,-8.952658715691882,17.0,1.0,48.0,19.0,1,1,Small,0,0,0,0,50,75,0,0,37.5,MEDIUM,698
1466,Widening and up-gradation to 2-lane with paved shoulder configuration and geometric improvements from km 298.00 to km 339.00 on Aizawl-Tuipang section under JICA ODA Loan assistance Phase-I Package-7,NHIDCL,Mizoram,2019-09-01,2020-10-01,2024-04-01,2025-05-01,605.76,750.32,0.01,100.0,NHIDCL,618382,N24000864,144.56000000000006,23.864236661384055,0.0013327646870668,750.3100000000001,-99.99866723531294,42.0,13.0,66.0,13.0,1,1,Medium,0,0,0,0,50,75,0,0,37.5,MEDIUM,698
1406,4L of existing 2/4L stretch from Lonand to Dive Ghat Km 166.400 to Km 220.900 of Mohol Alandi section of NH-965 Pkg - V,National Highways Authority of India [NHAI],Maharashtra,2021-10-01,2022-05-01,2024-05-01,2026-04-01,1709.56,2049.51,1125.89,98.52,National Highways Authority of India [NHAI],619209,-,339.9500000000003,19.885233627366123,54.93459412249757,923.62,-43.585405877502424,24.0,7.0,47.0,23.0,1,1,Large,0,0,0,0,50,75,0,0,37.5,MEDIUM,698
395,Capacity Expansion of Panipat Refinery from 15 to 25 MMTPA,Ministry of Petroleum & Natural Gas,Haryana,2021-02-01,2021-02-01,2024-09-01,2026-12-01,34627.0,36225.0,27035.45,93.2,Ministry of Petroleum & Natural Gas,701289,N16000412,1598.0,4.61489589049008,74.63202208419601,9189.55,-18.567977915803993,43.0,0.0,62.0,27.0,1,1,Mega,0,0,0,0,25,100,0,0,37.5,MEDIUM,698
1668,Construction & Upgradation of existing road to 2-lane with paved shoulder from km27.200 End of Rongli bypass to km37.600New Rolep Bridge of Rhenok-Menla spur NH-717B on EPC Mode under SARDP-NE Phase-A in Sikkim Pkg-II B,NHIDCL,Sikkim,2020-07-01,2020-10-01,2023-04-01,2026-09-01,230.45,244.91,0.0,80.46,NHIDCL,618449,N24001336,14.460000000000008,6.274679973963987,0.0,244.91,-80.46,30.0,3.0,66.0,41.0,1,1,Small,0,0,0,0,25,100,0,0,37.5,MEDIUM,698
708,Nagapattinam-Tiruturaipundi and Karaikal-Peralam New Line,Ministry of Railways,"Multi-States
(Puducherry, Tamil
Nadu)",2008-07-01,2019-01-01,2027-03-01,2028-03-01,713.0,981.0,635.3,80.0,Ministry of Railways,400223,N22000626,268.0,37.58765778401122,64.7604485219164,345.70000000000005,-15.239551478083598,98.0,126.0,87.0,12.0,1,1,Medium,0,0,0,0,75,50,0,0,37.5,MEDIUM,698
1074,4L of Bal Works of Mahuva to Kagvadar from 100.450 Km. to 140.470 Km. of NH-8E Pkg- III,National Highways Authority of India [NHAI],Gujarat,2020-08-01,2021-03-01,2022-09-01,2026-01-01,603.08,628.49,624.41,99.71,National Highways Authority of India [NHAI],619147,N24001793,25.409999999999968,4.213371360350196,99.35082499323777,4.080000000000041,-0.3591750067622428,18.0,7.0,61.0,40.0,1,1,Medium,0,0,0,0,25,100,0,0,37.5,MEDIUM,698
1301,Indore - Harda Pkg-III [Nanasa to Pidgaon Section from km 95.000 to km 142.445],National Highways Authority of India [NHAI],Madhya Pradesh,2020-01-01,2021-10-01,2023-10-01,2026-05-01,1146.22,1240.64,626.01,98.21,National Highways Authority of India [NHAI],618695,N24001762,94.42000000000009,8.23751112351905,50.45863425328862,614.6300000000001,-47.75136574671137,24.0,21.0,54.0,31.0,1,1,Large,0,0,0,0,25,100,0,0,37.5,MEDIUM,698
1083,4L Greenfield Jalbhera Shahbad section from km. 0.000 to km. 22.850 of NH-152G,National Highways Authority of India [NHAI],Haryana,2022-03-01,2023-06-01,2025-05-01,2026-05-01,927.22,1173.66,367.54,87.05,National Highways Authority of India [NHAI],618788,N24002043,246.44000000000003,26.57837406440759,31.3157132389278,806.1200000000001,-55.7342867610722,23.0,15.0,34.0,12.0,1,1,Medium,0,0,0,0,75,50,0,0,37.5,MEDIUM,698
1816,Construction of 4L Connector from Delhi Meerut Expressway Km 50.000 of Pkg IV to Km 8.520 of NH-235 Pkg-5,National Highways Authority of India [NHAI],Uttar Pradesh,2021-09-01,2022-03-01,2024-03-01,2026-05-01,1081.39,1116.19,419.14,76.0,National Highways Authority of India [NHAI],618500,N24001772,34.799999999999955,3.2180804335161186,37.55095458658472,697.0500000000001,-38.44904541341528,24.0,6.0,49.0,26.0,1,1,Large,0,0,0,0,25,100,0,0,37.5,MEDIUM,698
1279,"Additional works 2VUPs, MR-10 junction flyover and underpass in Six lane Indore- Dewas section of NH-52 in the state of Madhya Pradesh on EPC Mode",National Highways Authority of India [NHAI],Madhya Pradesh,2022-08-01,2023-01-01,2024-07-01,2026-12-01,207.77,211.27,122.83,76.77,National Highways Authority of India [NHAI],618620,-,3.5,1.68455503681956,58.138874426089835,88.44000000000001,-18.63112557391016,18.0,5.0,39.0,29.0,1,1,Small,0,0,0,0,25,100,0,0,37.5,MEDIUM,698
144,50 MW Wind Power Project,NLC India Limited [NLCIL],Gujarat,2022-07-01,2024-01-01,2025-06-01,2026-01-01,383.84,383.84,328.56,51.0,NLC India Limited [NLCIL],617299,N06000292,0.0,0.0,85.59816590245937,55.27999999999997,34.59816590245937,17.0,18.0,27.0,7.0,1,0,Small,0,1,0,0,0,50,40,75,36.25,MEDIUM,784
478,Establishment of new GMC Rudrapur,"Medical Education, Ministry of Health and Family Welfare",Uttarakhand,2022-10-01,2024-02-01,2026-12-01,,325.0,325.0,272.0,60.0,"Medical Education, Ministry of Health and Family Welfare",707086,-,0.0,0.0,83.6923076923077,53.0,23.692307692307693,34.0,16.0,26.0,,0,0,Small,0,1,0,0,0,50,40,75,36.25,MEDIUM,784
591,NADIAD-PETLAD [37.26 KM],Railway,Gujarat,2022-05-01,2023-10-01,2030-06-01,2030-06-01,461.91,461.91,186.78,8.0,Railway,709812,N22000539,0.0,0.0,40.43644865882964,275.13,32.43644865882964,80.0,17.0,30.0,0.0,0,0,Small,1,1,0,0,0,0,100,75,36.25,MEDIUM,784
330,"Construction of Permanent Campus for NIT Mizoram at Lengpui, Aizawl",NIT Mizoram,Mizoram,2009-09-01,2014-06-01,2029-12-01,2022-03-01,474.23,474.23,167.55,4.0,NIT Mizoram,612876,-,0.0,0.0,35.33095755224258,306.68,31.33095755224258,186.0,57.0,142.0,-93.0,0,0,Small,1,1,0,0,0,0,100,75,36.25,MEDIUM,784
1302,Balance work of 4L of Nauradehi Sanctuary de-scoped stretch of Hiran River to Sindoor River from Km. 66.00 to 130.00 NH-12 New NH-45,National Highways Authority of India [NHAI],Madhya Pradesh,2021-01-01,2021-07-01,2023-07-01,2024-04-01,178.18,153.15,142.2,57.14,National Highways Authority of India [NHAI],618701,N24002067,-25.03,-14.047592322370637,92.8501469147894,10.950000000000015,35.710146914789405,24.0,6.0,57.0,9.0,1,0,Small,0,1,0,0,0,50,40,75,36.25,MEDIUM,784
648,Marikuppam - Kuppam New Line Project [23.70 Km],South Western Railway [SWR] - II,"Multi-States
(Andhra Pradesh,
Karnataka)",2012-04-01,2018-10-01,2026-06-01,2026-06-01,297.0,297.0,145.78,21.0,South Western Railway [SWR] - II,705491,N22000308,0.0,0.0,49.08417508417509,151.22,28.084175084175087,92.0,78.0,90.0,0.0,0,0,Small,1,1,0,0,0,0,100,75,36.25,MEDIUM,784
1192,Widening to two lane with paved shoulders from Km 0.00 to 102.310 Design Chainage of NH-548B Murrum-Maharashtra Border in the State of Karnataka,MoRTH,Karnataka,2023-02-01,2025-01-01,2027-01-01,2027-01-01,957.09,957.09,248.13,0.0,MoRTH,618149,-,0.0,0.0,25.925461555339623,708.96,25.925461555339623,24.0,23.0,15.0,0.0,0,0,Medium,1,1,0,0,0,0,100,75,36.25,MEDIUM,784
780,Construction of Balurghat-Hilli new BG Line,Northeast Frontier Railway [NFR],West Bengal,2010-12-01,2010-12-01,2027-03-01,2027-03-01,1209.0,1181.57,491.05,16.0,Northeast Frontier Railway [NFR],612096,N22000206,-27.430000000000064,-2.268817204301081,41.55911202891069,690.52,25.55911202891069,195.0,0.0,184.0,0.0,0,0,Large,1,1,0,0,0,0,100,75,36.25,MEDIUM,784
760,Sahjanwa-Dohrighat,North Eastern Railway [NER],Uttar Pradesh,2019-08-01,2017-03-01,2029-03-01,2029-03-01,1319.75,1319.75,492.3,4.0,North Eastern Railway [NER],400205,N22000565,0.0,0.0,37.302519416556166,827.45,33.302519416556166,144.0,-29.0,109.0,0.0,0,0,Large,1,1,0,0,0,0,100,75,36.25,MEDIUM,784
1408,Widening/Improvement of existing 2-Lane road to 4-Lane Divided Highway from Sekmai to Nilakuthi section of Imphal-Kohima Road Design Chainage from Km 297700 to Km 308729 of NH-39 New NH-02 in state of Manipur on EPC mode Pkg-5B,NHIDCL,Manipur,2021-03-01,2021-07-01,2023-01-01,2026-06-01,211.7,211.7,227.95,90.96,NHIDCL,618298,N24001400,0.0,0.0,107.6759565422768,-16.25,16.7159565422768,18.0,4.0,57.0,41.0,1,0,Small,0,0,1,0,0,100,0,40,36.0,MEDIUM,793
810,Rehabilitation and upgradation of New NH 544DD from design Chainage Km. 56/000 to 102/20 of Kalyandrg - Molakalmuru Section,MoRTH,Andhra Pradesh,2018-03-01,2018-08-01,2020-02-01,2025-09-01,294.13,285.29,312.39,98.52,MoRTH,618194,N24000937,-8.839999999999975,-3.005473770101647,109.4991061726664,-27.09999999999997,10.979106172666404,18.0,5.0,92.0,67.0,1,0,Small,0,0,1,0,0,100,0,40,36.0,MEDIUM,793
56,RAJRAPPA RCE OCP,Ministry of Coal,Jharkhand,2009-12-01,2009-12-01,2016-03-01,2027-03-01,510.85,510.85,488.71,78.25,Ministry of Coal,400160,N06000087,0.0,0.0,95.66604678477049,22.140000000000043,17.416046784770472,75.0,0.0,196.0,132.0,1,0,Medium,0,0,0,0,0,100,0,40,36.0,MEDIUM,793
260,Rehablitation in Junavadaj Area Smart City Project,ministry of housing and urban affairs,Gujarat,2016-02-01,2016-06-01,2022-07-01,2026-05-01,539.0,539.0,599.76,98.5,ministry of housing and urban affairs,701719,-,0.0,0.0,111.27272727272728,-60.75999999999999,12.77272727272728,73.0,4.0,118.0,46.0,1,0,Medium,0,0,1,0,0,100,0,40,36.0,MEDIUM,793
729,3rd & 4th Railway Line Project from Salegaon to Budhapank via Rajathgarh.,East Coast Railway [ECoR] - II,Odisha,2013-07-01,2015-12-01,2026-03-01,2026-03-01,1173.0,2092.0,2120.58,89.0,East Coast Railway [ECoR] - II,705515,N22000381,919.0,78.3461210571185,101.3661567877629,-28.579999999999927,12.366156787762904,123.0,29.0,124.0,0.0,0,1,Large,0,0,1,0,100,0,0,40,36.0,MEDIUM,793
561,"Dallirajhara - Rowghat New Rail Line Project, Phase-I",Rail Vikas Nigam Limited,Chhattisgarh,2009-07-01,2009-11-01,2025-03-01,2026-02-01,1516.45,1881.26,2124.32,98.0,Rail Vikas Nigam Limited,617374,N22000602,364.80999999999995,24.05684328530449,112.92006421228326,-243.06000000000017,14.920064212283265,184.0,4.0,197.0,11.0,1,1,Large,0,0,1,0,50,50,0,40,36.0,MEDIUM,793
514,Secondary Emission Control in Converters of SMS-II at Bokaro Steel Plant,Steel Authority of India Limited [SAIL],Jharkhand,2025-01-01,2025-02-01,2026-10-01,,207.13,207.13,57.34,39.92,Steel Authority of India Limited [SAIL],617250,N12000143,0.0,0.0,27.683097571573413,149.79,-12.236902428426587,20.0,1.0,14.0,,0,0,Small,0,0,0,0,0,50,75,0,33.75,MEDIUM,799
1880,Rehabilitation and Upgradation to Two lanes with Paved Shoulders configuration and Strengthening from Km 175.00 to Km 196.00 Gumkhal to Satpuli of NH-119 New NH- 534 in the State of Uttarakhand under NHO Annual Plan 2021-22 under EPC mode,MoRTH,Uttarakhand,2022-03-01,2025-01-01,2027-01-01,,452.81,452.81,0.0,42.0,MoRTH,618040,-,0.0,0.0,0.0,452.81,-42.0,24.0,34.0,15.0,,0,0,Small,0,0,0,0,0,50,75,0,33.75,MEDIUM,799
1758,Construction of 4 lane Bypass to Nalgonda Town lrorn Km 000 Existing Ch. 181590 to Km 14.00 Existing Ch. 28/685 ol Nakrekal to Nagarjunsagar Section of NH -565 in the State of Telangara on EPC under Annual Plan 2024 -25,MoRTH,Telangana,2024-10-01,2025-10-01,2027-10-01,,516.17,516.17,0.0,43.13,MoRTH,619253,-,0.0,0.0,0.0,516.17,-43.13,24.0,12.0,6.0,,0,0,Medium,0,0,0,0,0,50,75,0,33.75,MEDIUM,799
1191,Widening to 2 Lane with Paved Shoulders from design Km 103.200 Existing Km 103.200 to design Km 116.700 Existing Km 118.470 on AP/KNT Border to Sira Section of NH-544E in the State of Karnatakaon EPC mode under Annual plan 2022- 23,MoRTH,Karnataka,2023-01-01,2024-03-01,2025-09-01,2026-08-01,166.58,166.58,35.33,40.0,MoRTH,618147,-,0.0,0.0,21.20902869492135,131.25,-18.79097130507865,18.0,14.0,25.0,11.0,1,0,Small,0,0,0,0,0,50,75,0,33.75,MEDIUM,799
1203,4LPS Access Controlled Highway of Bellary Bypass Balance work from Ch. 254750 to Ch. 266837 and construction of 4LPS from Ch. 277.690 to Ch. 278.690 at D. Hirehal Village Balance work of NH 150A of Bellary Byrapura Section,National Highways Authority of India [NHAI],Karnataka,2024-02-01,2024-08-01,2026-07-01,2027-07-01,626.01,284.05,97.26,35.5,National Highways Authority of India [NHAI],618697,-,-341.96,-54.62532547403396,34.24045062488999,186.79,-1.2595493751100122,23.0,6.0,20.0,12.0,1,0,Medium,0,0,0,0,0,50,75,0,33.75,MEDIUM,799
516,Replacement of remaining 04 sets of Battery Cyclones with 04 Nos. of ESPs in Sinter Plant-1 at Bokaro Steel Plant,Steel Authority of India Limited [SAIL],Jharkhand,2024-03-01,2024-04-01,2026-06-01,2027-04-01,260.37,260.37,102.86,44.17,Steel Authority of India Limited [SAIL],617254,N12000134,0.0,0.0,39.505319353228096,157.51,-4.664680646771906,26.0,1.0,24.0,10.0,1,0,Small,0,0,0,0,0,50,75,0,33.75,MEDIUM,799
501,Krishnapatnam Node - Phase 1 - Roads and Services Development,National Industrial Corridor Development Corporation,Andhra Pradesh,2020-12-01,2024-02-01,2028-02-01,,2139.44,2139.44,814.26,39.14,National Industrial Corridor Development Corporation,701658,-,0.0,0.0,38.05949220356729,1325.18,-1.0805077964327126,48.0,38.0,26.0,,0,0,Large,0,0,0,0,0,50,75,0,33.75,MEDIUM,799
519,Rebuilding of COB 4 at Durgapur Steel Plant,Steel Authority of India Limited [SAIL],West Bengal,2023-09-01,2023-09-01,2026-12-01,2027-09-01,916.78,916.78,206.54,33.66,Steel Authority of India Limited [SAIL],612781,N12000132,0.0,0.0,22.528850978424487,710.24,-11.13114902157551,39.0,0.0,31.0,9.0,1,0,Medium,0,0,0,0,0,50,75,0,33.75,MEDIUM,799
1200,4 Lane with PS from Des. Ch 228.500 to Des. Ch. 273.400 of Belgaum-Hungund- Raichur Section of NH 748 A Package-6,National Highways Authority of India [NHAI],Karnataka,2023-03-01,2024-11-01,2026-11-01,2027-06-01,1246.15,1012.78,241.66,45.8,National Highways Authority of India [NHAI],618649,-,-233.37000000000012,-18.727280022469213,23.861055708051108,771.12,-21.93894429194889,24.0,20.0,17.0,7.0,1,0,Large,0,0,0,0,0,50,75,0,33.75,MEDIUM,799
1751,4L Access Controlled Greenfield Highway section on NH-163G Khammam Vijayawada from V. Venkatayapalem village at Design Ch. 220.480 Km to BrahmanapalliK village at Design Ch. 250.400 Km Package-I.,National Highways Authority of India [NHAI],Telangana,2023-03-01,2025-03-01,2027-03-01,2027-06-01,973.45,1021.96,227.62,42.15,National Highways Authority of India [NHAI],618817,-,48.50999999999999,4.983306795418356,22.27288739285295,794.34,-19.877112607147048,24.0,24.0,13.0,3.0,1,1,Medium,0,0,0,0,25,25,75,0,33.75,MEDIUM,799
61,AMALAGAMATED NTST KUJAMA OCP 8.5MTY,Bharat Coking Coal Limited (BCCL),Jharkhand,2023-01-01,2023-01-01,2030-03-01,,4011.85,4011.85,414.93,29.7,BCCL,611864,N06000273,0.0,0.0,10.342610017822205,3596.92,-19.357389982177796,86.0,0.0,39.0,,0,0,Large,0,0,0,0,0,50,75,0,33.75,MEDIUM,799
1879,Widening to 2 Lane from Existing Chainage Km 74.700 Km 100.660 Design Chainage Km 53.365 to Km 78.785 on NH- 507 in the State of Uttarakhand.,MoRTH,Uttarakhand,2024-01-01,2025-10-01,2028-04-01,,346.82,346.82,0.0,29.64,MoRTH,618039,-,0.0,0.0,0.0,346.82,-29.64,30.0,21.0,6.0,,0,0,Small,0,0,0,0,0,50,75,0,33.75,MEDIUM,799
513,Replacement of existing Grinders in CRM-I & II at Bokaro Steel Plant,Steel Authority of India Limited [SAIL],Jharkhand,2025-01-01,2025-02-01,2027-01-01,,211.94,211.94,58.64,47.5,Steel Authority of India Limited [SAIL],617249,N12000142,0.0,0.0,27.668207983391525,153.3,-19.831792016608475,23.0,1.0,14.0,,0,0,Small,0,0,0,0,0,50,75,0,33.75,MEDIUM,799
250,Transmission System for Evacuation of Power from Rajasthan REZ Ph-IV [Part-2 5.5 GW][Jaisalmer/Barmer Complex] Part B [SPV Name POWERGRID Sirohi Transmission Limited],Power Grid Corporation of India Limited [POWERGRID],Rajasthan,2024-08-01,2024-08-01,2026-08-01,2027-03-01,3279.0,3279.0,1508.34,47.13,Power Grid Corporation of India Limited [POWERGRID],615332,N18000391,0.0,0.0,46.0,1770.66,-1.1300000000000026,24.0,0.0,20.0,7.0,1,0,Large,0,0,0,0,0,50,75,0,33.75,MEDIUM,799
58,JHARKHAND-LAIYO OCP,Ministry of Coal,Jharkhand,2020-08-01,2020-08-01,2031-03-01,,764.57,764.57,145.81,32.23,Ministry of Coal,400352,N06000240,0.0,0.0,19.070850281857776,618.76,-13.15914971814222,127.0,0.0,68.0,,0,0,Medium,0,0,0,0,0,50,75,0,33.75,MEDIUM,799
55,EPR AMRAPALI OCP,Ministry of Coal,Jharkhand,2020-02-01,2020-02-01,2028-03-01,,5136.15,5136.15,1326.01,44.45,Ministry of Coal,400156,N06000217,0.0,0.0,25.81719770645328,3810.1399999999994,-18.632802293546725,97.0,0.0,74.0,,0,0,Mega,0,0,0,0,0,50,75,0,33.75,MEDIUM,799
1523,6L from Sankeshwar Bypass to MH-KNT Border from Km. 555.017 to Km. 592.853 of NH-48 Pkg-II,National Highways Authority of India [NHAI],"Multi-States
(Karnataka,
Maharashtra)",2022-01-01,2022-10-01,2025-04-01,2026-11-01,1388.7,1066.86,1130.54,83.5,National Highways Authority of India [NHAI],618516,N24001598,-321.84000000000015,-23.175631885936497,105.96891813358828,-63.680000000000064,22.46891813358829,30.0,9.0,42.0,19.0,1,0,Large,0,1,1,0,0,75,0,75,33.75,MEDIUM,799
394,Change of service of existing Mundra-Panipat Pipeline [Panipat - Churwa section] from Crude oil to Product,IOCL,Haryana,2025-05-01,2025-05-01,2027-03-01,,359.0,359.0,10.37,35.3,IOCL,619196,-,0.0,0.0,2.8885793871866294,348.63,-32.411420612813366,22.0,0.0,11.0,,0,0,Small,0,0,0,0,0,50,75,0,33.75,MEDIUM,799
189,Transmission system strengthening at Kurnool- III PS for integration of additional RE generation projects [POWERGRID Kurnool III PS RE Transmission Limited],Power Grid Corporation of India Limited [POWERGRID],Andhra Pradesh,2025-03-01,2025-03-01,2027-12-01,,2886.0,2886.0,721.48,26.19,Power Grid Corporation of India Limited [POWERGRID],617183,N18000416,0.0,0.0,24.999306999307,2164.52,-1.1906930006930023,33.0,0.0,13.0,,0,0,Large,0,0,0,0,0,50,75,0,33.75,MEDIUM,799
1331,"Rehabilitation/ Upgradation of existing Highway to four lane standards in Kurkheda town from km.413257 to km 410775, Two lane in Shankarpur Gurnuli km 42400 to km 43100 section and Reconstruction of Major Bridge at Ch. 448558 Bhuti Nallah and Ch. 411695 Sati River bridge, Minor Bridge at Ch. 411477 and Ch. 405800 Lendhari Bridge of NH 543 Bhamhapuri-wadsa-kurkheda-korchi-Deori-Amgaon road on EPC mode in the State of Maharashtra",MoRTH,Maharashtra,2022-03-01,2023-11-01,2025-05-01,2026-03-01,163.86,163.86,0.0,42.78,MoRTH,618042,N24002170,0.0,0.0,0.0,163.86,-42.78,18.0,20.0,29.0,10.0,1,0,Small,0,0,0,0,0,50,75,0,33.75,MEDIUM,799
1335,Construction of four-lane Concrete Road from Police Headquarter Gondia City to Rawanwadi Village Birsi Airport Junction from design km 0.000 to km 15.781 existing km 39/720 of NH-753 to existing Km 8/400 of NH 543 on sections from Kohmara- Goregaon- Police HeadquarterKaranja - Collector Office Square - Balaghat T Point- Rawanwadi- Rajegaon of NH-753 and NH-543 in Gondia District in the state of Maharashtra. Total Length of the project 15.781 Km.,MoRTH,Maharashtra,2023-02-01,2024-02-01,2025-08-01,2026-07-01,328.11,328.11,0.0,34.15,MoRTH,618059,N24002175,0.0,0.0,0.0,328.11,-34.15,18.0,12.0,26.0,11.0,1,0,Small,0,0,0,0,0,50,75,0,33.75,MEDIUM,799
1337,"Rehabilitation/Upgradation of existing Highway to 2LPS/4 lane of Dhawali to Rajoli from Design Km.149476 to 163476 existing Km.150000 to 164000, Pandhasala to Mohadongri from design Km.170476 to 181476 existing Km.171000 to 182000, Ambeshivni Fata to Bodli from design Km.183476 to 185476 existing Km.184000 to 186000 and Made Tukum to Gadchiroli from design Km.188476 to 189476 existing Km.188000 to 18900 having length 28 km of NH-930 of Dhawali to Gadchroli road in the",MoRTH,Maharashtra,2022-03-01,2024-03-01,2025-09-01,2026-08-01,316.44,316.44,0.0,31.97,MoRTH,618065,N24002169,0.0,0.0,0.0,316.44,-31.97,18.0,24.0,25.0,11.0,1,0,Small,0,0,0,0,0,50,75,0,33.75,MEDIUM,799
1277,"Work of Upgradation of Jirapur-Pachore Road including Pachore, Jirapur, Chhapiheda & Khujner Bypasses from 0000 to 58790 Design Length 58.79 Km section of NH-752C to 2LPS in the State of Madhya Pradesh under EPC mode",MoRTH,Madhya Pradesh,2022-03-01,2024-01-01,2026-01-01,2026-10-01,352.69,352.69,0.0,47.29,MoRTH,618171,-,0.0,0.0,0.0,352.69,-47.29,24.0,22.0,27.0,9.0,1,0,Small,0,0,0,0,0,50,75,0,33.75,MEDIUM,799
944,Improvement to Two lane with Paved Shoulder from Junction of NH22 near Hajipur to Junction of NH -122 at Bachhwara via Mahnar and Mohiuddin Nagar from Km 0.00 to Km 29.730 of NH 122 B in the State of Bihar.,MoRTH,Bihar,2024-02-01,2024-08-01,2026-02-01,2026-12-01,226.16,226.16,0.0,44.0,MoRTH,618073,N24002197,0.0,0.0,0.0,226.16,-44.0,18.0,6.0,20.0,10.0,1,0,Small,0,0,0,0,0,50,75,0,33.75,MEDIUM,799
1541,4-laning of Pilibhit - Sitarganj from Km. 32.500 to Km. 70.800 Pkg-2 of NH-30,National Highways Authority of India [NHAI],"Multi-States (Uttar
Pradesh,
Uttarakhand)",2023-01-01,2024-03-01,2026-03-01,2027-01-01,1471.19,1471.19,416.11,35.2,National Highways Authority of India [NHAI],618783,-,0.0,0.0,28.283906225572498,1055.08,-6.916093774427505,24.0,14.0,25.0,10.0,1,0,Large,0,0,0,0,0,50,75,0,33.75,MEDIUM,799
9,Development of Keshod Airport.,Airport Authority of India [AAI],Gujarat,2024-01-01,2025-07-01,2027-01-01,,363.1,363.1,87.88,33.13,619054,-,-,0.0,0.0,24.202698980996967,275.22,-8.927301019003036,18.0,18.0,9.0,,0,0,Small,0,0,0,0,0,50,75,0,33.75,MEDIUM,799
21,"Widening of basic strip at Western Side of Runway Chainage 80m to 920m i/c slope stabilization Measures [Balance work] of uphill and Improvement of Storm Water Drainage System at Pakyong Airport, Sikkim on design & build basis [EPC] with integrated 10 years maintenance.",Airport Authority of India [AAI],Sikkim,2023-11-01,2023-12-01,2026-06-01,2027-06-01,323.26,323.26,80.84,34.25,612793,N04000110,-,0.0,0.0,25.00773371280085,242.42,-9.242266287199154,30.0,1.0,28.0,12.0,1,0,Small,0,0,0,0,0,50,75,0,33.75,MEDIUM,799
196,Transmission System for Evacuation of Power from Potential Renewable Energy Zone in Khavda area of Gujarat under Phase-IV [7GW] Part B [SPV Name POWERGRID South Olpad Transmission Limited],Power Grid Corporation of India Limited [POWERGRID],Gujarat,2024-10-01,2024-10-01,2026-10-01,2027-10-01,4766.0,4766.0,1239.16,27.59,Power Grid Corporation of India Limited [POWERGRID],615345,N18000400,0.0,0.0,26.0,3526.84,-1.59,24.0,0.0,18.0,12.0,1,0,Large,0,0,0,0,0,50,75,0,33.75,MEDIUM,799
198,Augmentation of Banaskantha [Raghanesda] PS [GIS] [POWERGRID Banaskantha Transco Limited],Power Grid Corporation of India Limited [POWERGRID],Gujarat,2025-03-01,2025-03-01,2027-03-01,,172.0,172.0,58.48,36.0,Power Grid Corporation of India Limited [POWERGRID],617182,N18000412,0.0,0.0,34.0,113.52,-2.0,24.0,0.0,13.0,,0,0,Small,0,0,0,0,0,50,75,0,33.75,MEDIUM,799
1555,Construction of 2-lane with hard shoulder of Kohima - Jessami road on NH-29 Old NH- 150 from existing Km 30.474 Near Kidwema road Chakahabama to existing Km 53.220 Near Kikruma Village Design Km 29.60 to Km 51.50 Design length-21.90 Km in the state of Nagaland Under Bharatmala Pariyojna on EPC Mode under NHO Package-II -Balance work,NHIDCL,Nagaland,2020-03-01,2024-01-01,2026-01-01,2026-12-01,355.79,355.79,0.0,40.88,NHIDCL,618297,N24001282,0.0,0.0,0.0,355.79,-40.88,24.0,46.0,27.0,11.0,1,0,Small,0,0,0,0,0,50,75,0,33.75,MEDIUM,799
1381,6L of Gonde Km. 439.038 to Pimpri Sado Km. 459.905 section of NH-848 Old NH-3,National Highways Authority of India [NHAI],Maharashtra,2024-02-01,2024-10-01,2027-04-01,2027-11-01,856.93,718.84,123.7,31.5,National Highways Authority of India [NHAI],618585,-,-138.08999999999992,-16.11450176793903,17.208280006677423,595.14,-14.291719993322577,30.0,8.0,18.0,7.0,1,0,Medium,0,0,0,0,0,50,75,0,33.75,MEDIUM,799
950,Estimate for Improvement to two lane with paved shoulder from Ramnagar to Roseda from km 3.500 to 43.000 of NH 527 E on EPC mode in State of Bihar,MoRTH,Bihar,2022-01-01,2024-10-01,2026-04-01,2027-04-01,495.16,495.16,0.0,33.0,MoRTH,618146,N24001323,0.0,0.0,0.0,495.16,-33.0,18.0,33.0,18.0,12.0,1,0,Small,0,0,0,0,0,50,75,0,33.75,MEDIUM,799
33,AMERA OC RCE [1.0 MTY],South Eastern Coalfields Limited [SECL],Chhattisgarh,2015-02-01,2015-02-01,2026-03-01,,335.97,335.97,90.88,42.47,South Eastern Coalfields Limited [SECL],613798,N06000123,0.0,0.0,27.050034229246656,245.09000000000003,-15.419965770753343,133.0,0.0,134.0,,0,0,Small,0,0,0,0,0,50,75,0,33.75,MEDIUM,799
1860,4L of Moradabad-Thakurdwara-Kashipur Section from Km. 0.000 to Km. 38.77 of NH- 734 Pkg-II,National Highways Authority of India [NHAI],Uttar Pradesh,2022-10-01,2024-03-01,2026-03-01,2026-12-01,2006.82,1890.05,878.74,47.51,National Highways Authority of India [NHAI],618927,-,-116.76999999999998,-5.818658374941449,46.492949921959735,1011.31,-1.0170500780402634,24.0,17.0,25.0,9.0,1,0,Large,0,0,0,0,0,50,75,0,33.75,MEDIUM,799
1863,4 Lane Inner Ring Road around Allahabad City Pkg-2 Prayagraj Southern Bypass 43.200 - 50.860,National Highways Authority of India [NHAI],Uttar Pradesh,2023-08-01,2023-12-01,2026-06-01,2027-06-01,1377.51,1007.62,394.66,42.26,National Highways Authority of India [NHAI],618960,N24002105,-369.89,-26.852073669156667,39.16754331990235,612.96,-3.092456680097648,30.0,4.0,28.0,12.0,1,0,Large,0,0,0,0,0,50,75,0,33.75,MEDIUM,799
50,RPR MAGADH EXP OCP,Ministry of Coal,Jharkhand,2020-08-01,2020-08-01,2028-03-01,,7254.37,7254.37,1688.4,40.21,Ministry of Coal,400150,N06000216,0.0,0.0,23.274247108983968,5565.969999999999,-16.935752891016033,91.0,0.0,68.0,,0,0,Mega,0,0,0,0,0,50,75,0,33.75,MEDIUM,799
164,Lara Super Thermal Power Project Stage-II [2 x 800 MW],National Thermal Power Corporation [NTPC],Chhattisgarh,2023-08-01,2023-08-01,2028-06-01,2028-09-01,15530.0,16106.0,4787.3,28.6,National Thermal Power Corporation [NTPC],611930,N18000381,576.0,3.708950418544752,29.72370545138458,11318.7,1.123705451384577,58.0,0.0,32.0,3.0,1,1,Mega,0,0,0,0,25,25,75,0,33.75,MEDIUM,799
1221,4 Lane with PS from Des. Ch 182.300 to Des. Ch. 228.500 of Belgaum-Hungund- Raichur Section of NH 748 A Package-5,National Highways Authority of India [NHAI],Karnataka,2023-03-01,2024-11-01,2026-11-01,2027-07-01,1141.88,868.65,214.81,33.04,National Highways Authority of India [NHAI],619106,-,-273.23000000000013,-23.92808351140226,24.72917745927589,653.8399999999999,-8.31082254072411,24.0,20.0,17.0,8.0,1,0,Large,0,0,0,0,0,50,75,0,33.75,MEDIUM,799
972,Construction of four laning of Bakarpur- Manikpur road section starting from village Chitarsenpur km 0000 and terminating at SH-74 near Manikpur 38814 at NH-139W under Bharatmalapariyona,National Highways Authority of India [NHAI],Bihar,2023-03-01,2024-10-01,2027-04-01,2027-09-01,1422.37,1537.99,273.52,41.0,National Highways Authority of India [NHAI],618790,-,115.62000000000012,8.128686628655,17.78425087289254,1264.47,-23.21574912710746,30.0,19.0,18.0,5.0,1,1,Large,0,0,0,0,25,25,75,0,33.75,MEDIUM,799
472,Establishment of new GMC Mandla,"Medical Education, Ministry of Health and Family Welfare",Madhya Pradesh,2023-08-01,2023-10-01,2026-04-01,,325.0,325.0,82.41,43.0,"Medical Education, Ministry of Health and Family Welfare",707059,-,0.0,0.0,25.35692307692308,242.59,-17.643076923076922,30.0,2.0,30.0,,0,0,Small,0,0,0,0,0,50,75,0,33.75,MEDIUM,799
54,EPR ASHOK OC,Ministry of Coal,Jharkhand,2021-05-01,2021-05-01,2031-03-01,,2898.28,2898.28,185.19,28.85,Ministry of Coal,400155,N06000247,0.0,0.0,6.38965179347751,2713.09,-22.46034820652249,118.0,0.0,59.0,,0,0,Large,0,0,0,0,0,50,75,0,33.75,MEDIUM,799
38,PELMA OC MDO,South Eastern Coalfields Limited [SECL],Chhattisgarh,2022-10-01,2022-10-01,2033-03-01,,1725.04,1725.04,16.71,40.34,South Eastern Coalfields Limited [SECL],616234,N06000045,0.0,0.0,0.9686731901868942,1708.33,-39.37132680981311,125.0,0.0,42.0,,0,0,Large,0,0,0,0,0,50,75,0,33.75,MEDIUM,799
67,JARANGDIH EXPN. OCP 1.5 MTY,CCL - CIL,Jharkhand,2020-02-01,2020-02-01,2029-03-01,,414.37,414.37,85.6,34.18,CCL - CIL,616236,N06000295,0.0,0.0,20.65786615826435,328.77,-13.522133841735648,109.0,0.0,74.0,,0,0,Small,0,0,0,0,0,50,75,0,33.75,MEDIUM,799
337,"Construction of Girls Hostel 400 seater, Boys Hostel 600 seater, Academic Block, International Hostel 100 seater, VC Residence and Purchase of Equipment",Central University of Punjab,Punjab,2024-08-01,2025-04-01,2027-10-01,,210.99,210.99,74.96,45.0,Central University of Punjab,617221,-,0.0,0.0,35.52775013033793,136.03000000000003,-9.472249869662072,30.0,8.0,12.0,,0,0,Small,0,0,0,0,0,50,75,0,33.75,MEDIUM,799
774,Barabanki-Malhaur 3rd & 4th Railway Line Project,Ministry of Railways,Uttar Pradesh,2019-01-01,2017-04-01,2025-03-01,2026-08-01,407.0,407.0,409.54,77.0,Ministry of Railways,705782,N22000590,0.0,0.0,100.62407862407863,-2.5400000000000205,23.624078624078635,95.0,-21.0,108.0,17.0,1,0,Small,0,1,1,0,0,75,0,75,33.75,MEDIUM,799
1119,Widening and Strengthening of Rafiabad-Kupwara-Chowkibal-Tangdhar-Chamkot NH- 701 road from design Ch. From 0000 to 51000 to two lanes with paved shoulders under Project Beacon in the UT of Jammu & Kashmir on EPC mode Package-I.,MoRTH,"Jammu and
Kashmir",2024-03-01,2024-11-01,2027-05-01,,1404.94,1404.94,118.37,36.5,MoRTH,618206,-,0.0,0.0,8.425270830071035,1286.5700000000002,-28.074729169928965,30.0,8.0,17.0,,0,0,Large,0,0,0,0,0,50,75,0,33.75,MEDIUM,799
134,NAKRAKONDA KUMARDIH- B OCP,Eastern Coal Fields Limited [ECL],West Bengal,2018-08-01,2018-08-01,2029-03-01,,502.68,502.67,83.8,27.52,Eastern Coal Fields Limited [ECL],400181,N06000170,-0.0099999999999909,-0.0019893371528588,16.670976982911252,418.87,-10.849023017088747,127.0,0.0,92.0,,0,0,Medium,0,0,0,0,0,50,75,0,33.75,MEDIUM,799
1115,Construction of 2 lane with paved shoulders Baramulla Bypass Greenfield bypass from existing Ch. Km 47020 to Km 56720 and Design Ch. From 48500 to 62600 Total length 14.100 km on road Srinagar Baramulla Uri NH-01 in the UT of Jammu & Kashmir under Project.Package-III,MoRTH,"Jammu and
Kashmir",2023-03-01,2024-09-01,2026-09-01,,992.43,992.43,34.01,39.84,MoRTH,618202,N24002185,0.0,0.0,3.426941950565783,958.42,-36.41305804943422,24.0,18.0,19.0,,0,0,Medium,0,0,0,0,0,50,75,0,33.75,MEDIUM,799
1114,"Widening and strengthening to 2 lane with paved shoulder from existing Ch. Km 56720 to Km 100820 and Design Ch. From Km 62600 to Km 106360 Total Length43.760 Km on SRINAGAR -BARAMULA URINH-01 in the UT of Jammu & Kashmir under project BEACON, Border Roads Organization BRO on EPC mode.",MoRTH,"Jammu and
Kashmir",2023-09-01,2024-11-01,2026-11-01,,702.1,702.1,0.0,45.0,MoRTH,618201,-,0.0,0.0,0.0,702.1,-45.0,24.0,14.0,17.0,,0,0,Medium,0,0,0,0,0,50,75,0,33.75,MEDIUM,799
334,"1000 seater Boys hostel, 500 seater Girls hostel, 1.5 MLD Sewage Treatment Plant and Faculty Residence - 72 nos. Flats",NIT Rourkela,Odisha,2023-09-01,2024-01-01,2026-06-01,,198.97,198.97,42.55,42.0,NIT Rourkela,619033,-,0.0,0.0,21.38513343720159,156.42000000000002,-20.61486656279841,29.0,4.0,27.0,,0,0,Small,0,0,0,0,0,50,75,0,33.75,MEDIUM,799
1032,Construction of 4L Flyover from MES College Junction to Bogmalo Junction on NH- 566 from Km. 7.106 to Km. 10.460 and 4L VUP at Queeny Nagar Junction from Km. 3.330 to Km. 4.550,National Highways Authority of India [NHAI],Goa,2024-01-01,2024-08-01,2026-07-01,2027-05-01,463.08,316.28,127.09,43.75,National Highways Authority of India [NHAI],618609,-,-146.8,-31.700786041288765,40.18274946250159,189.18999999999997,-3.56725053749841,23.0,7.0,20.0,10.0,1,0,Small,0,0,0,0,0,50,75,0,33.75,MEDIUM,799
1033,Up-gradation of Dhoraji-Jamkandorna-Kalavad Section of NH-927D from Design Chainage km 0/00 to km 58/115 to Two lane with PS configuration in the State of Gujarat on EPC,MoRTH,Gujarat,2022-10-01,2025-01-01,2027-01-01,2027-01-01,246.6,291.19,0.0,35.0,MoRTH,617906,N24002118,44.59,18.081914030819146,0.0,291.19,-35.0,24.0,27.0,15.0,0.0,0,1,Small,0,0,0,0,50,0,75,0,33.75,MEDIUM,799
129,Goleti Opencast Mine,Singareni Collieries Company Limited [SCCL],Telangana,2021-07-01,2021-08-01,2026-03-01,,345.6,345.6,111.15,32.0,Singareni Collieries Company Limited [SCCL],615862,N06000258,0.0,0.0,32.16145833333333,234.45,0.1614583333333286,55.0,1.0,56.0,,0,0,Small,0,0,0,0,0,50,75,0,33.75,MEDIUM,799
1917,"Development to 4-laning of the de-scoped stretches from Km 115.342 to Km 191.700 of NH-34 in Nadia District 3.962 & Murshidabad District 5.538 pertaining to Krishnagar to Berhampore section of NH-34 New NH-12 , in the state of West Bengal under NHO.",National Highways Authority of India [NHAI],West Bengal,2024-03-01,2024-07-01,2026-01-01,2027-01-01,201.1,197.74,56.95,48.82,National Highways Authority of India [NHAI],618824,-,-3.359999999999985,-1.6708105420188888,28.800445028825735,140.79000000000002,-20.019554971174266,18.0,4.0,21.0,12.0,1,0,Small,0,0,0,0,0,50,75,0,33.75,MEDIUM,799
89,SASTI EXPANSION OPENCAST,Western Coalfields Limited [WCL],Maharashtra,2020-08-01,2020-08-01,2026-03-01,,319.04,319.04,111.17,32.21,Western Coalfields Limited [WCL],615186,N06000206,0.0,0.0,34.84516048144433,207.87,2.6351604814443306,67.0,0.0,68.0,,0,0,Small,0,0,0,0,0,50,75,0,33.75,MEDIUM,799
122,HINGULA II OC EXPN PH III 15 M,MCL - CIL,Odisha,2022-11-01,2022-11-01,2029-03-01,,1561.85,1561.85,279.32,29.19,MCL - CIL,616232,N06000285,0.0,0.0,17.88391971059961,1282.53,-11.306080289400391,76.0,0.0,41.0,,0,0,Large,0,0,0,0,0,50,75,0,33.75,MEDIUM,799
237,TRANSMISSION SYSTEM FOR EVACUATION OF POWER FROM RAJASTHAN REZ PH-IV [PART-3/ 6 GW] [BIKANER COMPLEX] PART B [SPV Name POWERGRID Siwani Transmission Limited],Power Grid Corporation of India Limited [POWERGRID],"Multi-States
(Haryana,
Rajasthan)",2024-11-01,2024-11-01,2026-11-01,2027-06-01,5357.0,5357.0,1446.39,28.27,Power Grid Corporation of India Limited [POWERGRID],615340,N18000404,0.0,0.0,27.0,3910.61,-1.2699999999999996,24.0,0.0,17.0,7.0,1,0,Mega,0,0,0,0,0,50,75,0,33.75,MEDIUM,799
669,Gorakhpur-Valmikinagar Doubling project,NER,"Multi-States
(Bihar, Uttar
Pradesh)",2023-08-01,2024-03-01,2027-12-01,,1120.0,1120.0,401.82,26.4,NER,617224,-,0.0,0.0,35.87678571428572,718.1800000000001,9.476785714285718,45.0,7.0,25.0,,0,0,Large,0,0,0,0,0,50,75,0,33.75,MEDIUM,799
224,Transmission System for Integration of Ananthapur 2 REZ Phase 1 for 4.5 GW. SPV Name Anantapuram 2 REZ Transmission Ltd,Sterlite Power,"Multi-States
(Andhra Pradesh,
Karnataka)",2024-08-01,2025-03-01,2027-03-01,,4535.99,4535.99,677.57,40.0,Sterlite Power,617806,-,0.0,0.0,14.937643160588982,3858.42,-25.062356839411017,24.0,7.0,13.0,,0,0,Large,0,0,0,0,0,50,75,0,33.75,MEDIUM,799
121,BHUBANESWARI EXPN OCP 50 MTY,MCL - CIL,Odisha,2024-03-01,2024-03-01,2033-03-01,,5366.27,5366.27,477.39,32.47,MCL - CIL,616231,N06000286,0.0,0.0,8.896123378063345,4888.88,-23.573876621936655,108.0,0.0,25.0,,0,0,Mega,0,0,0,0,0,50,75,0,33.75,MEDIUM,799
685,Taranga Hill-Abu Road via Ambaji,North Western Railway [NWR],"Multi-States
(Gujarat,
Rajasthan)",2022-07-01,2022-07-01,2030-07-01,2030-07-01,2798.0,2798.0,2439.32,37.0,North Western Railway [NWR],400022,N22000592,0.0,0.0,87.18084345961402,358.67999999999984,50.180843459614024,96.0,0.0,45.0,0.0,0,0,Large,0,1,0,0,0,0,75,100,33.75,MEDIUM,799
686,LUNI- SAMDARI- BHILDI DOUBLING,North Western Railway [NWR],"Multi-States
(Gujarat,
Rajasthan)",2024-02-01,2024-02-01,2027-07-01,,3085.59,3085.59,778.73,30.0,North Western Railway [NWR],616842,-,0.0,0.0,25.23763688630051,2306.86,-4.762363113699486,41.0,0.0,26.0,,0,0,Large,0,0,0,0,0,50,75,0,33.75,MEDIUM,799
115,GOPALJI KANIHA OCP [10 TO 30 M,MCL - CIL,Odisha,2022-04-01,2022-04-01,2030-03-01,,8416.19,6107.87,1771.98,34.54,MCL - CIL,400185,N06000229,-2308.3200000000006,-27.42713745768573,29.01142296741745,4335.889999999999,-5.52857703258255,95.0,0.0,48.0,,0,0,Mega,0,0,0,0,0,50,75,0,33.75,MEDIUM,799
689,Nangal Dam-Talwara New Broad Gauge Line [84 KM] and Taking Over Siding Mukerian-Talwara [29 KM],Northen Railway [NR],"Multi-States
(Himachal
Pradesh, Punjab)",1983-03-01,1985-05-01,2025-12-01,2027-12-01,2018.0,2018.0,2384.29,84.0,Northen Railway [NR],705410,220100188,0.0,0.0,118.15113974231912,-366.29,34.15113974231912,487.0,26.0,491.0,24.0,1,0,Large,0,1,1,0,0,75,0,75,33.75,MEDIUM,799
241,Transmission System for Evacuation of Power from Rajasthan REZ Ph-IV [Part-2 5.5 GW] [Jaisalmer/Barmer Complex] Part E [SPV Name POWERGRID Mewar Transmission Limited],Power Grid Corporation of India Limited [POWERGRID],"Multi-States
(Madhya Pradesh,
Rajasthan)",2024-08-01,2024-08-01,2026-08-01,2027-04-01,3251.0,3251.0,1592.99,39.4,Power Grid Corporation of India Limited [POWERGRID],615334,N18000394,0.0,0.0,49.0,1658.01,9.6,24.0,0.0,20.0,8.0,1,0,Large,0,0,0,0,0,50,75,0,33.75,MEDIUM,799
101,N. EXTN. MUNGOLI NIRGUDA D OCP,Western Coalfields Limited [WCL],Maharashtra,2024-06-01,2024-06-01,2029-03-01,,1024.91,1024.91,217.01,27.92,Western Coalfields Limited [WCL],615919,N06000283,0.0,0.0,21.173566459494,807.9000000000001,-6.7464335405060005,57.0,0.0,22.0,,0,0,Large,0,0,0,0,0,50,75,0,33.75,MEDIUM,799
717,Rourkela-Bondamunda A-Cabin 5th line [9.6 km],CAO/C/SER,Odisha,2022-09-01,2023-12-01,2026-03-01,,244.99,244.99,95.42,31.0,CAO/C/SER,615915,-,0.0,0.0,38.94852851136781,149.57,7.948528511367812,27.0,15.0,28.0,,0,0,Small,0,0,0,0,0,50,75,0,33.75,MEDIUM,799
1915,6L Elevated Kona Expressway from Km. 0.145 to Km. 7.337 of NH-117,National Highways Authority of India [NHAI],West Bengal,2023-03-01,2024-06-01,2026-12-01,2027-12-01,1212.56,1203.11,302.61,37.35,National Highways Authority of India [NHAI],618808,-,-9.450000000000044,-0.7793428778782119,25.152313587286283,900.4999999999999,-12.197686412713718,30.0,15.0,22.0,12.0,1,0,Large,0,0,0,0,0,50,75,0,33.75,MEDIUM,799
1055,"Balance work of Six Laning of Shamlaji-Motachiloda from Km. 401.200 to Km.494.410 section Design Chainage Km.447.385 to Km 540.595, Length- 93.210 Km of old NH-8 NH-48 in the state of Gujarat on single Percentage Item Rate Contract",National Highways Authority of India [NHAI],Gujarat,2024-06-01,2024-08-01,2025-06-01,2026-06-01,466.8,501.48,553.93,84.15,National Highways Authority of India [NHAI],618507,-,34.68000000000001,7.429305912596402,110.45904123793572,-52.44999999999993,26.309041237935705,10.0,2.0,20.0,12.0,1,1,Small,0,1,1,0,25,50,0,75,33.75,MEDIUM,799
253,TRANSMISSION SYSTEM FOR EVACUATION OF POWER FROM RAJASTHAN REZ PH -IV [PART-2 5.5 GW] [JAISALMER/BARMER COMPLEX] PART F [SPV Name POWERGRID BARMER I TRANSMISSION LIMITED],Power Grid Corporation of India Limited [POWERGRID],Rajasthan,2024-11-01,2024-11-01,2026-11-01,2027-06-01,2735.0,2735.0,875.2,31.48,Power Grid Corporation of India Limited [POWERGRID],615338,N18000401,0.0,0.0,32.0,1859.8,0.5199999999999996,24.0,0.0,17.0,7.0,1,0,Large,0,0,0,0,0,50,75,0,33.75,MEDIUM,799
735,North Region Video Surveillance Project,RCIL,PAN India,2020-06-01,2023-04-01,2024-03-01,,274.39,274.39,0.0,48.0,RCIL,705298,-,0.0,0.0,0.0,274.39,-48.0,11.0,34.0,36.0,,0,0,Small,0,0,0,0,0,50,75,0,33.75,MEDIUM,799
1121,Rehabilitation and upgradation to 2 lane with paved shoulder from existing chainage Km 166.100 to Km 192.98 design chainage Km 146.700 to Km 162.800 including construction of Bhimber Gali Tunnel Total Length of Tunnel 1.100 Km under 31 BRTF on Akhnoor-Poonch Roads on EPC mode NH-144A Package-VII,MoRTH,"Jammu and
Kashmir",2021-09-01,2024-07-01,2026-07-01,,734.64,734.64,0.0,45.41,MoRTH,618221,N24002180,0.0,0.0,0.0,734.64,-45.41,24.0,34.0,21.0,,0,0,Medium,0,0,0,0,0,50,75,0,33.75,MEDIUM,799
84,BHATADI EXPANSION OC,Western Coalfields Limited [WCL],Maharashtra,2020-02-01,2022-05-01,2028-03-01,,580.61,580.61,112.17,33.91,Western Coalfields Limited [WCL],400033,N06000254,0.0,0.0,19.31933655982501,468.44,-14.590663440174986,70.0,27.0,47.0,,0,0,Medium,0,0,0,0,0,50,75,0,33.75,MEDIUM,799
137,JHANJRA EXPANSION UG,Eastern Coal Fields Limited [ECL],West Bengal,2020-04-01,2020-04-01,2029-03-01,,1210.12,1210.12,619.6,45.48,Eastern Coal Fields Limited [ECL],400312,N06000223,0.0,0.0,51.20153373219185,590.5199999999999,5.721533732191851,107.0,0.0,72.0,,0,0,Large,0,0,0,0,0,50,75,0,33.75,MEDIUM,799
816,Two laning with paved shoulders of Lambasingi to Paderusection of NH 516E,MoRTH,Andhra Pradesh,2020-04-01,2023-11-01,2025-11-01,2026-11-01,361.24,358.05,109.5,43.22,MoRTH,618255,N24002142,-3.1899999999999977,-0.883069427527405,30.58232090490155,248.55,-12.637679095098449,24.0,43.0,29.0,12.0,1,0,Small,0,0,0,0,0,50,75,0,33.75,MEDIUM,799
251,Transmission System Strengthening for Interconnections of Bhadla-III & Bikaner III Complex [SPV Name POWERGRID BHADLA BIKANER TRANSMISSION LIMITED],Power Grid Corporation of India Limited [POWERGRID],Rajasthan,2024-08-01,2024-08-01,2026-08-01,2027-03-01,1382.0,1382.0,552.8,42.0,Power Grid Corporation of India Limited [POWERGRID],615335,N18000397,0.0,0.0,40.0,829.2,-2.0,24.0,0.0,20.0,7.0,1,0,Large,0,0,0,0,0,50,75,0,33.75,MEDIUM,799
69,"Revised Jharia Master Plan for Dealing with Fire, Subsidence & Rehabilitation of affected families in Jharia Coalfield- Reg.",Bharat Coking Coal Limited [BCCL],Jharkhand,2025-06-01,2025-07-01,2028-12-01,,5940.47,5940.47,262.83,26.0,Bharat Coking Coal Limited [BCCL],617416,-,0.0,0.0,4.424397396165623,5677.64,-21.575602603834376,41.0,1.0,9.0,,0,0,Mega,0,0,0,0,0,50,75,0,33.75,MEDIUM,799
214,Transmission System for Evacuation of Power from Rajasthan REZ Ph-IV [Part-2 5.5GW] [Jaisalmer/Barmer Complex] Part H1 [POWERGRID KURAWAR TRANSMISSION LIMITED],Power Grid Corporation of India Limited [POWERGRID],Madhya Pradesh,2024-10-01,2024-10-01,2026-10-01,2027-06-01,3674.0,3674.0,1396.12,39.24,Power Grid Corporation of India Limited [POWERGRID],615344,N18000399,0.0,0.0,37.99999999999999,2277.88,-1.240000000000009,24.0,0.0,18.0,8.0,1,0,Large,0,0,0,0,0,50,75,0,33.75,MEDIUM,799
1492,6L Greenfield Varanasi-Ranchi-Kolkata Highway from junction with NH-19 & Varanasi Ring Road near Rewasa village to junction with Chandauli-Chainpur road near Khainti village from Km. 0.000 to Km. 27.000 - Pkg-1,National Highways Authority of India [NHAI],"Multi-States
(Bihar, Uttar
Pradesh)",2023-03-01,2024-11-01,2026-11-01,2027-05-01,1433.39,1564.15,373.57,38.92,National Highways Authority of India [NHAI],618728,-,130.76,9.122430043463396,23.883259278202218,1190.5800000000002,-15.036740721797784,24.0,20.0,17.0,6.0,1,1,Large,0,0,0,0,25,25,75,0,33.75,MEDIUM,799
216,Implementation of LILO of both circuits of 400KV vindhyachal PS-Sasan D/C Line at Hindalco Switchyard,Power Grid Corporation of India Limited [POWERGRID],Madhya Pradesh,2024-06-01,2024-06-01,2026-12-01,,370.0,370.0,114.7,35.03,Power Grid Corporation of India Limited [POWERGRID],617272,N18000420,0.0,0.0,31.0,255.3,-4.030000000000001,30.0,0.0,22.0,,0,0,Small,0,0,0,0,0,50,75,0,33.75,MEDIUM,799
564,Boridand - Ambikapur Doubling Line Project,South East Central Railway [SECR] - II,Chhattisgarh,2022-06-01,2022-04-01,2030-06-01,2030-06-01,1376.0,1576.72,258.97,27.0,South East Central Railway [SECR] - II,706854,N22000580,200.72000000000003,14.587209302325585,16.42460297326095,1317.75,-10.57539702673905,98.0,-2.0,48.0,0.0,0,1,Large,0,0,0,0,50,0,75,0,33.75,MEDIUM,799
70,North Dhadu Western Part OCP,NLC India Limited [NLCIL],Jharkhand,2023-10-01,2023-12-01,2029-03-01,,1354.2,1354.2,141.98,40.0,NLC India Limited [NLCIL],617764,-,0.0,0.0,10.484418845074584,1212.22,-29.515581154925417,63.0,2.0,28.0,,0,0,Large,0,0,0,0,0,50,75,0,33.75,MEDIUM,799
579,Western Railway Samakhiali Gandhidham Quadrupiling 53 Kms,Western Railway [WR] - II,Gujarat,2023-08-01,2023-08-01,2026-12-01,2027-12-01,1430.0,1430.0,519.4,35.0,Western Railway [WR] - II,611974,-,0.0,0.0,36.32167832167832,910.6,1.32167832167832,40.0,0.0,32.0,12.0,1,0,Large,0,0,0,0,0,50,75,0,33.75,MEDIUM,799
584,"Redevelopment of Ahmedabad railway station and associated infrastructure on engineering, procurement and construction mode",Rail Land Development Authority,Gujarat,2023-01-01,2023-11-01,2028-03-01,,2379.0,2379.0,977.35,31.4,Rail Land Development Authority,613786,-,0.0,0.0,41.0823875577974,1401.65,9.682387557797398,52.0,10.0,29.0,,0,0,Large,0,0,0,0,0,50,75,0,33.75,MEDIUM,799
283,Nagpur Metro Rail Phase II Development Project,Maharashtra Metro Rail Corporation Limited [MMRCL],Maharashtra,2022-12-01,2022-12-01,2027-12-01,,6708.0,6708.0,1912.03,38.0,Maharashtra Metro Rail Corporation Limited [MMRCL],702658,N28000155,0.0,0.0,28.503726893261778,4795.97,-9.496273106738222,60.0,0.0,40.0,,0,0,Mega,0,0,0,0,0,50,75,0,33.75,MEDIUM,799
314,Construction of Permanent Campus of Central Tribal University of Andhra Pradesh Phase-1,Central Tribal University of Andhra Pradesh,Andhra Pradesh,2019-09-01,2023-12-01,2027-06-01,,305.0,305.0,64.25,44.0,Central Tribal University of Andhra Pradesh,613008,-,0.0,0.0,21.0655737704918,240.75,-22.9344262295082,42.0,51.0,28.0,,0,0,Small,0,0,0,0,0,50,75,0,33.75,MEDIUM,799
75,JHIRIA WEST OCP [1.5 MTY],South Eastern Coalfields Limited [SECL],Madhya Pradesh,2024-01-01,2024-01-01,2029-03-01,,366.94,366.94,35.57,41.29,South Eastern Coalfields Limited [SECL],613803,N06000166,0.0,0.0,9.693682890935849,331.37,-31.596317109064152,62.0,0.0,27.0,,0,0,Small,0,0,0,0,0,50,75,0,33.75,MEDIUM,799
1505,4L Ismailabad to Ambala Section of NH-152 Lot-4/Package-1,National Highways Authority of India [NHAI],"Multi-States
(Haryana, Punjab)",2023-02-01,2023-12-01,2025-12-01,2027-04-01,609.32,454.34,169.1,70.83,National Highways Authority of India [NHAI],619093,-,-154.98000000000008,-25.434911048381817,37.2188229079544,285.24,-33.6111770920456,24.0,10.0,28.0,16.0,1,0,Medium,0,0,0,0,0,75,40,0,32.5,MEDIUM,886
1346,Strengthening and Widening of road Sakoli- Wadsa-Armori-Gadchiroli-Ashti- Allapalli - Sironcha National highway NH 353C in Km 262/00 to 321/00 including 16 minor Bridges and 2 Major Bridge Total length 59 Km section from repanpalli to sironcha in Gadchiroli Dist in the State of Maharashtra.,MoRTH,Maharashtra,2021-03-01,2022-06-01,2024-05-01,2026-05-01,280.57,280.57,0.0,61.61,MoRTH,618133,N24000983,0.0,0.0,0.0,280.57,-61.61,23.0,15.0,46.0,24.0,1,0,Small,0,0,0,0,0,75,40,0,32.5,MEDIUM,886
1486,6L Greenfield Varanasi-Ranchi-Kolkata Highway from Anarbansalea village to Sagrampur village From KM. 151200 to KM. 184700Package-7,National Highways Authority of India [NHAI],"Multi-States
(Bihar, Jharkhand)",2023-03-01,2025-07-01,2027-06-01,2027-06-01,1719.2,1723.42,64.54,17.1,National Highways Authority of India [NHAI],618724,-,4.220000000000027,0.2454630060493268,3.744879367768739,1658.88,-13.355120632231262,23.0,28.0,9.0,0.0,0,1,Large,1,0,0,0,25,0,100,0,32.5,MEDIUM,886
961,6L Greenfield Varanasi-Ranchi-Kolkata Highway from Pachmon village to Anarbansalea village From KM. 116000 to KM. 151200 Package-6,National Highways Authority of India [NHAI],Bihar,2023-03-01,2025-09-01,2027-09-01,2027-09-01,1915.99,1920.21,64.59,10.38,National Highways Authority of India [NHAI],618725,-,4.220000000000027,0.2202516714596645,3.3636945959035733,1855.62,-7.0163054040964274,24.0,30.0,7.0,0.0,0,1,Large,1,0,0,0,25,0,100,0,32.5,MEDIUM,886
962,6L Greenfield Varanasi-Ranchi-Kolkata Highway from junction with Chandauli- Chainpur Road near Khainti village to junction with Bhabhua-Adhaura road near Palka village from Km. 27.000 to Km. 54.000 Pkg-2,National Highways Authority of India [NHAI],Bihar,2023-03-01,2025-10-01,2027-10-01,2027-10-01,1240.93,1341.52,103.25,14.08,National Highways Authority of India [NHAI],618726,-,100.58999999999992,8.106017261247606,7.696493529727473,1238.27,-6.383506470272527,24.0,31.0,6.0,0.0,0,1,Large,1,0,0,0,25,0,100,0,32.5,MEDIUM,886
963,6L Greenfield Varanasi-Ranchi-Kolkata Highway from junction with Bhabhua-Adhaura road in Bhairopur village to Konki village From KM. 54.000 to KM. 90.000Pkg-3,National Highways Authority of India [NHAI],Bihar,2023-03-01,2025-10-01,2027-10-01,2027-10-01,1576.94,1711.44,123.3,16.0,National Highways Authority of India [NHAI],618727,-,134.5,8.529176760054282,7.204459402608329,1588.14,-8.795540597391671,24.0,31.0,6.0,0.0,0,1,Large,1,0,0,0,25,0,100,0,32.5,MEDIUM,886
1008,"Upgradation of Keonchi - Ratanpur Road of NH 45 Package-I, from design chainage km 237.860 to km 273.200 of length 35.340 km to two lane with paved shoulders under Corridor scheme on EPC mode in the state of Chhattisgarh.",MoRTH,Chhattisgarh,2022-03-01,2024-07-01,2026-01-01,2026-12-01,225.41,228.93,63.38,55.0,MoRTH,618015,-,3.5200000000000102,1.5615988642917396,27.685318656357836,165.55,-27.314681343642164,18.0,28.0,21.0,11.0,1,1,Small,0,0,0,0,25,50,40,0,32.5,MEDIUM,886
1355,"Rehabilitation & upgradation of Jamkhed to Sautada Section of NH548 D from km 195.375 to km 208.774, Length 13.399 Km to 2L PS /4L configuration with rigid pavement in the state of Maharashtra on EPC mode.",MoRTH,Maharashtra,2022-03-01,2023-01-01,2024-07-01,2026-06-01,157.62,157.62,0.0,68.93,MoRTH,618154,N24001390,0.0,0.0,0.0,157.62,-68.93,18.0,10.0,39.0,23.0,1,0,Small,0,0,0,0,0,75,40,0,32.5,MEDIUM,886
1286,4L from km 0.000 to 42.040 Bhopal Ratnaigiri Tiraha to Vidisha Morikodi,National Highways Authority of India [NHAI],Madhya Pradesh,2024-10-01,2025-11-01,2027-11-01,2027-11-01,1032.3,1038.18,44.78,8.96,National Highways Authority of India [NHAI],618661,-,5.880000000000109,0.5696018599244511,4.313317536458032,993.4,-4.646682463541969,24.0,13.0,5.0,0.0,0,1,Large,1,0,0,0,25,0,100,0,32.5,MEDIUM,886
1339,Rehabilitation & Up-gradation of Mudkhed to Nanded section from Km. 372000 to Km 388400 of NH 161A i.e. Nanded-Bhokar-Himayatnagar-Kinwat-Mahur-Arani Road Design chainage from Km 372000 Mudkhed to Km 387650 Nanded of NH 161A Length 15.65 Km to 2/4Lane with paved shoulders configuration in the State of Maharashtra on EPC mode.,MoRTH,Maharashtra,2022-03-01,2023-04-01,2025-04-01,2026-06-01,206.54,206.54,0.0,65.14,MoRTH,618089,N24001903,0.0,0.0,0.0,206.54,-65.14,24.0,13.0,36.0,14.0,1,0,Small,0,0,0,0,0,75,40,0,32.5,MEDIUM,886
14,"Development of additional RESA on either end on Runway 10-28 at Calicut Airport. Construction of embankment with slope protection, drainage system and associated works for additional RESA on either end on Runway 10-28",Airport Authority of India [AAI],Kerala,2023-06-01,2024-02-01,2025-09-01,2026-12-01,484.57,484.57,204.6,59.0,612789,N04000111,-,0.0,0.0,42.22300183667994,279.97,-16.77699816332006,19.0,8.0,26.0,15.0,1,0,Small,0,0,0,0,0,75,40,0,32.5,MEDIUM,886
1020,Development of 6L of Basanwahi Marangpuri Section from km 99.500 to km 124.661 of NH-130-CD,National Highways Authority of India [NHAI],Chhattisgarh,2022-03-01,2023-10-01,2025-10-01,2027-03-01,1307.16,1303.63,456.22,63.66,National Highways Authority of India [NHAI],618675,N24002017,-3.5299999999999727,-0.2700511031549292,34.99612620145287,847.4100000000001,-28.66387379854713,24.0,19.0,30.0,17.0,1,0,Large,0,0,0,0,0,75,40,0,32.5,MEDIUM,886
1217,Tumkur - Nelamangala 6L,National Highways Authority of India [NHAI],Karnataka,2021-03-01,2022-08-01,2025-08-01,2027-03-01,2032.15,1664.2,580.01,59.83,National Highways Authority of India [NHAI],619071,N24001681,-367.9500000000001,-18.10643899318456,34.85218122821776,1084.19,-24.97781877178224,36.0,17.0,44.0,19.0,1,0,Large,0,0,0,0,0,75,40,0,32.5,MEDIUM,886
1070,Widening to 6L of Existing 4L Jetpur - Gondal - Rajkot Section from Km. 117.600 to Km. 185.00 on NH-27,National Highways Authority of India [NHAI],Gujarat,2022-03-01,2023-09-01,2025-09-01,2027-01-01,2070.44,1390.29,914.03,69.66,National Highways Authority of India [NHAI],619087,N24002035,-680.1500000000001,-32.85050520662275,65.74383761661237,476.26,-3.916162383387629,24.0,18.0,31.0,16.0,1,0,Large,0,0,0,0,0,75,40,0,32.5,MEDIUM,886
1117,Construction of realignment between Pandrass- Pashkyun Total length 27.10 km on road Zozila-Kargil -Leh NH-1 to 2 lane specifications i.e. Drass alignment 9.30 km Kharboo realignment 6.30 km & Kargil alignment 11.50 km under project Vijayak BRO in the UT of Ladakh on EPC Mode,MoRTH,"Jammu and
Kashmir",2021-11-01,2023-06-01,2025-06-01,2026-07-01,426.15,426.15,97.91,54.89,MoRTH,618204,N24001999,0.0,0.0,22.975478118033557,328.24,-31.914521881966444,24.0,19.0,34.0,13.0,1,0,Small,0,0,0,0,0,75,40,0,32.5,MEDIUM,886
1416,"Widening/Improvement to 2 lane with earthen shoulder of Choithar to Marrem Khullen section of NH-202 of Imphal Ukhrul Jessami Economic Corridor from Design Chainage km 53.110 to km 95.700 in the State of Manipur on EPC mode under Bharatmala Pariyojana, under NHO-NE Package-5",NHIDCL,Manipur,2023-03-01,2025-05-01,2027-03-01,2027-05-01,564.05,564.05,72.58,14.08,NHIDCL,618306,N24002242,0.0,0.0,12.867653576810568,491.47,-1.212346423189432,22.0,26.0,11.0,2.0,1,0,Medium,1,0,0,0,0,25,100,0,32.5,MEDIUM,886
111,KHADIA EXPANSION [10 TO 16 MTP,Northern Coalfields Limited [NCL],"Multi-States
(Madhya Pradesh,
Uttar Pradesh)",2021-06-01,2021-06-01,2025-03-01,2027-03-01,491.67,491.67,276.75,55.57,Northern Coalfields Limited [NCL],615183,N06000208,0.0,0.0,56.28775398132893,214.92,0.7177539813289329,45.0,0.0,58.0,24.0,1,0,Small,0,0,0,0,0,75,40,0,32.5,MEDIUM,886
1137,4/6L Access Control Expressway from Design Chainage Km 515.000 to 528.300 Kunjwani to Sidhra Section of NH-44 and from Design Chainage Km 550.900 to Km 566.520 Domel to Katra Section Phase II-Package XVII,National Highways Authority of India [NHAI],"Jammu and
Kashmir",2022-06-01,2023-06-01,2025-06-01,2027-03-01,2894.74,2894.74,810.99,62.0,National Highways Authority of India [NHAI],618495,N24002061,0.0,0.0,28.0159876189226,2083.75,-33.9840123810774,24.0,12.0,34.0,21.0,1,0,Large,0,0,0,0,0,75,40,0,32.5,MEDIUM,886
1135,Jammu-Akhnoor Road Pkg-I,NHIDCL,"Jammu and
Kashmir",2018-03-01,2023-01-01,2025-01-01,2026-06-01,245.3,245.3,82.06,68.07,NHIDCL,618407,N24001543,0.0,0.0,33.45291479820628,163.24,-34.617085201793714,24.0,58.0,39.0,17.0,1,0,Small,0,0,0,0,0,75,40,0,32.5,MEDIUM,886
1270,"Construction of Kaithi-Padaria Kala bypass, Patna-Tamoli bypass, Jaso bypass and Nagod bypass total length 15.44 Km to 2-lane with paved shoulders flexible pavement on NH-943 in the State of Madhya Pradesh on EPC Mode.",MoRTH,Madhya Pradesh,2022-03-01,2023-10-01,2025-10-01,2026-12-01,158.36,158.36,0.0,60.0,MoRTH,618068,N24002020,0.0,0.0,0.0,158.36,-60.0,24.0,19.0,30.0,14.0,1,0,Small,0,0,0,0,0,75,40,0,32.5,MEDIUM,886
1093,Improvement/construction of existing Class-5 Road to NH Intermediate lane specification with hard shoulder from existing Km 76/340 to 134/940 Design chainage from Km 76/300 to 133/000 net Length 56.700 kms of NH-505 Sumdo-Kaza- Gramphoo road in the state of Himachal Pradesh Package I,MoRTH,Himachal Pradesh,2021-03-01,2023-05-01,2026-05-01,2027-08-01,314.67,244.15,76.97,60.02,MoRTH,618217,N24001916,-70.52000000000001,-22.41077954682684,31.525701413065736,167.18,-28.494298586934267,36.0,26.0,35.0,15.0,1,0,Small,0,0,0,0,0,75,40,0,32.5,MEDIUM,886
1139,Delhi Amritsar Katra Expressway Phase-II Pkg XVIII Development and Upgradation of Four lane Access Control Expressway from Design Chainage KM 530.00 to KM 545.300 Sidhra to Domel Section of NH-44,National Highways Authority of India [NHAI],"Jammu and
Kashmir",2022-12-01,2023-11-01,2025-11-01,2027-03-01,975.38,975.38,564.21,62.41,National Highways Authority of India [NHAI],618497,N24002060,0.0,0.0,57.84514753224384,411.17,-4.564852467756154,24.0,11.0,29.0,16.0,1,0,Medium,0,0,0,0,0,75,40,0,32.5,MEDIUM,886
1094,Rehabilitation and Upgradation to 2-lane configuration of Kalwahn-Mandi Section km 208.950 to 250.592 of NH-70 in the State of Himachal Pradesh under Green National Highways Corridor Project GNHCP with the loan assistance of World Bank on EPC mode.Package-3,MoRTH,Himachal Pradesh,2020-08-01,2022-10-01,2025-04-01,2026-12-01,314.32,314.32,0.0,67.92,MoRTH,618230,N24001470,0.0,0.0,0.0,314.32,-67.92,30.0,26.0,42.0,20.0,1,0,Small,0,0,0,0,0,75,40,0,32.5,MEDIUM,886
1507,6L access Controlled Greenfield Highway from Adhoya Musalmana to Sadopur section of Shamli -Ambala Package-III Design Ch. Form km 84.400 to km 121.786,National Highways Authority of India [NHAI],"Multi-States
(Haryana, Punjab)",2022-05-01,2023-05-01,2025-05-01,2026-12-01,1491.72,1122.86,644.11,71.11,National Highways Authority of India [NHAI],619216,-,-368.8600000000001,-24.727160593140812,57.363340042391755,478.7499999999999,-13.746659957608244,24.0,12.0,35.0,19.0,1,0,Large,0,0,0,0,0,75,40,0,32.5,MEDIUM,886
1213,4L PS from near Yalachahalli village KR Nagara - Yelawala Road junction to Srirangapatna Bypass Near Paschima Vahini from km 195.550 to Km 214.535 of NH- 275 Pkg-V,National Highways Authority of India [NHAI],Karnataka,2023-01-01,2025-04-01,2027-04-01,2027-10-01,1272.71,1203.2,97.43,13.05,National Highways Authority of India [NHAI],618873,-,-69.50999999999999,-5.461574121363075,8.097573138297873,1105.77,-4.952426861702127,24.0,27.0,12.0,6.0,1,0,Large,1,0,0,0,0,25,100,0,32.5,MEDIUM,886
36,MAHAMAYA OCP [1.50 MTY],South Eastern Coalfields Limited [SECL],Chhattisgarh,2018-05-01,2018-05-01,2026-03-01,2028-03-01,410.26,410.26,187.63,54.6,South Eastern Coalfields Limited [SECL],613801,N06000164,0.0,0.0,45.734412323892165,222.63,-8.865587676107836,94.0,0.0,95.0,24.0,1,0,Small,0,0,0,0,0,75,40,0,32.5,MEDIUM,886
1212,4L PS from near Hunsur - KR Nagar Junction to near Yalachahalli village KR Nagara - Yelawala Road Junction fcrom Km 169.000 to Km 195.550 of NH-275 Pkg-IV,National Highways Authority of India [NHAI],Karnataka,2023-02-01,2025-04-01,2027-04-01,2027-09-01,1062.76,952.03,93.08,14.85,National Highways Authority of India [NHAI],618872,-,-110.73000000000002,-10.41909744439008,9.777002825541212,858.9499999999999,-5.072997174458788,24.0,26.0,12.0,5.0,1,0,Large,1,0,0,0,0,25,100,0,32.5,MEDIUM,886
57,CHITRA EAST OC,Eastern Coal Fields Limited [ECL],Jharkhand,2018-08-01,2018-08-01,2026-03-01,2028-03-01,513.99,513.99,239.88,53.03,Eastern Coal Fields Limited [ECL],400172,N06000169,0.0,0.0,46.67016868032452,274.11,-6.359831319675479,91.0,0.0,92.0,24.0,1,0,Medium,0,0,0,0,0,75,40,0,32.5,MEDIUM,886
1510,6L access Controlled Greenfield Highway from Ranipur Barsi to Adhoya Musalmana section of Shamli -Ambala Package-II Design Ch. Form km 45.500 to km 84.400,National Highways Authority of India [NHAI],"Multi-States
(Haryana, Uttar
Pradesh)",2022-06-01,2023-05-01,2025-05-01,2026-12-01,1554.21,1241.89,721.32,74.5,National Highways Authority of India [NHAI],618723,N24002040,-312.31999999999994,-20.095096544225036,58.08243886334539,520.57,-16.417561136654612,24.0,11.0,35.0,19.0,1,0,Large,0,0,0,0,0,75,40,0,32.5,MEDIUM,886
178,Talcher Thermal Power Station Stage III [2 x 660 MW] Expansion,National Thermal Power Corporation [NTPC],Odisha,2022-08-01,2022-09-01,2027-05-01,2028-03-01,11843.75,12543.0,6454.35,50.2,National Thermal Power Corporation [NTPC],602961,N18000364,699.25,5.903957783641161,51.45778521884717,6088.65,1.257785218847168,56.0,1.0,43.0,10.0,1,1,Mega,0,0,0,0,25,50,40,0,32.5,MEDIUM,886
1108,4L PS from Kalar Bala Village to Nauni Chowk of NH 205 from Km 41.000 to Km 58.450,National Highways Authority of India [NHAI],Himachal Pradesh,2024-01-01,2025-05-01,2027-05-01,2027-09-01,1244.43,786.91,80.72,20.95,National Highways Authority of India [NHAI],618891,-,-457.5200000000001,-36.7654267415604,10.257843971991717,706.1899999999999,-10.692156028008284,24.0,16.0,11.0,4.0,1,0,Large,1,0,0,0,0,25,100,0,32.5,MEDIUM,886
1103,Rehabilitation and Up-gradation to 4L configuration & Strengthening of Thanpuri to Paror section from Km 85.135 to Km 100.840 of NH-154 Pkg-IIC,National Highways Authority of India [NHAI],Himachal Pradesh,2022-07-01,2024-03-01,2025-12-01,2027-04-01,815.68,666.79,200.36,51.56,National Highways Authority of India [NHAI],618880,-,-148.89,-18.25348175755198,30.048441038407898,466.4299999999999,-21.511558961592105,21.0,20.0,25.0,16.0,1,0,Medium,0,0,0,0,0,75,40,0,32.5,MEDIUM,886
1017,4L of Urga - Pathalgaon from Km. 70.200 to km. 157.745 of NH-130A,National Highways Authority of India [NHAI],Chhattisgarh,2022-03-01,2024-02-01,2026-08-01,2026-08-01,2261.3,2860.36,939.34,72.77,National Highways Authority of India [NHAI],618640,-,599.06,26.491840976429483,32.83992224754926,1921.02,-39.930077752450735,30.0,23.0,26.0,0.0,0,1,Large,0,0,0,0,75,0,40,0,32.5,MEDIUM,886
157,Dibang Multipurpose Project,National Hydroelectric Power Corporation Limited [NHPC],Arunachal Pradesh,2023-02-01,2023-02-01,2032-02-01,2032-02-01,31876.39,31876.4,4593.04,17.43,National Hydroelectric Power Corporation Limited [NHPC],602182,N18000362,0.0100000000020372,3.137118099645935e-05,14.408904393218808,27283.36,-3.0210956067811914,108.0,0.0,38.0,0.0,0,1,Mega,1,0,0,0,25,0,100,0,32.5,MEDIUM,886
1379,6L of Kagal-Satara section from Km 658.000 to Km 725.000 of NH-48 Pkg-II,National Highways Authority of India [NHAI],Maharashtra,2021-12-01,2022-12-01,2024-12-01,2026-12-01,2330.71,317.4,196.85,73.96,National Highways Authority of India [NHAI],618514,N24001493,-2013.31,-86.38183214556938,62.019533711405174,120.54999999999998,-11.94046628859482,24.0,12.0,40.0,24.0,1,0,Large,0,0,0,0,0,75,40,0,32.5,MEDIUM,886
1250,Widening/Development of Existing NH-85 from Km 0.000 to Km 124.636 section to 2L/LPS section in the state of Kerala on EPC Mode under Bharatmala Pariyojana,National Highways Authority of India [NHAI],Kerala,2022-09-01,2023-06-01,2025-06-01,2026-05-01,1187.47,1265.47,631.69,52.71,National Highways Authority of India [NHAI],618708,N24002074,78.0,6.568586995882002,49.91742198550737,633.78,-2.7925780144926335,24.0,9.0,34.0,11.0,1,1,Large,0,0,0,0,25,50,40,0,32.5,MEDIUM,886
1097,Construction of missing link from Birhu to Lathiani from Km 35/550 Design chainage Km 0.000 to Km 42/800 Design Chainage Km 8.153on NH-503A including Lathiani Bridge on back water of Govindsagar and its approaches in Himachal Pradesh.,MoRTH,Himachal Pradesh,2023-06-01,2026-03-01,2029-03-01,2029-03-01,870.95,896.86,0.0,0.0,MoRTH,618253,-,25.909999999999968,2.974912451920313,0.0,896.86,0.0,36.0,33.0,1.0,0.0,0,1,Medium,1,0,0,0,25,0,100,0,32.5,MEDIUM,886
1222,4 Lane with PS from Des. Ch 136.100 to Des. Ch. 182.300 of Belgaum-Hungund- Raichur Section of NH-748A Package-4,National Highways Authority of India [NHAI],Karnataka,2024-02-01,2025-09-01,2027-09-01,2028-03-01,1311.41,1123.35,46.41,8.88,National Highways Authority of India [NHAI],619107,-,-188.06000000000017,-14.340290221974833,4.131392709306984,1076.9399999999998,-4.748607290693017,24.0,19.0,7.0,6.0,1,0,Large,1,0,0,0,0,25,100,0,32.5,MEDIUM,886
1015,Durg-Raipur-Arang Package - 2 from km. 44.50 to km. 92.23 near Khatti Village to near Aurang,National Highways Authority of India [NHAI],Chhattisgarh,2022-06-01,2023-06-01,2025-05-01,2026-12-01,1958.9,1561.97,583.62,68.7,National Highways Authority of India [NHAI],618590,N24002046,-396.93000000000006,-20.26290264944612,37.36435398887303,978.35,-31.335646011126975,23.0,12.0,34.0,19.0,1,0,Large,0,0,0,0,0,75,40,0,32.5,MEDIUM,886
18,"Development of New Greenfield Airport at Bundi, Kota Rajasthan.",Airport Authority of India [AAI],Rajasthan,2025-08-01,2025-10-01,2027-10-01,2027-11-01,1507.0,1507.0,40.4,12.8,618977,-,10781,0.0,0.0,2.680822826808228,1466.6,-10.119177173191773,24.0,2.0,6.0,1.0,1,0,Large,1,0,0,0,0,25,100,0,32.5,MEDIUM,886
1263,"Rehabilitation & Upgradation of KurwaiMungaoliChanderi Road section of NH-346, from Design Chainge 0.000 to 81.300 Km Total length 83.1 km to Two lane with paved shoulder configuration along with One time improvement in 07 nos of bypassed built- up areas in a total length of 22.615 km in the state of Madhya Pradesh on EPC mode.",MoRTH,Madhya Pradesh,2022-03-01,2023-02-01,2025-02-01,2026-06-01,386.49,386.49,164.43,64.71,MoRTH,618020,N24001965,0.0,0.0,42.544438407203295,222.06,-22.1655615927967,24.0,11.0,38.0,16.0,1,0,Small,0,0,0,0,0,75,40,0,32.5,MEDIUM,886
74,KANCHAN OC EXP,South Eastern Coalfields Limited [SECL],Madhya Pradesh,2014-12-01,2014-12-01,2026-03-01,2028-03-01,371.04,371.04,148.87,58.2,South Eastern Coalfields Limited [SECL],613802,N06000125,0.0,0.0,40.12235877533419,222.17,-18.07764122466581,135.0,0.0,136.0,24.0,1,0,Small,0,0,0,0,0,75,40,0,32.5,MEDIUM,886
1395,4L of Ratnagiri - Kolhapur section from km 112.340 to km 145.300 of NH-166 PkgIII,National Highways Authority of India [NHAI],Maharashtra,2022-02-01,2023-05-01,2025-05-01,2027-03-01,1939.23,1910.41,458.94,66.45,National Highways Authority of India [NHAI],618837,N24001835,-28.819999999999936,-1.48615687669848,24.02311545689145,1451.47,-42.42688454310856,24.0,15.0,35.0,22.0,1,0,Large,0,0,0,0,0,75,40,0,32.5,MEDIUM,886
1318,Construction of New Four Lane Bypass to Parbhani City Parwa to Asola Km 463/265 to Km 481/180 Design Ch. 19220 to Ch. 34434 Length-15.214 Km section of NH-61 on EPC mode in the State of Maharashtra.,MoRTH,Maharashtra,2022-03-01,2023-07-01,2024-10-01,2026-06-01,496.64,496.64,0.0,70.14,MoRTH,617932,N24001882,0.0,0.0,0.0,496.64,-70.14,15.0,16.0,33.0,20.0,1,0,Small,0,0,0,0,0,75,40,0,32.5,MEDIUM,886
233,Transmission system for evacuation of power from REZ in Rajasthan 20GW under Phase-III Part J,Power Grid Corporation of India Limited [POWERGRID],"Multi-States (Delhi,
Rajasthan)",2022-12-01,2022-12-01,2025-03-01,2026-12-01,331.0,331.0,197.71,56.75,Power Grid Corporation of India Limited [POWERGRID],611735,N18000378,0.0,0.0,59.73111782477341,133.29,2.981117824773414,27.0,0.0,40.0,21.0,1,0,Small,0,0,0,0,0,75,40,0,32.5,MEDIUM,886
201,Provision of ICT Augmentation & Bus Reactor at Bhuj-II PS,Power Grid Corporation of India Limited [POWERGRID],Gujarat,2025-03-01,2025-03-01,2026-12-01,2027-06-01,581.74,581.74,7.08,1.5,Power Grid Corporation of India Limited [POWERGRID],617801,-,0.0,0.0,1.2170385395537524,574.66,-0.2829614604462476,21.0,0.0,13.0,6.0,1,0,Medium,1,0,0,0,0,25,100,0,32.5,MEDIUM,886
414,Construction of Additional Tankages and Allied Facilities at JNPT Terminal,MinistryofPetroleumNaturalGas,Maharashtra,2022-04-01,2022-04-01,2026-08-01,2026-08-01,341.43,436.14,300.5,70.9,MinistryofPetroleumNaturalGas,709780,N16000504,94.70999999999998,27.739214480274132,68.89989452927959,135.64,-2.0001054707204133,52.0,0.0,48.0,0.0,0,1,Small,0,0,0,0,75,0,40,0,32.5,MEDIUM,886
880,Construction of Mangaldoi Bypass NH-15 starting at Ch 26400 and terminating at Ch 41505 under Rangia NH Division L 15.105 Km in the State of Assam. Job No. 15/AS/2021-22/234,MoRTH,Assam,2022-03-01,2023-04-01,2025-04-01,2026-12-01,535.03,535.03,161.56,70.71,MoRTH,617895,N24001840,0.0,0.0,30.19643758293928,373.47,-40.51356241706071,24.0,13.0,36.0,20.0,1,0,Medium,0,0,0,0,0,75,40,0,32.5,MEDIUM,886
1578,Construction of four lane ROB and its approaches in lieu of existing Level Crossing No. RV-71 at km 435 on NH-217 New NH-353 at Khariar including land acquisition under NHO in Annual Plan 2021-22 for the state of Odisha for F.Y. 2021-22 to F.Y 2033-34,MoRTH,Odisha,2021-11-01,2023-06-01,2024-12-01,2026-06-01,154.49,154.49,22.32,72.0,MoRTH,618003,N24001419,0.0,0.0,14.44753705741472,132.17000000000002,-57.55246294258528,18.0,19.0,34.0,18.0,1,0,Small,0,0,0,0,0,75,40,0,32.5,MEDIUM,886
815,Construction of Paderu bypass Km 0000 to Km 13000 of 2- lane with paved shoulder on NH-516E,MoRTH,Andhra Pradesh,2023-03-01,2025-01-01,2026-07-01,2026-12-01,244.43,244.43,11.67,13.0,MoRTH,618254,N24002148,0.0,0.0,4.774373031133658,232.76,-8.225626968866342,18.0,22.0,15.0,5.0,1,0,Small,1,0,0,0,0,25,100,0,32.5,MEDIUM,886
750,Sawaimadhopur Bye Pass Line Project,North Western Railway [NWR],Rajasthan,2022-12-01,2023-01-01,2026-03-01,2027-05-01,304.0,304.0,83.03,72.0,North Western Railway [NWR],706866,N22000607,0.0,0.0,27.3125,220.97,-44.6875,38.0,1.0,39.0,14.0,1,0,Small,0,0,0,0,0,75,40,0,32.5,MEDIUM,886
821,Construction of i Connecting Road from Z-Morh Tunnel to Zojila Tunnel Road Length 18.475km and ii 14.150 Km long 2-L Bi-directional single tube Zoji-la Tunnel across Zojila Pass on Sonamarg - Kargil section from Km 82 to Km 118 of NH-01 under PMDP,NHIDCL,Andhra Pradesh,2018-01-01,2020-10-01,2026-09-01,2028-02-01,6808.69,6808.69,3214.27,66.05,NHIDCL,618412,N24001256,0.0,0.0,47.20834698010925,3594.4199999999996,-18.84165301989075,71.0,33.0,66.0,17.0,1,0,Mega,0,0,0,0,0,75,40,0,32.5,MEDIUM,886
1856,4L Greenfield Western Side spur of Rampur-Rudrapur Section from Km 0.000 to Km 13.700 connecting NH-24 to NH-87 bypassing rampur town,National Highways Authority of India [NHAI],Uttar Pradesh,2021-12-01,2023-05-01,2024-11-01,2026-05-01,646.27,637.83,166.33,63.79,National Highways Authority of India [NHAI],618911,N24002090,-8.43999999999994,-1.3059557151035854,26.077481460577268,471.5,-37.71251853942273,18.0,17.0,35.0,18.0,1,0,Medium,0,0,0,0,0,75,40,0,32.5,MEDIUM,886
871,"Construction of Intermediate Lane with Hard Shoulder of Hunli to Hayuliang from Design Km 0.000 to Km 53.000 Design Length 53.000 km, Greenfield Section of Frontier Highway NH-913 in the State of Arunachal Pradesh on EPC Mode Package-I",NHIDCL,Arunachal Pradesh,2024-02-01,2025-03-01,2028-02-01,2028-03-01,1262.43,1262.43,233.81,16.75,NHIDCL,618402,N24002222,0.0,0.0,18.520630846858836,1028.62,1.770630846858836,35.0,13.0,13.0,1.0,1,0,Large,1,0,0,0,0,25,100,0,32.5,MEDIUM,886
554,Barauni-Bachwara [16 km] - 3rd & 4th line incl. Barauni yard remodelling [32 km],East Central Railway [ECR] - I,Bihar,2022-10-01,2025-08-01,2025-08-01,2026-10-01,645.0,645.0,47.53,56.7,East Central Railway [ECR] - I,706860,N22000524,0.0,0.0,7.368992248062016,597.47,-49.33100775193799,0.0,34.0,8.0,14.0,1,0,Medium,0,0,0,0,0,75,40,0,32.5,MEDIUM,886
869,4-Laning of Itanagar to Bandardewa section of NH-415from km 40430 to km 51735 Package-Bon EPC Mode in the state of Arunachal Pradesh Job NO. 415/Ar. P/2020- 21/031,MoRTH,Arunachal Pradesh,2020-06-01,2021-12-01,2024-12-01,2026-07-01,496.47,496.47,165.43,51.37,MoRTH,618033,N24001375,0.0,0.0,33.32124801095736,331.04,-18.048751989042636,36.0,18.0,52.0,19.0,1,0,Small,0,0,0,0,0,75,40,0,32.5,MEDIUM,886
1620,6L Amritsar-Bathinda Greenfield section from Jn. with Bhagta Bhai Ka-Bhadaur Road near Dyalpura Bhai Ka to Jn. with Mandi Dabwali Bathinda Road on NH-54 near Sangat Kalan from km 93.000 to km 154.866 of NH-754A Pkg-3,National Highways Authority of India [NHAI],Punjab,2021-03-01,2024-06-01,2026-06-01,2026-06-01,2029.17,2677.23,513.42,72.0,National Highways Authority of India [NHAI],618618,N24002076,648.06,31.93719599639261,19.177283983819095,2163.81,-52.822716016180905,24.0,39.0,22.0,0.0,0,1,Large,0,0,0,0,75,0,40,0,32.5,MEDIUM,886
575,New Broad Gauge line between Naliya to Jakhau Port,Western Railway [WR] - II,Gujarat,2023-02-01,2023-02-01,2028-01-01,2028-02-01,410.26,410.26,11.23,5.0,Western Railway [WR] - II,611943,N22000550,0.0,0.0,2.737288548725199,399.03,-2.262711451274801,59.0,0.0,38.0,1.0,1,0,Small,1,0,0,0,0,25,100,0,32.5,MEDIUM,886
1570,Construction of 4 lane ROB with approaches in lieu of LC No. RV-172 at km 176.00 of NH-201 present NH-26 at Kesinga including land acquisition in the state of Odisha on EPC mode under Annual Plan 2021-22,MoRTH,Odisha,2021-12-01,2023-05-01,2025-05-01,2026-10-01,324.09,324.09,84.57,70.09,MoRTH,617905,N24001865,0.0,0.0,26.09460335092104,239.52,-43.99539664907896,24.0,17.0,35.0,17.0,1,0,Small,0,0,0,0,0,75,40,0,32.5,MEDIUM,886
467,AIIMS Majra Rewari Haryana,PMSSY AND Institute of NATIONAL Importance,Haryana,2019-02-01,2019-02-01,2026-12-01,2026-12-01,1299.0,1646.43,651.42,57.2,PMSSY AND Institute of NATIONAL Importance,701173,N21000032,347.43000000000006,26.74595842956121,39.565605582988645,995.01,-17.634394417011357,94.0,0.0,86.0,0.0,0,1,Large,0,0,0,0,75,0,40,0,32.5,MEDIUM,886
1616,Greenfield connectivity from Govindsar village on Delhi Amritsar Katra Expressway to Talwara village on NH-44 Pathankot by-pass,National Highways Authority of India [NHAI],Punjab,2024-11-01,2025-07-01,2027-07-01,2027-07-01,666.81,690.47,48.07,24.75,National Highways Authority of India [NHAI],618551,-,23.66000000000008,3.548237129017274,6.961924486219531,642.4,-17.78807551378047,24.0,8.0,9.0,0.0,0,1,Medium,1,0,0,0,25,0,100,0,32.5,MEDIUM,886
256,Transmission System for Strengthening to facilitate evacuation of power from Bhadla/Bikaner Complex,Power Grid Corporation of India Limited [POWERGRID],Uttar Pradesh,2024-12-01,2024-12-01,2026-06-01,2026-08-01,212.81,212.81,6.38,3.0,Power Grid Corporation of India Limited [POWERGRID],617269,N18000423,0.0,0.0,2.99797941826042,206.43,-0.0020205817395799,18.0,0.0,16.0,2.0,1,0,Small,1,0,0,0,0,25,100,0,32.5,MEDIUM,886
1612,Delhi-Amritsar-Katra Expressway Phase-I Pkg-X from Jn. with Jalandhar - Moga road NH-703 to Jn. with Jalandhar-Kapurthala road NH-703A and to Jn. with Kapurthala - Sultanpur Lodhi road NH-703A km 000 to km 24000 to Amritsar connectivity,National Highways Authority of India [NHAI],Punjab,2020-12-01,2022-07-01,2024-07-01,2025-09-01,2177.54,2062.74,1004.28,62.99,National Highways Authority of India [NHAI],618490,N24001418,-114.80000000000018,-5.272004188212395,48.686698275109805,1058.4599999999998,-14.303301724890195,24.0,19.0,45.0,14.0,1,0,Large,0,0,0,0,0,75,40,0,32.5,MEDIUM,886
1796,Widening to four lane with paved shoulder from Design Km.49.200 to Km.89.285 of NH-731B on EPC mode in the state of Uttar Pradesh,MoRTH,Uttar Pradesh,2022-03-01,2024-01-01,2026-01-01,2027-01-01,917.91,965.3,128.0,56.0,MoRTH,618168,N24001792,47.389999999999986,5.162815526576678,13.260126385579612,837.3,-42.73987361442039,24.0,22.0,27.0,12.0,1,1,Medium,0,0,0,0,25,50,40,0,32.5,MEDIUM,886
713,Doubling of Lingaraj SILO connectivity of NTPC line and augmentation of NTPC exchange yard and NTPC Block Cabin.,East Coast Railway [ECoR] - II,Odisha,2022-08-01,2022-06-01,2024-12-01,2026-12-01,210.0,210.0,39.31,52.0,East Coast Railway [ECoR] - II,400047,-,0.0,0.0,18.719047619047625,170.69,-33.28095238095238,30.0,-2.0,46.0,24.0,1,0,Small,0,0,0,0,0,75,40,0,32.5,MEDIUM,886
1775,Improvement and Up-gradation to two Lane with Paved Shoulder Configuration from existing km. 420.00 Shohrathgarh to km. 454.00 Uska Bazar of NH-730 in the state of Uttar Pradesh EPC basis,MoRTH,Uttar Pradesh,2022-01-01,2024-03-01,2025-09-01,2026-12-01,509.65,484.42,98.47,56.0,MoRTH,618056,N24002121,-25.22999999999996,-4.950456195428227,20.327401841377316,385.9500000000001,-35.672598158622684,18.0,26.0,25.0,15.0,1,0,Medium,0,0,0,0,0,75,40,0,32.5,MEDIUM,886
255,Transmission System under ISTS for evacuation of Power from Kudankulam Unit-3&4 [2x1000 MW] [SPV Name POWERGRID Kudankulam Tarnsmission Limited],Power Grid Corporation of India Limited [POWERGRID],Tamil Nadu,2025-01-01,2025-01-01,2026-12-01,2027-03-01,548.0,548.0,120.56,18.72,Power Grid Corporation of India Limited [POWERGRID],616671,N18000408,0.0,0.0,22.0,427.44,3.280000000000001,23.0,0.0,15.0,3.0,1,0,Medium,1,0,0,0,0,25,100,0,32.5,MEDIUM,886
442,Laying of new 28 inch Desal Water Pipeline and 10 inch Reject Water Pipeline between CPCL Manali Refinery and CPCL Desalination plant at Ennore,Chennai Petroleum Corporation Limited [CPCL],Tamil Nadu,2024-01-01,2024-01-01,2025-09-01,2026-12-01,205.0,205.0,92.93,70.6,Chennai Petroleum Corporation Limited [CPCL],709750,-,0.0,0.0,45.331707317073175,112.07,-25.26829268292682,20.0,0.0,27.0,15.0,1,0,Small,0,0,0,0,0,75,40,0,32.5,MEDIUM,886
254,"Augmentation at Fatehgarh-II PS, Fatehgarh-IV PS [Section-II] and Barmer-I PS [POWERGRID Fatehgarh Barmer Augmentation Transmission Limited]",Power Grid Corporation of India Limited [POWERGRID],Rajasthan,2025-03-01,2025-03-01,2026-12-01,2027-06-01,404.0,404.0,28.28,9.8,Power Grid Corporation of India Limited [POWERGRID],617181,N18000415,0.0,0.0,7.000000000000001,375.72,-2.8,21.0,0.0,13.0,6.0,1,0,Small,1,0,0,0,0,25,100,0,32.5,MEDIUM,886
371,Capacity Expansion of Digboi Refinery from 0.65 to 1.0 MMTPA,MinistryofPetroleumNaturalGas,Assam,2022-06-01,2022-06-01,2026-03-01,2027-07-01,768.0,740.0,174.5,56.0,MinistryofPetroleumNaturalGas,709779,N16000457,-28.0,-3.6458333333333335,23.58108108108108,565.5,-32.41891891891892,45.0,0.0,46.0,16.0,1,0,Medium,0,0,0,0,0,75,40,0,32.5,MEDIUM,886
1821,Construction of Ring Road Kanpur from Ch. 32.090 to Ch.51.200 Transganaga to Sathara Package-II B,National Highways Authority of India [NHAI],Uttar Pradesh,2024-08-01,2025-03-01,2027-09-01,2027-09-01,1089.41,1106.92,38.74,13.67,National Highways Authority of India [NHAI],618539,-,17.50999999999999,1.607292020451436,3.4998012503161924,1068.18,-10.170198749683808,30.0,7.0,13.0,0.0,0,1,Large,1,0,0,0,25,0,100,0,32.5,MEDIUM,886
1766,Melaghar-Srimantapur section on NH-08 Spur from Km 23 to Km 34.500 11.5 Km and overlay from Km 20.30 to Km 22.00 1.7 Km Total Length 13.2 Km,NHIDCL,Tripura,2023-01-01,2023-05-01,2024-11-01,2026-06-01,195.95,195.95,86.26,69.78,NHIDCL,618411,N24001914,0.0,0.0,44.02143403929574,109.68999999999998,-25.75856596070426,18.0,4.0,35.0,19.0,1,0,Small,0,0,0,0,0,75,40,0,32.5,MEDIUM,886
451,Siliguri-Jhapa Pipeline Project,Indian Oil Corporation Limited [IOCL],West Bengal,2024-09-01,2024-09-01,2029-03-01,2029-08-01,267.0,267.0,1.92,11.2,Indian Oil Corporation Limited [IOCL],617828,-,0.0,0.0,0.7191011235955056,265.08,-10.480898876404494,54.0,0.0,19.0,5.0,1,0,Small,1,0,0,0,0,25,100,0,32.5,MEDIUM,886
378,Installation of Bitumen Manufacturing Unit along with allied facilities at Barauni Refinery,MinistryofPetroleumNaturalGas,Bihar,2022-01-01,2022-01-01,2025-04-01,2027-01-01,389.35,340.0,115.69,60.8,MinistryofPetroleumNaturalGas,709777,N16000453,-49.35000000000002,-12.674971105688972,34.02647058823529,224.31,-26.773529411764702,39.0,0.0,51.0,21.0,1,0,Small,0,0,0,0,0,75,40,0,32.5,MEDIUM,886
484,"Construction of 200 bed ESI Hospital at Bommasandra, Karnataka",Employee's State Insurance Company [ESIC],Karnataka,2015-02-01,2024-10-01,2027-01-01,2027-05-01,278.0,278.0,68.23,23.0,Employee's State Insurance Company [ESIC],612745,-,0.0,0.0,24.5431654676259,209.77,1.5431654676259008,27.0,116.0,18.0,4.0,1,0,Small,1,0,0,0,0,25,100,0,32.5,MEDIUM,886
1633,6L Access Controlled Ludhiana-Bathinda Greenfield highway from Jn. with Moga- Barnala Road NH-703 near village Tallewal to Jn. with Delhi-Katra Expressway NE-5 near Ludhiana village Ballowal from Km 30.300 to Km 75.543 of NH-754AD Pkg-2,National Highways Authority of India [NHAI],Punjab,2021-07-01,2025-09-01,2027-09-01,2027-09-01,1555.13,1564.66,195.79,20.09,National Highways Authority of India [NHAI],619105,-,9.529999999999973,0.6128105045880391,12.51326166707144,1368.87,-7.57673833292856,24.0,50.0,7.0,0.0,0,1,Large,1,0,0,0,25,0,100,0,32.5,MEDIUM,886
223,Transmission System for Integration of Kurnool-IV REZ Phase-I [for 4.5 GW] [POWERGRID Kurnool-IV Transmission Limited],Power Grid Corporation of India Limited [POWERGRID],"Multi-States
(Andhra Pradesh,
Karnataka)",2025-03-01,2025-03-01,2027-03-01,2027-09-01,5550.0,5550.0,943.5,17.86,Power Grid Corporation of India Limited [POWERGRID],617185,N18000413,0.0,0.0,17.0,4606.5,-0.8599999999999994,24.0,0.0,13.0,6.0,1,0,Mega,1,0,0,0,0,25,100,0,32.5,MEDIUM,886
1833,6L access Controlled Greenfield Highway from Gogwan Jalalpur Shamli to Ranipur Barsi Saharanpur of Shamli -Ambala section Package-I Design Ch. Form km 00.600 to km 45.500,National Highways Authority of India [NHAI],Uttar Pradesh,2022-06-01,2023-05-01,2025-05-01,2026-07-01,1843.59,1247.55,685.93,58.9,National Highways Authority of India [NHAI],618722,N24002036,-596.04,-32.33039884139098,54.98216504348523,561.62,-3.917834956514767,24.0,11.0,35.0,14.0,1,0,Large,0,0,0,0,0,75,40,0,32.5,MEDIUM,886
506,Capacity expansion of Deposit-14 and 14 NMZ at Kirandul,National Mineral Development Corporation Limited [NMDC],Chhattisgarh,2021-08-01,2022-07-01,2028-12-01,2028-03-01,1700.0,1756.2,258.41,20.3,National Mineral Development Corporation Limited [NMDC],615202,-,56.200000000000045,3.3058823529411794,14.714155563147708,1497.79,-5.585844436852293,77.0,11.0,45.0,-9.0,0,1,Large,1,0,0,0,25,0,100,0,32.5,MEDIUM,886
610,SHIMOGA - SHIKARIPURA - RANEBENNUR [96 Km],South Western Railway [SWR] - II,Karnataka,2019-09-01,2023-02-01,2027-12-01,2028-06-01,1454.0,1454.0,97.75,13.5,South Western Railway [SWR] - II,705761,N22000559,0.0,0.0,6.722833562585969,1356.25,-6.777166437414031,58.0,41.0,38.0,6.0,1,0,Large,1,0,0,0,0,25,100,0,32.5,MEDIUM,886
1839,Construction of two lane with paved shoulders bypass to Mungrabadshapur town starting from near Kodahu at Km 47/225 of NH-319D and ending near Nauwadandi at Km 219/720 of NH-31 under NHO in the state of Uttar Pradesh on EPC mode,National Highways Authority of India [NHAI],Uttar Pradesh,2025-02-01,2025-09-01,2027-03-01,2027-09-01,197.6,165.28,36.16,12.39,National Highways Authority of India [NHAI],618843,-,-32.31999999999999,-16.356275303643724,21.878025169409483,129.12,9.488025169409482,18.0,7.0,7.0,6.0,1,0,Small,1,0,0,0,0,25,100,0,32.5,MEDIUM,886
399,Laying of Natural Gas Pipeline from Hazaribagh to Ranchi [HRPL],MinistryofPetroleumNaturalGas,Jharkhand,2023-02-01,2023-02-01,2026-02-01,2027-03-01,202.07,202.07,63.8,56.5,MinistryofPetroleumNaturalGas,709785,N16000480,0.0,0.0,31.57321720195972,138.26999999999998,-24.92678279804028,36.0,0.0,38.0,13.0,1,0,Small,0,0,0,0,0,75,40,0,32.5,MEDIUM,886
790,"Gudivada Town 2 RoB, and Road improvement NH-165",MoRTH,Andhra Pradesh,2022-03-01,2023-05-01,2025-05-01,2026-11-01,317.22,317.22,0.0,73.46,MoRTH,617984,N24000989,0.0,0.0,0.0,317.22,-73.46,24.0,14.0,35.0,18.0,1,0,Small,0,0,0,0,0,75,40,0,32.5,MEDIUM,886
242,Rajasthan REZ Ph-V [Part-1- 4 GW] [Sirohi/Nagaur] Complex [Rajasthan V Power Transmission Limited],Power Grid Corporation of India Limited [POWERGRID],"Multi-States
(Madhya Pradesh,
Rajasthan)",2025-03-01,2025-03-01,2027-03-01,2027-06-01,5028.0,5028.0,1054.2,24.07,Power Grid Corporation of India Limited [POWERGRID],617186,N18000414,0.0,0.0,20.96658711217184,3973.8,-3.10341288782816,24.0,0.0,13.0,3.0,1,0,Mega,1,0,0,0,0,25,100,0,32.5,MEDIUM,886
236,Transmission system for evacuation of power from Rajasthan REZ Ph-IV [Part- 3/6GW] [Bikaner complex] Part A [SPV Name POWERGRID Bikaner IV Transmission Limited],Power Grid Corporation of India Limited [POWERGRID],"Multi-States
(Haryana, Punjab,
Rajasthan)",2024-11-01,2024-11-01,2026-11-01,2027-04-01,5969.0,5969.0,1313.18,24.07,Power Grid Corporation of India Limited [POWERGRID],615339,N18000403,0.0,0.0,22.0,4655.82,-2.0700000000000003,24.0,0.0,17.0,5.0,1,0,Mega,1,0,0,0,0,25,100,0,32.5,MEDIUM,886
1740,Widening to 2 lane with Paved Shoulders of Medak - Siddipet section from Km 0/0 to km 69/978 of NH-765DG in the State of Telangana under Annual plan 2021-22 on EPC mode,MoRTH,Telangana,2022-01-01,2023-01-01,2025-01-01,2026-06-01,882.18,882.18,347.73,74.06,MoRTH,618197,N24002001,0.0,0.0,39.41712575664831,534.4499999999999,-34.64287424335169,24.0,12.0,39.0,17.0,1,0,Medium,0,0,0,0,0,75,40,0,32.5,MEDIUM,886
368,Coke Drum Structure Package,Ministry of Petroleum & Natural Gas,Assam,2022-12-01,2022-12-01,2025-12-01,2026-09-01,635.28,635.28,453.66,60.6,Ministry of Petroleum & Natural Gas,617836,-,0.0,0.0,71.41103135625237,181.61999999999995,10.811031356252364,36.0,0.0,40.0,9.0,1,0,Medium,0,0,0,0,0,50,40,40,31.0,MEDIUM,972
1307,Construction of 6 lane Indore western bypass from km 0000 to Km 34000 Pkg -l in the State of Madhya Pradesh on Hybrid Annuity Mode under NHO,National Highways Authority of India [NHAI],Madhya Pradesh,2024-02-01,2026-01-01,2027-12-01,2027-12-01,1534.7,1472.68,307.46,10.07,National Highways Authority of India [NHAI],618932,-,-62.01999999999998,-4.041180686779174,20.877583724909687,1165.22,10.807583724909689,23.0,23.0,3.0,0.0,0,0,Large,1,0,0,0,0,0,100,40,31.0,MEDIUM,972
1415,Widening/Improvement to 2 lane with earthen shoulder of Marrem Khullen to Jessami section of NH-202 of Imphal - Ukhrul - Jessami Economic Corridor from Design Chainage km 95.700 to km 140.180 in the State of Manipur on EPC mode under Bharatmala Pariyojana under NHO-NE Package-6,NHIDCL,Manipur,2023-03-01,2024-12-01,2026-12-01,2026-12-01,554.66,554.66,201.52,22.55,NHIDCL,618305,N24002202,0.0,0.0,36.332167453935746,353.14,13.782167453935743,24.0,21.0,16.0,0.0,0,0,Medium,1,0,0,0,0,0,100,40,31.0,MEDIUM,972
244,Transmission System for Evacuation of power from Rajasthan REZ Ph-IV [Part-1] [Bikaner Complex] Part D [Neemrana Bareilly Transmission Ltd],Power Grid Corporation of India Limited [POWERGRID],"Multi-States
(Rajasthan, Uttar
Pradesh)",2023-12-01,2023-12-01,2025-12-01,2026-12-01,3271.0,3271.0,2731.28,72.16,Power Grid Corporation of India Limited [POWERGRID],612133,N18000387,0.0,0.0,83.49984714154694,539.7199999999998,11.33984714154694,24.0,0.0,28.0,12.0,1,0,Large,0,0,0,0,0,50,40,40,31.0,MEDIUM,972
313,25.5 MW WIND POWER PROJECT AT KAYATHAR IN TAMILNADU,National Aluminium Company Limited [NALCO],Tamil Nadu,2017-09-01,2017-12-01,2025-03-01,2026-03-01,166.0,166.0,135.0,66.73,National Aluminium Company Limited [NALCO],709832,N10000014,0.0,0.0,81.32530120481928,31.0,14.59530120481928,87.0,3.0,100.0,12.0,1,0,Small,0,0,0,0,0,50,40,40,31.0,MEDIUM,972
1760,Improvement and Widening to 2-lane with paved shoulder of road from design Km 72.000 Pati Chhari to design Km 107.654 Harina Total length 35.654 Km on Teliamura to Harina section of NH 208 in the state of Tripura on EPC mode under JICA ODA Loan Phase VI Package-4,NHIDCL,Tripura,2024-01-01,2024-12-01,2026-12-01,2026-12-01,726.9,726.9,194.74,8.65,NHIDCL,618367,N24002228,0.0,0.0,26.79048012106205,532.16,18.140480121062048,24.0,11.0,16.0,0.0,0,0,Medium,1,0,0,0,0,0,100,40,31.0,MEDIUM,972
759,Bahraich-Shravasti-Balrampur-Siddharthnagar -Santkabir nagar,North Eastern Railway [NER],Uttar Pradesh,2018-10-01,2017-03-01,2030-10-01,2030-10-01,4939.78,4939.78,1055.82,8.9,North Eastern Railway [NER],400204,N22000569,0.0,0.0,21.373826364736892,3883.96,12.473826364736892,163.0,-19.0,109.0,0.0,0,0,Large,1,0,0,0,0,0,100,40,31.0,MEDIUM,972
1590,"4L Godibandha to Ballhar Chhak, Ballhar Chhak to Banarpal & Banarpal to Start of Angul bypass at Km.314.130 to Km.321.035 of NH53, at Km.75.200 to Km.84.000 of NH149 & at Km.84.000 to Km.86.100 of NH55",National Highways Authority of India [NHAI],Odisha,2024-12-01,2026-02-01,2028-02-01,2028-02-01,973.12,973.12,153.23,1.5,National Highways Authority of India [NHAI],618705,-,0.0,0.0,15.746259454126932,819.89,14.246259454126932,24.0,14.0,2.0,0.0,0,0,Medium,1,0,0,0,0,0,100,40,31.0,MEDIUM,972
1413,Widening/Improvement to 2-lane with earthen shoulder of Yaingangpokpi - Finch corner road section of NH-202 from Km 0.000 to Km 16.900 of NH-202 in the state of Manipur on EPC mode Package-1,NHIDCL,Manipur,2020-03-01,2020-07-01,2022-06-01,2026-04-01,222.77,222.77,0.0,88.85,NHIDCL,618303,N24001331,0.0,0.0,0.0,222.77,-88.85,23.0,4.0,69.0,46.0,1,0,Small,0,0,0,0,0,100,0,0,30.0,MEDIUM,980
1403,4L of Baramati to Indapur Pkg-II from km. 41.400 to km. 84.550 of NH-965G Saint Tukaram Marg,National Highways Authority of India [NHAI],Maharashtra,2021-01-01,2021-09-01,2023-09-01,2026-06-01,1471.32,1297.48,927.1,86.2,National Highways Authority of India [NHAI],619163,N24001502,-173.83999999999992,-11.815240736209658,71.45389524308659,370.38,-14.746104756913413,24.0,8.0,55.0,33.0,1,0,Large,0,0,0,0,0,100,0,0,30.0,MEDIUM,980
551,Sagauli-Valmiknagar,East Central Railway [ECR] - I,Bihar,2018-03-01,2017-03-01,2025-12-01,2025-12-01,1216.0,2222.0,2097.52,92.8,East Central Railway [ECR] - I,705527,N22000472,1006.0,82.73026315789474,94.3978397839784,124.48000000000002,1.5978397839784009,105.0,-12.0,109.0,0.0,0,1,Large,0,0,0,0,100,0,0,0,30.0,MEDIUM,980
1401,Balance works of 4L Panvel Indapur section of NH66 old NH17 from km 42.300 kasu to km 84.600 Indapur,National Highways Authority of India [NHAI],Maharashtra,2022-06-01,2022-11-01,2024-05-01,2026-06-01,546.44,472.1,420.38,81.63,National Highways Authority of India [NHAI],619095,N24001607,-74.34000000000003,-13.604421345435917,89.0446939207795,51.72000000000003,7.414693920779499,18.0,5.0,41.0,25.0,1,0,Medium,0,0,0,0,0,100,0,0,30.0,MEDIUM,980
1420,Widening to 2 -Lane with Paved shoulder of Imphal to Jiribam section of NH-37 from Design Chainage 66.110 km to 101.280 Km Existing Chainage km 67.496 to km 103.557 on EPC Mode in Manipur PKG-4,NHIDCL,Manipur,2021-09-01,2022-06-01,2023-12-01,2026-07-01,579.63,579.63,377.13,84.86,NHIDCL,618336,N24001390,0.0,0.0,65.06392008695202,202.5,-19.796079913047976,18.0,9.0,46.0,31.0,1,0,Medium,0,0,0,0,0,100,0,0,30.0,MEDIUM,980
539,Guwahati-Dibrugarh via Tinsukia & Simaluguri-Dibrugarh,Central Organisation for Railway Electrification [CORE],Assam,2020-09-01,2018-09-01,2020-09-01,2024-06-01,890.36,889.36,391.73,89.0,Central Organisation for Railway Electrification [CORE],706922,-,-1.0,-0.1123141201311829,44.04628047135019,497.63,-44.95371952864981,24.0,-24.0,91.0,45.0,1,0,Medium,0,0,0,0,0,100,0,0,30.0,MEDIUM,980
1410,Improvement/Up-gradation of existing 2-Lane Road to 4-Lane Divided Highway from Taphukuki to Daili section of Imphal-Kohima road NH-02 Design Chainage from Km 262175 to Km 274610 in the state of Manipur on EPC mode Pkg-4A,NHIDCL,Manipur,2020-09-01,2020-10-01,2022-04-01,2026-08-01,379.39,379.39,301.89,91.31,NHIDCL,618300,N24001274,0.0,0.0,79.572471599146,77.5,-11.737528400854004,18.0,1.0,66.0,52.0,1,0,Small,0,0,0,0,0,100,0,0,30.0,MEDIUM,980
1724,Rehabilitation and upgradation to two lane with paved shoulders from Km 0/000 to 72/6 of NH-365 Nakrekal to Tanamcherla section under NHDP IV in the state of Telangana under EPC mode,MoRTH,Telangana,2017-06-01,2017-11-01,2019-10-01,2026-05-01,605.08,605.08,585.2,99.9,MoRTH,618026,N24000996,0.0,0.0,96.71448403516892,19.879999999999995,-3.1855159648310973,23.0,5.0,101.0,79.0,1,0,Medium,0,0,0,0,0,100,0,0,30.0,MEDIUM,980
542,Sakri -Hasanpur [via Harnagar - Kusheshwar Asthan] New Railway line,East Central Railway [ECR] - I,Bihar,2023-12-01,1997-08-01,2024-12-01,2027-03-01,735.2,735.2,589.37,84.2,East Central Railway [ECR] - I,400254,-,0.0,0.0,80.1645810663765,145.83000000000004,-4.035418933623504,328.0,-316.0,344.0,27.0,1,0,Medium,0,0,0,0,0,100,0,0,30.0,MEDIUM,980
1889,Rehabilitation and Upgradation of road Rishikesh Dharasu Old NH-94 with 2-lane with paved shoulder from km 76.000 to km 110.000 Design Chainage from km 74.733 to km 107.347 32.614 km including construction of Kamand re-alignment from existing Chainage Km 105.200 to Km 108.600 design chainage Km 103.436 to Km 105.949 - total length 2513 mtrs and land slide treatment work between design chainage Km 73.800 to Km 74.00 200m on EPC mode under improvement to NH connectivity to Chardham in,MoRTH,Uttarakhand,2018-03-01,2019-01-01,2021-01-01,2026-01-01,273.76,273.76,0.0,96.46,MoRTH,618213,-,0.0,0.0,0.0,273.76,-96.46,24.0,10.0,87.0,60.0,1,0,Small,0,0,0,0,0,100,0,0,30.0,MEDIUM,980
336,"Construction of Permanent Campus of Indian Institute of Management [IIM] Amritsar, Punjab, Phase-I","Indian intitue of Management, Amritsar",Punjab,2019-10-01,2020-07-01,2023-06-01,2026-09-01,348.31,348.31,293.1,91.7,"Indian intitue of Management, Amritsar",605292,N28000142,0.0,0.0,84.14917745686314,55.20999999999998,-7.55082254313686,35.0,9.0,69.0,39.0,1,0,Small,0,0,0,0,0,100,0,0,30.0,MEDIUM,980
1407,Dharampuri-Lonand from km. 117.00 to 166.40 Pkg-IV on Mohol-Alandi Section,National Highways Authority of India [NHAI],Maharashtra,2021-01-01,2021-09-01,2023-09-01,2026-05-01,1411.71,1358.68,1047.19,97.4,National Highways Authority of India [NHAI],619210,-,-53.02999999999997,-3.7564372286092738,77.07407189330821,311.49,-20.32592810669179,24.0,8.0,55.0,32.0,1,0,Large,0,0,0,0,0,100,0,0,30.0,MEDIUM,980
1180,Widening to 2-Lane with Paved Shoulders from Km 116.800 to 149.070Design Changes on Hosadurga - Holalkere Section of NH-173 in the State of Karnataka on EPC mode under Annual Plan 2021-22 Job no. NH-173-KNT-2021-22-946,MoRTH,Karnataka,2022-03-01,2022-08-01,2024-02-01,2026-04-01,170.34,147.39,106.88,92.65,MoRTH,618000,N24001390,-22.950000000000017,-13.473053892215578,72.51509600379946,40.50999999999999,-20.13490399620055,18.0,5.0,44.0,26.0,1,0,Small,0,0,0,0,0,100,0,0,30.0,MEDIUM,980
1419,Widening to 2 Lane with Paved shoulder of lmphal to Jiribam section of NH-37 from Design Ch. from Km 101280 Near Khongsang Village to Km 131280 near Puilon Kambiron Village on EPC Mode in Manipur PKG-5,NHIDCL,Manipur,2021-12-01,2022-11-01,2024-05-01,2026-06-01,410.68,410.68,339.14,89.95,NHIDCL,618335,N24000979,0.0,0.0,82.58011103535598,71.54000000000002,-7.369888964644019,18.0,11.0,41.0,25.0,1,0,Small,0,0,0,0,0,100,0,0,30.0,MEDIUM,980
1412,Widening/Improvement to 2-lane with earthen shoulder of Yaingangpokpi - Finch corner road section of NH-202 from Km 16.900 to Km 30.970 of NH-202 in the state of Manipur on EPC mode Package-2,NHIDCL,Manipur,2020-03-01,2020-07-01,2022-06-01,2026-06-01,256.04,256.04,0.0,97.12,NHIDCL,618302,N24001332,0.0,0.0,0.0,256.04,-97.12,23.0,4.0,69.0,48.0,1,0,Small,0,0,0,0,0,100,0,0,30.0,MEDIUM,980
329,Construction and Developement of National Institute of Technology Meghalaya Permanent Campus at Sohra,"National Institute of Technology, Meghalaya",Meghalaya,2009-09-01,2014-09-01,2022-03-01,2026-10-01,494.52,429.7,368.98,95.0,"National Institute of Technology, Meghalaya",612885,N42000001,-64.82,-13.10765995308582,85.86921107749593,60.71999999999997,-9.130788922504069,90.0,60.0,139.0,55.0,1,0,Small,0,0,0,0,0,100,0,0,30.0,MEDIUM,980
332,IISER BERHAMPUR,"Indian Institutes of Science Education and Research, Behrampur",Odisha,2018-10-01,2019-09-01,2021-03-01,2026-06-01,1229.32,843.09,874.09,98.5,"Indian Institutes of Science Education and Research, Behrampur",610315,N28000126,-386.2299999999999,-31.41818240978752,103.67695026628236,-31.0,5.176950266282361,18.0,11.0,79.0,63.0,1,0,Large,0,0,1,0,0,100,0,0,30.0,MEDIUM,980
926,Development of External Trunk Connectivity and Internal Infrastructure Works at Multi Model Logistics ParkMMLP at Jogighopa in the State of Assam on EPC Mode Package-I Road and Utility Works,NHIDCL,Assam,2020-02-01,2020-09-01,2022-04-01,2024-09-01,693.97,693.97,296.96,100.0,NHIDCL,618455,N24002030,0.0,0.0,42.79147513581278,397.0100000000001,-57.20852486418722,19.0,7.0,67.0,29.0,1,0,Medium,0,0,0,0,0,100,0,0,30.0,MEDIUM,980
1890,Rehabilitation and upgradation to 2 lane / 2 lane with paved shoulder configuration for design chainage km 107.347 to km 129.208 & km 133.878 to km 138.570 existing chainage km 110.000 to km 133.020 & km 137.330 to km 142.028 and land slide treatment at existing km 138.500 Design chainage km 134.970 of NH -94 on EPC mode under improvement to NH connectivity to Chardham in the state of Uttarakhand.,MoRTH,Uttarakhand,2018-03-01,2019-01-01,2021-07-01,2024-06-01,346.5,346.5,0.0,100.0,MoRTH,618214,-,0.0,0.0,0.0,346.5,-100.0,30.0,10.0,87.0,35.0,1,0,Small,0,0,0,0,0,100,0,0,30.0,MEDIUM,980
1723,Rehabiitation and upgradation from km 121/000 to 154/000 Nakrekal to Mallampally section of NH-365 to 2 lane with paved shoulders in the state of Telangana in the EPC mode,MoRTH,Telangana,2018-03-01,2018-06-01,2019-12-01,2026-05-01,192.67,192.67,141.81,96.0,MoRTH,618025,N24000997,0.0,0.0,73.60253282815177,50.859999999999985,-22.39746717184823,18.0,3.0,94.0,77.0,1,0,Small,0,0,0,0,0,100,0,0,30.0,MEDIUM,980
316,Tezpur University Projects,Tezpur University,Assam,2019-05-01,2021-06-01,2023-11-01,2025-12-01,153.71,153.71,137.84,97.7,Tezpur University,606112,-,0.0,0.0,89.67536269598595,15.870000000000005,-8.02463730401405,29.0,25.0,58.0,25.0,1,0,Small,0,0,0,0,0,100,0,0,30.0,MEDIUM,980
1133,Construction & Upgradation to 2-lane with paved shoulder from Design Km 67.805 at the end of Km 83rd Tunnel near Dhrabshalla Ex. Km 83905 to Km 80.675 start of Kishtwar Bypass - Dulhasti Ex. Km 970751 of 12.870 Km length on chenani- Sudhmahadev-Goha Khellani-Kishtwar-vailoo-Donipawa-Ashajipora seition of NH-244 in the UT of J&K on EPC Mode under NHO-Gen Pkg-3,NHIDCL,"Jammu and
Kashmir",2021-03-01,2021-07-01,2022-12-01,2025-08-01,398.51,398.51,99.35,98.55,NHIDCL,618400,N24001341,0.0,0.0,24.930365611904342,299.15999999999997,-73.61963438809565,17.0,4.0,57.0,32.0,1,0,Small,0,0,0,0,0,100,0,0,30.0,MEDIUM,980
1131,Up-gradation to 2-lane with Paved Shoulder from Km 20.300 to Km 29.030 of 8.730 Km length on Goha-Khellani section on NH-244 in UT of Jammu and Kashmir on EPC Mode Package II,NHIDCL,"Jammu and
Kashmir",2020-07-01,2020-10-01,2022-04-01,2026-03-01,210.79,210.79,174.92,96.95,NHIDCL,618398,N24001266,0.0,0.0,82.98306371269985,35.870000000000005,-13.966936287300156,18.0,3.0,66.0,47.0,1,0,Small,0,0,0,0,0,100,0,0,30.0,MEDIUM,980
306,Jhansi Water Supply Infrastructure Phase-II Project,Ministry of Housing & Urban Affairs,Uttar Pradesh,2017-03-01,2019-06-01,2023-07-01,2026-05-01,561.74,561.74,500.04,95.0,Ministry of Housing & Urban Affairs,702949,-,0.0,0.0,89.0162708726457,61.69999999999999,-5.9837291273542945,49.0,27.0,82.0,34.0,1,0,Medium,0,0,0,0,0,100,0,0,30.0,MEDIUM,980
305,Patiala Water Supply Infrastructure Part-2 Project,Ministry of Housing & Urban Affairs,Punjab,2016-11-01,2020-08-01,2023-10-01,2026-06-01,287.0,287.0,213.64,99.0,Ministry of Housing & Urban Affairs,703057,-,0.0,0.0,74.4390243902439,73.36000000000001,-24.5609756097561,38.0,45.0,68.0,32.0,1,0,Small,0,0,0,0,0,100,0,0,30.0,MEDIUM,980
1701,Chengapalli km 102.035 to Neelambur Km144.680 and Madukkarai Km 170.880 to Walayar K183.010 Package No. NS-2/BOT/TN-08,National Highways Authority of India [NHAI],Tamil Nadu,2009-10-01,2010-09-01,2013-03-01,2026-10-01,852.0,285.55,5.09,100.0,National Highways Authority of India [NHAI],619086,-,-566.45,-66.48474178403757,1.782524951847312,280.46000000000004,-98.21747504815268,30.0,11.0,187.0,163.0,1,0,Medium,0,0,0,0,0,100,0,0,30.0,MEDIUM,980
1127,Up-gradation to 2-lane with Paved Shoulder from Km 12.850 to Km20.300 of 7.450Km length on Goha-Khellani section and a link road to Goha village of 2.016 km on NH- 244 in UT of Jammu and Kashmir on EPC Mode Pkg-1,NHIDCL,"Jammu and
Kashmir",2020-07-01,2020-10-01,2022-04-01,2026-10-01,228.39,225.37,163.81,94.26,NHIDCL,618394,N24001264,-3.019999999999982,-1.322299575287877,72.68491813462306,61.56,-21.575081865376944,18.0,3.0,66.0,54.0,1,0,Small,0,0,0,0,0,100,0,0,30.0,MEDIUM,980
1435,Construction of 2-laning with Hard shoulder road of Ukhrul - Tolloi - Tadubi section of NH-102A from Design Chainage 81.870 km to 105.825 km in the State of Manipur on EPC mode under NHO-TSP Package -4,NHIDCL,Manipur,2021-09-01,2022-08-01,2024-02-01,2026-05-01,310.76,310.76,247.28,96.8,NHIDCL,618389,N24001473,0.0,0.0,79.57266057407647,63.47999999999999,-17.22733942592353,18.0,11.0,44.0,27.0,1,0,Small,0,0,0,0,0,100,0,0,30.0,MEDIUM,980
1436,"Improvement of existing road to 2 laning with Hard Shoulders of Maram-Peren section Package-1B, length- 17.660 km from Design Chainage 22.340 km to 40.000 km on NH-129A in the State of Manipur on EPC mode",NHIDCL,Manipur,2021-02-01,2021-06-01,2022-12-01,2026-03-01,188.36,188.36,0.0,100.0,NHIDCL,618415,N24001350,0.0,0.0,0.0,188.36,-100.0,18.0,4.0,58.0,39.0,1,0,Small,0,0,0,0,0,100,0,0,30.0,MEDIUM,980
615,Ernakulam-Kumbalam doubling project [7.71 Km],SR-ERS,Kerala,2023-04-01,2023-04-01,2028-03-01,2027-02-01,601.0,595.39,308.42,25.0,SR-ERS,705639,N22000619,-5.610000000000014,-0.93344425956739,51.80134029795597,286.96999999999997,26.801340297955967,59.0,0.0,36.0,-13.0,0,0,Medium,0,1,0,0,0,0,75,75,30.0,MEDIUM,980
1438,Rehabilitation and Up-gradation of Nongstoin Wahkaji section of Project Road Km 0000 to Km 43060 to Intermediate Lane with earthern shoulder under SARDP-NE Phase-A in the State of Meghalaya on EPC mode. Job No- SARDP-NE ong-Don- Maw/MG/2020-21/294,MoRTH,Meghalaya,2020-08-01,2022-02-01,2023-08-01,2026-05-01,302.88,302.88,182.58,99.1,MoRTH,617885,N24001441,0.0,0.0,60.28129952456419,120.29999999999998,-38.81870047543581,18.0,18.0,50.0,33.0,1,0,Small,0,0,0,0,0,100,0,0,30.0,MEDIUM,980
303,Solapur Sewerage Management Infrastructure Project,Ministry of Housing & Urban Affairs,Maharashtra,2017-03-01,2018-04-01,2023-03-01,2026-06-01,180.24,180.24,172.22,98.0,Ministry of Housing & Urban Affairs,702854,-,0.0,0.0,95.55037727474478,8.02000000000001,-2.4496227252552245,59.0,13.0,96.0,39.0,1,0,Small,0,0,0,0,0,100,0,0,30.0,MEDIUM,980
302,Pune Water Supply Infrastructure Project,Ministry of Housing & Urban Affairs,Maharashtra,2017-03-01,2017-07-01,2023-03-01,2026-05-01,235.95,235.95,220.77,95.0,Ministry of Housing & Urban Affairs,702851,-,0.0,0.0,93.56643356643356,15.179999999999978,-1.4335664335664262,68.0,4.0,105.0,38.0,1,0,Small,0,0,0,0,0,100,0,0,30.0,MEDIUM,980
618,Doubling of Katni - Singrauli Railway Line [261 km],Indian Railway Construction International Limited [IRCON],Madhya Pradesh,2016-03-01,2017-03-01,2025-12-01,2025-12-01,2445.0,4377.0,3306.78,81.1,Indian Railway Construction International Limited [IRCON],705660,N22000351,1932.0,79.01840490797547,75.54900616860864,1070.2199999999998,-5.550993831391352,105.0,12.0,109.0,0.0,0,1,Large,0,0,0,0,100,0,0,0,30.0,MEDIUM,980
1698,6-laning of Krishnagiri Km.0.000 to Walajahpet Km.148.300 section on NH-46 under NHDP-V,National Highways Authority of India [NHAI],Tamil Nadu,2009-12-01,2011-06-01,2013-12-01,2026-06-01,1673.17,781.74,269.61,99.99,National Highways Authority of India [NHAI],619074,-,-891.4300000000001,-53.27790959675347,34.48844884488449,512.13,-65.50155115511551,30.0,18.0,178.0,150.0,1,0,Large,0,0,0,0,0,100,0,0,30.0,MEDIUM,980
301,Mira-Bhayandar Water Supply Infrastructure Project,Ministry of Housing & Urban Affairs,Maharashtra,2016-11-01,2018-08-01,2023-03-01,2026-05-01,204.55,204.55,186.13,99.0,Ministry of Housing & Urban Affairs,702840,-,0.0,0.0,90.9948667807382,18.420000000000016,-8.005133219261793,55.0,21.0,92.0,38.0,1,0,Small,0,0,0,0,0,100,0,0,30.0,MEDIUM,980
300,Kalyan-Dombivali Water Supply Infrastructure Project,Ministry of Housing & Urban Affairs,Maharashtra,2016-07-01,2019-09-01,2023-10-01,2026-06-01,194.2,194.2,136.56,75.0,Ministry of Housing & Urban Affairs,702833,-,0.0,0.0,70.31925849639548,57.639999999999986,-4.680741503604523,49.0,38.0,79.0,32.0,1,0,Small,0,0,0,0,0,100,0,0,30.0,MEDIUM,980
1705,Four Laning of Chettikulam to Natham section of NH-785,National Highways Authority of India [NHAI],Tamil Nadu,2018-03-01,2018-11-01,2020-11-01,2026-06-01,837.61,823.93,169.31,99.75,National Highways Authority of India [NHAI],619131,N24000826,-13.680000000000064,-1.63321832356348,20.549075770999963,654.6199999999999,-79.20092422900004,24.0,8.0,89.0,67.0,1,0,Medium,0,0,0,0,0,100,0,0,30.0,MEDIUM,980
1140,4L Ring road/bypass around Srinagar city from km 0.000 to km 42.100 Phase-I,National Highways Authority of India [NHAI],"Jammu and
Kashmir",2021-03-01,2021-08-01,2024-02-01,2026-07-01,2919.96,2604.76,1770.97,87.0,National Highways Authority of India [NHAI],618541,N24001511,-315.1999999999998,-10.794668420115338,67.98975721371642,833.7900000000002,-19.010242786283584,30.0,5.0,56.0,29.0,1,0,Large,0,0,0,0,0,100,0,0,30.0,MEDIUM,980
1142,"4L twin tube tunnel including approaches from Digdol to Khuni Nallah North Bound connecting with existing major bridge on NB and South Bound connecting with Tunnel T4 ,Single tube tunnel of Ramban to Banihal Pkg-II of Old NH-1A New NH-44",National Highways Authority of India [NHAI],"Jammu and
Kashmir",2021-07-01,2022-02-01,2024-06-01,2026-08-01,1401.87,1020.99,989.45,87.1,National Highways Authority of India [NHAI],618544,N24001622,-380.8799999999999,-27.169423698345778,96.91084143821192,31.539999999999964,9.810841438211938,28.0,7.0,50.0,26.0,1,0,Large,0,0,0,0,0,100,0,0,30.0,MEDIUM,980
1430,Construction of 2 -Lane with paved shoulders road from Tamenglong to Mahur in the state of Manipur from km 31.430 at Old Tamenglong to km 43.480 ending near Phelong on EPC Mode Package-3,NHIDCL,Manipur,2021-03-01,2021-06-01,2022-12-01,2026-04-01,234.08,234.08,196.29,100.0,NHIDCL,618356,N24001354,0.0,0.0,83.85594668489405,37.79000000000002,-16.14405331510595,18.0,3.0,58.0,40.0,1,0,Small,0,0,0,0,0,100,0,0,30.0,MEDIUM,980
1423,Widening to 2-lane with Hard shoulder of Churachandpur to Tuivai Section of NH- 102B from Design Chainage 69.875 Km to 121.769 Km in the State of Manipur on EPC mode Package-3,NHIDCL,Manipur,2021-03-01,2021-08-01,2023-08-01,2026-12-01,673.27,673.27,500.96,82.93,NHIDCL,618344,N24001792,0.0,0.0,74.40699867809349,172.31,-8.52300132190652,24.0,5.0,56.0,40.0,1,0,Medium,0,0,0,0,0,100,0,0,30.0,MEDIUM,980
1424,Widening to 2-lane with Hard shoulder of Churachandpur to Tuivai Section from Km 48.587 to Km 69.875 in the State of Manipur on EPC mode under NHO Package-2B,NHIDCL,Manipur,2020-06-01,2020-08-01,2022-08-01,2026-05-01,365.53,365.53,187.39,85.09,NHIDCL,618345,N24001730,0.0,0.0,51.26528602303505,178.14,-33.82471397696495,24.0,2.0,68.0,45.0,1,0,Small,0,0,0,0,0,100,0,0,30.0,MEDIUM,980
1959,Jigaon Irrigation Project,Department of water resources-MH - II,Maharashtra,2017-04-01,2018-04-01,2028-06-01,,7222.95,7222.95,10516.63,92.0,Department of water resources-MH - II,400112,-,0.0,0.0,145.60020490242906,-3293.6799999999994,53.600204902429056,122.0,12.0,96.0,,0,0,Mega,0,1,1,0,0,50,0,100,30.0,MEDIUM,980
1721,Widening to 2/4 Lane with paved shoulders from Km 182.120 to Km 227.600 of NH 167 on Haggari-Jadcherla Road on EPC mode under NHO in the state of Telangana,MoRTH,Telangana,2016-10-01,2017-02-01,2019-02-01,2026-03-01,298.0,298.0,234.7,95.6,MoRTH,617996,N24002132,0.0,0.0,78.75838926174497,63.30000000000001,-16.841610738255028,24.0,4.0,110.0,85.0,1,0,Small,0,0,0,0,0,100,0,0,30.0,MEDIUM,980
1426,Widening to 2-lane with Hard shoulder of Churachandpur to Tuivai Section of NH- 102B from km 13.747 to km 32.835 in the State of Manipur on EPC mode under NHO Package-1B,NHIDCL,Manipur,2020-04-01,2020-07-01,2022-06-01,2026-03-01,241.52,241.52,152.85,96.54,NHIDCL,618347,N24001269,0.0,0.0,63.28668433256045,88.67000000000002,-33.25331566743956,23.0,3.0,69.0,45.0,1,0,Small,0,0,0,0,0,100,0,0,30.0,MEDIUM,980
1720,Widening to Two Lane with Paved Shoulders from Km 67.000 to Km 114.425 of Kalwakurthy- Mallapally Section of NH 167 Erstwhile section of SH 18 in the State of Telangana on EPC mode under NH O Annual Plan 2016-17,MoRTH,Telangana,2017-01-01,2017-05-01,2019-05-01,2025-12-01,300.0,300.0,175.1,99.2,MoRTH,617995,N24001323,0.0,0.0,58.36666666666667,124.9,-40.833333333333336,24.0,4.0,107.0,79.0,1,0,Small,0,0,0,0,0,100,0,0,30.0,MEDIUM,980
1429,"Construction of of 2 -Lane with paved shoulders road from Tamenglong-Tousem- Lisang-Mahur Road NH-137 starting near Dialong Village from km 10.000 at Dialong to km 31.430 near Old Tamenglong , near Barak River on EPC Mode Package-2",NHIDCL,Manipur,2021-07-01,2021-09-01,2023-03-01,2026-03-01,483.87,483.87,361.96,95.28,NHIDCL,618355,N24001403,0.0,0.0,74.80521627709922,121.91000000000004,-20.47478372290078,18.0,2.0,55.0,36.0,1,0,Small,0,0,0,0,0,100,0,0,30.0,MEDIUM,980
1719,Rehabilitation and upgradation of NH-167 from design km 113.900 to 154.479 Mallepally Haliya section to two lane with paved shoulders on EPC mode in the stte of Telangana,MoRTH,Telangana,2018-02-01,2018-06-01,2019-11-01,2025-12-01,294.13,257.61,239.25,88.22,MoRTH,617994,N24001263,-36.51999999999998,-12.41627851630231,92.87294747874694,18.360000000000017,4.652947478746938,17.0,4.0,94.0,73.0,1,0,Small,0,0,0,0,0,100,0,0,30.0,MEDIUM,980
1714,Widening to Two with Paved shoulders from Km 59.500 to Km 132.033 of Manneguda- Ravunapally section of NH-163 Erstwhile SH-4 in the State of Telangana on EPC mode under NH O Annual Plan 2016-17,MoRTH,Telangana,2017-03-01,2017-05-01,2019-05-01,2026-05-01,359.0,359.0,0.0,99.92,MoRTH,617981,-,0.0,0.0,0.0,359.0,-99.92,24.0,2.0,107.0,84.0,1,0,Small,0,0,0,0,0,100,0,0,30.0,MEDIUM,980
1151,Widening to 2-lane with paved shoulder from km 0.00 to 44.00 Kuru-Ghaghra section of NH-143A including re-construction of culverts and bridges.,MoRTH,Jharkhand,2020-02-01,2021-08-01,2023-08-01,2026-03-01,153.01,133.67,84.74,93.0,MoRTH,618084,N24001922,-19.340000000000003,-12.639696751846287,63.39492780728661,48.92999999999999,-29.605072192713394,24.0,18.0,56.0,31.0,1,0,Small,0,0,0,0,0,100,0,0,30.0,MEDIUM,980
1718,Rehabilitation and upgradation of NH-167 from design km 157.707 to 187.723 design length 30.016 km to two lane with paved shoulders of Alinagar-Miryalaguda Sec on EPC mode in the state of Telangana,MoRTH,Telangana,2018-02-01,2018-05-01,2019-11-01,2026-06-01,220.28,220.28,0.0,97.74,MoRTH,617993,-,0.0,0.0,0.0,220.28,-97.74,18.0,3.0,95.0,79.0,1,0,Small,0,0,0,0,0,100,0,0,30.0,MEDIUM,980
1431,Construction of 2 -Lane with paved shoulders road from Tamenglong to Mahur NH- 137 in Manipur starting from km 54.180 near Azuram to km 80.630 near Mandeu on EPC Mode Package 5,NHIDCL,Manipur,2021-09-01,2021-11-01,2023-05-01,2026-01-01,477.86,477.86,330.1,84.87,NHIDCL,618357,N24001436,0.0,0.0,69.07880969321559,147.76,-15.791190306784417,18.0,2.0,53.0,32.0,1,0,Small,0,0,0,0,0,100,0,0,30.0,MEDIUM,980
1148,Construction/upgradation to 2-lane with paved shoulder from Design Km 95.55 Bandarkoot to Km. 111.06 Chattroo of 15.52 Km length on Khellani-Kishtwar-Chattroo section on NH-244 in UT of Jammu and Kashmir on EPC Mode Pkg-5,NHIDCL,"Jammu and
Kashmir",2021-03-01,2021-08-01,2023-02-01,2026-03-01,497.09,497.09,240.1,99.97,NHIDCL,619038,N24001396,0.0,0.0,48.301112474602185,256.99,-51.668887525397814,18.0,5.0,56.0,37.0,1,0,Small,0,0,0,0,0,100,0,0,30.0,MEDIUM,980
1432,Construction of 2 -Lane with paved shoulders road from Tamenglong to Mahur NH- 137 starting from km 80.630 near Mandeu to km 96.870 near Jiri River on EPC Mode Package-6,NHIDCL,Manipur,2021-09-01,2021-11-01,2023-05-01,2025-12-01,311.18,311.18,230.69,86.73,NHIDCL,618358,N24001437,0.0,0.0,74.13394177003664,80.49000000000001,-12.59605822996336,18.0,2.0,53.0,31.0,1,0,Small,0,0,0,0,0,100,0,0,30.0,MEDIUM,980
1717,Rehabilitation & upgradation of NH - 167 from design km 187.723 to 234.434 Miryalaguda to Kodad section to two lane with paved shoulder on EPC mode in the state of Telangana,MoRTH,Telangana,2018-03-01,2018-09-01,2020-09-01,2026-06-01,322.81,322.81,148.48,98.14,MoRTH,617992,N24001281,0.0,0.0,45.99609677519283,174.33,-52.14390322480717,24.0,6.0,91.0,69.0,1,0,Small,0,0,0,0,0,100,0,0,30.0,MEDIUM,980
71,AMADAND OCP[4.0MTY],Ministry of Coal,Madhya Pradesh,2016-03-01,2016-03-01,2021-03-01,2027-03-01,869.44,869.44,325.4,75.15,Ministry of Coal,400148,N06000148,0.0,0.0,37.4263894000736,544.0400000000001,-37.7236105999264,60.0,0.0,121.0,72.0,1,0,Medium,0,0,0,0,0,100,0,0,30.0,MEDIUM,980
1425,Widening to 2-lane with Hard shoulder of Churachandpur to Tuivai Section of NH- 102B from km 32.835 to km 48.587 in the State of Manipur on EPC mode under NHO Package-2A,NHIDCL,Manipur,2020-04-01,2020-07-01,2022-06-01,2026-03-01,232.99,232.99,149.21,96.35,NHIDCL,618346,N24001270,0.0,0.0,64.04137516631614,83.78,-32.30862483368385,23.0,3.0,69.0,45.0,1,0,Small,0,0,0,0,0,100,0,0,30.0,MEDIUM,980
1209,Belakeri Port to Kumta - Sirsi road from km 0.00 - km 4.265 of Belekeri Port Road Link Rd. and km 4.965 - km 60.00 of SH-69,National Highways Authority of India [NHAI],Karnataka,2018-03-01,2020-12-01,2022-12-01,2026-06-01,456.79,456.79,436.72,91.65,National Highways Authority of India [NHAI],618799,N24001599,0.0,0.0,95.60629610980976,20.069999999999993,3.956296109809756,24.0,33.0,64.0,42.0,1,0,Small,0,0,0,0,0,100,0,0,30.0,MEDIUM,980
1886,Rehabilitation and upgradation of Askot-Lipulekh on EPC Basis for Phase-I Existing Km 72.00 to 107.620 Design Chainage Km 21330 to Km 56935 under Project Hirak of BRO in the state of Uttarakhand under Bharatmala Pariyojna Phase-I on EPC Mode Length-35.605 Km CA No EPC/MORT&H/HRK/01/2021-22,MoRTH,Uttarakhand,2020-09-01,2021-12-01,2023-12-01,2026-06-01,603.92,603.92,0.0,81.17,MoRTH,618210,-,0.0,0.0,0.0,603.92,-81.17,24.0,15.0,52.0,30.0,1,0,Medium,0,0,0,0,0,100,0,0,30.0,MEDIUM,980
534,Kotapalli - Narasapur New Line,South Central Railway [SCR] - II,Andhra Pradesh,2009-03-01,2013-09-01,2028-03-01,2028-03-01,2501.0,2501.0,1417.65,30.01,South Central Railway [SCR] - II,705436,220100265,0.0,0.0,56.68332666933227,1083.35,26.673326669332265,174.0,54.0,151.0,0.0,0,0,Large,0,1,0,0,0,0,75,75,30.0,MEDIUM,980
1357,Paithan - Shirur section 2LPS Km 0.0 to 55.00,MoRTH,Maharashtra,2017-03-01,2017-06-01,2019-06-01,2026-05-01,341.8,341.8,0.0,82.0,MoRTH,618172,N24001122,0.0,0.0,0.0,341.8,-82.0,24.0,3.0,106.0,83.0,1,0,Small,0,0,0,0,0,100,0,0,30.0,MEDIUM,980
1281,4L of Indore - Boregaon Pkg-III [Balwara to Dhangaon] from km. 42.260 to km. 82.660 of NH347BG & 753L,National Highways Authority of India [NHAI],Madhya Pradesh,2021-01-01,2022-04-01,2024-04-01,2026-07-01,1001.69,888.81,698.97,89.0,National Highways Authority of India [NHAI],618622,N24001767,-112.88000000000012,-11.268955465263716,78.64110439801533,189.83999999999992,-10.35889560198467,24.0,15.0,48.0,27.0,1,0,Large,0,0,0,0,0,100,0,0,30.0,MEDIUM,980
8,Goa Airport Terminal Building Extension Project,Airport Authority of India [AAI],Goa,2017-11-01,2019-12-01,2021-12-01,2026-04-01,255.69,255.69,156.7,100.0,701105,N04000095,4831,0.0,0.0,61.28514998631155,98.99,-38.71485001368845,24.0,25.0,76.0,52.0,1,0,Small,0,0,0,0,0,100,0,0,30.0,MEDIUM,980
1358,Shirur-Kharda section from 55937 km to 114486 km to 2LPS/4L,MoRTH,Maharashtra,2017-02-01,2017-06-01,2019-06-01,2025-09-01,381.77,381.77,0.0,83.93,MoRTH,618173,N24001123,0.0,0.0,0.0,381.77,-83.93,24.0,4.0,106.0,75.0,1,0,Small,0,0,0,0,0,100,0,0,30.0,MEDIUM,980
1817,Varanasi Ring Road Pkg-II connecting Sandaha Village km 11.70 / NH-29 with Revasa Village km 818.80 / NH-2,National Highways Authority of India [NHAI],Uttar Pradesh,2017-12-01,2019-02-01,2022-02-01,2026-10-01,1991.71,1832.66,1008.02,94.79,National Highways Authority of India [NHAI],618529,N24001826,-159.04999999999995,-7.98560031329862,55.00311023321293,824.6400000000001,-39.78688976678708,36.0,14.0,86.0,56.0,1,0,Large,0,0,0,0,0,100,0,0,30.0,MEDIUM,980
1362,Pal Phata Phulambri - Khultabad 2LPS,MoRTH,Maharashtra,2018-03-01,2018-06-01,2019-12-01,2025-12-01,227.19,227.19,0.0,99.15,MoRTH,618177,N24001060,0.0,0.0,0.0,227.19,-99.15,18.0,3.0,94.0,72.0,1,0,Small,0,0,0,0,0,100,0,0,30.0,MEDIUM,980
1365,Pune raigarh District Border To Mangaon Ch 69000 to 103775 NH-753F,MoRTH,Maharashtra,2018-03-01,2018-06-01,2019-12-01,2024-06-01,223.46,223.46,0.0,89.08,MoRTH,618180,N24001082,0.0,0.0,0.0,223.46,-89.08,18.0,3.0,94.0,54.0,1,0,Small,0,0,0,0,0,100,0,0,30.0,MEDIUM,980
1368,Balance work of Rehabilitation and Up-gradation to 2-lane road with paved shoulders configuration for NH- 965DD from Pacharal-Mandangad-Mhapral-Rajewadi Upto Junction of NH-66 Ch-22700 to 75100 Km and Ambadave connector Birth place of Dr. Babasaheb Ambedkar Ch-0000 to 7325 Km length Km 59.725 in the state of Maharashtra on EPC mode. Balance Work,MoRTH,Maharashtra,2018-03-01,2022-01-01,2024-01-01,2026-06-01,388.93,341.69,0.0,93.0,MoRTH,618198,N24001107,-47.24000000000001,-12.146144550433242,0.0,341.69,-93.0,24.0,46.0,51.0,29.0,1,0,Small,0,0,0,0,0,100,0,0,30.0,MEDIUM,980
418,North East Gas Grid,Ministry of Petroleum & Natural Gas,"Multi-States
(Arunachal
Pradesh, Assam,
Manipur,
Meghalaya,
Mizoram,
Nagaland, Sikkim,
Tripura, West
Bengal)",2020-04-01,2020-04-01,2024-03-01,2026-07-01,9265.0,9265.0,6877.97,87.6,Ministry of Petroleum & Natural Gas,701346,N16000439,0.0,0.0,74.23604964921748,2387.0299999999997,-13.363950350782517,47.0,0.0,72.0,28.0,1,0,Mega,0,0,0,0,0,100,0,0,30.0,MEDIUM,980
1813,Rehabilitation and upgradation to 2-lane with paved sholuders configuration of Bewar- Allahaganj- section of NH-730C Km.0.000 to Km 52.770 pakage-I in state of Uttar Pradesh undergreen national Highway Corridor Project GNHCP with the loan assistance of world Bank on EPC mode.,MoRTH,Uttar Pradesh,2020-04-01,2022-11-01,2024-11-01,2026-06-01,325.24,340.16,0.0,98.0,MoRTH,618266,N24001471,14.920000000000016,4.587381625876281,0.0,340.16,-98.0,24.0,31.0,41.0,19.0,1,1,Small,0,0,0,0,25,75,0,0,30.0,MEDIUM,980
422,Mehsana-Bhatinda & Bhatinda-Jammu Natural Gas Pipeline,Ministry of Petroleum & Natural Gas,"Multi-States
(Gujarat, Haryana,
Punjab,
Rajasthan)",2011-07-01,2011-07-01,2024-06-01,2026-12-01,7392.0,7392.0,6354.05,90.2,Ministry of Petroleum & Natural Gas,701330,-,0.0,0.0,85.95846861471863,1037.9499999999998,-4.241531385281377,155.0,0.0,177.0,30.0,1,0,Mega,0,0,0,0,0,100,0,0,30.0,MEDIUM,980
425,City Gas Distribution Maharashtra Natural Gas Limited,Ministry of Petroleum & Natural Gas,"Multi-States
(Karnataka,
Maharashtra)",2006-01-01,2006-01-01,2031-06-01,2031-06-01,5535.0,5535.0,4230.6,47.0,Ministry of Petroleum & Natural Gas,701338,-,0.0,0.0,76.43360433604337,1304.3999999999996,29.433604336043373,305.0,0.0,243.0,0.0,0,0,Mega,0,1,0,0,0,0,75,75,30.0,MEDIUM,980
1374,Vadodara Mumbai Expressway Phase II - Pkg XVI [Km. 43.000 to Km. 69.800 of Spur] Amne - Bhoj,National Highways Authority of India [NHAI],Maharashtra,2021-06-01,2022-11-01,2024-10-01,2026-06-01,4051.8,4315.56,905.74,90.7,National Highways Authority of India [NHAI],618472,N24001508,263.7600000000002,6.509699392862436,20.987774471910942,3409.8200000000006,-69.71222552808905,23.0,17.0,41.0,20.0,1,1,Large,0,0,0,0,25,75,0,0,30.0,MEDIUM,980
1375,Vadodara Mumbai Expressway Phase II - Pkg XVII [Km. 69.800 to Km. 79.783 of Spur] Bhoj - Morbe,National Highways Authority of India [NHAI],Maharashtra,2021-09-01,2023-01-01,2025-07-01,2026-06-01,2208.68,2463.02,827.11,84.25,National Highways Authority of India [NHAI],618473,N24001608,254.34000000000017,11.515475306517928,33.58113210611363,1635.91,-50.66886789388637,30.0,16.0,39.0,11.0,1,1,Large,0,0,0,0,50,50,0,0,30.0,MEDIUM,980
1377,Tunnel at Khambataki Ghat Section and its approaches from existing Km. 771.730 to existing Km. 782.000,National Highways Authority of India [NHAI],Maharashtra,2017-11-01,2019-02-01,2022-02-01,2026-08-01,907.03,816.12,538.76,87.27,National Highways Authority of India [NHAI],618512,N24001486,-90.90999999999995,-10.022821736877498,66.01480174484145,277.36,-21.255198255158547,36.0,15.0,86.0,54.0,1,0,Medium,0,0,0,0,0,100,0,0,30.0,MEDIUM,980
1283,Indore - Gujarat / MP Border from km. Km 9.500 to Km 171.000 of NH-59 in MP,National Highways Authority of India [NHAI],Madhya Pradesh,2009-12-01,2010-08-01,2013-02-01,2026-05-01,1175.0,217.22,14.04,99.93,National Highways Authority of India [NHAI],618625,-,-957.78,-81.5131914893617,6.463493232667342,203.18,-93.46650676733266,30.0,8.0,188.0,159.0,1,0,Large,0,0,0,0,0,100,0,0,30.0,MEDIUM,980
1354,Satara to Mhaswad,MoRTH,Maharashtra,2017-01-01,2017-08-01,2019-08-01,2025-07-01,653.46,653.46,7.33,98.08,MoRTH,618153,N24000979,0.0,0.0,1.1217212989318397,646.13,-96.95827870106817,24.0,7.0,104.0,71.0,1,0,Medium,0,0,0,0,0,100,0,0,30.0,MEDIUM,980
1823,6L of Agra Bypass Northern connecting Km. 174.500 of NH-2 new NH-19 to Km. 141.000 of Yamuna Expressways,National Highways Authority of India [NHAI],Uttar Pradesh,2022-01-01,2023-02-01,2025-02-01,2026-05-01,957.62,1034.42,758.4,99.7,National Highways Authority of India [NHAI],618553,N24001852,76.80000000000007,8.019882625676162,73.31644786450377,276.0200000000001,-26.38355213549623,24.0,13.0,38.0,15.0,1,1,Medium,0,0,0,0,25,75,0,0,30.0,MEDIUM,980
1303,4L of Chandesara to Khedakhajuriya from Km. 0.000 to - 750 & Km 0.000 to km 41.400 of NH-148NG Pkg-I,National Highways Authority of India [NHAI],Madhya Pradesh,2021-12-01,2022-09-01,2024-05-01,2026-05-01,909.84,976.55,436.44,99.0,National Highways Authority of India [NHAI],618735,N24001759,66.70999999999992,7.332058383891664,44.69202805795914,540.1099999999999,-54.30797194204086,20.0,9.0,43.0,24.0,1,1,Medium,0,0,0,0,25,75,0,0,30.0,MEDIUM,980
1841,2L PS of Raebareli - Jagdishpur with 4L Jagdishpur Bypass Spur,National Highways Authority of India [NHAI],Uttar Pradesh,2021-02-01,2022-01-01,2024-01-01,2025-06-01,706.41,752.52,515.53,97.2,National Highways Authority of India [NHAI],618854,N24001306,46.110000000000014,6.527370790334228,68.5071493116462,236.99,-28.6928506883538,24.0,11.0,51.0,17.0,1,1,Medium,0,0,0,0,25,75,0,0,30.0,MEDIUM,980
1320,Nasratpur to Barasgaon section of NH-61 2L / 4L PS from Km.514/00 to 558/200,MoRTH,Maharashtra,2017-07-01,2017-09-01,2019-09-01,2026-06-01,406.54,406.54,0.0,95.84,MoRTH,617934,N24001112,0.0,0.0,0.0,406.54,-95.84,24.0,2.0,103.0,81.0,1,0,Small,0,0,0,0,0,100,0,0,30.0,MEDIUM,980
1846,4L from Mathura Bypass Start at Existing Km. 154.20 of NH-44 to Gaju Village at Km 32.982 of NH-530B Pkg-IB,National Highways Authority of India [NHAI],Uttar Pradesh,2022-01-01,2023-03-01,2025-03-01,2026-05-01,1722.11,1820.77,1049.87,99.9,National Highways Authority of India [NHAI],618864,N24001851,98.66000000000008,5.7290184715262145,57.66076989405581,770.9000000000001,-42.239230105944195,24.0,14.0,37.0,14.0,1,1,Large,0,0,0,0,25,75,0,0,30.0,MEDIUM,980
382,Redevelopment of Sobhasan Complex,Oil and Natural Gas Corporation Limited [ONGC],Gujarat,2021-08-01,2021-08-01,2027-03-01,2027-03-01,885.63,1347.61,990.06,87.5,Oil and Natural Gas Corporation Limited [ONGC],400087,N16000431,461.9799999999999,52.163996251256165,73.4678430703245,357.54999999999995,-14.032156929675494,67.0,0.0,56.0,0.0,0,1,Medium,0,0,0,0,100,0,0,0,30.0,MEDIUM,980
1325,Kashedi to Parshuram Ghat section of NH-66 from Km 161/600 - Km 205/400 - 4L PS,MoRTH,Maharashtra,2016-03-01,2018-02-01,2020-02-01,2025-12-01,1142.62,1142.62,0.0,97.5,MoRTH,617946,N24000584,0.0,0.0,0.0,1142.62,-97.5,24.0,23.0,98.0,70.0,1,0,Large,0,0,0,0,0,100,0,0,30.0,MEDIUM,980
1305,Itarsi Km. 63.000 to Betul Km. 137.000 of NH-69 in Madhya Pradesh,National Highways Authority of India [NHAI],Madhya Pradesh,2017-08-01,2018-02-01,2020-02-01,2026-05-01,950.27,788.33,397.17,100.0,National Highways Authority of India [NHAI],618762,-,-161.93999999999994,-17.041472423626963,50.38118554412492,391.16,-49.61881445587508,24.0,6.0,98.0,75.0,1,0,Medium,0,0,0,0,0,100,0,0,30.0,MEDIUM,980
402,Revamping/ Augmentation of facilities at existing port terminal at Mangalore,Ministry of Petroleum & Natural Gas,Karnataka,2022-01-01,2022-01-01,2025-12-01,2027-06-01,463.0,500.62,302.1,83.0,Ministry of Petroleum & Natural Gas,709774,N16000437,37.620000000000005,8.125269978401729,60.345171986736446,198.52,-22.65482801326355,47.0,0.0,51.0,18.0,1,1,Small,0,0,0,0,25,75,0,0,30.0,MEDIUM,980
1353,Mhaswad to Tembhurni section of NH-548C - 2L PS,MoRTH,Maharashtra,2017-01-01,2017-08-01,2019-07-01,2025-12-01,488.6,488.6,0.0,96.19,MoRTH,618152,N24002132,0.0,0.0,0.0,488.6,-96.19,23.0,7.0,104.0,77.0,1,0,Small,0,0,0,0,0,100,0,0,30.0,MEDIUM,980
1832,DL/UP Border - EPE Crossing Pkg-02,National Highways Authority of India [NHAI],Uttar Pradesh,2020-09-01,2021-05-01,2023-11-01,2026-05-01,2002.79,1889.78,1732.92,100.0,National Highways Authority of India [NHAI],618710,N24001830,-113.01,-5.6426285331961905,91.699562912085,156.8599999999999,-8.300437087914986,30.0,8.0,59.0,30.0,1,0,Large,0,0,0,0,0,100,0,0,30.0,MEDIUM,980
1340,Sarsam - Kothari of NH-161A - 2L PS from Km.33/00 to 90/00,MoRTH,Maharashtra,2017-02-01,2017-06-01,2019-06-01,2025-11-01,545.64,545.64,0.0,97.25,MoRTH,618090,N24001002,0.0,0.0,0.0,545.64,-97.25,24.0,4.0,106.0,77.0,1,0,Medium,0,0,0,0,0,100,0,0,30.0,MEDIUM,980
1341,Pen to Khopoli 2LPS,MoRTH,Maharashtra,2018-03-01,2018-06-01,2019-12-01,2025-12-01,369.39,369.39,323.75,86.3,MoRTH,618094,N24001106,0.0,0.0,87.64449497820732,45.639999999999986,1.3444949782073223,18.0,3.0,94.0,72.0,1,0,Small,0,0,0,0,0,100,0,0,30.0,MEDIUM,980
1343,Guhagar - Rampur - 2L-PS - km 0/00 Guhagar to 26/230 Rampur and 40/00 Mirjoli to 53/600 Sati on NH-166E,MoRTH,Maharashtra,2017-01-01,2017-06-01,2019-06-01,2025-08-01,407.2,407.2,0.0,91.89,MoRTH,618097,N24001057,0.0,0.0,0.0,407.2,-91.89,24.0,5.0,106.0,74.0,1,0,Small,0,0,0,0,0,100,0,0,30.0,MEDIUM,980
1290,4L of Sagar - Mohari from Km.8 to Km.50 Pkg-I,National Highways Authority of India [NHAI],Madhya Pradesh,2021-03-01,2022-04-01,2024-04-01,2026-05-01,790.78,660.38,454.77,98.64,National Highways Authority of India [NHAI],618665,N24001615,-130.39999999999998,-16.490047800905433,68.86489596898755,205.61,-29.775104031012447,24.0,13.0,48.0,25.0,1,0,Medium,0,0,0,0,0,100,0,0,30.0,MEDIUM,980
1348,Upgradatiobn and Rehabilitation of Section of NH 361 F from Parli 00/000 to Gangakhed 30/400 to Two Lanes with paved shoulder / Four lane configurations on EPC mode in the State of Maharashtra.,MoRTH,Maharashtra,2021-03-01,2022-02-01,2023-09-01,2026-03-01,224.44,224.44,0.0,91.0,MoRTH,618136,N24001537,0.0,0.0,0.0,224.44,-91.0,19.0,11.0,50.0,30.0,1,0,Small,0,0,0,0,0,100,0,0,30.0,MEDIUM,980
429,Integrated Para Xylene [PX] and Purified Terephthalic Acid [PTA] Project at Paradip Refinery,Ministry of Petroleum & Natural Gas,Odisha,2020-07-01,2020-07-01,2024-01-01,2026-08-01,13805.0,11783.0,8450.45,93.9,Ministry of Petroleum & Natural Gas,604859,N16000396,-2022.0,-14.64686707714596,71.71730459136045,3332.5499999999993,-22.18269540863956,42.0,0.0,69.0,31.0,1,0,Mega,0,0,0,0,0,100,0,0,30.0,MEDIUM,980
1801,Rehabilitation and upgradation to 2-lane with paved sholuders configuration of Bewar- naer Karri village section Km0.00 to Km30.00 Pakage-I of NH-92 in state of Uttar Pradesh undergreen national Highway Corridor Project GNHCP with the loan assistance of world Bank on EPC mode.,MoRTH,Uttar Pradesh,2020-04-01,2022-09-01,2024-03-01,2026-06-01,236.47,236.47,0.0,90.0,MoRTH,618240,N24001461,0.0,0.0,0.0,236.47,-90.0,18.0,29.0,43.0,27.0,1,0,Small,0,0,0,0,0,100,0,0,30.0,MEDIUM,980
1257,Widening & Up-gradation to 2 lane with paved shoulder of NH-301 Kargil- Zanskar Road from Design Km .30.040 Ex. Km. 30.000 to Design Km 57.000 Ex. Km. 57.905 of 26.960 Km length Pkg-II,NHIDCL,Ladakh,2021-03-01,2021-07-01,2023-01-01,2026-10-01,404.89,404.89,321.28,75.38,NHIDCL,618410,N24001344,0.0,0.0,79.3499468991578,83.61000000000001,3.969946899157805,18.0,4.0,57.0,45.0,1,0,Small,0,0,0,0,0,100,0,0,30.0,MEDIUM,980
59,MOONIDIH XV SEAM UG,Bharat Coking Coal Limited (BCCL),Jharkhand,2011-08-01,2011-08-01,2019-03-01,2026-08-01,1230.27,1230.27,709.81,82.45,BCCL,400425,N06000098,0.0,0.0,57.69546522308111,520.46,-24.754534776918895,91.0,0.0,176.0,89.0,1,0,Large,0,0,0,0,0,100,0,0,30.0,MEDIUM,980
1216,Tumkur-Chitradurga,National Highways Authority of India [NHAI],Karnataka,2010-04-01,2011-06-01,2013-12-01,2026-06-01,839.0,47.44,8.42,100.0,National Highways Authority of India [NHAI],619070,-,-791.56,-94.3456495828367,17.74873524451939,39.02,-82.2512647554806,30.0,14.0,178.0,150.0,1,0,Medium,0,0,0,0,0,100,0,0,30.0,MEDIUM,980
354,Kandla Gorakhpur LPG Pipeline,Ministry of Petroleum & Natural Gas,"Multi-States
(Gujarat, Madhya
Pradesh, Uttar
Pradesh)",2018-12-01,2018-12-01,2021-12-01,2026-06-01,10088.0,10088.0,8529.58,95.2,Ministry of Petroleum & Natural Gas,400012,-,0.0,0.0,84.55174464710548,1558.42,-10.648255352894523,36.0,0.0,88.0,54.0,1,0,Mega,0,0,0,0,0,100,0,0,30.0,MEDIUM,980
1875,Construction & Widening Including Augustmuni Bypass Ch-16.545 to Ch - 19.890 to 2L/PS from Km 16.545-Km 33.130 & 45.980 -57.975 Augustmuni to Kund & Guptkashi to Sitapur on NH 109 in UK,MoRTH,Uttarakhand,2017-03-01,2018-02-01,2020-02-01,2024-03-01,418.89,418.89,422.72,95.0,MoRTH,617968,N24000779,0.0,0.0,100.91432118217196,-3.830000000000041,5.914321182171946,24.0,11.0,98.0,49.0,1,0,Small,0,0,1,0,0,100,0,0,30.0,MEDIUM,980
481,"Construction of 200 bedded ESIC Hospital with 62 Nos Staff quarters , Beltola",Employee's State Insurance Company [ESIC],Assam,2017-12-01,2021-10-01,2025-04-01,2026-06-01,143.23,154.75,130.08,98.0,Employee's State Insurance Company [ESIC],612201,-,11.52000000000001,8.0430077497731,84.05815831987077,24.669999999999987,-13.94184168012923,42.0,46.0,54.0,14.0,1,1,Small,0,0,0,0,25,75,0,0,30.0,MEDIUM,980
631,Ahmednagar - Beed - Parli - Vaijnath New Broad Gauge Line Railway Project [261.3 km],Central Railway [CR] - II,Maharashtra,1999-01-01,2002-10-01,2026-03-01,2026-03-01,2538.67,4957.27,5180.78,98.0,Central Railway [CR] - II,705356,220100181,2418.6000000000004,95.27035810089536,104.50873162042818,-223.5099999999993,6.508731620428179,281.0,45.0,282.0,0.0,0,1,Large,0,0,1,0,100,0,0,0,30.0,MEDIUM,980
1208,4L of Left-Over Works of Hospet-Bellary -Karnataka/AP border from Km.280.080 Dec.Ch. to Km.375450Des.Ch. of NH-63 New-67,National Highways Authority of India [NHAI],Karnataka,2023-03-01,2023-05-01,2025-05-01,2028-04-01,1340.15,992.6,897.67,91.45,National Highways Authority of India [NHAI],618709,N24001989,-347.55000000000007,-25.933664142073653,90.43622808785008,94.93000000000006,-1.0137719121499202,24.0,2.0,35.0,35.0,1,0,Large,0,0,0,0,0,100,0,0,30.0,MEDIUM,980
1205,4L of Addahole Near Gundya to Bantwal Cross section Pkg-02 from Design Km 270.270 to Design km 318.55 including flyover at Kalladka Town including approaches from Km. 311.57 to Km. 313.67 of NH-75 Old NH-48,National Highways Authority of India [NHAI],Karnataka,2020-12-01,2021-11-01,2023-11-01,2026-05-01,1660.19,1318.24,1358.81,94.21,National Highways Authority of India [NHAI],618702,N24001425,-341.95000000000005,-20.597040097820138,103.07758829955092,-40.569999999999936,8.867588299550917,24.0,11.0,53.0,30.0,1,0,Large,0,0,1,0,0,100,0,0,30.0,MEDIUM,980
1218,Bangalore/TN border to Hoskote,National Highways Authority of India [NHAI],Karnataka,2022-02-01,2023-02-01,2025-02-01,2026-08-01,1181.68,1297.76,799.84,94.72,National Highways Authority of India [NHAI],619072,N24001674,116.07999999999991,9.823302416897969,61.63235112809765,497.92,-33.087648871902346,24.0,12.0,38.0,18.0,1,1,Large,0,0,0,0,25,75,0,0,30.0,MEDIUM,980
1876,Reconstruction of existing 2 L/IL to 2L with paved shoulder from existing km 52.200 to 92.880 of NH-,MoRTH,Uttarakhand,2016-10-01,2017-06-01,2019-06-01,2023-10-01,282.08,282.08,166.13,100.0,MoRTH,617970,N24000775,0.0,0.0,58.894639818491214,115.95,-41.105360181508786,24.0,8.0,106.0,52.0,1,0,Small,0,0,0,0,0,100,0,0,30.0,MEDIUM,980
1756,Thanamcherla-Jamandlapally 2LPS,National Highways Authority of India [NHAI],Telangana,2013-11-01,2014-03-01,2023-02-01,2026-05-01,177.18,18.65,8.31,100.0,National Highways Authority of India [NHAI],619165,-,-158.53,-89.47398126199346,44.557640750670245,10.339999999999998,-55.442359249329755,107.0,4.0,145.0,39.0,1,0,Small,0,0,0,0,0,100,0,0,30.0,MEDIUM,980
1878,Rehabilitation and upgradation to 2 lane with paved shoulder configuration from km 122.00 Dharasu Bend to km 147.230 Silkyara Bend of NH-94 in the state of Uttarakhand,MoRTH,Uttarakhand,2017-03-01,2017-11-01,2019-11-01,2024-07-01,237.79,237.79,79.56,100.0,MoRTH,617975,N24000820,0.0,0.0,33.458093275579294,158.23,-66.5419067244207,24.0,8.0,101.0,56.0,1,0,Small,0,0,0,0,0,100,0,0,30.0,MEDIUM,980
1745,4L of Karimnagar-Warangal section from km 49.500 to km 117.820 of NH-563,National Highways Authority of India [NHAI],Telangana,2022-03-01,2023-07-01,2025-07-01,2026-07-01,2146.86,2486.51,961.92,92.4,National Highways Authority of India [NHAI],618765,N24002083,339.6500000000001,15.820780116076506,38.68554721276005,1524.59,-53.71445278723995,24.0,16.0,33.0,12.0,1,1,Large,0,0,0,0,50,50,0,0,30.0,MEDIUM,980
343,"HEFA projects on development of student hostels, playgrounds, departmental buildings, class room complex and other campus facilities in IIT Kharagpur","Indian Institute of Technology, Kharagpur",West Bengal,2018-06-01,2019-04-01,2023-03-01,2026-03-01,500.0,442.0,415.35,96.0,"Indian Institute of Technology, Kharagpur",609019,N28000146,-58.0,-11.6,93.97058823529412,26.649999999999977,-2.02941176470587,47.0,10.0,84.0,36.0,1,0,Small,0,0,0,0,0,100,0,0,30.0,MEDIUM,980
341,Banaras Hindu University [ Kayakalp of Institute of Medical Sciences],Banaras Hindu University,Uttar Pradesh,2020-06-01,2020-06-01,2022-09-01,2026-03-01,246.0,246.0,207.02,99.0,Banaras Hindu University,606479,-,0.0,0.0,84.15447154471545,38.97999999999999,-14.845528455284551,27.0,0.0,70.0,42.0,1,0,Small,0,0,0,0,0,100,0,0,30.0,MEDIUM,980
1869,6L access-controlled highway from Ganeshpur tonear Mohand of Ganeshpur Dehradun section from Km.0 to Km.8.3 of NH-72A Package-1,NHAI,Uttar Pradesh,2020-11-01,2021-10-01,2023-10-01,2026-07-01,836.24,835.74,808.7,98.92,NHAI,619308,-,-0.5,-0.0597914474313594,96.76454399693684,27.039999999999964,-2.1554560030631507,24.0,11.0,54.0,33.0,1,0,Medium,0,0,0,0,0,100,0,0,30.0,MEDIUM,980
1865,6L access control Greenfield highway of Vill-Khyawari to Vill-Latifpur at Saharanpur Bypass from Km. 82.000 to Km. 119.790 Pkg-4,National Highways Authority of India [NHAI],Uttar Pradesh,2021-03-01,2022-09-01,2024-09-01,2026-05-01,1428.19,1439.35,1220.87,97.5,National Highways Authority of India [NHAI],618968,N24001735,11.159999999999854,0.7814086361058301,84.82092611248132,218.48,-12.679073887518683,24.0,18.0,43.0,20.0,1,1,Large,0,0,0,0,25,75,0,0,30.0,MEDIUM,980
1256,Widening & Up-gradation to 2 lane with Paved shoulder of NH-301 Kargil- Zanskar Road from Design km 57.000 Ex. Km. 57.905 to Km 87.000 Ex. Km. 88.2491 of 30.000 Km length Pkg-lll,NHIDCL,Ladakh,2021-03-01,2021-07-01,2023-01-01,2026-07-01,381.01,381.01,221.62,82.74,NHIDCL,618409,N24001345,0.0,0.0,58.16645232408598,159.39,-24.573547675914018,18.0,4.0,57.0,42.0,1,0,Small,0,0,0,0,0,100,0,0,30.0,MEDIUM,980
1795,Rehabilitation & Upgradation of NH-731A from Km.0.00 to Km.35.00 to 2-lane with paved shoulder under EPC mode,MoRTH,Uttar Pradesh,2021-03-01,2022-08-01,2023-08-01,2026-05-01,264.86,264.86,0.0,93.0,MoRTH,618167,N24001590,0.0,0.0,0.0,264.86,-93.0,12.0,17.0,44.0,33.0,1,0,Small,0,0,0,0,0,100,0,0,30.0,MEDIUM,980
1255,Kargil Zanskar Road,NHIDCL,Ladakh,2021-03-01,2021-07-01,2023-01-01,2026-07-01,398.37,398.37,282.19,90.59,NHIDCL,618408,N24001348,0.0,0.0,70.83615734116525,116.18,-19.753842658834756,18.0,4.0,57.0,42.0,1,0,Small,0,0,0,0,0,100,0,0,30.0,MEDIUM,980
1800,Construction of 6-lane bridge on Ganga on NH-96 and its approaches in Phaphamau Allahabad on EPC mode,MoRTH,Uttar Pradesh,2018-07-01,2021-02-01,2024-02-01,2026-09-01,1948.25,1465.41,0.0,87.91,MoRTH,618233,N24001421,-482.8399999999999,-24.78326703451815,0.0,1465.41,-87.91,36.0,31.0,62.0,31.0,1,0,Large,0,0,0,0,0,100,0,0,30.0,MEDIUM,980
374,DCU Revamp Project,NRL,Assam,2021-08-01,2021-08-01,2024-07-01,2026-10-01,370.0,370.0,281.31,76.3,NRL,709864,N16000511,0.0,0.0,76.02972972972974,88.69,-0.2702702702702595,35.0,0.0,56.0,27.0,1,0,Small,0,0,0,0,0,100,0,0,30.0,MEDIUM,980
437,PRP-VIII Group B [NH & BS Asset],Ministry of Petroleum & Natural Gas,Offshore,2024-06-01,2024-06-01,2026-02-01,2026-05-01,2379.84,3165.53,2654.5,97.6,Ministry of Petroleum & Natural Gas,709849,N16000533,785.69,33.01440432970284,83.85641582926081,511.0300000000002,-13.743584170739185,20.0,0.0,22.0,3.0,1,1,Large,0,0,0,0,75,25,0,0,30.0,MEDIUM,980
439,2G Ethanol Biorefinery at Bathinda,Hindustan Petroleum Corporation Limited [HPCL],Punjab,2020-05-01,2020-05-01,2023-02-01,2026-12-01,1421.46,1421.46,1263.61,95.8,Hindustan Petroleum Corporation Limited [HPCL],400171,N16000402,0.0,0.0,88.89522040718697,157.85000000000014,-6.904779592813028,33.0,0.0,71.0,46.0,1,0,Large,0,0,0,0,0,100,0,0,30.0,MEDIUM,980
1247,Thuravoor Thekku-Paravoor,National Highways Authority of India [NHAI],Kerala,2021-09-01,2022-03-01,2024-09-01,2026-12-01,2878.97,2638.67,2120.87,78.28,National Highways Authority of India [NHAI],618605,N24001651,-240.29999999999973,-8.346735117073111,80.37647754361097,517.8000000000002,2.0964775436109733,30.0,6.0,49.0,27.0,1,0,Large,0,0,0,0,0,100,0,0,30.0,MEDIUM,980
1383,4L Mitigation Measure structures on CH/MH Border to Wainganga Bridge Section of NH-6 New NH-53,National Highways Authority of India [NHAI],Maharashtra,2021-02-01,2021-11-01,2023-11-01,2026-05-01,540.24,468.92,464.26,99.79,National Highways Authority of India [NHAI],618588,N24001798,-71.32,-13.201540056271286,99.0062270749808,4.660000000000025,-0.7837729250192069,24.0,9.0,53.0,30.0,1,0,Medium,0,0,0,0,0,100,0,0,30.0,MEDIUM,980
361,KG-DWN-98/2 Cluster - II Development Project - NELP Block,Oil and Natural Gas Corporation Limited [ONGC],Andhra Pradesh,2016-03-01,2016-03-01,2020-06-01,2026-09-01,34012.0,34012.0,33006.7,96.5,Oil and Natural Gas Corporation Limited [ONGC],400120,N16000247,0.0,0.0,97.04427848994472,1005.3000000000028,0.5442784899447162,51.0,0.0,121.0,75.0,1,0,Mega,0,0,0,0,0,100,0,0,30.0,MEDIUM,980
32,GEVRA OC [70 MTY],South Eastern Coalfields Limited [SECL],Chhattisgarh,2016-03-01,2016-03-01,2023-03-01,2027-03-01,11816.4,11816.4,6905.46,78.48,South Eastern Coalfields Limited [SECL],400424,060100093,0.0,0.0,58.439626282116386,4910.94,-20.040373717883615,84.0,0.0,121.0,48.0,1,0,Mega,0,0,0,0,0,100,0,0,30.0,MEDIUM,980
1782,Widening & Upgradation to four lane configuration from Km.34.900 Bhadohi to km.73.134 Jaunpur of NH-135A on EPC mode,MoRTH,Uttar Pradesh,2021-03-01,2022-11-01,2024-05-01,2026-06-01,395.62,392.03,0.0,94.0,MoRTH,618082,N24001479,-3.590000000000032,-0.9074364288964236,0.0,392.03,-94.0,18.0,20.0,41.0,25.0,1,0,Small,0,0,0,0,0,100,0,0,30.0,MEDIUM,980
1232,4L of Channarayapatna Bypass and Hassan Bypass with structures in Devihalli - Hassan section,National Highways Authority of India [NHAI],Karnataka,2020-04-01,2021-01-01,2023-01-01,2026-06-01,688.0,684.54,586.06,82.34,National Highways Authority of India [NHAI],619214,-,-3.4600000000000364,-0.5029069767441914,85.61369678908464,98.48000000000002,3.2736967890846387,24.0,9.0,63.0,41.0,1,0,Medium,0,0,0,0,0,100,0,0,30.0,MEDIUM,980
1228,Hospet - Chitradurga from km. 299.00 to km. 418.750,National Highways Authority of India [NHAI],Karnataka,2015-03-01,2016-02-01,2018-08-01,2026-06-01,1519.72,387.48,36.36,100.0,National Highways Authority of India [NHAI],619144,-,-1132.24,-74.50319795751848,9.383710126974297,351.12,-90.6162898730257,30.0,11.0,122.0,94.0,1,0,Large,0,0,0,0,0,100,0,0,30.0,MEDIUM,980
367,"Construction of Field Gas Gathering Station at Baghjan area for collection, processing & transportation of natural Gas to be produced from Baghjan Field",Ministry of Petroleum & Natural Gas,Assam,2020-12-01,2020-12-01,2024-03-01,2026-06-01,430.76,430.76,346.97,92.4,Ministry of Petroleum & Natural Gas,616858,N16000450,0.0,0.0,80.54833317856811,83.78999999999996,-11.851666821431891,39.0,0.0,64.0,27.0,1,0,Small,0,0,0,0,0,100,0,0,30.0,MEDIUM,980
468,AIIMS Kashmir at Awantipora Jammu & Kashmir,PMSSY AND Institute of NATIONAL Importance,"Jammu and
Kashmir",2019-01-01,2019-03-01,2025-12-01,2026-12-01,1828.0,2160.84,1545.05,76.0,PMSSY AND Institute of NATIONAL Importance,701167,N28000150,332.84000000000015,18.207877461706794,71.50228614797949,615.7900000000002,-4.49771385202051,81.0,2.0,85.0,12.0,1,1,Large,0,0,0,0,50,50,0,0,30.0,MEDIUM,980
297,Indore Water Supply Infrastructure Project,Ministry of Housing & Urban Affairs,Madhya Pradesh,2016-12-01,2017-11-01,2023-03-01,2026-06-01,287.17,287.17,252.5,99.0,Ministry of Housing & Urban Affairs,702793,-,0.0,0.0,87.92701187449941,34.670000000000016,-11.072988125500586,64.0,11.0,101.0,39.0,1,0,Small,0,0,0,0,0,100,0,0,30.0,MEDIUM,980
1123,Rehabilitation and up-gradation to 2 lane with paved shoulder from existing chainage km 64535 to km 85385 Design chainage km 55800 to km 74350 under 13 TF on Akhnoor-Poonch road NH-144A under Project Sampark BRO in the UT of Jammu & Kashmir on EPC mode Package-III Job no NH-144A-J&K-2019-20-79,MoRTH,"Jammu and
Kashmir",2020-03-01,2021-09-01,2023-09-01,2026-05-01,152.93,152.93,75.64,88.94,MoRTH,618223,N24001901,0.0,0.0,49.46053750081737,77.29,-39.47946249918263,24.0,18.0,55.0,32.0,1,0,Small,0,0,0,0,0,100,0,0,30.0,MEDIUM,980
296,Belgavi Improvement in Sewerage System Project,Ministry of Housing & Urban Affairs,Karnataka,2015-12-01,2016-10-01,2023-07-01,2026-06-01,162.73,162.73,79.5,80.0,Ministry of Housing & Urban Affairs,702760,-,0.0,0.0,48.85392982240521,83.22999999999999,-31.146070177594787,81.0,10.0,114.0,35.0,1,0,Small,0,0,0,0,0,100,0,0,30.0,MEDIUM,980
1006,Strengthening and widening of existing 2 lane road to two lane paved shoulder from km 7.750 to 26.542 & km. 32.093 to 45.786 of NH-130 on EPC mode in the state of chhattisgarh.job No. 130-CG-2017-18-348,MoRTH,Chhattisgarh,2017-11-01,2019-05-01,2020-11-01,2026-02-01,188.8,188.8,102.56,97.0,MoRTH,617973,N24001228,0.0,0.0,54.32203389830508,86.24000000000001,-42.67796610169492,18.0,18.0,83.0,63.0,1,0,Small,0,0,0,0,0,100,0,0,30.0,MEDIUM,980
812,Rehabilitation and Up-gradation of Pasarlapudi to Dhindi section from Km 105/170 to Km 126/510 of NH -214 New NH -216 to two lane with paved shoulder in the state of Andhra Pradesh under NHDP-IV,MoRTH,Andhra Pradesh,2017-03-01,2017-09-01,2019-09-01,2025-09-01,263.45,263.45,151.56,98.4,MoRTH,618237,N24000969,0.0,0.0,57.528942873410514,111.89,-40.87105712658949,24.0,6.0,103.0,72.0,1,0,Small,0,0,0,0,0,100,0,0,30.0,MEDIUM,980
1013,Up-gradation of NH-130C Abhanpur to Paund from NH Km. 0000 to KM 40380 to two lane with paved shoulders in the State of Chhattisgarh on EPC mode.,MoRTH,Chhattisgarh,2020-12-01,2022-03-01,2023-09-01,2026-02-01,193.16,193.16,97.78,85.0,MoRTH,618078,N24001919,0.0,0.0,50.621246634914066,95.38,-34.378753365085934,18.0,15.0,49.0,29.0,1,0,Small,0,0,0,0,0,100,0,0,30.0,MEDIUM,980
1623,4L of Greenfield section from Sirhind to Mohali,National Highways Authority of India [NHAI],Punjab,2022-03-01,2023-05-01,2025-05-01,2026-06-01,1237.65,1301.15,979.97,88.82,National Highways Authority of India [NHAI],618776,-,63.5,5.1306912293459375,75.31568228105905,321.18000000000006,-13.50431771894094,24.0,14.0,35.0,13.0,1,1,Large,0,0,0,0,25,75,0,0,30.0,MEDIUM,980
1621,6L Access Controlled Ludhiana-Bathinda Greenfield highway from Jn. with Amritsar- Bathanda Greenfield Road NH-754A near Rampura Phul to Jn. with Moga-Barnala Road NH-703 near village Tallewal from Km 0.0 to Km 30.3 of NH-754AD Pkg-1,National Highways Authority of India [NHAI],Punjab,2021-06-01,2023-09-01,2025-09-01,2026-07-01,906.51,1020.52,490.17,81.5,National Highways Authority of India [NHAI],618647,N24002091,114.01,12.576805550959172,48.03139575902481,530.3499999999999,-33.46860424097519,24.0,27.0,31.0,10.0,1,1,Medium,0,0,0,0,50,50,0,0,30.0,MEDIUM,980
1489,Six Laning of Bihar - Jharkhand Border Chordaha - Gorhar section of NH-2 from km 249.525 to km 320.810,National Highways Authority of India [NHAI],"Multi-States
(Bihar, Jharkhand)",2017-12-01,2019-06-01,2021-11-01,2026-12-01,1772.7,1689.17,562.76,78.0,National Highways Authority of India [NHAI],619078,N24000726,-83.52999999999997,-4.7120212105827255,33.315770467152504,1126.41,-44.684229532847496,29.0,18.0,82.0,61.0,1,0,Large,0,0,0,0,0,100,0,0,30.0,MEDIUM,980
1490,4L of Munger Mirzachauki section from Km 157350 to Km 193931 Pkg-4,NHAI,"Multi-States
(Bihar, Jharkhand)",2021-02-01,2022-08-01,2024-08-01,2026-06-01,1376.56,1481.58,493.65,91.16,NHAI,619307,-,105.01999999999998,7.629162550124949,33.31915927590815,987.93,-57.84084072409185,24.0,18.0,44.0,22.0,1,1,Large,0,0,0,0,25,75,0,0,30.0,MEDIUM,980
826,6L of Gundugolanu Design km 1023.280 to Kalaparru Design km 1050.680 of NH-5 New NH-16,National Highways Authority of India [NHAI],Andhra Pradesh,2018-10-01,2020-01-01,2021-07-01,2026-05-01,665.59,665.59,512.09,95.73,National Highways Authority of India [NHAI],618526,-,0.0,0.0,76.93775447347466,153.5,-18.79224552652535,18.0,15.0,75.0,58.0,1,0,Medium,0,0,0,0,0,100,0,0,30.0,MEDIUM,980
811,Rehabilitation and Up-gradation of Dhindi - Digamarru section from Km 126/510 to Km 135/740 of NH -214New NH -216 and digamarru -Losari section from Km 0/000 tp Km 34/230 of NH-214 ANew Nh-216 to two lane with paved shoulder in the state of AP- NH,MoRTH,Andhra Pradesh,2016-02-01,2016-05-01,2018-05-01,2023-11-01,316.06,288.76,220.75,100.0,MoRTH,618236,-,-27.30000000000001,-8.637600455609698,76.44756891536224,68.00999999999999,-23.55243108463776,24.0,3.0,119.0,66.0,1,0,Small,0,0,0,0,0,100,0,0,30.0,MEDIUM,980
1491,Six Laning of Varanasi to Aurangabad from km. 786.00 to km. 978.40 of Old NH-2,National Highways Authority of India [NHAI],"Multi-States
(Bihar, Uttar
Pradesh)",2009-02-01,2011-09-01,2014-03-01,2026-06-01,3241.56,3241.56,1248.48,95.58,National Highways Authority of India [NHAI],618530,N24000182,0.0,0.0,38.51478917558212,1993.08,-57.065210824417875,30.0,31.0,175.0,147.0,1,0,Large,0,0,0,0,0,100,0,0,30.0,MEDIUM,980
1003,Construction of 4 Nos Grade separtor between km. 281.000 to km. 307.600 km. 286.400 kumhari km. 299.000 Transport Nagar km. 302.000 Power House km. 304.000 Chandra Moura Chowk to km. 305.000 supeia of NH-53 old NH-06 Raipur - Durg 4 Lane on EPC mode in the state of chhattisgarh job NO. NH-53old NH-06 CG- 2017-18-56,MoRTH,Chhattisgarh,2018-03-01,2019-01-01,2021-01-01,2025-08-01,349.03,349.03,0.0,97.9,MoRTH,617919,N24001227,0.0,0.0,0.0,349.03,-97.9,24.0,10.0,87.0,55.0,1,0,Small,0,0,0,0,0,100,0,0,30.0,MEDIUM,980
1609,Delhi-Amritsar-Katra Expressway Phase-I Pkg-VII from Junction with Patiala-Bathinda road NH-7 near Bhawanigarh to Junction with Ludhiana-Malerhkotla SH-11 near Bhogiwal village Km 188830 to km 225770,National Highways Authority of India [NHAI],Punjab,2020-12-01,2022-07-01,2024-07-01,2026-06-01,1759.82,1774.32,1250.45,95.8,National Highways Authority of India [NHAI],618487,N24001415,14.5,0.8239479037628848,70.47488615356869,523.8699999999999,-25.325113846431307,24.0,19.0,45.0,23.0,1,1,Large,0,0,0,0,25,75,0,0,30.0,MEDIUM,980
847,4L of Madanapalle to Pileru Section from Km 0.000 to Km 55.900 of NH-71Package-I,National Highways Authority of India [NHAI],Andhra Pradesh,2022-02-01,2023-01-01,2025-01-01,2026-06-01,1877.47,1994.1,1145.97,94.9,National Highways Authority of India [NHAI],618778,N24001823,116.62999999999988,6.212083282289458,57.46803069053709,848.1299999999999,-37.43196930946292,24.0,11.0,39.0,17.0,1,1,Large,0,0,0,0,25,75,0,0,30.0,MEDIUM,980
848,Development of 4L Road from Samarlakota to Achampeta Junction as part of Kakinada Port Connectivity to NH-16 Rajanagaram Junction in East Godavari District,National Highways Authority of India [NHAI],Andhra Pradesh,2022-09-01,2023-08-01,2025-08-01,2026-05-01,645.63,750.2,595.09,90.5,National Highways Authority of India [NHAI],618803,N24001856,104.57000000000004,16.196583182318054,79.32418021860838,155.11,-11.175819781391624,24.0,11.0,32.0,9.0,1,1,Medium,0,0,0,0,50,50,0,0,30.0,MEDIUM,980
995,Umagaon-Saharsa Package-V Bakaur-Parsarma-Bangaon-Bariyahi & Spur to Mahishi,NHAI,Bihar,2022-10-01,2023-12-01,2025-12-01,2026-05-01,768.35,968.42,410.55,99.4,NHAI,619166,-,200.0699999999999,26.038914557167946,42.393796080213136,557.8699999999999,-57.00620391978687,24.0,14.0,28.0,5.0,1,1,Medium,0,0,0,0,75,25,0,0,30.0,MEDIUM,980
295,Augmentation and Strenghthning of Urban Water Supply Phase 1 - SAAP 3,Ministry of Housing & Urban Affairs,Jharkhand,2017-02-01,2018-12-01,2023-03-01,2026-06-01,278.28,278.28,186.5,81.0,Ministry of Housing & Urban Affairs,702746,-,0.0,0.0,67.01882995544057,91.77999999999996,-13.981170044559434,51.0,22.0,88.0,39.0,1,0,Small,0,0,0,0,0,100,0,0,30.0,MEDIUM,980
1018,Development of 6L of Jhanki Sargi Section Road from km 0.000 to km 42.800 of NH- 130CD Pkg-CG-1,National Highways Authority of India [NHAI],Chhattisgarh,2021-11-01,2022-09-01,2024-09-01,2027-01-01,1368.19,1129.14,654.33,98.39,National Highways Authority of India [NHAI],618673,N24001593,-239.04999999999995,-17.471988539603416,57.94941282746161,474.81000000000006,-40.44058717253839,24.0,10.0,43.0,28.0,1,0,Large,0,0,0,0,0,100,0,0,30.0,MEDIUM,980
386,Installation of new Biturox Unit along with allied facilities at Gujarat Refinery,MinistryofPetroleumNaturalGas,Gujarat,2022-01-01,2022-01-01,2025-08-01,2026-12-01,328.29,344.36,214.63,84.1,MinistryofPetroleumNaturalGas,709778,N16000454,16.069999999999993,4.8950622924853,62.32721570449529,129.73000000000002,-21.772784295504707,43.0,0.0,51.0,16.0,1,1,Small,0,0,0,0,25,75,0,0,30.0,MEDIUM,980
1648,Delhi-Vadodara Greenfield Alignment NH-148N Pkg-14 Ch. 388.420 to Ch. 419.000 [Junction with NH- 76 to Junction with NH-12 near village Ummedpura],National Highways Authority of India [NHAI],Rajasthan,2019-11-01,2021-05-01,2023-05-01,2025-03-01,1119.35,1194.17,975.7,99.8,National Highways Authority of India [NHAI],618456,N24001568,74.82000000000016,6.684236387189009,81.70528484219165,218.47000000000003,-18.094715157808352,24.0,18.0,59.0,22.0,1,1,Large,0,0,0,0,25,75,0,0,30.0,MEDIUM,980
1473,Bangalore Chennai Expressway Phase-III Package I Gudipala to Walajajhpet from Km 156.000 to Km 180.000,National Highways Authority of India [NHAI],"Multi-States
(Andhra Pradesh,
Tamil Nadu)",2020-10-01,2022-05-01,2024-05-01,2026-06-01,1481.87,1481.87,711.04,99.02,National Highways Authority of India [NHAI],618477,N24001720,0.0,0.0,47.98261655880746,770.8299999999999,-51.03738344119254,24.0,19.0,47.0,25.0,1,0,Large,0,0,0,0,0,100,0,0,30.0,MEDIUM,980
1652,Deogarh near Dhandhaniya-Rajasthan/Gujarat Border Phase-I AJ/DRGB-Package-6,National Highways Authority of India [NHAI],Rajasthan,2019-10-01,2021-08-01,2023-08-01,2026-05-01,846.59,740.62,676.17,100.0,National Highways Authority of India [NHAI],618612,N24001563,-105.97000000000004,-12.517275186335777,91.29783154654208,64.45000000000005,-8.702168453457915,24.0,22.0,56.0,33.0,1,0,Medium,0,0,0,0,0,100,0,0,30.0,MEDIUM,980
1477,6L of Kumarajapet to Veera Kaveri Raja Puram from km 43.800 to km 61.380 of NH- 716B Pkg-II,National Highways Authority of India [NHAI],"Multi-States
(Andhra Pradesh,
Tamil Nadu)",2021-02-01,2023-10-01,2025-10-01,2026-05-01,702.52,799.36,370.57,97.75,National Highways Authority of India [NHAI],618772,N24001988,96.84000000000005,13.784660934920009,46.358336669335465,428.79,-51.391663330664535,24.0,32.0,30.0,7.0,1,1,Medium,0,0,0,0,50,50,0,0,30.0,MEDIUM,980
232,Transmission Network Expansion in Gujarat to increase its ATC from ISTS Part B,Power Grid Corporation of India Limited [POWERGRID],"Multi-States
(Dadra & Nagar
Haveli and Daman
& Diu, Gujarat,
Maharashtra)",2022-01-01,2022-07-01,2023-06-01,2026-05-01,4546.26,4546.26,4528.07,99.9,Power Grid Corporation of India Limited [POWERGRID],400005,N18000337,0.0,0.0,99.59989089933264,18.19000000000051,-0.3001091006673704,11.0,6.0,45.0,35.0,1,0,Large,0,0,0,0,0,100,0,0,30.0,MEDIUM,980
1650,Delhi-Vadodara Greenfield Alignment NH-148N Pkg-15 Ch. 419.000 to Ch.427.300 [Junction with NH-12 near village Ummedpura to Major bridge over Takli river near Nayagaon Jageer village],National Highways Authority of India [NHAI],Rajasthan,2020-07-01,2021-07-01,2024-01-01,2026-07-01,1854.68,1854.68,1386.51,93.44,National Highways Authority of India [NHAI],618458,N24001612,0.0,0.0,74.75737054370565,468.1700000000001,-18.68262945629435,30.0,12.0,57.0,30.0,1,0,Large,0,0,0,0,0,100,0,0,30.0,MEDIUM,980
1649,Delhi-Vadodara Greenfield Alignment NH-148N Pkg-10 Ch. 292.950 to Ch. 319.400 [End of Interchange on NH-166 near village Mui to Hardeoganj village near Indergarh],National Highways Authority of India [NHAI],Rajasthan,2019-11-01,2021-05-01,2023-05-01,2026-07-01,1272.97,1265.16,1091.66,95.25,National Highways Authority of India [NHAI],618457,N24001567,-7.809999999999945,-0.6135258489987938,86.28631951689904,173.5,-8.963680483100958,24.0,18.0,59.0,38.0,1,0,Large,0,0,0,0,0,100,0,0,30.0,MEDIUM,980
796,"Rehabilitation and up-gradation of NH-167 from Km 14/900 to Km70/000 Design Ch. 14/900 to 69/700 Chintakunta to Adoni section to two lane with paved shoulders in the State of Andhra Pradesh under Corridor Approach through Engineering, Procurement",MoRTH,Andhra Pradesh,2016-11-01,2017-05-01,2019-05-01,2026-10-01,290.15,290.15,140.23,91.9,MoRTH,617991,N24001278,0.0,0.0,48.330174047906254,149.92,-43.56982595209375,24.0,6.0,107.0,89.0,1,0,Small,0,0,0,0,0,100,0,0,30.0,MEDIUM,980
1485,6L of Aurangabad to Bihar-Jharkhand border Chordaha section from km. 209.827 to Km. 249.525 of NH-19 PKG-02,National Highways Authority of India [NHAI],"Multi-States
(Bihar, Jharkhand)",2021-06-01,2022-03-01,2024-03-01,2026-05-01,1822.46,738.11,605.5,97.92,National Highways Authority of India [NHAI],618532,N24001700,-1084.35,-59.49924826882346,82.03384319410387,132.61,-15.886156805896135,24.0,9.0,49.0,26.0,1,0,Large,0,0,0,0,0,100,0,0,30.0,MEDIUM,980
1636,Beawer Gomti 4LPS from km 58.245 to km 108.600 Pkg-I,MoRTH,Rajasthan,2020-12-01,2021-10-01,2023-10-01,2025-12-01,379.23,379.23,179.11,99.0,MoRTH,617887,N24001411,0.0,0.0,47.229913245260136,200.12,-51.770086754739864,24.0,10.0,54.0,26.0,1,0,Small,0,0,0,0,0,100,0,0,30.0,MEDIUM,980
798,Rehabilitation and Up-gradation of existin of road from 2-lane to 2-lane with paved shoulders from km. 0.00 to km 53.590 total length-53.590 km of Raychoti to Vempalli section of NH-440 in the State of Andhra Pradesh on EPC mode.,MoRTH,Andhra Pradesh,2021-12-01,2022-05-01,2024-05-01,2026-06-01,439.82,359.52,178.83,82.0,MoRTH,618037,N24001934,-80.30000000000001,-18.25746896457642,49.741321762349806,180.68999999999997,-32.258678237650194,24.0,5.0,47.0,25.0,1,0,Small,0,0,0,0,0,100,0,0,30.0,MEDIUM,980
804,Rehabilitation and upgradation of NH 326A from km 0/0 to 41/979 excluding km 2/255 to 3/372 and km 36/820 to 38/275 Odisha border to Narasamapeta to two lane with paved Shoulders in the State of Andhra Pradesh under NHO on EPC Mode,MoRTH,Andhra Pradesh,2018-03-01,2018-09-01,2020-03-01,2025-10-01,228.32,228.32,44.45,100.0,MoRTH,618125,-,0.0,0.0,19.468290119131044,183.87,-80.53170988086896,18.0,6.0,91.0,67.0,1,0,Small,0,0,0,0,0,100,0,0,30.0,MEDIUM,980
1628,Amritsar Bypass Pkg III from km. 71.496 to km. 105.158,National Highways Authority of India [NHAI],Punjab,2021-02-01,2022-08-01,2024-08-01,2026-12-01,1474.77,1228.42,866.12,81.05,National Highways Authority of India [NHAI],618795,N24001642,-246.3499999999999,-16.704299653505288,70.50682991159375,362.30000000000007,-10.543170088406242,24.0,18.0,44.0,28.0,1,0,Large,0,0,0,0,0,100,0,0,30.0,MEDIUM,980
1021,Conversion of Partially Excavated Escape Tunnel to Uni-Directional 2L Tunnelincluding construction of cross passages and approach roads on either side of the tunnel from Km 12.732 to Km 14.568 of Kiratpur to Nerchowk Section of NH-21,National Highways Authority of India [NHAI],Chhattisgarh,2022-05-01,2022-09-01,2024-03-01,2026-05-01,444.21,412.88,394.65,100.0,National Highways Authority of India [NHAI],618849,N24001809,-31.329999999999984,-7.052970441908103,95.5846735128851,18.230000000000015,-4.415326487114896,18.0,4.0,43.0,26.0,1,0,Small,0,0,0,0,0,100,0,0,30.0,MEDIUM,980
1627,Amritsarairport Junction - Ramdas from km. 100.835 to km. 139.813 Pkg - IV,National Highways Authority of India [NHAI],Punjab,2020-12-01,2022-03-01,2023-09-01,2026-05-01,524.88,416.58,387.07,96.0,National Highways Authority of India [NHAI],618794,N24001644,-108.3,-20.633287608596255,92.9161265543233,29.50999999999999,-3.0838734456767014,18.0,15.0,49.0,32.0,1,0,Medium,0,0,0,0,0,100,0,0,30.0,MEDIUM,980
849,Dedicated Port road to Krishnapatnam Port Package-I from Km. 0.000 to Km. 18.000,National Highways Authority of India [NHAI],Andhra Pradesh,2018-03-01,2018-12-01,2020-12-01,2026-08-01,348.72,341.36,184.68,77.93,National Highways Authority of India [NHAI],618804,N24000811,-7.360000000000014,-2.110575820142238,54.10124209046169,156.68,-23.82875790953832,24.0,9.0,88.0,68.0,1,0,Small,0,0,0,0,0,100,0,0,30.0,MEDIUM,980
2,Construction of New Integrated Terminal Building and associated works including apron to park 3 code E type of aircraft or 6 code C type of aircraft at Vijayawada Airport.,Airport Authority of India [AAI],Andhra Pradesh,2020-06-01,2020-09-01,2022-09-01,2026-10-01,611.8,611.8,523.14,87.2,701107,N04000091,4353,0.0,0.0,85.50833605753515,88.65999999999997,-1.6916639424648563,24.0,3.0,67.0,49.0,1,0,Medium,0,0,0,0,0,100,0,0,30.0,MEDIUM,980
773,Bhatni-Aurnihar with electrification excluding Indara-Mau,RVNL - I,Uttar Pradesh,2018-03-01,2017-03-01,2024-12-01,2026-06-01,2529.0,2529.46,2164.72,96.5,RVNL - I,705780,N22000598,0.4600000000000364,0.0181890075128523,85.58032149154364,364.74000000000024,-10.919678508456355,93.0,-12.0,109.0,18.0,1,1,Large,0,0,0,0,25,75,0,0,30.0,MEDIUM,980
916,4-Laning of Jamugurihat to end of Biswanath Chariali By-Pass from Km 182.000 to Km 208.000 of NH-52 on EPC mode in state of Assam under SARDP-NE,NHIDCL,Assam,2015-03-01,2016-12-01,2019-06-01,2025-07-01,599.0,599.0,405.02,100.0,NHIDCL,618436,N24000431,0.0,0.0,67.61602671118531,193.98,-32.38397328881469,30.0,21.0,112.0,73.0,1,0,Medium,0,0,0,0,0,100,0,0,30.0,MEDIUM,980
892,Construction and up gradation to 4-Lane of existing two lane with paved shoulder from Hapachara to Tulungia road of NH-117 of existing Km 0.00 to km 14.050 and Design Km 0.000 to km 14.660 under BMP on EPC mode,NHIDCL,Assam,2020-03-01,2020-06-01,2022-12-01,2026-03-01,224.85,224.85,204.31,97.76,NHIDCL,618289,N24001246,0.0,0.0,90.86502112519456,20.539999999999992,-6.894978874805432,30.0,3.0,70.0,39.0,1,0,Small,0,0,0,0,0,100,0,0,30.0,MEDIUM,980
1546,4L of Haridwar-Nagina section from km. 0.00 to km. 71.614 of NH-74,National Highways Authority of India [NHAI],"Multi-States (Uttar
Pradesh,
Uttarakhand)",2015-12-01,2018-01-01,2020-07-01,2026-05-01,1659.12,1622.49,822.5,97.64,National Highways Authority of India [NHAI],619217,-,-36.62999999999988,-2.207796904383039,50.69368686401765,799.99,-46.94631313598235,30.0,25.0,99.0,70.0,1,0,Large,0,0,0,0,0,100,0,0,30.0,MEDIUM,980
1538,Sattanathapuram to Nagapattinam from Km 123.800 to Km 179.555,National Highways Authority of India [NHAI],"Multi-States
(Puducherry, Tamil
Nadu)",2018-03-01,2020-10-01,2022-10-01,2026-08-01,2899.77,2899.77,1201.6,82.3,National Highways Authority of India [NHAI],618847,N24001431,0.0,0.0,41.43776920238501,1698.17,-40.862230797614984,24.0,31.0,66.0,46.0,1,0,Large,0,0,0,0,0,100,0,0,30.0,MEDIUM,980
1537,Puducherry Km.29.000 to Poondiyankuppam Km.67.000,National Highways Authority of India [NHAI],"Multi-States
(Puducherry, Tamil
Nadu)",2018-03-01,2021-11-01,2023-11-01,2026-06-01,1588.4,1415.9,405.48,98.75,National Highways Authority of India [NHAI],618845,N24001429,-172.5,-10.859984890455804,28.637615650822795,1010.42,-70.1123843491772,24.0,44.0,53.0,31.0,1,0,Large,0,0,0,0,0,100,0,0,30.0,MEDIUM,980
1536,Viluppuram Km.0.000 to Puducherry Km.29.000,National Highways Authority of India [NHAI],"Multi-States
(Puducherry, Tamil
Nadu)",2018-03-01,2021-11-01,2023-11-01,2026-06-01,1358.31,1162.44,524.82,98.32,National Highways Authority of India [NHAI],618844,-,-195.8699999999999,-14.420125008282344,45.14813667802209,637.62,-53.1718633219779,24.0,44.0,53.0,31.0,1,0,Large,0,0,0,0,0,100,0,0,30.0,MEDIUM,980
915,4-Laning from Rangagara to Kaliabor Tiniali from km 297.00 to km 315.315 of NH-37 on EPC basis under SARDP-NE in state of Assam,NHIDCL,Assam,2016-01-01,2017-10-01,2020-04-01,2026-06-01,386.51,386.51,352.16,97.13,NHIDCL,618435,N24000438,0.0,0.0,91.11277845333886,34.349999999999966,-6.017221546661133,30.0,21.0,102.0,74.0,1,0,Small,0,0,0,0,0,100,0,0,30.0,MEDIUM,980
1926,"Provision of 4G based mobile services in 7,287 uncovered villages of 44 Aspirational District across 5 states of Andhra Pradesh, Chhattisgarh, Jharkhand, Maharashtra & Odisha",Department of Telecommunications [DoT],"Multi-States
(Andhra Pradesh,
Chhattisgarh,
Jharkhand,
Maharashtra,
Odisha)",2021-11-01,2022-05-01,2023-11-01,2026-05-01,3685.0,3685.0,1457.51,83.0,Department of Telecommunications [DoT],701602,-,0.0,0.0,39.55251017639077,2227.49,-43.44748982360923,18.0,6.0,47.0,30.0,1,0,Large,0,0,0,0,0,100,0,0,30.0,MEDIUM,980
889,Construction of New 2-Lane Bridge with its approaches from km 0000 to Km 4385 across River Brahmaputra on NH-17 at Jogighopa in Assam on EPC mode,NHIDCL,Assam,2021-09-01,2021-11-01,2024-11-01,2026-12-01,746.76,746.76,410.28,76.47,NHIDCL,618286,N24001434,0.0,0.0,54.94134661738711,336.48,-21.528653382612887,36.0,2.0,53.0,25.0,1,0,Medium,0,0,0,0,0,100,0,0,30.0,MEDIUM,980
1928,"502 Aspirational District Scheme in Four states - Bihar, Madhya Pradesh, Rajastha and Uttar Pradesh",Department of Telecommunications [DoT],"Multi-States
(Bihar, Madhya
Pradesh,
Rajasthan, Uttar
Pradesh)",2019-12-01,2021-03-01,2022-03-01,2026-06-01,421.65,228.94,152.96,99.0,Department of Telecommunications [DoT],704495,-,-192.71,-45.70378275821179,66.812265222329,75.97999999999999,-32.187734777671,12.0,15.0,61.0,51.0,1,0,Small,0,0,0,0,0,100,0,0,30.0,MEDIUM,980
1927,Provision of 4G Mobile Services in Uncovered Villages of Arunachal Pradesh and 2 Districts of Assam,Department of Telecommunications,"Multi-States
(Arunachal
Pradesh, Assam)",2020-12-01,2021-10-01,2023-04-01,2026-03-01,1255.49,1255.49,332.43,99.43,Department of Telecommunications,701597,-,0.0,0.0,26.47810814900955,923.06,-72.95189185099045,18.0,10.0,54.0,35.0,1,0,Large,0,0,0,0,0,100,0,0,30.0,MEDIUM,980
1528,6L Access Controlled Greenfield Highway of Nandinne village to Julekal village from Km 202.900 to Km 242.200 Pkg-1,National Highways Authority of India [NHAI],"Multi-States
(Karnataka,
Telangana)",2022-02-01,2023-01-01,2025-01-01,2026-08-01,972.06,1044.06,408.4,90.13,National Highways Authority of India [NHAI],618632,N24001626,72.0,7.406950188259985,39.116525870160714,635.66,-51.01347412983928,24.0,11.0,39.0,19.0,1,1,Medium,0,0,0,0,25,75,0,0,30.0,MEDIUM,980
1526,Hosur to Dhamrapuri Pkg-1 [Neraluru - Thorapalli Agraharam],National Highways Authority of India [NHAI],"Multi-States
(Karnataka, Tamil
Nadu)",2021-10-01,2022-10-01,2024-10-01,2026-07-01,1757.27,1828.66,927.75,78.7,National Highways Authority of India [NHAI],618581,N24001693,71.3900000000001,4.062551571471664,50.73387070313782,900.91,-27.966129296862185,24.0,12.0,42.0,21.0,1,1,Large,0,0,0,0,25,75,0,0,30.0,MEDIUM,980
933,Balance work of 4L of NarimbangloJatinga Junction- Harangajoroad section from Km 0.000 to Km 49.230 of NH-27,NHAI,Assam,2022-03-01,2023-01-01,2026-01-01,2026-06-01,1909.98,2745.74,1307.33,93.08,NHAI,619089,N24001547,835.7599999999998,43.75752625681943,47.61302963864022,1438.41,-45.46697036135978,36.0,10.0,39.0,5.0,1,1,Large,0,0,0,0,75,25,0,0,30.0,MEDIUM,980
925,"Earthwork in Formation, Road Work, Construction of Bridges, Blanketing, P. Way Linking works including Supply of P. Way Fittings and Track Ballast in connection with Construction of Railway Siding from Jogighopa Railway Station to MMLP at Jogighopa from Ch. 00 to 3760 on Item Rate basis Package -3, Railway Siding from Jogighopa Railway Station to MMLP",NHIDCL,Assam,2020-02-01,2020-12-01,2022-06-01,2024-09-01,693.97,693.97,37.6,93.23,NHIDCL,618454,N24002030,0.0,0.0,5.418101647045261,656.37,-87.81189835295474,18.0,10.0,64.0,27.0,1,0,Medium,0,0,0,0,0,100,0,0,30.0,MEDIUM,980
1561,Construction of 2 laning with Hard shoulder of Peren-Dimapur section on NH 129A from Design Km 146.208 to Km 163.592 Length- 17.384 km in the state of Nagaland on EPC mode under NHO-TSP Package-III,NHIDCL,Nagaland,2021-02-01,2023-06-01,2025-06-01,2026-06-01,177.77,199.02,0.0,93.37,NHIDCL,618413,N24001912,21.25,11.953647972098778,0.0,199.02,-93.37,24.0,28.0,34.0,12.0,1,1,Small,0,0,0,0,50,50,0,0,30.0,MEDIUM,980
952,Construction of a new 4-lane major bridge across river Kosi at Phulaut including Rehabilitation and upgradation of existing Birpur and Bihpur section of NH-106 from km 106.000 to km 136.000 to 2-lane with paved shoulders in the State of Bihar on EPC mode,MoRTH,Bihar,2018-09-01,2021-06-01,2024-06-01,2027-02-01,1478.4,1478.4,823.93,94.2,MoRTH,618234,N24000943,0.0,0.0,55.731195887445885,654.4700000000001,-38.46880411255412,36.0,33.0,58.0,32.0,1,0,Large,0,0,0,0,0,100,0,0,30.0,MEDIUM,980
1922,SETTING UP OF PHYSICAL INFRASTRUCTURE FOR THE NATIONAL INSTITUTE OF COMMUNICATION FINANCE [NICF] AT GHITORNI,National Communication Academy - Finance [Erstwhile NICF],Delhi,2014-10-01,2018-04-01,2020-02-01,2026-06-01,248.2,248.2,237.39,98.0,National Communication Academy - Finance [Erstwhile NICF],709859,N28000115,0.0,0.0,95.64464141821112,10.810000000000002,-2.355358581788878,22.0,42.0,96.0,76.0,1,0,Small,0,0,0,0,0,100,0,0,30.0,MEDIUM,980
860,6L Kantakapalle Sabbavaram Section of NH-130CD Road from Km 445.100 to Km 464.662 Pkg-4,National Highways Authority of India [NHAI],Andhra Pradesh,2021-02-01,2022-10-01,2024-10-01,2026-12-01,1012.57,1012.57,568.13,81.06,National Highways Authority of India [NHAI],619112,N24001836,0.0,0.0,56.107725885617775,444.44000000000005,-24.952274114382227,24.0,20.0,42.0,26.0,1,0,Large,0,0,0,0,0,100,0,0,30.0,MEDIUM,980
1923,Provision of 4G based Mobile Services in Uncovered Villages and National Highways of Meghalaya,Department of Telecommunications,Meghalaya,2019-09-01,2020-09-01,2022-03-01,2026-06-01,971.96,971.96,232.79,99.84,Department of Telecommunications,701598,-,0.0,0.0,23.95057409769949,739.1700000000001,-75.88942590230052,18.0,12.0,67.0,51.0,1,0,Medium,0,0,0,0,0,100,0,0,30.0,MEDIUM,980
1494,Construction of Four Lane Highway from Ghazipur- Ballia-UP/Bihar State Border Greenfield section of NH-31 Package III [from Pindari km 78.150 to Rawalganj Bypass Km 117.120] on EPC Mode in the state of Uttar Pradesh.,National Highways Authority of India [NHAI],"Multi-States
(Bihar, Uttar
Pradesh)",2022-10-01,2023-08-01,2025-08-01,2026-11-01,1493.5,1493.59,540.0,78.15,National Highways Authority of India [NHAI],619154,-,0.0899999999999181,0.0060261131570082,36.15450023098708,953.59,-41.99549976901292,24.0,10.0,32.0,15.0,1,1,Large,0,0,0,0,25,75,0,0,30.0,MEDIUM,980
985,4L of Bal. works of Patna - Gaya -Dobhi Pkg-III from km. 83.00 to km. 127.217 of Old NH-83,National Highways Authority of India [NHAI],Bihar,2019-09-01,2020-11-01,2022-11-01,2025-05-01,1077.46,799.7,774.78,92.0,National Highways Authority of India [NHAI],618916,N24001305,-277.76,-25.779147253726354,96.8838314367888,24.920000000000073,4.883831436788796,24.0,14.0,65.0,30.0,1,0,Large,0,0,0,0,0,100,0,0,30.0,MEDIUM,980
984,4L of Bal. works of Patna - Gaya -Dobhi Pkg-II from km. 39.00 to km. 83.00 of Old NH- 83,National Highways Authority of India [NHAI],Bihar,2019-09-01,2020-11-01,2022-11-01,2025-05-01,1637.29,777.2,728.91,89.01,National Highways Authority of India [NHAI],618915,N24001304,-860.0899999999999,-52.53131699332433,93.78667009778692,48.29000000000008,4.776670097786919,24.0,14.0,65.0,30.0,1,0,Large,0,0,0,0,0,100,0,0,30.0,MEDIUM,980
1597,6L of Bhubaneswar - Jagatpur - Chandikhole Section of NH-16,National Highways Authority of India [NHAI],Odisha,2009-01-01,2011-12-01,2014-06-01,2026-05-01,639.3,632.89,52.23,97.48,National Highways Authority of India [NHAI],619075,-,-6.409999999999968,-1.0026591584545548,8.252618938520122,580.66,-89.22738106147989,30.0,35.0,172.0,143.0,1,0,Medium,0,0,0,0,0,100,0,0,30.0,MEDIUM,980
859,6L Jakkuva Korlam Section of NH-130CD Road from km 396.800 to km 421.100 Pkg 2,National Highways Authority of India [NHAI],Andhra Pradesh,2021-02-01,2022-03-01,2024-03-01,2026-05-01,840.51,840.51,549.56,99.32,National Highways Authority of India [NHAI],619111,N24001837,0.0,0.0,65.38411202722156,290.95000000000005,-33.93588797277843,24.0,13.0,49.0,26.0,1,0,Medium,0,0,0,0,0,100,0,0,30.0,MEDIUM,980
1925,Mobile connectivity in Left Wing Extremism [LWE] affected areas-Phase2,Department of Telecommunications [DoT],"Multi-States
(Andhra Pradesh,
Bihar,
Chhattisgarh,
Jharkhand,
Madhya Pradesh,
Maharashtra,
Odisha,
Telangana, Uttar
Pradesh, West
Bengal)",2018-05-01,2021-09-01,2023-03-01,2026-03-01,1577.57,1577.57,701.66,88.0,Department of Telecommunications [DoT],701599,-,0.0,0.0,44.477265668084456,875.91,-43.522734331915544,18.0,40.0,55.0,36.0,1,0,Large,0,0,0,0,0,100,0,0,30.0,MEDIUM,980
1508,Additional Structures on 6LGurgaon-Jaipur Section of NH-48 between KM 42.700 to KM 273.00,National Highways Authority of India [NHAI],"Multi-States
(Haryana,
Rajasthan)",2022-08-01,2022-12-01,2024-06-01,2026-07-01,409.64,290.64,195.8,87.14,National Highways Authority of India [NHAI],618505,N24002058,-119.0,-29.049897470950103,67.36856592347922,94.83999999999996,-19.771434076520777,18.0,4.0,40.0,25.0,1,0,Small,0,0,0,0,0,100,0,0,30.0,MEDIUM,980
868,Construction of 2-lane road of Potin to Pangin section of NH-13 from Km 163.59 to Km 206.66 Package-5 on EPC Mode in the State of Arunachal Pradesh under Arunachal Pradesh Package of Roads and Highways of SARDP-NE [Job No SARDP-NE/P- P/Pkg-A/NH-13/Ar.Pr./PWD/2018-19/116],MoRTH,Arunachal Pradesh,2019-03-01,2020-11-01,2023-11-01,2026-05-01,450.65,450.65,308.61,96.61,MoRTH,617892,N24001297,0.0,0.0,68.48108288028403,142.03999999999996,-28.128917119715965,36.0,20.0,65.0,30.0,1,0,Small,0,0,0,0,0,100,0,0,30.0,MEDIUM,980
1500,Balance work of 2L PS from Km 30.800 to Km 70.800 and 2L with Rigid Carriageway from Km 70.800 to km 84.120 of Khanapur- KA/GOA Border section of NH-4A,National Highways Authority of India [NHAI],"Multi-States (Goa,
Karnataka)",2022-01-01,2022-11-01,2024-05-01,2027-03-01,226.76,149.44,109.78,82.45,National Highways Authority of India [NHAI],618942,N24001677,-77.32,-34.09772446639619,73.46092077087795,39.66,-8.989079229122055,18.0,10.0,41.0,34.0,1,0,Small,0,0,0,0,0,100,0,0,30.0,MEDIUM,980
969,Ara - Mohania Pkg-II,National Highways Authority of India [NHAI],Bihar,2020-08-01,2021-01-01,2023-07-01,2025-11-01,984.63,827.51,798.12,100.0,National Highways Authority of India [NHAI],618774,N24001712,-157.12,-15.95726313437535,96.44838128844364,29.389999999999983,-3.551618711556358,30.0,5.0,63.0,28.0,1,0,Medium,0,0,0,0,0,100,0,0,30.0,MEDIUM,980
876,Construction of Balance work of 2-Lane with PS of Joram Koloriang Road from existing Km122.600 to km138.00 [Design Km108.724 to Km123.714] in Arunachal Pradesh on EPC Mode under SARDP-NE Pkg-7,NHIDCL,Arunachal Pradesh,2017-02-01,2020-10-01,2022-04-01,2026-04-01,184.89,184.89,0.0,99.69,NHIDCL,618433,N24001393,0.0,0.0,0.0,184.89,-99.69,18.0,44.0,66.0,48.0,1,0,Small,0,0,0,0,0,100,0,0,30.0,MEDIUM,980
877,Roing-Hunli Road Greenfield Alignment Project,NHIDCL,Arunachal Pradesh,2017-02-01,2018-03-01,2022-03-01,2026-06-01,1718.59,1718.59,178.83,82.04,NHIDCL,618434,N24000946,0.0,0.0,10.405623214379233,1539.76,-71.63437678562077,48.0,13.0,97.0,51.0,1,0,Large,0,0,0,0,0,100,0,0,30.0,MEDIUM,980
1506,6L of Ambala-Chandigarh greenfield section from Km. 0.000 to Km. 25.000 with 4L spur to Lalru from Km. 0.000 to Km. 5.828 & spur to PR-7 road from Km. 0.000 to Km. 11.157,National Highways Authority of India [NHAI],"Multi-States
(Haryana, Punjab)",2022-03-01,2023-10-01,2025-10-01,2026-06-01,1641.66,1904.79,552.95,80.65,National Highways Authority of India [NHAI],619134,N24002098,263.1299999999999,16.028288439750003,29.029446815659472,1351.84,-51.62055318434054,24.0,19.0,30.0,8.0,1,1,Large,0,0,0,0,50,50,0,0,30.0,MEDIUM,980
1043,Delhi-Vadodara Greenfield Alignment NH-148N Pkg-26 Ch.696890 to Ch.726390,National Highways Authority of India [NHAI],Gujarat,2020-09-01,2022-12-01,2024-08-01,2026-05-01,1555.2,1556.4,1084.2,77.2,National Highways Authority of India [NHAI],618459,N24001515,1.2000000000000457,0.0771604938271634,69.66075558982267,472.2000000000001,-7.539244410177332,20.0,27.0,40.0,21.0,1,1,Large,0,0,0,0,25,75,0,0,30.0,MEDIUM,980
139,2.0 MTPA BHOJUDIH NLW WASHERY,Ministry of Coal,West Bengal,2015-12-01,2019-03-01,2020-09-01,2026-05-01,384.57,384.57,363.14,97.6,Ministry of Coal,611016,N06000195,0.0,0.0,94.4275424500091,21.430000000000007,-3.172457549990895,18.0,39.0,85.0,68.0,1,0,Small,0,0,0,0,0,100,0,0,30.0,MEDIUM,980
385,Petrochemical and Lube Integration Project at Gujarat Refinery,Ministry of Petroleum & Natural Gas,Gujarat,2020-09-01,2020-09-01,2024-08-01,2026-11-01,18936.0,17825.0,13579.35,88.3,Ministry of Petroleum & Natural Gas,701329,N16000409,-1111.0,-5.867131389945078,76.18148667601683,4245.65,-12.118513323983166,47.0,0.0,67.0,27.0,1,0,Mega,0,0,0,0,0,100,0,0,30.0,MEDIUM,980
102,NILJAI EXPANSION DEEP OCP,Western Coalfields Limited [WCL],Maharashtra,2016-08-01,2016-08-01,2022-03-01,2026-03-01,319.75,319.75,196.86,79.83,Western Coalfields Limited [WCL],615982,N06000154,0.0,0.0,61.566849100860054,122.89,-18.263150899139944,67.0,0.0,116.0,48.0,1,0,Small,0,0,0,0,0,100,0,0,30.0,MEDIUM,980
1665,Construction & Upgradation of existing road to 2-lane with paved shoulder from New Rolep Bridge at km 37.600 to Chochenpheri at km 52.00 in the section of Rongli to Chochenpheri of NH 717B Pkg-II C,NHIDCL,Sikkim,2020-10-01,2021-05-01,2024-05-01,2026-06-01,493.42,478.79,0.0,77.07,NHIDCL,618446,N24001337,-14.629999999999995,-2.9650196587086044,0.0,478.79,-77.07,36.0,7.0,59.0,25.0,1,0,Small,0,0,0,0,0,100,0,0,30.0,MEDIUM,980
1666,Construction of 2-Laning with Paved Shoulder of New Greenfield Alignment From Helipad near Menla at Km 82000 to Menla at Km 94030 of Rhenock-Menla Spur NH- 717B Package-IIIB on EPC Basis under SARDP-NE Phase 'A' in the State of Sikkim.,NHIDCL,Sikkim,2021-01-01,2021-02-01,2024-02-01,2026-05-01,410.6,379.3,0.0,81.83,NHIDCL,618447,N24001362,-31.30000000000001,-7.6229907452508545,0.0,379.3,-81.83,36.0,1.0,62.0,27.0,1,0,Small,0,0,0,0,0,100,0,0,30.0,MEDIUM,980
1653,Deogarh near Dhandhaniya-Rajasthan/Gujarat Border Phase-I AJ/DRGB-Package-7,National Highways Authority of India [NHAI],Rajasthan,2019-10-01,2021-07-01,2023-07-01,2026-05-01,662.08,597.77,508.83,99.2,National Highways Authority of India [NHAI],618613,N24001564,-64.31000000000006,-9.713327694538432,85.121367750138,88.94,-14.078632249861997,24.0,21.0,57.0,34.0,1,0,Medium,0,0,0,0,0,100,0,0,30.0,MEDIUM,980
1690,Four Laning of Trichy - Dindigul from km. 333.00 to km. 421.273 of NH-45,National Highways Authority of India [NHAI],Tamil Nadu,2006-12-01,2008-01-01,2010-07-01,2026-05-01,1003.11,435.81,9.43,100.0,National Highways Authority of India [NHAI],618874,-,-567.3,-56.5541166970721,2.163786971386614,426.38,-97.8362130286134,30.0,13.0,219.0,190.0,1,0,Large,0,0,0,0,0,100,0,0,30.0,MEDIUM,980
1685,Melur - Pilayarpatti - Karaikudi from km 99.920 of NH 38 to km 12.9 of NH 383 Ext.,National Highways Authority of India [NHAI],Tamil Nadu,2018-12-01,2020-03-01,2022-03-01,2026-07-01,1103.86,1085.41,774.36,92.15,National Highways Authority of India [NHAI],618756,N24001605,-18.449999999999815,-1.6714076060369811,71.34262628868353,311.05000000000007,-20.807373711316473,24.0,15.0,73.0,52.0,1,0,Large,0,0,0,0,0,100,0,0,30.0,MEDIUM,980
714,Doubling of lines connecting the loading spurs in Talcher Yard.,East Coast Railway [ECoR] - II,Odisha,2022-09-01,2022-06-01,2024-12-01,2027-06-01,186.21,186.21,100.97,88.0,East Coast Railway [ECoR] - II,400048,-,0.0,0.0,54.223725900864615,85.24000000000001,-33.776274099135385,30.0,-3.0,46.0,30.0,1,0,Small,0,0,0,0,0,100,0,0,30.0,MEDIUM,980
103,UKNI DEEP OC MINE -COST PLUS,Western Coalfields Limited [WCL],Maharashtra,2018-11-01,2019-01-01,2021-03-01,2026-03-01,237.06,237.06,166.87,93.51,Western Coalfields Limited [WCL],616044,N06000179,0.0,0.0,70.39146207711127,70.19,-23.118537922888738,26.0,2.0,87.0,60.0,1,0,Small,0,0,0,0,0,100,0,0,30.0,MEDIUM,980
1317,"Construction of 4 Lane Flyover at Nagpur RTO Chowk To Nagpur University Campus from Ch 2/250 to 5/100 and 4 lane flyover at wadi/midc junction from km 8/360 to km, 10/300 on NH 53 in state of Maharashtra.",MoRTH,Maharashtra,2021-03-01,2022-03-01,2024-03-01,2025-04-01,478.83,490.52,0.0,95.0,MoRTH,617917,N24001883,11.689999999999998,2.441367499947789,0.0,490.52,-95.0,24.0,12.0,49.0,13.0,1,1,Small,0,0,0,0,25,75,0,0,30.0,MEDIUM,980
710,"Sainthia, Sitarampur, Mughalsarai, Allahabad & Etawah - Bypass Line Project",Eastern Railway [ER] - I,"Multi-States (Uttar
Pradesh, West
Bengal)",2017-08-01,2017-12-01,2027-03-01,2027-03-01,461.64,461.64,291.24,31.85,Eastern Railway [ER] - I,602797,N22000631,0.0,0.0,63.08812061346504,170.39999999999998,31.238120613465036,111.0,4.0,100.0,0.0,0,0,Small,0,1,0,0,0,0,75,75,30.0,MEDIUM,980
1675,Karaipettai to Walajapet from Km 71.015 to 107.091,National Highways Authority of India [NHAI],Tamil Nadu,2018-08-01,2019-02-01,2021-02-01,2026-05-01,766.51,766.51,439.37,93.55,National Highways Authority of India [NHAI],618521,N24001723,0.0,0.0,57.320843824607635,327.14,-36.22915617539236,24.0,6.0,86.0,63.0,1,0,Medium,0,0,0,0,0,100,0,0,30.0,MEDIUM,980
1909,Construction & upgradation of existing road to 2-lane with paved shoulder including geometric improvement of Kafer- Lava More section from km 40.00 to km 61.100 of NH717-A on EPC under SARDP-NE A in state of West Bengal Pkg-VA,NHIDCL,West Bengal,2020-06-01,2020-10-01,2023-04-01,2026-05-01,311.02,273.78,6.11,95.6,NHIDCL,618427,N24001261,-37.24000000000001,-11.973506526911455,2.231718898385566,267.66999999999996,-93.36828110161444,30.0,4.0,66.0,37.0,1,0,Small,0,0,0,0,0,100,0,0,30.0,MEDIUM,980
704,Jhansi - Bina Third Railway Line [153 Km],CAO/C/NCR,"Multi-States
(Madhya Pradesh,
Uttar Pradesh)",2016-09-01,2018-03-01,2022-03-01,2026-03-01,2002.0,2002.0,1939.11,96.0,CAO/C/NCR,705598,N22000496,0.0,0.0,96.85864135864136,62.8900000000001,0.8586413586413499,48.0,18.0,97.0,48.0,1,0,Large,0,0,0,0,0,100,0,0,30.0,MEDIUM,980
661,Tetlia-Byrnihat New Railway Line,Northeast Frontier Railway [NFR],"Multi-States
(Assam,
Meghalaya)",2010-08-01,2007-03-01,2011-11-01,2027-06-01,1304.62,1304.62,1254.47,86.16,Northeast Frontier Railway [NFR],705394,-,0.0,0.0,96.15596878784628,50.149999999999864,9.99596878784628,56.0,-41.0,229.0,187.0,1,0,Large,0,0,0,0,0,100,0,0,30.0,MEDIUM,980
1692,Kamalapuram to Oddanchatram from km. 0.00 to km. 35.822,National Highways Authority of India [NHAI],Tamil Nadu,2019-01-01,2021-01-01,2023-01-01,2026-07-01,1319.42,1319.42,417.69,91.93,National Highways Authority of India [NHAI],618895,N24001601,0.0,0.0,31.65709175243667,901.73,-60.272908247563336,24.0,24.0,63.0,42.0,1,0,Large,0,0,0,0,0,100,0,0,30.0,MEDIUM,980
1075,4L of Bhavnagar - Talaja Package-I from Km. 6.945 to Km. 54.990 of Old NH-8E,National Highways Authority of India [NHAI],Gujarat,2016-03-01,2017-02-01,2019-08-01,,1185.66,1343.16,53.18,100.0,National Highways Authority of India [NHAI],619148,-,157.5,13.283740701381507,3.95931981297835,1289.98,-96.04068018702164,30.0,11.0,110.0,,0,1,Large,0,0,0,0,50,50,0,0,30.0,MEDIUM,980
1090,Rehabilitation and Upgradation to 2-lane/Intermediate lane configuration of Ashyari- Shri Kyari Section km 50.000 to km 75.000 of NH-707 in the state of Himachal Pradesh under Green National Highways Corridor Project GNHCP with the loan assistance of World Bank on EPC mode.,MoRTH,Himachal Pradesh,2020-08-01,2021-09-01,2023-09-01,2024-11-01,345.89,359.56,146.64,98.16,MoRTH,618050,N24001422,13.670000000000016,3.952123507473479,40.78317944153966,212.92,-57.37682055846034,24.0,13.0,55.0,14.0,1,1,Small,0,0,0,0,25,75,0,0,30.0,MEDIUM,980
670,Chhapra-Ballia Patch Doubling,North Eastern Railway [NER],"Multi-States
(Bihar, Uttar
Pradesh)",2013-03-01,2015-12-01,2025-02-01,2026-05-01,963.0,1046.0,917.1,95.9,North Eastern Railway [NER],705562,N22000134,83.0,8.618899273104882,87.67686424474188,128.89999999999998,-8.223135755258127,110.0,33.0,124.0,15.0,1,1,Medium,0,0,0,0,25,75,0,0,30.0,MEDIUM,980
1674,4L Bangalore-Chennai Expressway from Km. 230.000 to Km. 261.705 of Kanchepuram to Sriperumbudur Section Phase-III/Package-IV,National Highways Authority of India [NHAI],Tamil Nadu,2021-02-01,2022-07-01,2024-07-01,2026-10-01,3605.73,3605.73,903.19,83.45,National Highways Authority of India [NHAI],618481,N24001719,0.0,0.0,25.048741863644818,2702.54,-58.40125813635519,24.0,17.0,45.0,27.0,1,0,Large,0,0,0,0,0,100,0,0,30.0,MEDIUM,980
734,"Jaynagar-Bijalpura, incl. extn. Bet, Bijalpura-Bardibas [Nepal]",East Central Railway [ECR] - I,Offshore,2015-08-01,2011-03-01,2022-03-01,2026-03-01,819.0,819.0,580.51,75.0,East Central Railway [ECR] - I,705362,N22000181,0.0,0.0,70.88034188034187,238.49,-4.119658119658126,132.0,-53.0,181.0,48.0,1,0,Medium,0,0,0,0,0,100,0,0,30.0,MEDIUM,980
1911,Construction of alternative highway to Gangtok in Sikkim via Bagrakot -Chuikhim- Nimbong -Kafer-Bakhim-Algarah-Rhenock in the State of West Bengal and from Rhenok-Rorathang-Pakyong along with spur from Aritar-Rolep-Menla in the State of Sikkim from Km 0.00 to Km 13.00 of Bagrakot -Kafer section of NH 717A on EPC Mode under Phase-A of SARDP-NE in the State of West Bengal PKG- IVA,NHIDCL,West Bengal,2018-03-01,2019-10-01,2022-04-01,2026-05-01,402.94,402.94,0.0,98.54,NHIDCL,618430,N24001251,0.0,0.0,0.0,402.94,-98.54,30.0,19.0,78.0,49.0,1,0,Small,0,0,0,0,0,100,0,0,30.0,MEDIUM,980
289,"ESR - 8 nos., distribution system - 216 Km, new house service connections - 38760 nos. upgrading of feeder mains, pumping station etc. - Phase II",Ministry of Housing & Urban Affairs,Andhra Pradesh,2017-02-01,2018-07-01,2023-03-01,2026-06-01,172.22,172.22,88.86,82.0,Ministry of Housing & Urban Affairs,702674,-,0.0,0.0,51.59679479735222,83.36,-30.403205202647783,56.0,17.0,93.0,39.0,1,0,Small,0,0,0,0,0,100,0,0,30.0,MEDIUM,980
1912,Construction of alternative highway to Gangtok in Sikkim via Bagrakot -Chuikhim- Nimbong -Kafer-Bakhim-Algarah-Rhenock in the State of West Bengal and from Rhenok-Rorathang-Pakyong along with spur from Aritar-Rolep-Menla in the State of Sikkim from Km 13.00 to Km 25.60 of Bagrakot -Kafer section of NH 717A on EPC Mode under Phase-A of SARDP-NE in the State of West Bengal PKG- IVB,NHIDCL,West Bengal,2018-03-01,2020-10-01,2023-04-01,2026-05-01,295.97,295.97,0.39,96.91,NHIDCL,618431,N24001252,0.0,0.0,0.131770111835659,295.58000000000004,-96.77822988816432,30.0,31.0,66.0,37.0,1,0,Small,0,0,0,0,0,100,0,0,30.0,MEDIUM,980
637,3rd Line Wardha - Ballarshah [132 Kilometres],Central Railway [CR] - II,Maharashtra,2016-03-01,2016-12-01,2025-12-01,2026-02-01,1384.72,2033.59,1813.52,98.0,Central Railway [CR] - II,705502,N22000356,648.8699999999999,46.85929285342884,89.17825126992167,220.0699999999999,-8.821748730078326,108.0,9.0,112.0,2.0,1,1,Large,0,0,0,0,75,25,0,0,30.0,MEDIUM,980
293,Dhanbad Water Supply Infrastructure Project,Ministry of Housing & Urban Affairs,Jharkhand,2017-02-01,2018-12-01,2023-03-01,2026-06-01,216.55,216.55,129.16,76.0,Ministry of Housing & Urban Affairs,702741,-,0.0,0.0,59.644423920572606,87.39000000000001,-16.355576079427394,51.0,22.0,88.0,39.0,1,0,Small,0,0,0,0,0,100,0,0,30.0,MEDIUM,980
1689,Poondiyankuppam Km.67.000 to Sattanathapuram Km.123.800,National Highways Authority of India [NHAI],Tamil Nadu,2018-03-01,2022-01-01,2024-01-01,2026-06-01,2565.63,2319.35,1084.43,99.8,National Highways Authority of India [NHAI],618846,-,-246.2800000000002,-9.599201755514247,46.75577209131869,1234.9199999999998,-53.04422790868131,24.0,46.0,51.0,29.0,1,0,Large,0,0,0,0,0,100,0,0,30.0,MEDIUM,980
1679,4L of Madurai Ring Road Phase 1 [Vadipatti-Thamrapatti] from km 0.00 - km 29.960,National Highways Authority of India [NHAI],Tamil Nadu,2018-12-01,2020-03-01,2022-03-01,2026-06-01,900.05,900.05,669.19,97.8,National Highways Authority of India [NHAI],618563,N24001606,0.0,0.0,74.3503138714516,230.8599999999999,-23.449686128548393,24.0,15.0,73.0,51.0,1,0,Medium,0,0,0,0,0,100,0,0,30.0,MEDIUM,980
675,Jagdalpur-Koraput,East Coast Railway [ECoR] - II,"Multi-States
(Chhattisgarh,
Odisha)",2015-12-01,2016-03-01,2024-03-01,2026-12-01,1547.0,1547.0,1379.69,94.46,East Coast Railway [ECoR] - II,705511,N22000376,0.0,0.0,89.18487394957984,167.30999999999997,-5.275126050420155,96.0,3.0,121.0,33.0,1,0,Large,0,0,0,0,0,100,0,0,30.0,MEDIUM,980
292,Sewerage Management Scheme Part-3 Implementation,Ministry of Housing & Urban Affairs,Haryana,2017-03-01,2017-11-01,2023-09-01,2026-09-01,278.01,278.01,228.49,88.0,Ministry of Housing & Urban Affairs,702734,-,0.0,0.0,82.18769109024856,49.51999999999998,-5.812308909751437,70.0,8.0,101.0,36.0,1,0,Small,0,0,0,0,0,100,0,0,30.0,MEDIUM,980
110,BINA KAKRI AMALGAMATION EXPANS,Northern Coalfields Limited [NCL],"Multi-States
(Madhya Pradesh,
Uttar Pradesh)",2020-08-01,2020-08-01,2024-03-01,2027-03-01,836.42,836.42,835.34,89.9,Northern Coalfields Limited [NCL],400369,N06000192,0.0,0.0,99.8708782668994,1.0799999999999272,9.970878266899405,43.0,0.0,68.0,36.0,1,0,Medium,0,0,0,0,0,100,0,0,30.0,MEDIUM,980
1695,Kallagam km.38.700 to Meensurutti Km.98.433 of NH-227 in Tamil Nadu,National Highways Authority of India [NHAI],Tamil Nadu,2018-02-01,2019-04-01,2021-04-01,2026-05-01,1499.12,1499.12,682.68,100.0,National Highways Authority of India [NHAI],618899,-,0.0,0.0,45.538716046747425,816.4399999999999,-54.461283953252575,24.0,14.0,84.0,61.0,1,0,Large,0,0,0,0,0,100,0,0,30.0,MEDIUM,980
643,Mumbai Urban Transport Project [MUTP] - PHASE II,Mumbai Rail Vikas Corporation Ltd.[MRVC],Maharashtra,2008-05-01,2008-04-01,2014-03-01,2027-12-01,8087.0,8087.0,7504.75,90.0,Mumbai Rail Vikas Corporation Ltd.[MRVC],706779,N22000092,0.0,0.0,92.80017311734883,582.25,2.800173117348834,71.0,-1.0,216.0,165.0,1,0,Mega,0,0,0,0,0,100,0,0,30.0,MEDIUM,980
266,Surat Metro Rail Project,Gujarat Metro Rail Corporation Limited [GMRCL],Gujarat,2019-03-01,2019-04-01,2024-03-01,2026-06-01,12020.32,12020.3,8929.65,79.5,Gujarat Metro Rail Corporation Limited [GMRCL],702630,N28000138,-0.0200000000004365,-0.0001663849215365,74.28807933246259,3090.6499999999996,-5.211920667537413,59.0,1.0,84.0,27.0,1,0,Mega,0,0,0,0,0,100,0,0,30.0,MEDIUM,980
1086,4L PS of Ambala Ring Road of New NH-44,National Highways Authority of India [NHAI],Haryana,2023-02-01,2023-10-01,2025-10-01,2026-09-01,1093.35,1225.41,429.79,79.34,National Highways Authority of India [NHAI],619080,-,132.06000000000017,12.07847441349981,35.073159187537236,795.6200000000001,-44.26684081246277,24.0,8.0,30.0,11.0,1,1,Large,0,0,0,0,50,50,0,0,30.0,MEDIUM,980
1101,Rehabilitation and Upgradation to 4L configuration & Strengthening of Sihuni to Rajol from Km 51.000 to Km 72.000 of NH-154 Package-IIA,National Highways Authority of India [NHAI],Himachal Pradesh,2022-03-01,2023-09-01,2025-09-01,2026-06-01,696.65,776.59,318.08,96.6,National Highways Authority of India [NHAI],618878,N24002050,79.94000000000005,11.474915667838951,40.958549556393976,458.5100000000001,-55.64145044360602,24.0,18.0,31.0,9.0,1,1,Medium,0,0,0,0,50,50,0,0,30.0,MEDIUM,980
1100,4L Sundar Nagar Bypass from Km.173.900 to Km.179.600 of NH-21,National Highways Authority of India [NHAI],Himachal Pradesh,2022-02-01,2022-06-01,2024-06-01,2026-05-01,191.11,192.11,182.17,100.0,National Highways Authority of India [NHAI],618852,N24001810,1.0,0.5232588561561404,94.82588100567382,9.940000000000026,-5.174118994326179,24.0,4.0,46.0,23.0,1,1,Small,0,0,0,0,25,75,0,0,30.0,MEDIUM,980
265,DMRTS Phase - IV [3 Priority Corridors],Delhi Metro Rail Corporation Limited [DMRC],Delhi,2019-07-01,2019-07-01,2025-03-01,2026-12-01,24948.65,24948.7,20350.75,80.56,Delhi Metro Rail Corporation Limited [DMRC],702632,N28000135,0.0499999999992724,0.0002004116455169,81.57038242473556,4597.950000000001,1.0103824247355533,68.0,0.0,81.0,21.0,1,1,Mega,0,0,0,0,25,75,0,0,30.0,MEDIUM,980
645,Mumbai Urban Transport Project Phase-III,Mumbai Rail Vikas Corporation Ltd.[MRVC],Maharashtra,2016-11-01,2016-12-01,2022-03-01,2026-12-01,10947.0,10947.0,6609.95,75.0,Mumbai Rail Vikas Corporation Ltd.[MRVC],706781,-,0.0,0.0,60.38138302731342,4337.05,-14.61861697268658,63.0,1.0,112.0,57.0,1,0,Mega,0,0,0,0,0,100,0,0,30.0,MEDIUM,980
1662,Construction of two lane with paved shoulder Gangtok Bypass Road from Ranipool to Burtuk Ch 0.00 Km to 23.316 L23.316 Km in the State of Sikkim,MoRTH,Sikkim,2021-10-01,2022-05-01,2024-05-01,2026-06-01,385.15,342.89,0.0,90.0,MoRTH,618071,N24001442,-42.25999999999999,-10.97234843567441,0.0,342.89,-90.0,24.0,7.0,47.0,25.0,1,0,Small,0,0,0,0,0,100,0,0,30.0,MEDIUM,980
290,Muzaffarpur Storm Water Drainage Phase-I Project,Ministry of Housing & Urban Affairs,Bihar,2016-11-01,2019-02-01,2023-10-01,2026-06-01,158.78,158.78,135.72,84.0,Ministry of Housing & Urban Affairs,702699,-,0.0,0.0,85.47676029726665,23.06,1.476760297266651,56.0,27.0,86.0,32.0,1,0,Small,0,0,0,0,0,100,0,0,30.0,MEDIUM,980
1691,4L of Madathukulam - Pollachi from km. 74.38 to km. 116.95 of old NH-209 New NH- 83,National Highways Authority of India [NHAI],Tamil Nadu,2019-01-01,2020-12-01,2022-12-01,2026-06-01,1772.13,1772.13,499.6,91.84,National Highways Authority of India [NHAI],618894,N24001602,0.0,0.0,28.192062659060003,1272.5300000000002,-63.64793734094,24.0,23.0,64.0,42.0,1,0,Large,0,0,0,0,0,100,0,0,30.0,MEDIUM,980
724,Khurda-Bolangir New Broad Gauge Rail Link [301km],East Coast Railway [ECoR] - II,Odisha,1994-03-01,2001-03-01,2026-12-01,2026-12-01,3792.0,5089.0,5671.96,92.0,East Coast Railway [ECoR] - II,705358,220100284,1297.0,34.20358649789029,111.45529573590096,-582.96,19.45529573590096,309.0,84.0,301.0,0.0,0,1,Large,0,0,1,0,75,0,0,40,28.5,LOW,1226
726,Bhadrak-Nergundi Third Line,East Coast Railway [ECoR] - II,Odisha,2015-10-01,2015-04-01,2024-11-01,2026-01-01,1284.0,1284.0,1352.81,95.0,East Coast Railway [ECoR] - II,705510,N22000316,0.0,0.0,105.35903426791278,-68.80999999999995,10.359034267912776,115.0,-6.0,132.0,14.0,1,0,Large,0,0,1,0,0,75,0,40,28.5,LOW,1226
1196,4/6L of Bangalore - Pune Section of bypass connecting Dharwad - Hubli from km. 403.80 to km. 433.20,National Highways Authority of India [NHAI],Karnataka,2021-12-01,2023-03-01,2025-09-01,2026-11-01,1135.39,763.36,732.44,82.89,National Highways Authority of India [NHAI],618517,N24001994,-372.0300000000001,-32.7667145210016,95.94948648082163,30.91999999999996,13.059486480821633,30.0,15.0,37.0,14.0,1,0,Large,0,0,0,0,0,75,0,40,28.5,LOW,1226
1707,Access Controlled Highway of 4 Lane with Paved Shoulders from Tiruvallur Design Chainage Km 1756 to TN/AP Broder Design Chainage Km 6151 of NH-716 Chennai- Tirupati Package-1,National Highways Authority of India [NHAI],Tamil Nadu,2024-03-01,2024-12-01,2026-12-01,2027-02-01,1376.1,1247.7,133.77,34.5,National Highways Authority of India [NHAI],619161,-,-128.39999999999986,-9.3307172443863,10.721327242125511,1113.93,-23.77867275787449,24.0,9.0,16.0,2.0,1,0,Large,0,0,0,0,0,25,75,0,26.25,LOW,1229
856,Access Controlled Highway of 4 Lane with Paved Shoulders from TN/AP Border Design Chainage Km 6151 to Puttur Design Chainage Km 81540 of NH-716 & 6 Lane with Paved Shoulders from Mallavaram to Renigunta,National Highways Authority of India [NHAI],Andhra Pradesh,2024-03-01,2024-12-01,2026-12-01,2027-02-01,1346.82,1260.37,171.16,34.98,National Highways Authority of India [NHAI],618920,-,-86.45000000000005,-6.4188235992931535,13.580139165483152,1089.2099999999998,-21.399860834516844,24.0,9.0,16.0,2.0,1,0,Large,0,0,0,0,0,25,75,0,26.25,LOW,1229
1822,Construction of Ring Road around Kanpur from Ch.23.325 to Ch.32.090 Chaudhariya to Transganga Package-IIA,National Highways Authority of India [NHAI],Uttar Pradesh,2024-08-01,2025-11-01,2027-10-01,2028-04-01,1089.41,977.45,190.16,42.85,National Highways Authority of India [NHAI],618540,-,-111.96000000000004,-10.277122479140086,19.454703565399765,787.2900000000001,-23.395296434600237,23.0,15.0,5.0,6.0,1,0,Large,0,0,0,0,0,25,75,0,26.25,LOW,1229
24,Development of New Integrated Civil Enclave at Agra Airport,Airport Authority of India [AAI],Uttar Pradesh,2024-06-01,2024-07-01,2026-07-01,2026-11-01,579.0,579.0,197.61,40.03,701122,N04000113,9931,0.0,0.0,34.12953367875648,381.39,-5.90046632124352,24.0,1.0,21.0,4.0,1,0,Medium,0,0,0,0,0,25,75,0,26.25,LOW,1229
1547,Widening of existing Single lane / Intermediate lane road to 2 lane from Km 101 to Km 125 of NH 61,MoRTH,Nagaland,2020-06-01,2024-06-01,2026-06-01,2026-12-01,252.2,252.2,0.0,44.46,MoRTH,617886,N24001465,0.0,0.0,0.0,252.2,-44.46,24.0,48.0,22.0,6.0,1,0,Small,0,0,0,0,0,25,75,0,26.25,LOW,1229
404,Setting up Polypropylene Unit at Kochi Refinery,MinistryofPetroleumNaturalGas,Kerala,2023-12-01,2023-12-01,2027-10-01,2027-10-01,4460.0,4850.0,818.9,32.2,MinistryofPetroleumNaturalGas,709799,N16000530,390.0,8.74439461883408,16.884536082474227,4031.1,-15.315463917525776,46.0,0.0,28.0,0.0,0,1,Large,0,0,0,0,25,0,75,0,26.25,LOW,1229
1444,Improvement/Widening to 2-Lane with Paved Shoulder between Shillong-Dawki road up to Bangladesh Border from design Km 10.670 to Km 37.550 under JICA ODA Loan assistance Phase-II -Balance Work-Pkg-2,NHIDCL,Meghalaya,2020-07-01,2024-02-01,2026-08-01,2026-12-01,525.67,525.67,0.0,49.31,NHIDCL,618376,N24001314,0.0,0.0,0.0,525.67,-49.31,30.0,43.0,26.0,4.0,1,0,Medium,0,0,0,0,0,25,75,0,26.25,LOW,1229
1310,Construction work of 4-laning of Shahganj bypass end to Badi Package-IV of NH-146B from design km 102.000 to design km 142.357 Design length 40.357 km,National Highways Authority of India [NHAI],Madhya Pradesh,2024-02-01,2025-03-01,2027-03-01,2027-03-01,784.14,836.64,317.58,42.83,National Highways Authority of India [NHAI],618963,-,52.5,6.695232994108196,37.95897877223178,519.06,-4.871021227768217,24.0,13.0,13.0,0.0,0,1,Medium,0,0,0,0,25,0,75,0,26.25,LOW,1229
1443,Improvement/Widening to 2-Lane with Paved Shoulder from design Km 45.760 to Km 63.530 between Shillong-Dawki under JICA ODA Loan assistance Phase-II -Balance work Pkg-4,NHIDCL,Meghalaya,2020-07-01,2024-04-01,2026-04-01,2026-10-01,445.51,445.51,42.32,49.05,NHIDCL,618375,N24001334,0.0,0.0,9.499225606608157,403.19,-39.55077439339184,24.0,45.0,24.0,6.0,1,0,Small,0,0,0,0,0,25,75,0,26.25,LOW,1229
687,Chandigarh-Baddi New Rail Line- 36 km,Northen Railway [NR],"Multi-States
(Haryana,
Himachal Pradesh)",2018-02-01,2018-02-01,2026-12-01,2026-12-01,1540.0,1540.13,590.11,43.0,Northen Railway [NR],705424,N22000467,0.1300000000001091,0.0084415584415655,38.31559673534052,950.02,-4.68440326465948,106.0,0.0,98.0,0.0,0,1,Large,0,0,0,0,25,0,75,0,26.25,LOW,1229
775,Allahabad division - Aligarh - Harduaganj Flyover,North Central Railway,Uttar Pradesh,2020-04-01,2021-02-01,2026-10-01,2027-03-01,1457.0,1457.0,400.19,36.0,North Central Railway,705918,N22000545,0.0,0.0,27.46671242278655,1056.81,-8.53328757721345,68.0,10.0,62.0,5.0,1,0,Large,0,0,0,0,0,25,75,0,26.25,LOW,1229
1223,4 Lane with PS from Des. Ch 0.000 to Des. Ch. 43.800 of Belgaum-Hungund-Raichur Section of NH-748A Package-1,National Highways Authority of India [NHAI],Karnataka,2024-02-01,2025-06-01,2027-06-01,2027-09-01,1452.43,1256.55,206.99,32.57,National Highways Authority of India [NHAI],619108,-,-195.8800000000001,-13.486364230978436,16.47288209780749,1049.56,-16.09711790219251,24.0,16.0,10.0,3.0,1,0,Large,0,0,0,0,0,25,75,0,26.25,LOW,1229
1154,Widening and Reconstruction to 4-lane/4-lane with service road including structures from Pokharia More at Km 47.600 Ex. Km 50.230 to Govindpur at km 62.949 Ex. Km 65.325 of Nh-419 in the State of Jharkhand on EPC mode.,MoRTH,Jharkhand,2022-05-01,2024-01-01,2026-01-01,2026-06-01,300.46,300.46,76.93,46.22,MoRTH,618242,-,0.0,0.0,25.60407375357785,223.52999999999997,-20.61592624642215,24.0,20.0,27.0,5.0,1,0,Small,0,0,0,0,0,25,75,0,26.25,LOW,1229
1202,4 Lane with PS from Des. Ch 43.800 to Des. Ch. 89.900 of Belgaum-Hungund- Raichur Section of NH-748A Package-2,National Highways Authority of India [NHAI],Karnataka,2024-02-01,2025-03-01,2027-02-01,2027-06-01,1427.88,1293.94,444.62,42.04,National Highways Authority of India [NHAI],618651,-,-133.94000000000003,-9.380340084600949,34.36171692659629,849.32,-7.678283073403712,23.0,13.0,13.0,4.0,1,0,Large,0,0,0,0,0,25,75,0,26.25,LOW,1229
1164,4L from Km 95.400 Udaipura to Km 147.450 Bhogu on NH-75 Sec-II,National Highways Authority of India [NHAI],Jharkhand,2023-03-01,2024-10-01,2026-10-01,2027-03-01,1436.8,1301.54,200.87,26.6,National Highways Authority of India [NHAI],618831,-,-135.26,-9.413975501113583,15.433255989059116,1100.67,-11.166744010940883,24.0,19.0,18.0,5.0,1,0,Large,0,0,0,0,0,25,75,0,26.25,LOW,1229
1773,Construction of Balrampur bypass with 2L flexible pavement configuration from km.223.000 of NH-330 to km.328.300 of NH-730 under EPC mode,MoRTH,Uttar Pradesh,2022-12-01,2024-08-01,2026-02-01,2026-08-01,515.69,515.69,104.56,46.0,MoRTH,618054,N24002150,0.0,0.0,20.27574705734065,411.13000000000005,-25.72425294265935,18.0,20.0,20.0,6.0,1,0,Medium,0,0,0,0,0,25,75,0,26.25,LOW,1229
229,Eastern Region Expansion Scheme-43 [ERES-43],Power Grid Corporation of India Limited [POWERGRID],"Multi-States
(Bihar, Odisha,
West Bengal)",2024-09-01,2024-09-01,2026-03-01,2026-09-01,342.69,342.69,102.8,29.73,Power Grid Corporation of India Limited [POWERGRID],617271,N18000421,0.0,0.0,29.99795733753538,239.89,0.2679573375353783,18.0,0.0,19.0,6.0,1,0,Small,0,0,0,0,0,25,75,0,26.25,LOW,1229
839,6L Access Controlled Greenfield Highway from Kavulakuntla Ch. 196000 to Narayanmpet Ch. 203500Package-09,National Highways Authority of India [NHAI],Andhra Pradesh,2023-02-01,2025-02-01,2027-02-01,2027-04-01,1092.18,956.4,178.93,36.0,National Highways Authority of India [NHAI],618718,-,-135.7800000000001,-12.432016700543874,18.708699289000418,777.47,-17.291300710999582,24.0,24.0,14.0,2.0,1,0,Large,0,0,0,0,0,25,75,0,26.25,LOW,1229
1759,Improvement & widening of existing NH-08 to 4-lane with Paved Shoulder from Champak Nagar to Khayerpur section design Km 242500 to Km 261610 in the state of Tripura on EPC basis under NHO-NE,NHIDCL,Tripura,2023-12-01,2024-09-01,2026-09-01,2027-03-01,920.66,920.66,0.0,43.8,NHIDCL,618350,N24002205,0.0,0.0,0.0,920.66,-43.8,24.0,9.0,19.0,6.0,1,0,Medium,0,0,0,0,0,25,75,0,26.25,LOW,1229
1676,Balance Works for six laning of Sriperumbudur to karaipettai section of NH-4 New NH- 48 from 37000 Existing Km 37000 to Km 71015 Existing Km 71000 in Tamilnadu on EPC mode underNHDP Phase-V,National Highways Authority of India [NHAI],Tamil Nadu,2024-06-01,2025-01-01,2026-10-01,2027-02-01,411.16,411.16,81.11,31.16,National Highways Authority of India [NHAI],618522,-,0.0,0.0,19.72711353244479,330.05,-11.43288646755521,21.0,7.0,15.0,4.0,1,0,Small,0,0,0,0,0,25,75,0,26.25,LOW,1229
245,Transmission System for evacuation of Power from Rajasthan REZ Ph-IV [Part-4 3.5 GW] Part A [SPV name POWERGRID Ghiror Transmission Limited],Power Grid Corporation of India Limited [POWERGRID],"Multi-States
(Rajasthan, Uttar
Pradesh)",2024-12-01,2024-12-01,2026-12-01,2027-06-01,5846.0,5846.0,1636.88,31.37,Power Grid Corporation of India Limited [POWERGRID],616670,N18000407,0.0,0.0,28.000000000000004,4209.12,-3.3699999999999974,24.0,0.0,16.0,6.0,1,0,Mega,0,0,0,0,0,25,75,0,26.25,LOW,1229
240,Transmission System for Evacuation of Power from Rajasthan REZ Ph-IV [Part-2 5.5 GW] [Jaisalmer/Barmer Complex] Part D [SPV Name POWERGRID Beawar Mandsaur Transmission Limited],Power Grid Corporation of India Limited [POWERGRID],"Multi-States
(Madhya Pradesh,
Rajasthan)",2024-08-01,2024-08-01,2026-08-01,2026-12-01,2227.0,2227.0,979.88,38.74,Power Grid Corporation of India Limited [POWERGRID],615333,N18000393,0.0,0.0,44.0,1247.12,5.259999999999998,24.0,0.0,20.0,4.0,1,0,Large,0,0,0,0,0,25,75,0,26.25,LOW,1229
1654,6L access controlled Highway from Km 40080 to Km 86513 Mator to Barodameo Section,National Highways Authority of India [NHAI],Rajasthan,2022-09-01,2024-03-01,2026-03-01,2026-05-01,2010.2,1565.88,707.67,37.24,National Highways Authority of India [NHAI],618757,-,-444.31999999999994,-22.10327330613869,45.19311824660893,858.2100000000002,7.953118246608931,24.0,18.0,25.0,2.0,1,0,Large,0,0,0,0,0,25,75,0,26.25,LOW,1229
1512,2L/4L of Hoshiarpur to Una section including Hoshiarpur Bypass of NH 503A,National Highways Authority of India [NHAI],"Multi-States
(Himachal
Pradesh, Punjab)",2023-03-01,2025-05-01,2027-05-01,2027-05-01,571.34,481.88,63.4,24.87,National Highways Authority of India [NHAI],618907,-,-89.46000000000004,-15.657926978681704,13.15680252344982,418.48,-11.71319747655018,24.0,26.0,11.0,0.0,0,0,Medium,1,0,0,0,0,0,100,0,25.0,LOW,1252
1484,6L of Aurangabad to Bihar-Jharkhand border Chordaha section from km. 180.000 to km. 209.827 of NH-2 PKG-01,National Highways Authority of India [NHAI],"Multi-States
(Bihar, Jharkhand)",2021-02-01,2024-12-01,2026-12-01,2026-12-01,1054.46,786.81,110.8,20.88,National Highways Authority of India [NHAI],618531,N24001703,-267.6500000000001,-25.382660319025863,14.082179941790269,676.01,-6.79782005820973,24.0,46.0,16.0,0.0,0,0,Large,1,0,0,0,0,0,100,0,25.0,LOW,1252
1746,4L Access Controlled Greenfield Highway Section Mancherial Warangal from Pangidipalle village at Design Ch. 72.350 Km to Oorugonda village at Design Ch. 112.240 KmPackage-III,National Highways Authority of India [NHAI],Telangana,2023-03-01,2025-06-01,2027-06-01,2027-06-01,1183.71,1170.64,83.68,0.0,National Highways Authority of India [NHAI],618811,-,-13.069999999999936,-1.1041555786467916,7.148226611084535,1086.96,7.148226611084535,24.0,27.0,10.0,0.0,0,0,Large,1,0,0,0,0,0,100,0,25.0,LOW,1252
1913,Binnaguri Bypass-Descoped portion of Ghoshpukur-Dhupguri Section of NH-31Dpkg-1,National Highways Authority of India [NHAI],West Bengal,2025-03-01,2025-11-01,2027-11-01,2027-11-01,309.99,306.02,0.4,1.07,National Highways Authority of India [NHAI],618572,-,-3.9700000000000273,-1.2806864737572266,0.1307104110842428,305.62,-0.9392895889157572,24.0,8.0,5.0,0.0,0,0,Small,1,0,0,0,0,0,100,0,25.0,LOW,1252
1644,Upgradation to 2-Lane with Paved Shoulder from Design Km 36300 to Design Chainage 47918 and from Design Ch 69900 to Design Ch 83940 of NH-248A Natni Ka Bara in the State of Rajasthan on EPC Mode.,MoRTH,Rajasthan,2024-02-01,2024-11-01,2026-05-01,2026-05-01,154.89,154.89,11.94,23.0,MoRTH,618117,-,0.0,0.0,7.708696494286269,142.95,-15.291303505713731,18.0,9.0,17.0,0.0,0,0,Small,1,0,0,0,0,0,100,0,25.0,LOW,1252
1566,New construction of Major Bridge with Approaches from Km 0.000 to 1.200 Madhopur -Badabanta section of NH-20 under NHO in Annual Plan 2022-23 in the State of Odisha,MoRTH,Odisha,2023-03-01,2025-04-01,2027-10-01,2027-10-01,199.5,199.5,0.1,0.0,MoRTH,617898,-,0.0,0.0,0.050125313283208,199.4,0.050125313283208,30.0,25.0,12.0,0.0,0,0,Small,1,0,0,0,0,0,100,0,25.0,LOW,1252
1826,4L Green Field Northern East side Gorakhpur Bypass 26.616 Kms starting from NH- 29E Chainage 83.308 and end at NH-28 Chainage 285.100,National Highways Authority of India [NHAI],Uttar Pradesh,2023-02-01,2024-01-01,2026-01-01,2027-01-01,1973.98,1244.44,955.14,68.95,National Highways Authority of India [NHAI],618566,N24002096,-729.54,-36.95782125452132,76.75259554498408,289.30000000000007,7.802595544984072,24.0,11.0,27.0,12.0,1,0,Large,0,0,0,0,0,50,40,0,25.0,LOW,1252
1352,Rehabilitation and Up-gradation of i. Deogaon phata to Digras phata Ch. 0/000 to 15/000 & Selu to Borgavhan Ch 20/900 to 35/800 [Length 29.9km] ii. Injegaon Dhamoni to Pohner Phata Ch.58/200 to Ch. 83/700 [Length25.5 km] and iii. Pohner phata to Pathri Design Ch. 42/700 to 58/200 [Length 15.5 km] sections of NH-548B to Two lane with paved shoulder configuartion in the state of Maharashtra on EPC mode Total project length 70.9 Km.,MoRTH,Maharashtra,2024-03-01,2025-05-01,2027-05-01,2027-05-01,761.83,761.83,0.0,15.0,MoRTH,618150,-,0.0,0.0,0.0,761.83,-15.0,24.0,14.0,11.0,0.0,0,0,Medium,1,0,0,0,0,0,100,0,25.0,LOW,1252
1452,4-Laning of Kolasib - Sethawn section Package-5 of NH-6 from Existing Chainage km 86000 to km 107850 Design Chainage km 77500 to km 95500 on silchar - vairengte - sairang road under Bharatmala Pariyojna on EPC mode under NHO-NE Vairengte - Sairang Pkg-5,NHIDCL,Mizoram,2021-11-01,2025-07-01,2027-07-01,2027-06-01,720.4,720.4,40.29,11.86,NHIDCL,618318,-,0.0,0.0,5.592726263187118,680.11,-6.267273736812881,24.0,44.0,9.0,-1.0,0,0,Medium,1,0,0,0,0,0,100,0,25.0,LOW,1252
1509,4 laning of Aligarh-Palwal Section from Km. 46.390 Design Chainage to Km. 69.110 Terminating at junction EPE Package-II from Kurana- Eastern Peripheral Expressway of NH-334D,National Highways Authority of India [NHAI],"Multi-States
(Haryana, Uttar
Pradesh)",2024-03-01,2025-08-01,2027-08-01,2027-08-01,939.17,903.94,146.48,7.5,National Highways Authority of India [NHAI],618691,-,-35.229999999999905,-3.7511845565765416,16.20461535057636,757.46,8.704615350576361,24.0,17.0,8.0,0.0,0,0,Medium,1,0,0,0,0,0,100,0,25.0,LOW,1252
1761,Improvement and Widening to 2-lane with paved shoulder of road from design Km 36.000 Rangamati to design Km 72.000 Pati Chhari Total length 36.000 Km on Teliamura to Harina section of NH 208 in the state of Tripura on EPC mode under JICA ODA Loan Phase VI Package-3,NHIDCL,Tripura,2024-01-01,2024-09-01,2026-09-01,2026-09-01,670.9,670.9,0.0,14.0,NHIDCL,618368,N24002162,0.0,0.0,0.0,670.9,-14.0,24.0,8.0,19.0,0.0,0,0,Medium,1,0,0,0,0,0,100,0,25.0,LOW,1252
1451,4-Laning of chhimluang-Kolasib from section pkg-4 of NH-306 & NH-6 existing chainage km 59700 to km 86000 design chainage km 61000 to km 77500 on Silchar- vairengte-sairang road in the state of Mizoram under Bharatmala Pariyojna on EPC mode Vairengte - Sairang Pkg-4,NHIDCL,Mizoram,2021-12-01,2025-07-01,2027-01-01,2026-12-01,561.91,561.91,0.0,17.12,NHIDCL,618317,-,0.0,0.0,0.0,561.91,-17.12,18.0,43.0,9.0,-1.0,0,0,Medium,1,0,0,0,0,0,100,0,25.0,LOW,1252
1790,"Improvement and up-gradation to 2LPS of NH-227B 84-Kosi Parikrama Marg PackageVI, Design Km 160200 Bahuvan Madar Majha to Km 224040 Jagarnathpur under HAM",MoRTH,Uttar Pradesh,2023-05-01,2026-01-01,2028-01-01,2028-01-01,2008.7,2008.7,0.0,5.0,MoRTH,618162,-,0.0,0.0,0.0,2008.7,-5.0,24.0,32.0,3.0,0.0,0,0,Large,1,0,0,0,0,0,100,0,25.0,LOW,1252
1519,4L of NH-80 section of Mirza Chauki to Farakka section from existing km 190.00 to design km 200.75 junction at km 3.100 of NH 133 B and from existing km 260.00 to existing km 283.00 design km 274.133 in the state of Jharkhand package - II,National Highways Authority of India [NHAI],"Multi-States
(Jharkhand, West
Bengal)",2025-02-01,2026-02-01,2028-01-01,2028-01-01,782.18,782.18,22.95,4.3,National Highways Authority of India [NHAI],618948,-,0.0,0.0,2.9341072387430005,759.2299999999999,-1.365892761256999,23.0,12.0,2.0,0.0,0,0,Medium,1,0,0,0,0,0,100,0,25.0,LOW,1252
1837,4L of Bareilly-Pilibhit-Sitarganj from Km. 0.000 to Km. 32.500 of NH-30 Pkg-1,National Highways Authority of India [NHAI],Uttar Pradesh,2023-02-01,2024-03-01,2026-03-01,2026-11-01,1394.14,1394.14,561.53,58.86,National Highways Authority of India [NHAI],618782,-,0.0,0.0,40.27787740112183,832.6100000000001,-18.582122598878172,24.0,13.0,25.0,8.0,1,0,Large,0,0,0,0,0,50,40,0,25.0,LOW,1252
1398,Rehabilitation and Up gradation of Charthana Jintur Section of NH 752 I Km 25100 to 47100 to 2 Lane with Paved Shoulder configuration Flexible Pavement in the state of Maharashtra on EPC mode. Reg- Resubmission of Annual Plan Estimate.,MoRTH,Maharashtra,2025-03-01,2026-01-01,2027-07-01,2026-07-01,157.69,157.69,0.0,0.0,MoRTH,619008,-,0.0,0.0,0.0,157.69,0.0,18.0,10.0,3.0,-12.0,0,0,Small,1,0,0,0,0,0,100,0,25.0,LOW,1252
1453,"4-Laning of Sethawn - N. Kawnpui section Package-6 of NH-6 from Existing Chainage km 107850 to km 126315 Design Chainage km 95500 to km 111850 on Silchar- Vairengte- Sairang road, Vairengte - Sairang Pkg-6",NHIDCL,Mizoram,2021-12-01,2025-07-01,2027-01-01,2026-12-01,595.65,595.65,21.02,6.72,NHIDCL,618319,-,0.0,0.0,3.5289179887517843,574.63,-3.191082011248215,18.0,43.0,9.0,-1.0,0,0,Medium,1,0,0,0,0,0,100,0,25.0,LOW,1252
1450,4-Laning of Vairengte - Chhimluang section Package-3 of NH-306 from Existing Chainage km 43000 to Km 59700 Design Chainage km 46000 to km 60850 on Silchar - Vairengte- Sairang road in the State of Mizoram under Bharatmala Pariyojna under NHO-NE. Package-1&2 in Assam state,NHIDCL,Mizoram,2021-12-01,2025-07-01,2027-01-01,2026-12-01,491.39,491.39,32.46,17.86,NHIDCL,618316,-,0.0,0.0,6.60575103278455,458.93,-11.25424896721545,18.0,43.0,9.0,-1.0,0,0,Small,1,0,0,0,0,0,100,0,25.0,LOW,1252
1882,Rehabilitation and up-gradation to 2-lane configuration of Bageshwar to Kangarchina road from km 129.600 to Km 161.600 Existing Chainage 136.00 to Km 169.00 of NH- 309Ain the State of Uttarakhand Package-IV under NHO Annual Plan 2021-22,MoRTH,Uttarakhand,2022-03-01,2024-08-01,2027-02-01,,472.23,472.23,0.0,60.0,MoRTH,618119,-,0.0,0.0,0.0,472.23,-60.0,30.0,29.0,20.0,,0,0,Small,0,0,0,0,0,50,40,0,25.0,LOW,1252
1848,"Four Lane Highway from Chandan Nagar Existing Km. 59.025 of NH 530B/Design Km. 179.5000 to Bareilly BypassStartExisting Km. 59.025 of NH 530B/Design Km. 218.000 Section of NH 530B, in the State of Uttar Pradesh on HAM Mode under NH0",National Highways Authority of India [NHAI],Uttar Pradesh,2024-12-01,2025-11-01,2027-11-01,2027-11-01,2077.0,1112.44,223.68,16.01,National Highways Authority of India [NHAI],618866,-,-964.56,-46.44005777563794,20.107151846391716,888.76,4.097151846391714,24.0,11.0,5.0,0.0,0,0,Large,1,0,0,0,0,0,100,0,25.0,LOW,1252
1530,4L Shahpur to Muktainagar from Km. 186.000 to km 216.278 of NH 753L Pkg II of Boregaon Buzurg to Muktainagar,National Highways Authority of India [NHAI],"Multi-States
(Madhya Pradesh,
Maharashtra)",2022-12-01,2024-03-01,2026-03-01,2026-10-01,784.35,659.52,299.09,64.0,National Highways Authority of India [NHAI],619101,-,-124.83000000000004,-15.915088927137123,45.34964822901504,360.43,-18.65035177098496,24.0,15.0,25.0,7.0,1,0,Medium,0,0,0,0,0,50,40,0,25.0,LOW,1252
1731,Widening to two/four lane with paved shoulders from Km.34.250 to Km.71.830 of NH- 365A on Kodad-Khammam-Kurvi road.,MoRTH,Telangana,2022-10-01,2025-02-01,2027-01-01,2027-01-01,445.76,445.76,18.32,10.8,MoRTH,618140,-,0.0,0.0,4.109834888729361,427.44,-6.690165111270639,23.0,28.0,14.0,0.0,0,0,Small,1,0,0,0,0,0,100,0,25.0,LOW,1252
1440,Improvement and Widening of National Highway No. 127B Darugiri - Songsak - Williamnagar Junction Section to two lane with paved shoulder from design Km 0000 to Km 36635 Design length 36.635 Km existing Km 112000 to Km 151060 of NH-1278 under Bharatmala Pariyojana Lot-1 Pkg-1B Meghalaya portion,NHIDCL,Meghalaya,2023-03-01,2025-09-01,2027-09-01,2027-09-01,801.07,801.07,64.53,24.13,NHIDCL,618294,-,0.0,0.0,8.055475801116007,736.5400000000001,-16.074524198883992,24.0,30.0,7.0,0.0,0,0,Medium,1,0,0,0,0,0,100,0,25.0,LOW,1252
1657,Mayjilar Jaisalmer with Jaisalmer Bypass Link Road Section of NH-11 Part of BM-7 & Sundra Myajilar Ambsingh ki Dhani Road part of Munabao Tanot project NH-70,National Highways Authority of India [NHAI],Rajasthan,2025-03-01,2025-12-01,2027-12-01,2027-12-01,1237.71,927.02,0.54,5.6,National Highways Authority of India [NHAI],618797,-,-310.69000000000005,-25.102002892438456,0.0582511704170352,926.48,-5.541748829582964,24.0,9.0,4.0,0.0,0,0,Large,1,0,0,0,0,0,100,0,25.0,LOW,1252
1322,Rehabilitation And Upgradation to four lane with paved shoulder configuration from km 24350 to km 61875 Jawale - Borgaon Kale of NH-63 in the State of Maharashtra on EPC mode under Annual Plan 2024-25 Total length - 37.525 Km.,MoRTH,Maharashtra,2024-12-01,2025-09-01,2027-03-01,2027-03-01,574.18,574.18,0.06,10.0,MoRTH,617938,-,0.0,0.0,0.0104496847678428,574.12,-9.989550315232156,18.0,9.0,7.0,0.0,0,0,Medium,1,0,0,0,0,0,100,0,25.0,LOW,1252
1475,Walajahpet/Ranipet to TN/AP Border Section of from Km.106.800 to Km.133.36 NH-4,National Highways Authority of India [NHAI],"Multi-States
(Andhra Pradesh,
Tamil Nadu)",2024-12-01,2025-09-01,2027-09-01,2027-09-01,1338.14,1214.7,116.15,10.07,National Highways Authority of India [NHAI],618769,-,-123.44000000000004,-9.224744795013978,9.562031777393596,1098.55,-0.5079682226064044,24.0,9.0,7.0,0.0,0,0,Large,1,0,0,0,0,0,100,0,25.0,LOW,1252
1840,Construction of Underpass beneath airport runway on NH-31 old NH-56 for proposed expansion of runway of Babatpur Airport Varanasi,National Highways Authority of India [NHAI],Uttar Pradesh,2025-02-01,2025-09-01,2027-09-01,2027-09-01,649.44,649.44,0.09,6.6,National Highways Authority of India [NHAI],618848,-,0.0,0.0,0.0138580931263858,649.35,-6.586141906873614,24.0,7.0,7.0,0.0,0,0,Medium,1,0,0,0,0,0,100,0,25.0,LOW,1252
1844,"Improvement and Up-Gradation of Existing Road to 4L PS from Km 88.750 to 123.650, from Start of Shahjahanpur Bypass to start of Shahabad bypass of NH 731Pkg.-2A",National Highways Authority of India [NHAI],Uttar Pradesh,2022-09-01,2024-01-01,2026-01-01,2026-11-01,955.34,955.34,269.0,64.2,National Highways Authority of India [NHAI],618858,-,0.0,0.0,28.15751460213118,686.34,-36.04248539786882,24.0,16.0,27.0,10.0,1,0,Medium,0,0,0,0,0,50,40,0,25.0,LOW,1252
1567,Widening and Strengthening to 4LPS/2LPS from km 0.000 to 35.800 Kuakhia - Mangalpur section of NH 20 in the state of Odisha on Annual Plan 2021-22,MoRTH,Odisha,2022-03-01,2024-02-01,2026-02-01,2026-11-01,636.1,636.1,292.74,56.11,MoRTH,617899,N24002136,0.0,0.0,46.0210658701462,343.36,-10.088934129853795,24.0,23.0,26.0,9.0,1,0,Medium,0,0,0,0,0,50,40,0,25.0,LOW,1252
1571,Widening and Strengthening to 2LPS including LA from km 318.970 to 353.450 Balikuda-Mulkani Section of NH-55 under NHO in Annual Plan 2022-23 in the State of Odisha. Job No. NH-55-OD-2022-23-656,MoRTH,Odisha,2022-01-01,2025-06-01,2027-06-01,2027-06-01,511.54,511.54,0.0,3.0,MoRTH,617920,-,0.0,0.0,0.0,511.54,-3.0,24.0,41.0,10.0,0.0,0,0,Medium,1,0,0,0,0,0,100,0,25.0,LOW,1252
1568,construction or By-pass road on NH-26 for Nabrangpur Town,MoRTH,Odisha,2023-03-01,2024-12-01,2026-12-01,2026-12-01,168.95,168.95,7.84,21.0,MoRTH,617902,-,0.0,0.0,4.6404261615862685,161.11,-16.35957383841373,24.0,21.0,16.0,0.0,0,0,Small,1,0,0,0,0,0,100,0,25.0,LOW,1252
1798,"Rehabilitation and upgradation of Salon - Jais - Jagdishpur Road section of NH-931A, from design Chainage km 0.000 to km 5.740 to four lane divided carriageway and from design Chainage km 5.740 to km 53.500 to two lane with paved Total length km 53.500 along with One time improvement in 04 no's of realigned/bypassed built-up areas in a total length of 9.732 km in the state of Uttar Pradesh on EPC mode",MoRTH,Uttar Pradesh,2023-05-01,2025-10-01,2027-10-01,2027-10-01,947.15,947.15,0.0,4.0,MoRTH,618187,-,0.0,0.0,0.0,947.15,-4.0,24.0,29.0,6.0,0.0,0,0,Medium,1,0,0,0,0,0,100,0,25.0,LOW,1252
1857,4L Behsuma at Km 39.250 Ex. Km 39240 To Bijnor at Km 78.810 Ex. Km 86590 Design Length 39.560 Km of NH-119 Pkg-II,National Highways Authority of India [NHAI],Uttar Pradesh,2023-03-01,2024-05-01,2026-05-01,2026-05-01,2158.2,2553.12,694.43,65.21,National Highways Authority of India [NHAI],618923,-,394.9200000000001,18.29858215179317,27.199269912890895,1858.69,-38.010730087109096,24.0,14.0,23.0,0.0,0,1,Large,0,0,0,0,50,0,40,0,25.0,LOW,1252
1428,Balance work of Widening to 2 Two lane with hard shoulder of Churachandpur to Tuivai section of NH-102B from Design Chainage km 118850 to km 130000 Package- 4A in the State of Manipur on EPC Mode,NHIDCL,Manipur,2020-04-01,2025-08-01,2026-08-01,2026-08-01,204.12,204.12,0.0,21.39,NHIDCL,618349,-,0.0,0.0,0.0,204.12,-21.39,12.0,64.0,8.0,0.0,0,0,Small,1,0,0,0,0,0,100,0,25.0,LOW,1252
1495,4L of Kishanganj - Bahadurganj section from Km. 0.000 to Km. 23.649 & interchange at Start Point Length - 1.200 Km of NH-27,National Highways Authority of India [NHAI],"Multi-States
(Bihar, West
Bengal)",2025-01-01,2025-12-01,2027-12-01,2027-12-01,962.84,855.56,60.94,9.21,National Highways Authority of India [NHAI],618584,-,-107.28000000000009,-11.142038137177526,7.122820141194072,794.6199999999999,-2.0871798588059285,24.0,11.0,4.0,0.0,0,0,Medium,1,0,0,0,0,0,100,0,25.0,LOW,1252
1920,"Construction of Dubrajpur Bypass with 4-lane configuration of length 5.676 km on NH- 60 new NH-14 from design chainage 0.00 existing km 316.135 on NH-60 to design chainage 5.676 existing km 320.980 on NH-60 in the district of Birbhum, West Bengal under Annual Plan 2022-23 in EPC Mode- reg. Job. No. 014-WB-2022- 23/518 .",MoRTH,West Bengal,2023-03-01,2025-12-01,2027-12-01,2027-12-01,560.79,560.79,0.0,3.5,MoRTH,619004,-,0.0,0.0,0.0,560.79,-3.5,24.0,33.0,4.0,0.0,0,0,Medium,1,0,0,0,0,0,100,0,25.0,LOW,1252
1892,Upgradation to 2-lane with Hard shoulder configuration of Suraithota Ch. 29.725 km to Malari Ch. 60.550 km road on NH- 107B under in the state of Uttarakhand.,MoRTH,Uttarakhand,2022-10-01,2024-05-01,2026-05-01,2026-12-01,292.76,292.76,0.0,72.5,MoRTH,618219,-,0.0,0.0,0.0,292.76,-72.5,24.0,19.0,23.0,7.0,1,0,Small,0,0,0,0,0,50,40,0,25.0,LOW,1252
1774,Construction of Pratapgarh Bypass Extension connecting NH-31 to NH-330 on EPC mode in the State of Uttar Pradesh.,MoRTH,Uttar Pradesh,2022-10-01,2024-01-01,2025-06-01,2026-06-01,225.17,225.17,0.0,73.0,MoRTH,618055,N24002016,0.0,0.0,0.0,225.17,-73.0,17.0,15.0,27.0,12.0,1,0,Small,0,0,0,0,0,50,40,0,25.0,LOW,1252
1779,"Rehabilitation & Up-gradation from design Km. 0.000 to Km. 69.280 of NH-931 Pratapgarh - Amethi - Gauriganj -Musafirkhana to two lane with paved shoulder on Engineering, Procurement & Construction EpC mode in the State of Uttar Pradesh",MoRTH,Uttar Pradesh,2023-05-01,2025-11-01,2027-11-01,2027-11-01,1086.3,1086.3,0.0,4.0,MoRTH,618067,-,0.0,0.0,0.0,1086.3,-4.0,24.0,30.0,5.0,0.0,0,0,Large,1,0,0,0,0,0,100,0,25.0,LOW,1252
1804,Construction of 4 lane Mirzapur bypass including bridge over river Ganga from km 0.000 to km 15.000 of NH 135A in the State of Uttar Pradesh on HAM Mode.,MoRTH,Uttar Pradesh,2024-03-01,2026-01-01,2029-01-01,2029-01-01,1708.62,1708.62,0.0,2.0,MoRTH,618247,-,0.0,0.0,0.0,1708.62,-2.0,36.0,22.0,3.0,0.0,0,0,Large,1,0,0,0,0,0,100,0,25.0,LOW,1252
1936,Sewage Treatment Plant 50MLD and Sewerage Network 150 km in Kankarbagh- Patna under Hybrid annuity based PPP mode-Namami Gange Programme,National Mission for Clean Ganga,Bihar,2017-08-01,2019-07-01,2025-12-01,,578.89,578.89,171.79,54.0,National Mission for Clean Ganga,616612,N30000050,0.0,0.0,29.67575877973363,407.1,-24.32424122026637,77.0,23.0,81.0,,0,0,Medium,0,0,0,0,0,50,40,0,25.0,LOW,1252
1785,"Improvement and up-gradation of NH-227B 84 Kosi Parikrama Marg Package I, from km 228.920 Jagarnathpur to Km 235.960/0.000 MakhaudaDham to Km 29.000 Sarpur in the State of Uttar Pradesh on EPC basis",MoRTH,Uttar Pradesh,2022-03-01,2025-05-01,2026-11-01,2026-11-01,912.5,912.5,0.0,3.0,MoRTH,618112,N24002240,0.0,0.0,0.0,912.5,-3.0,18.0,38.0,11.0,0.0,0,0,Medium,1,0,0,0,0,0,100,0,25.0,LOW,1252
1858,2L PS of Najibabad Kotdwar section from 112.575 to Km. 138.635 of NH 119,National Highways Authority of India [NHAI],Uttar Pradesh,2021-10-01,2024-03-01,2025-09-01,2026-06-01,188.87,99.2,33.37,50.44,National Highways Authority of India [NHAI],618924,-,-89.67,-47.47710065124159,33.6391129032258,65.83000000000001,-16.800887096774197,18.0,29.0,25.0,9.0,1,0,Small,0,0,0,0,0,50,40,0,25.0,LOW,1252
1787,"Improvement and up-gradation of NH-227B 84 Kosi Parikrama Marg PackageV, from Design Km.140.960 Patranga to Km.160.200 Bahuvan Madar Majha on EPC mode in the State of Uttar Pradesh",MoRTH,Uttar Pradesh,2023-03-01,2026-02-01,2028-08-01,2028-08-01,1192.33,1192.33,0.0,0.0,MoRTH,618114,-,0.0,0.0,0.0,1192.33,0.0,30.0,35.0,2.0,0.0,0,0,Large,1,0,0,0,0,0,100,0,25.0,LOW,1252
1493,Construction of additional 3-Lane Bridge over River Ganga for connection between Buxar and Bharauli on NH-922 in the State of Uttar Pradesh and Bihar on Hybrid Annuity Mode,National Highways Authority of India [NHAI],"Multi-States
(Bihar, Uttar
Pradesh)",2024-03-01,2025-08-01,2028-02-01,2028-02-01,531.61,444.92,18.86,15.51,National Highways Authority of India [NHAI],618882,-,-86.69,-16.307067210925304,4.238964308190236,426.06,-11.271035691809765,30.0,17.0,8.0,0.0,0,0,Medium,1,0,0,0,0,0,100,0,25.0,LOW,1252
1791,"Rehabilitation and Up-gradation from km. 0000 to km.40390 of NH-730S MaharajganjNichloulThuthibari to two lane with paved shoulders in the State of U.P. on Engineering, Procurement & Construction EPC Basis.",MoRTH,Uttar Pradesh,2023-03-01,2024-06-01,2025-12-01,2026-12-01,809.25,603.19,0.0,58.0,MoRTH,618163,N24001418,-206.05999999999997,-25.463083101637313,0.0,603.19,-58.0,18.0,15.0,22.0,12.0,1,0,Medium,0,0,0,0,0,50,40,0,25.0,LOW,1252
1864,4 Lane Inner Ring Road around Allahabad City Pkg-1 Prayagraj Southern Bypass 34.400 43.200,National Highways Authority of India [NHAI],Uttar Pradesh,2025-02-01,2025-12-01,2027-12-01,2027-12-01,775.94,498.97,15.11,4.44,National Highways Authority of India [NHAI],618961,-,-276.97,-35.69477021419182,3.028238170631501,483.86,-1.4117618293684997,24.0,10.0,4.0,0.0,0,0,Medium,1,0,0,0,0,0,100,0,25.0,LOW,1252
1805,Widening to 4 lane from km. 139.00 to km 179.20 of NH-135A Pkg-III Jaunpur Akbarpur section and Akbarpur bypass on Hybrid Annuity Mode in the state of Uttar Pradesh.,MoRTH,Uttar Pradesh,2023-05-01,2026-01-01,2028-01-01,2028-01-01,1653.15,1653.15,0.0,10.0,MoRTH,618248,-,0.0,0.0,0.0,1653.15,-10.0,24.0,32.0,3.0,0.0,0,0,Large,1,0,0,0,0,0,100,0,25.0,LOW,1252
1569,Construction of Bypass road to Balangir town from km 72/400 Desing km 0/0 to km 79/800 Design km 11/670 of NH-26 in the State of Odisha.,MoRTH,Odisha,2022-02-01,2023-04-01,2025-10-01,2026-07-01,238.78,238.78,6.09,55.0,MoRTH,617904,N24001862,0.0,0.0,2.550464863053857,232.69,-52.449535136946146,30.0,14.0,36.0,9.0,1,0,Small,0,0,0,0,0,50,40,0,25.0,LOW,1252
1904,Construction of additional major Bridge with 4- lane configuration of length 1.48 km on NH-60 NH-14 over River Kangshabati from Km. 117.770 to Km 119.250 and additional major Bridge with 4- lane configuration of length 0.900 km on NH-60 NH- 14 over River Shilabati from Km. 173.220 to Km 174.120 in the district of Paschim Medinipur of West Bengal under Annual Plan for FY 2023-24 on EPC mode. Job No 014-W8-2023-24/527 .,MoRTH,West Bengal,2023-11-01,2025-11-01,2028-05-01,2028-05-01,304.83,304.83,0.0,0.0,MoRTH,617893,-,0.0,0.0,0.0,304.83,0.0,30.0,24.0,5.0,0.0,0,0,Small,1,0,0,0,0,0,100,0,25.0,LOW,1252
1905,"Construction or 4 lane Raniganj Bypass of length 5.261 km on NH-60 new NH-14 from km 273.00 of NH to km 478.18 of NH-2 New NH 16 in paschim Bardhaman, West Bengal in EPC Mode- reg. Job No. 014-WB-2022-23/514",MoRTH,West Bengal,2023-03-01,2024-03-01,2026-03-01,2026-12-01,410.83,410.83,157.03,65.11,MoRTH,617894,-,0.0,0.0,38.22262249592289,253.8,-26.887377504077108,24.0,12.0,25.0,9.0,1,0,Small,0,0,0,0,0,50,40,0,25.0,LOW,1252
1789,Rehabilitation and upgradation from km 51.600 to km 75.700 of NH-321G Nuhkhas to Etah section to two lane with paved shoulder configuration under EPC mode in the State of Uttar Pradesh,MoRTH,Uttar Pradesh,2022-01-01,2024-02-01,2025-08-01,2026-06-01,343.54,343.54,75.71,65.0,MoRTH,618124,N24002116,0.0,0.0,22.038190603714263,267.83000000000004,-42.96180939628573,18.0,25.0,26.0,10.0,1,0,Small,0,0,0,0,0,50,40,0,25.0,LOW,1252
1572,Widening and strengthening to 2LPS including LA of Kandarpur-Balikuda from km 277/500 to 318/970 of NH-55 in the State of Odisha under Annual Plan 2021-22.,MoRTH,Odisha,2022-03-01,2023-06-01,2025-06-01,2026-05-01,499.79,499.79,129.74,60.65,MoRTH,617921,N24001858,0.0,0.0,25.95890273915044,370.05,-34.69109726084956,24.0,15.0,34.0,11.0,1,0,Small,0,0,0,0,0,50,40,0,25.0,LOW,1252
1820,Construction of Ring Road around kanpur from Ch.51.200 to Ch. 68.650 Badarka to Harbanch-Uchti Pkg-III,National Highways Authority of India [NHAI],Uttar Pradesh,2023-09-01,2025-01-01,2027-07-01,2027-07-01,1792.68,1126.75,193.85,22.81,National Highways Authority of India [NHAI],618538,-,-665.9300000000001,-37.1471762947096,17.204348790769913,932.9,-5.605651209230086,30.0,16.0,15.0,0.0,0,0,Large,1,0,0,0,0,0,100,0,25.0,LOW,1252
1573,Construction of Jharsuguda Bypass including Land acqusition on NH-49 from km 258.636 to km 283.300 design chainage 258.636 to km 289.876 under NHO in Annual Plan 2022-23 for the state of Odisha Job No.NH-49-OD-2022-23-655,MoRTH,Odisha,2021-09-01,2025-01-01,2027-07-01,2027-07-01,587.1,587.1,52.43,21.0,MoRTH,617922,-,0.0,0.0,8.93033554760688,534.6700000000001,-12.06966445239312,30.0,40.0,15.0,0.0,0,0,Medium,1,0,0,0,0,0,100,0,25.0,LOW,1252
1574,Construction of Daspalla Bypass from km 195.250 To 200.635 of NH-57 including land acquisition in the state of Odisha on EPC mode under Annual Plan 2022-23.,MoRTH,Odisha,2023-02-01,2025-05-01,2027-05-01,2027-05-01,155.97,155.97,36.6,20.0,MoRTH,617923,-,0.0,0.0,23.466051163685325,119.37,3.466051163685325,24.0,27.0,11.0,0.0,0,0,Small,1,0,0,0,0,0,100,0,25.0,LOW,1252
1580,Construction of Dharmagarh Bypass on NH-130C including land acquisition in the state of Odisha on EPC Mode under Annual plan 2022-23.,MoRTH,Odisha,2023-03-01,2025-04-01,2026-10-01,2026-10-01,172.66,172.66,0.0,15.0,MoRTH,618079,-,0.0,0.0,0.0,172.66,-15.0,18.0,25.0,12.0,0.0,0,0,Small,1,0,0,0,0,0,100,0,25.0,LOW,1252
1767,"Construction of 4-Lane with paved shoulder Agartala bypass Western side, length 25.402 km connecting NH-8 near Amtali to NH-108B near Lembuchhera in the state of Tripura on EPC basis under NHO-NE",NHIDCL,Tripura,2023-03-01,2024-03-01,2027-03-01,2027-03-01,2026.05,2026.05,292.55,9.2,NHIDCL,618417,N24002132,0.0,0.0,14.439426470225316,1733.5,5.239426470225318,36.0,12.0,25.0,0.0,0,0,Large,1,0,0,0,0,0,100,0,25.0,LOW,1252
1903,Four/Six laning of Bhaniyawala-Jollygrant-Rishikesh spur section of NH-07 from Km. 0.000 to Km 19.780,NHAI,Uttarakhand,2023-02-01,2025-12-01,2027-11-01,2027-11-01,742.43,664.92,0.45,0.0,NHAI,619295,-,-77.50999999999999,-10.440041485392562,0.0676773145641581,664.4699999999999,0.0676773145641581,23.0,34.0,4.0,0.0,0,0,Medium,1,0,0,0,0,0,100,0,25.0,LOW,1252
1809,Construction of Deoria Bypass from existing Km. 27.140 to existing Km. 46.780 Design Km. 49.109 on NH727A Design length 21.969 Km. to four lane with paved shoulder configuration under Hybrid Annuity Mode HAM in the State of Uttar Pradesh,MoRTH,Uttar Pradesh,2023-03-01,2025-08-01,2027-07-01,2027-07-01,1734.7,1734.7,0.0,10.0,MoRTH,618262,-,0.0,0.0,0.0,1734.7,-10.0,23.0,29.0,8.0,0.0,0,0,Large,1,0,0,0,0,0,100,0,25.0,LOW,1252
1581,Widening to 2 lane with paved shoulded of Jareikela Jharkhand/Odisha Border - Dhabaleswar section from 0/0 to 36/0 of NH-320D in the State of Odisha under Annual Plan 2021-22.,MoRTH,Odisha,2022-03-01,2024-10-01,2026-10-01,2026-10-01,172.09,172.09,0.0,20.25,MoRTH,618122,-,0.0,0.0,0.0,172.09,-20.25,24.0,31.0,18.0,0.0,0,0,Small,1,0,0,0,0,0,100,0,25.0,LOW,1252
1427,Balance work of Widening to 2 Two lane with hard shoulder of Churachandpur to Tuivai section of NH-102B from km 130.000 to km 141.029 Package-4B in the State of Manipur on EPC Mode,NHIDCL,Manipur,2020-06-01,2025-11-01,2026-11-01,2026-11-01,177.76,177.76,1.41,0.97,NHIDCL,618348,-,0.0,0.0,0.7932043204320431,176.35,-0.1767956795679568,12.0,65.0,5.0,0.0,0,0,Small,1,0,0,0,0,0,100,0,25.0,LOW,1252
1585,Balance work of Rehabilitation and Upgradation to four laning of Baharagora Singhara section of NH-49 from Km.229.727 to Km.238.990 Length 9.263 Km. including construction of five nos. of Elephant Underpasses EUP and fourteen nos. of Animal Underpasses AUP inside the buffer zone of Similipal Tiger Reserve Area in Bangriposi Ghat section in the State of Odisha on EPC Mode,National Highways Authority of India [NHAI],Odisha,2025-03-01,2025-05-01,2027-11-01,2027-11-01,263.32,163.07,8.76,8.8,National Highways Authority of India [NHAI],618593,-,-100.25,-38.07154792647729,5.371926166676888,154.31,-3.428073833323113,30.0,2.0,11.0,0.0,0,0,Small,1,0,0,0,0,0,100,0,25.0,LOW,1252
1902,Road Safety Improvement of existing four lane section of Dehradun-Lal Tappar-Nepali Farm Section of NH-7 and Nepali Farm-Motichur NH-34 on EPC Mode in Uttarakhand under NHO.,NHAI,Uttarakhand,2025-05-01,2026-02-01,2028-08-01,2028-08-01,720.67,388.19,1.6,1.0,NHAI,619294,-,-332.47999999999996,-46.13484673983931,0.412169298539375,386.59,-0.587830701460625,30.0,9.0,2.0,0.0,0,0,Medium,1,0,0,0,0,0,100,0,25.0,LOW,1252
1935,Sewage Treatment Plant 100MLD and Sewerage Network 288 km in Digha-Patna under Hybrid annuity based PPP mode-Namami Gange Programme,National Mission for Clean Ganga,Bihar,2017-08-01,2019-07-01,2025-12-01,2026-09-01,824.0,824.0,396.71,57.0,National Mission for Clean Ganga,616611,N30000051,0.0,0.0,48.144417475728154,427.29,-8.855582524271846,77.0,23.0,81.0,9.0,1,0,Medium,0,0,0,0,0,50,40,0,25.0,LOW,1252
991,Construction of Major Bridge over Baghmati and Lakhandei River along with Approaches from Design km.16.500 to km.21.500,NHAI,Bihar,2024-02-01,2024-10-01,2027-04-01,2027-04-01,498.97,380.3,43.95,20.42,NHAI,618956,-,-118.67000000000002,-23.78299296550895,11.556665790165658,336.35,-8.863334209834344,30.0,8.0,18.0,0.0,0,0,Small,1,0,0,0,0,0,100,0,25.0,LOW,1252
1316,Construction of 6 lane flyover from Khapari ROB to Mihan Interchange design chainage km 8760 to 11450 L- 2.69 km and upgradation of existing 4L PS road to 6LPS with service road by flexible pavement design chainage km 11450 to 14500 L- 3.05 [total project length 5.74 km] in section of Nagpur - Hyderabad NH-44 Old NH-7 in Nagpur district in the state of Maharashtra on HAM mode.,MoRTH,Maharashtra,2024-03-01,2025-10-01,2027-10-01,2027-10-01,619.55,619.55,0.0,6.05,MoRTH,617912,-,0.0,0.0,0.0,619.55,-6.05,24.0,19.0,6.0,0.0,0,0,Medium,1,0,0,0,0,0,100,0,25.0,LOW,1252
1068,4L PS from Ch. 179.780 in Bitada/Movi Village to Ch. 208.900 in Nasarpore Village of NH-56 Pkg-V,National Highways Authority of India [NHAI],Gujarat,2023-03-01,2025-11-01,2027-11-01,2027-11-01,764.02,566.96,25.82,2.6,National Highways Authority of India [NHAI],618931,-,-197.05999999999997,-25.792518520457573,4.554113164949908,541.14,1.954113164949908,24.0,32.0,5.0,0.0,0,0,Medium,1,0,0,0,0,0,100,0,25.0,LOW,1252
1116,"Construction of 4 lane with paved shoulder Pattan bypass Greenfield bypass from existing Ch. Km 24320 to Km 33760 and Design Ch. from Km 24400 to Km 35300, total length 10.900 km on road SrinagarBaramulla Uri NH-01 in the UT of Jammu & Kashmir under Project BEACON, Border Roads Organization BRO on EPC mode. Package-II",MoRTH,"Jammu and
Kashmir",2023-03-01,2024-08-01,2026-07-01,,980.21,980.21,0.27,50.01,MoRTH,618203,N24002179,0.0,0.0,0.0275451178829026,979.94,-49.982454882117096,23.0,17.0,20.0,,0,0,Medium,0,0,0,0,0,50,40,0,25.0,LOW,1252
520,Installation of New Bar Mill at Durgapur Steel Plant,Steel Authority of India Limited [SAIL],West Bengal,2024-07-01,2024-08-01,2027-06-01,,2115.44,2115.44,564.14,57.55,Steel Authority of India Limited [SAIL],617242,N12000138,0.0,0.0,26.6677381537647,1551.3000000000002,-30.8822618462353,34.0,1.0,20.0,,0,0,Large,0,0,0,0,0,50,40,0,25.0,LOW,1252
522,Third Ladle Furnace in Secondary Refinery Unit at IISCO Steel Plant,Steel Authority of India Limited [SAIL],West Bengal,2024-11-01,2024-12-01,2026-07-01,,227.96,227.96,75.66,66.37,Steel Authority of India Limited [SAIL],617248,N12000141,0.0,0.0,33.190033339182314,152.3,-33.17996666081769,19.0,1.0,16.0,,0,0,Small,0,0,0,0,0,50,40,0,25.0,LOW,1252
528,Kurnool - Setting up facilities for coach midlife rehabilitation workshop,WPO/Patna,Andhra Pradesh,2014-01-01,2017-10-01,2023-12-01,,560.72,560.72,276.66,65.0,WPO/Patna,611927,-,0.0,0.0,49.34013411328292,284.06,-15.659865886717078,74.0,45.0,102.0,,0,0,Medium,0,0,0,0,0,50,40,0,25.0,LOW,1252
1096,Rehabilitation and Upgradation to 2-lane configuration of Karnohal- Kalwahn Section km 181.00 to 208.950 of NH-70 in the State of Himachal Pradesh under Green National Highways Corridor Project GNHCP with the loan assistance of World Bank on EPC mode.Package-2,MoRTH,Himachal Pradesh,2020-08-01,2023-11-01,2026-05-01,2026-12-01,251.62,190.02,74.12,55.85,MoRTH,618232,-,-61.599999999999994,-24.481360782131784,39.00642037680244,115.9,-16.843579623197563,30.0,39.0,29.0,7.0,1,0,Small,0,0,0,0,0,50,40,0,25.0,LOW,1252
1091,"Improvement/construction of existing CL-5 Road to NH Intermediate lane specification with hard shoulder from Km 166.000 to 203.77 net Length 37.770 kms of NH-505 Sumdo-Kaza-Gramphoo road in the state of Himachal Pradesh on EPC mode under project Deepak, BRO",MoRTH,Himachal Pradesh,2021-06-01,2024-06-01,2027-06-01,2027-06-01,274.36,194.0,0.0,22.26,MoRTH,618215,-,-80.36000000000001,-29.28998396267678,0.0,194.0,-22.26,36.0,36.0,22.0,0.0,0,0,Small,1,0,0,0,0,0,100,0,25.0,LOW,1252
566,4TH LINE - BHILAI-BHILAI NAGAR [8.8 KM] [PB-72/NR/2022-23],SECR,Chhattisgarh,2022-09-01,2024-05-01,2027-02-01,2027-02-01,177.34,177.34,1.91,7.0,SECR,709816,N22000575,0.0,0.0,1.077027179429345,175.43,-5.9229728205706555,33.0,20.0,23.0,0.0,0,0,Small,1,0,0,0,0,0,100,0,25.0,LOW,1252
569,3RD AND 4TH LINE - SARAGBUNDIA AND MADWARANI,SECR,Chhattisgarh,2022-09-01,2025-05-01,2026-12-01,2026-12-01,167.64,167.64,20.13,8.0,SECR,709819,N22000579,0.0,0.0,12.007874015748031,147.51,4.007874015748033,19.0,32.0,11.0,0.0,0,0,Small,1,0,0,0,0,0,100,0,25.0,LOW,1252
576,Petlad Bhadran 23 Kms,Western Railway,Gujarat,2022-05-01,2022-05-01,2030-05-01,2030-05-01,307.11,307.11,18.9,17.0,Western Railway,611945,N22000538,0.0,0.0,6.154146722672657,288.21000000000004,-10.845853277327343,96.0,0.0,47.0,0.0,0,0,Small,1,0,0,0,0,0,100,0,25.0,LOW,1252
1067,4L PS from Ch. 94.030 in Jabugam Village to Ch. 132.320 in Dhamasiya Village of NH-56 Pkg-III,National Highways Authority of India [NHAI],Gujarat,2023-03-01,2025-11-01,2027-11-01,2027-11-01,1188.46,898.0,79.04,13.98,National Highways Authority of India [NHAI],618930,-,-290.46000000000004,-24.44003163758141,8.801781737193764,818.96,-5.1782182628062365,24.0,32.0,5.0,0.0,0,0,Large,1,0,0,0,0,0,100,0,25.0,LOW,1252
733,GANDHAMARDAN IRON ORE MINES TO GOALDIH STATION/12.76kms,East Coast Railway [ECoR] - II,Odisha,2022-09-01,2025-05-01,2027-09-01,2027-09-01,190.0,189.93,3.4,5.0,East Coast Railway [ECoR] - II,709811,N22000520,-0.0699999999999931,-0.0368421052631543,1.7901332069709892,186.53,-3.209866793029011,28.0,32.0,11.0,0.0,0,0,Small,1,0,0,0,0,0,100,0,25.0,LOW,1252
577,Samlaya Timba Road 54 km,PCE/WR,Gujarat,2023-02-01,2023-02-01,2030-03-01,2030-03-01,670.17,670.17,45.86,12.0,PCE/WR,611970,N22000540,0.0,0.0,6.843039825715863,624.31,-5.156960174284137,85.0,0.0,38.0,0.0,0,0,Medium,1,0,0,0,0,0,100,0,25.0,LOW,1252
580,Dahod Creation of Infrastructure facilities for 9000 HP Electric locomotives Manufacturing at,PCE/WR,Gujarat,2022-05-01,2023-02-01,2025-02-01,,487.0,487.0,222.88,53.0,PCE/WR,611977,-,0.0,0.0,45.76591375770021,264.12,-7.234086242299796,24.0,9.0,38.0,,0,0,Small,0,0,0,0,0,50,40,0,25.0,LOW,1252
592,NEW BG LINE INTERSECTION [5 NOS] BETWEEN GERATPUR-SANAND & BOTAD-AHMEDABAD [16.51 KM],Western Railway [WR] - II,Gujarat,2022-10-01,2025-07-01,2028-06-01,2027-10-01,437.21,437.21,117.87,21.0,Western Railway [WR] - II,709813,N22000551,0.0,0.0,26.95958463896069,319.34,5.959584638960688,35.0,33.0,9.0,-8.0,0,0,Small,1,0,0,0,0,0,100,0,25.0,LOW,1252
600,Construction of New BG line between Hassan to Belur [27 Km],South Western Railway [SWR] - II,Karnataka,2019-03-01,2025-12-01,2028-04-01,2027-04-01,749.0,749.0,0.94,0.3,South Western Railway [SWR] - II,400023,N22000558,0.0,0.0,0.1255006675567423,748.06,-0.1744993324432577,28.0,81.0,4.0,-12.0,0,0,Medium,1,0,0,0,0,0,100,0,25.0,LOW,1252
616,"Lalitpur-Satna, Rewa-Singrauli & Mahoba-Khajuraho",North Central Railway,Madhya Pradesh,2007-01-01,1998-03-01,2027-03-01,2027-12-01,8914.0,8914.0,6806.95,74.0,North Central Railway,705480,220100232,0.0,0.0,76.3624635404981,2107.05,2.362463540498098,348.0,-106.0,337.0,9.0,1,0,Mega,0,0,0,0,0,50,40,0,25.0,LOW,1252
644,Mumbai Urban Transport Project [MUTP] Phase-IIIA,Mumbai Rail Vikas Corporation Ltd.[MRVC],Maharashtra,2019-04-01,2019-04-01,2027-12-01,2027-12-01,33690.0,33690.0,3577.36,22.0,Mumbai Rail Vikas Corporation Ltd.[MRVC],706780,N22000627,0.0,0.0,10.618462451766105,30112.64,-11.381537548233895,104.0,0.0,84.0,0.0,0,0,Mega,1,0,0,0,0,0,100,0,25.0,LOW,1252
690,Bhanupalli-Bilaspur-Beri New Railway Line Project,RVNL - II,"Multi-States
(Himachal
Pradesh, Punjab)",2009-03-01,2015-04-01,2026-12-01,2027-12-01,13447.0,13447.0,7558.16,63.0,RVNL - II,705428,N22000273,0.0,0.0,56.20703502639994,5888.84,-6.792964973600057,140.0,73.0,132.0,12.0,1,0,Mega,0,0,0,0,0,50,40,0,25.0,LOW,1252
1041,Upgradation of Mehsana-Visnagar-vadnagar-Kheralu-Idar section from km 0/00 to 81/300 of NH 168G Mehsana to Idar in the State of GujaratTotal Length 81.300 Km on Hybrid Annuity Mode HAM,MoRTH,Gujarat,2024-02-01,2025-12-01,2028-06-01,2028-06-01,1155.21,1155.21,32.09,11.0,MoRTH,618107,-,0.0,0.0,2.777849914734118,1123.12,-8.222150085265882,30.0,22.0,4.0,0.0,0,0,Large,1,0,0,0,0,0,100,0,25.0,LOW,1252
1036,Widening to 2LPS between Km 0/0 to 56/0 Khokhara Gujarat Border Vijayanagar Antrasuba Mathasur road of NH 58 in the State of Gujarat,MoRTH,Gujarat,2024-03-01,2025-09-01,2027-09-01,2027-09-01,699.19,699.19,0.0,24.0,MoRTH,617927,-,0.0,0.0,0.0,699.19,-24.0,24.0,18.0,7.0,0.0,0,0,Medium,1,0,0,0,0,0,100,0,25.0,LOW,1252
518,"Construction of Screening Plant-II for Donimalai and Kumaraswamy Iron Ore Mining Complex of NMDC Limited at Ballari Dt, Karnataka.",National Mineral Development Corporation Limited [NMDC],Karnataka,2014-11-01,2024-06-01,2026-08-01,,1043.63,1043.63,609.8,63.1,National Mineral Development Corporation Limited [NMDC],400121,N12000136,0.0,0.0,58.43066987342256,433.83000000000015,-4.669330126577442,26.0,115.0,22.0,,0,0,Large,0,0,0,0,0,50,40,0,25.0,LOW,1252
517,Rebuilding of Coke Oven Battery No.6 at Bokaro Steel Plant,Steel Authority of India Limited [SAIL],Jharkhand,2023-11-01,2023-12-01,2026-11-01,,627.31,627.31,330.82,61.84,Steel Authority of India Limited [SAIL],617257,N12000135,0.0,0.0,52.73628668441441,296.48999999999995,-9.103713315585594,35.0,1.0,28.0,,0,0,Medium,0,0,0,0,0,50,40,0,25.0,LOW,1252
508,"Replacement of Converter Vessels, Trunnion Rings, Support System & Installation of Secondary Emission at Bhilai Steel Plant",Steel Authority of India Limited [SAIL],Chhattisgarh,2023-10-01,2023-12-01,2026-06-01,,471.83,471.83,239.59,67.07,Steel Authority of India Limited [SAIL],617255,N12000131,0.0,0.0,50.77888222453002,232.24,-16.29111777546997,30.0,2.0,28.0,,0,0,Small,0,0,0,0,0,50,40,0,25.0,LOW,1252
1122,Widening and Strengthening up gradation to 2 lane with paved shoulder from existing chainage Km 192.98 to Km 229.820 design chainage Km 162.800 to Km 198.18 under 31 BRTF on Akhnoor-Poonch Road NH-144A in the UT of Jammu and Kashmir under Project Sampark Border Roads Organisation BRO on EPC Mode Package-VIII Job No NH-144A-J&K-2022-2023-111,MoRTH,"Jammu and
Kashmir",2022-10-01,2024-01-01,2026-01-01,2026-09-01,562.45,562.45,137.07,70.03,MoRTH,618222,N24002119,0.0,0.0,24.37016623699884,425.38000000000005,-45.65983376300116,24.0,15.0,27.0,8.0,1,0,Medium,0,0,0,0,0,50,40,0,25.0,LOW,1252
1173,Construction of Srinivasapura Bypass from existing Km 453.890 Design Ch. 0000 to existing Km 461.450 Design Ch 10080 on NH-69 in the State of Karnataka Under NH O in EPC mode under Annual Plan 2022-23 NH-69-KNT-2022-23-966 dated 22.11.2022,MoRTH,Karnataka,2022-11-01,2025-07-01,2027-01-01,2027-01-01,204.42,204.42,0.0,0.0,MoRTH,617950,-,0.0,0.0,0.0,204.42,0.0,18.0,32.0,9.0,0.0,0,0,Small,1,0,0,0,0,0,100,0,25.0,LOW,1252
1171,Construction of bypass around Chatra Town on NH-22 old NH-99 in the state of Jharkhand under EPC Mode,MoRTH,Jharkhand,2023-03-01,2026-01-01,2028-01-01,2026-01-01,235.42,199.2,0.0,12.0,MoRTH,619005,-,-36.22,-15.385268881148589,0.0,199.2,-12.0,24.0,34.0,3.0,-24.0,0,0,Small,1,0,0,0,0,0,100,0,25.0,LOW,1252
419,"Pipeline Rehabilitation Project, Phase-II",Ministry of Petroleum & Natural Gas,"Multi-States
(Assam, Bihar,
West Bengal)",2024-12-01,2024-12-01,2029-12-01,2029-12-01,680.0,680.0,8.19,24.0,Ministry of Petroleum & Natural Gas,617827,-,0.0,0.0,1.2044117647058823,671.81,-22.79558823529412,60.0,0.0,16.0,0.0,0,0,Medium,1,0,0,0,0,0,100,0,25.0,LOW,1252
1170,Construction of Bypass to NH-114A Connecting NH-333 and NH-133 Deoghar Bypass from design km 0.000 to design Km 49.000,National Highways Authority of India [NHAI],Jharkhand,2024-11-01,2026-01-01,2028-01-01,2028-01-01,1565.47,1565.47,48.97,5.02,National Highways Authority of India [NHAI],618950,-,0.0,0.0,3.1281340428114235,1516.5,-1.891865957188576,24.0,14.0,3.0,0.0,0,0,Large,1,0,0,0,0,0,100,0,25.0,LOW,1252
433,PRP-VIII [Group-A],Ministry of Petroleum & Natural Gas,Offshore,2024-09-01,2024-09-01,2026-02-01,2026-12-01,1486.4,1486.4,529.96,53.8,Ministry of Petroleum & Natural Gas,616950,-,0.0,0.0,35.65392895586652,956.44,-18.14607104413348,17.0,0.0,19.0,10.0,1,0,Large,0,0,0,0,0,50,40,0,25.0,LOW,1252
440,City Gas Distribution Project at Pathankot District,MinistryofPetroleumNaturalGas,Punjab,2022-03-01,2022-03-01,2033-09-01,2033-09-01,151.0,151.0,8.89,2.0,MinistryofPetroleumNaturalGas,709770,N16000488,0.0,0.0,5.887417218543047,142.11,3.887417218543047,138.0,0.0,49.0,0.0,0,0,Small,1,0,0,0,0,0,100,0,25.0,LOW,1252
1165,4L from Km 55.00 Kuru to Km 95.400 Udaipura on NH-75 Sec-I,National Highways Authority of India [NHAI],Jharkhand,2024-02-01,2026-01-01,2028-01-01,2028-01-01,1274.82,1274.82,41.83,5.0,National Highways Authority of India [NHAI],618832,-,0.0,0.0,3.281247548673538,1232.99,-1.7187524513264618,24.0,23.0,3.0,0.0,0,0,Large,1,0,0,0,0,0,100,0,25.0,LOW,1252
444,ATF Pipeline from BPCLs Malkapur POL Installation to Hyderabad International airport,MinistryofPetroleumNaturalGas,Telangana,2025-03-01,2025-03-01,2027-09-01,2027-09-01,215.0,215.0,45.69,24.7,MinistryofPetroleumNaturalGas,617822,-,0.0,0.0,21.251162790697673,169.31,-3.448837209302326,30.0,0.0,13.0,0.0,0,0,Small,1,0,0,0,0,0,100,0,25.0,LOW,1252
449,"City Gas Distribution Projects at Lakhimpur Kheri , Sitapur, Bahraich, Shravasti,Balrampur, Siddharth Nagar & Maharajganj districts",Bharat Petroleum Corporation Limited [BPCL],Uttar Pradesh,2022-12-01,2022-12-01,2030-06-01,2030-06-01,16654.0,16654.0,713.77,17.9,Bharat Petroleum Corporation Limited [BPCL],709795,N16000525,0.0,0.0,4.285877266722709,15940.23,-13.61412273327729,90.0,0.0,40.0,0.0,0,0,Mega,1,0,0,0,0,0,100,0,25.0,LOW,1252
455,"City Gas Distribution Project at East Mednipore, West Mednipore & Jhargram Districts",MinistryofPetroleumNaturalGas,West Bengal,2022-03-01,2022-03-01,2031-06-01,2031-06-01,609.0,609.0,62.42,2.8,MinistryofPetroleumNaturalGas,709772,N16000491,0.0,0.0,10.2495894909688,546.58,7.4495894909688,111.0,0.0,49.0,0.0,0,0,Medium,1,0,0,0,0,0,100,0,25.0,LOW,1252
459,Establishment of new GMC Korba,"Medical Education, Ministry of Health and Family Welfare",Chhattisgarh,2023-02-01,2023-10-01,2026-12-01,,325.0,322.85,177.49,54.0,"Medical Education, Ministry of Health and Family Welfare",707044,-,-2.1499999999999773,-0.6615384615384545,54.975995044138145,145.36,0.9759950441381448,38.0,8.0,30.0,,0,0,Small,0,0,0,0,0,50,40,0,25.0,LOW,1252
1156,4 Lane of CG/JH Border-Gumla from km 0.000 to km 32.370 of NH-43 in the State of Jhrkhand,National Highways Authority of India [NHAI],Jharkhand,2024-08-01,2026-02-01,2028-02-01,2028-02-01,1325.8,1325.8,13.83,1.0,National Highways Authority of India [NHAI],618641,-,0.0,0.0,1.0431437622567503,1311.97,0.0431437622567505,24.0,18.0,2.0,0.0,0,0,Large,1,0,0,0,0,0,100,0,25.0,LOW,1252
1155,Construction of Six lane elevated flyover including reconstruction/rehabilitation of existing pavement from Km 406100 to Km 411150 Length 5.05 Km at Gobindpur area in the Barwa Adda Panagarh section of NH-19 from Km.398.240 to Km.521.120 including Panagarh Bypass in the State of Jharkhand on EPC Mode.,National Highways Authority of India [NHAI],Jharkhand,2025-01-01,2025-09-01,2028-03-01,2028-03-01,687.77,442.52,33.97,11.8,National Highways Authority of India [NHAI],618535,-,-245.25,-35.658723119647554,7.676489198228328,408.5499999999999,-4.123510801771673,30.0,8.0,7.0,0.0,0,0,Medium,1,0,0,0,0,0,100,0,25.0,LOW,1252
1153,Construction of 2- Lane with paved shoulder from km 56.45 Dharampur More to 93.050 Pakur of NH-333A in the State of Jharkhand on EPC mode,MoRTH,Jharkhand,2023-03-01,2025-11-01,2027-05-01,2027-05-01,255.73,255.73,0.0,8.5,MoRTH,618127,-,0.0,0.0,0.0,255.73,-8.5,18.0,32.0,5.0,0.0,0,0,Small,1,0,0,0,0,0,100,0,25.0,LOW,1252
461,Establishment of new GMC Kanker,"Medical Education, Ministry of Health and Family Welfare",Chhattisgarh,2020-02-01,2024-09-01,2027-03-01,,325.0,325.0,35.0,59.0,"Medical Education, Ministry of Health and Family Welfare",707046,-,0.0,0.0,10.76923076923077,290.0,-48.230769230769226,30.0,55.0,19.0,,0,0,Small,0,0,0,0,0,50,40,0,25.0,LOW,1252
463,"Redevelopment of Residential colonies at Ayur Vigyan Nagar and West Ansari Nagar campuses of AIIMS, New Delhi",PMSSY AND Institute of NATIONAL Importance,Delhi,2016-10-01,2022-06-01,2027-06-01,,4441.0,4441.0,24.68,61.0,PMSSY AND Institute of NATIONAL Importance,617883,-,0.0,0.0,0.5557306912857465,4416.32,-60.444269308714254,60.0,68.0,46.0,,0,0,Large,0,0,0,0,0,50,40,0,25.0,LOW,1252
898,Widening/lmprovement of Existing 2 lane to 4-Laning of Karimganj-Silchar section of NH-37 from Design Ch 0.000 near Silchar ISBT to Design Ch 15.970 near Kalinagar Pt I on NH-37 in Assam on HAM Mode Pkg-1,NHIDCL,Assam,2024-03-01,2025-09-01,2027-09-01,2027-09-01,1181.55,1181.55,0.0,0.0,NHIDCL,618313,-,0.0,0.0,0.0,1181.55,0.0,24.0,18.0,7.0,0.0,0,0,Large,1,0,0,0,0,0,100,0,25.0,LOW,1252
494,Mechanization of Berth No.14 for handling Containers and other cargo on DBFOT basis - Phase II,New Mangalore Port Authority,Karnataka,2023-12-01,2024-06-01,2027-03-01,,153.23,153.23,58.93,58.0,New Mangalore Port Authority,617804,-,0.0,0.0,38.45852639822489,94.29999999999998,-19.54147360177511,33.0,6.0,22.0,,0,0,Small,0,0,0,0,0,50,40,0,25.0,LOW,1252
496,Deepening and Optimization of Inner Harbour facilities including development of Western Dock on BOT basis to handle Cape size vessels,Paradip Port Trust [PPT],Odisha,2022-05-01,2023-01-01,2027-12-01,2028-10-01,3004.63,3004.63,2117.12,70.0,Paradip Port Trust [PPT],701574,-,0.0,0.0,70.4619204361269,887.5100000000002,0.4619204361269027,59.0,8.0,39.0,10.0,1,0,Large,0,0,0,0,0,50,40,0,25.0,LOW,1252
731,Jeypore-Malkanagiri New Railway Line Project,East Coast Railway [ECoR] - II,Odisha,2018-02-01,2023-12-01,2033-07-01,2033-07-01,2344.0,2344.0,549.72,23.1,East Coast Railway [ECoR] - II,705742,N22000516,0.0,0.0,23.45221843003413,1794.28,0.352218430034128,115.0,70.0,28.0,0.0,0,0,Large,1,0,0,0,0,0,100,0,25.0,LOW,1252
1030,4-Laning from End of Zuari approaches to Start of Margao Bypass section of NH-66 from Km 536.800 to Km 543.450,MoRTH,Goa,2024-07-01,2026-02-01,2028-02-01,2028-02-01,398.25,398.25,0.0,0.0,MoRTH,617941,-,0.0,0.0,0.0,398.25,0.0,24.0,19.0,2.0,0.0,0,0,Small,1,0,0,0,0,0,100,0,25.0,LOW,1252
413,"City Gas Distribution Project at Beed, Jalgaon and Jalna Districts",MinistryofPetroleumNaturalGas,Maharashtra,2022-03-01,2022-03-01,2031-09-01,2031-09-01,865.0,865.0,78.67,3.4,MinistryofPetroleumNaturalGas,709771,N16000487,0.0,0.0,9.094797687861272,786.33,5.694797687861271,114.0,0.0,49.0,0.0,0,0,Medium,1,0,0,0,0,0,100,0,25.0,LOW,1252
870,"Construction of Intermediate Lane with Hard Shoulder of Hunli to Hayuliang Package- III from design Km 60.000 to Km 121.500 Design Length 61.500 km, Greenfield Section of Frontier Highway NH-913 in the State of Arunachal Pradesh on EPC Mode Pkg-3",NHIDCL,Arunachal Pradesh,2024-02-01,2025-07-01,2028-07-01,2028-07-01,1418.67,1418.67,0.0,1.7,NHIDCL,618401,-,0.0,0.0,0.0,1418.67,-1.7,36.0,17.0,9.0,0.0,0,0,Large,1,0,0,0,0,0,100,0,25.0,LOW,1252
928,Guwahati Ring Road in the State of Assam,National Highways Authority of India [NHAI],Assam,2024-08-01,2026-01-01,2030-01-01,2030-01-01,5729.47,5729.47,3.15,0.0,National Highways Authority of India [NHAI],618934,-,0.0,0.0,0.0549789072985808,5726.320000000001,0.0549789072985808,48.0,17.0,3.0,0.0,0,0,Mega,1,0,0,0,0,0,100,0,25.0,LOW,1252
842,6L Access Controlled Greenfield Highway from Chandrasekharapuram Ch. 228000 to Polavaram Ch. 260000of [NH-544G] Package-11,National Highways Authority of India [NHAI],Andhra Pradesh,2023-02-01,2024-02-01,2026-02-01,2027-01-01,1292.65,1110.33,319.82,58.42,National Highways Authority of India [NHAI],618721,N24002123,-182.32000000000016,-14.104359261981214,28.804049246620377,790.51,-29.615950753379625,24.0,12.0,26.0,11.0,1,0,Large,0,0,0,0,0,50,40,0,25.0,LOW,1252
850,6L Connectivity to Port Road from Sabbavaram Sheelanagar-NH516C,National Highways Authority of India [NHAI],Andhra Pradesh,2024-12-01,2026-02-01,2028-02-01,2028-02-01,977.33,977.33,64.7,4.0,National Highways Authority of India [NHAI],618805,-,0.0,0.0,6.620077148967083,912.63,2.6200771489670833,24.0,14.0,2.0,0.0,0,0,Medium,1,0,0,0,0,0,100,0,25.0,LOW,1252
854,4 Laning of NH-544D from Km 37.000 to km 69.000 of Muchukota- Bugga section Pkg-2,National Highways Authority of India [NHAI],Andhra Pradesh,2022-10-01,2023-08-01,2025-08-01,2026-07-01,1097.57,1055.23,356.89,70.68,National Highways Authority of India [NHAI],618827,N24001983,-42.33999999999992,-3.857612726295354,33.82106270670849,698.34,-36.85893729329152,24.0,10.0,32.0,11.0,1,0,Large,0,0,0,0,0,50,40,0,25.0,LOW,1252
858,4 L of China Orampadu-Renigunta section of NH-716 Package-II of Kadapa- Renigunta section,National Highways Authority of India [NHAI],Andhra Pradesh,2022-12-01,2026-03-01,2028-03-01,2028-03-01,1500.11,1500.11,0.17,0.0,National Highways Authority of India [NHAI],619102,-,0.0,0.0,0.0113325022831659,1499.9399999999998,0.0113325022831659,24.0,39.0,1.0,0.0,0,0,Large,1,0,0,0,0,0,100,0,25.0,LOW,1252
861,6L Access Controlled Greenfield Highway from Narayanmpet Ch. 203500 to Chandrasekharpuram Ch. 228000Package-10,National Highways Authority of India [NHAI],Andhra Pradesh,2023-02-01,2024-02-01,2026-02-01,2026-12-01,813.66,678.21,196.59,61.5,National Highways Authority of India [NHAI],619123,N24002122,-135.44999999999993,-16.647002433448854,28.98659707170345,481.62,-32.51340292829655,24.0,12.0,26.0,10.0,1,0,Medium,0,0,0,0,0,50,40,0,25.0,LOW,1252
862,6L Access Controlled Greenfield Highway from Polavaram Ch. 260000 to Marripudi Ch. 285500 of [NH-544G]Package-12,National Highways Authority of India [NHAI],Andhra Pradesh,2023-02-01,2024-02-01,2026-02-01,2026-11-01,747.29,626.83,227.96,69.6,National Highways Authority of India [NHAI],619124,N24002124,-120.45999999999992,-16.119578744530227,36.36711708118629,398.87,-33.23288291881371,24.0,12.0,26.0,9.0,1,0,Medium,0,0,0,0,0,50,40,0,25.0,LOW,1252
864,6L Access Controlled Greenfield Highway from Marripudi Ch. 285500 to Somavarappadu Ch. 314600 of [NH-544G] Package-13,National Highways Authority of India [NHAI],Andhra Pradesh,2023-02-01,2024-02-01,2026-02-01,2026-09-01,976.41,798.71,293.33,73.0,National Highways Authority of India [NHAI],619126,N24002125,-177.69999999999993,-18.19932200612447,36.72546982008488,505.38000000000005,-36.27453017991512,24.0,12.0,26.0,7.0,1,0,Medium,0,0,0,0,0,50,40,0,25.0,LOW,1252
866,Construction of four lane access controlled highway from Chillakuru cross road to Turpu KanupurPart 1 of Package - II km 0.000 131.500 of NH - 16 to km 23.770 on New NH-516W including sixlane flyover and approaches on NH-16 length km 1.050 and six lane access controlled from TurpuKanupur to Port South Gate Part 2 of Package - II km 23.770 to km 35.015 on New NH-516W inthe state of Andhra Pradesh on HAM Mode under Bharatmala Pariyojana Phase I,National Highways Authority of India [NHAI],Andhra Pradesh,2022-08-01,2023-12-01,2025-12-01,2026-11-01,864.2,844.39,305.43,50.17,National Highways Authority of India [NHAI],619141,N24002033,-19.81000000000006,-2.292293450590148,36.171674226364594,538.96,-13.998325773635408,24.0,16.0,28.0,11.0,1,0,Medium,0,0,0,0,0,50,40,0,25.0,LOW,1252
873,Construction of lntermediate Lane Road with hard shoulder from design chainage Km 0.000 to Km 53.040 Existing Length68.500 Km & Total Design length 53.04 km of Tato to Monigong section of NH-913 Frontier Highway on Nafra Bomdila to Vijaynagar along China border in state of Arunachal pradesh on EPC mode,NHIDCL,Arunachal Pradesh,2023-12-01,2025-05-01,2027-11-01,2027-11-01,625.61,625.61,0.0,21.37,NHIDCL,618404,-,0.0,0.0,0.0,625.61,-21.37,30.0,17.0,11.0,0.0,0,0,Medium,1,0,0,0,0,0,100,0,25.0,LOW,1252
738,Devgarh Madariya - Nathdwara Gauge Conversion [82.54 Km] part of Marwar - Mavli Gauge Conversion [152 Km],North Western Railway [NWR],Rajasthan,2023-01-01,2023-01-01,2027-01-01,,968.92,968.92,708.25,73.0,North Western Railway [NWR],611855,-,0.0,0.0,73.09685010114354,260.66999999999996,0.0968501011435449,48.0,0.0,39.0,,0,0,Medium,0,0,0,0,0,50,40,0,25.0,LOW,1252
878,Construction of 2-Laning with hard shoulders of Demwe-Brahmakund section of NH- 13 from Ch.0.00 km to 18.464 km on EPC under SARDP-NE NHO-NE -Balance Work,NHIDCL,Arunachal Pradesh,2020-08-01,2025-06-01,2027-12-01,2027-12-01,353.9,353.9,0.0,17.91,NHIDCL,618445,-,0.0,0.0,0.0,353.9,-17.91,30.0,58.0,10.0,0.0,0,0,Small,1,0,0,0,0,0,100,0,25.0,LOW,1252
881,"Construction of 4 lane Gauripur Bypass Starting bfrom Km 852.56 of NH- 31Dumardoha Pt-II and Terminating at Km 862.17 Baladmara via. Khudimari Pt.- II, Fulkumari, Charaldanga, Sajuakuti,Geramari Pt.-III and finally meeting at km 862.17 of NH-17New/ NH-31Old in the State of Assam under EPC Mode Job no. 31/AS/ 2023- 24/265",MoRTH,Assam,2024-03-01,2025-04-01,2026-10-01,2026-10-01,421.15,421.15,0.0,17.9,MoRTH,617896,N24002237,0.0,0.0,0.0,421.15,-17.9,18.0,13.0,12.0,0.0,0,0,Small,1,0,0,0,0,0,100,0,25.0,LOW,1252
882,Construction of 2 lane Barpeta Bypass from Km 77900Baradi to Km 86150 Deurikuchi Length8.25Km on NH-427 in the state of Assam under EPC ModeJob No.427/AS/2022-23/245,MoRTH,Assam,2023-03-01,2025-02-01,2026-08-01,2026-08-01,173.65,173.65,8.07,20.0,MoRTH,618034,N24002238,0.0,0.0,4.6472790095018714,165.58,-15.352720990498128,18.0,23.0,14.0,0.0,0,0,Small,1,0,0,0,0,0,100,0,25.0,LOW,1252
883,"Construction of new 2 Lane with paved shoulders of NH Standards from km 0.080 to km 11.690 L11.610 km in Majuli and from km 19.715 to km 27.484 L 7.769 km in Jorhat on the newly declared NH 715K and construction of 1.10 km flyover on NH-715 with its approaches and service roads L1.10 km, Total Length 20.479 km in the State of Assam Job No. 715K/AS/2023-24/256",MoRTH,Assam,2024-02-01,2025-09-01,2027-03-01,2027-03-01,382.1,382.1,25.58,0.0,MoRTH,618159,-,0.0,0.0,6.694582570007851,356.52000000000004,6.694582570007851,18.0,19.0,7.0,0.0,0,0,Small,1,0,0,0,0,0,100,0,25.0,LOW,1252
884,"Construction of 2 lane Major Bridge including approaches over Brahmaputra between Majuli on North Bank and Jorhat on South Bank from km. 11.690 to km. 19.715 length of bridge 6,812.5m Package - II on NH-715K in the state of Assam Job no. 715/AS/2020-21/213",MoRTH,Assam,2025-03-01,2025-12-01,2027-12-01,2027-12-01,1019.17,1019.17,0.0,1.82,MoRTH,618160,-,0.0,0.0,0.0,1019.17,-1.82,24.0,9.0,4.0,0.0,0,0,Large,1,0,0,0,0,0,100,0,25.0,LOW,1252
885,4-L Bilasipara-Guwahati Package-10,NHIDCL,Assam,2023-03-01,2023-12-01,2026-06-01,2027-03-01,1264.9,1264.9,469.24,56.91,NHIDCL,618282,N24002023,0.0,0.0,37.09700371570875,795.6600000000001,-19.812996284291245,30.0,9.0,28.0,9.0,1,0,Large,0,0,0,0,0,50,40,0,25.0,LOW,1252
886,4-L Bilasipara-Guwahati Package-9,NHIDCL,Assam,2023-03-01,2023-12-01,2026-06-01,2027-03-01,1000.27,1000.27,416.11,50.92,NHIDCL,618283,N24002022,0.0,0.0,41.59976806262309,584.16,-9.32023193737691,30.0,9.0,28.0,9.0,1,0,Large,0,0,0,0,0,50,40,0,25.0,LOW,1252
890,"Widening/Improvement to 4-Lane with paved Shoulder from Ch. 25.633 Km to Ch. 52.470 Km Design Ch. 21.850 Km to Ch.48.670 Km for Package-2 of Bilasipura- Guwahati road NH-17 Section Near Mowatari, before Chapar Bypass to Tulungia junction with NH-17 in the state of Assam on HAM mode under NHO-NE Package-2",NHIDCL,Assam,2023-11-01,2024-12-01,2027-06-01,2027-06-01,1338.61,1338.61,0.0,12.45,NHIDCL,618287,N24002229,0.0,0.0,0.0,1338.61,-12.45,30.0,13.0,16.0,0.0,0,0,Large,1,0,0,0,0,0,100,0,25.0,LOW,1252
894,Widening/lmprovement to 4-Laning and Greenfield alignment with Paved shoulder of Silchar-Badarpur Churaibari section of NH-37 & NH-8 from Design chainage 38.600 End point of proposed Badarpur Bypass to Km. 62.800 Start point of proposed Nilambazar/Cheragi Bypass in the state of Assam on HAM Mode Package-4,NHIDCL,Assam,2024-02-01,2025-08-01,2027-08-01,2027-08-01,1319.55,1319.55,0.0,14.6,NHIDCL,618309,-,0.0,0.0,0.0,1319.55,-14.6,24.0,18.0,8.0,0.0,0,0,Large,1,0,0,0,0,0,100,0,25.0,LOW,1252
841,6L Access Controlled Greenfield Highway from Audireddipalle Ch. 160000 to Mallapalle Ch. 176000Package-07,National Highways Authority of India [NHAI],Andhra Pradesh,2023-02-01,2024-03-01,2026-03-01,2027-02-01,987.1,848.06,297.0,65.77,National Highways Authority of India [NHAI],618720,N24001847,-139.04000000000008,-14.08570560226928,35.021106997146425,551.06,-30.74889300285357,24.0,13.0,25.0,11.0,1,0,Medium,0,0,0,0,0,50,40,0,25.0,LOW,1252
840,6L Access Controlled Greenfield Highway from Mallapalle Ch. 176000 to Kavulakuntla Ch. 196000 Package-08,National Highways Authority of India [NHAI],Andhra Pradesh,2023-02-01,2024-02-01,2026-02-01,2027-01-01,909.02,751.81,257.58,56.01,National Highways Authority of India [NHAI],618719,N24001848,-157.21000000000004,-17.29444896701943,34.26131602399543,494.23,-21.74868397600457,24.0,12.0,26.0,11.0,1,0,Medium,0,0,0,0,0,50,40,0,25.0,LOW,1252
837,6L Access Controlled Greenfield Highway from Vankarakunta Ch. 45700 to Odulapalle Ch. 72000 of [NH-544G]Package-3,National Highways Authority of India [NHAI],Andhra Pradesh,2022-12-01,2024-03-01,2026-03-01,2026-12-01,992.91,888.07,319.82,73.1,National Highways Authority of India [NHAI],618716,N24001843,-104.83999999999992,-10.55886233394768,36.012926908914835,568.25,-37.08707309108516,24.0,15.0,25.0,9.0,1,0,Medium,0,0,0,0,0,50,40,0,25.0,LOW,1252
836,6L Access Controlled Greenfield Highway from Odulapalle Ch. 72000 to Nallacheruvu- palli Ch. 96300 of [NH-544G]Package-4,National Highways Authority of India [NHAI],Andhra Pradesh,2023-01-01,2024-02-01,2026-02-01,2027-02-01,1058.9,946.1,377.77,73.93,National Highways Authority of India [NHAI],618715,N24001844,-112.80000000000008,-10.652563981490232,39.92918296163196,568.33,-34.00081703836805,24.0,13.0,26.0,12.0,1,0,Large,0,0,0,0,0,50,40,0,25.0,LOW,1252
1014,Durg-Raipur Bypass Section Package - 1 from km. 0.00 to km. 44.50 near Tendesara to near Khatti Village,National Highways Authority of India [NHAI],Chhattisgarh,2022-06-01,2023-07-01,2025-07-01,2026-05-01,1828.0,1656.73,690.27,69.87,National Highways Authority of India [NHAI],618589,N24002045,-171.26999999999998,-9.36925601750547,41.66460437126146,966.46,-28.205395628738543,24.0,13.0,33.0,10.0,1,0,Large,0,0,0,0,0,50,40,0,25.0,LOW,1252
1010,"Upgradation of Keonchi - Ratanpur Road of NH 45 Package-II, from design chainage km 278.75 to km 321.348 of length 42.598 km to two lane with paved shoulders under Corridor scheme on EPC mode in the state of Chhattisgarh.",MoRTH,Chhattisgarh,2022-03-01,2024-07-01,2026-01-01,2026-12-01,286.0,286.0,78.67,60.0,MoRTH,618017,-,0.0,0.0,27.506993006993007,207.33,-32.49300699300699,18.0,28.0,21.0,11.0,1,0,Small,0,0,0,0,0,50,40,0,25.0,LOW,1252
1009,"Upgradation of Ambikapur Ramanujganj - Garhwa Road NH 343 of Package-I, Rajpuri Khurd Village to Padih Village section from existing km 7.830 to km 57.650 Design Ch. 13.700 to Ch. 62.700 of total length 49.00 km to two lane with paved shoulders under EPC mode in the state of Chhattisgarh",MoRTH,Chhattisgarh,2022-03-01,2025-05-01,2027-05-01,2027-05-01,397.44,397.44,18.97,10.22,MoRTH,618016,-,0.0,0.0,4.773047504025764,378.47,-5.446952495974236,24.0,38.0,11.0,0.0,0,0,Small,1,0,0,0,0,0,100,0,25.0,LOW,1252
770,"Mughalsarai-Allahabad, 3rd line",North Central Railway,Uttar Pradesh,2015-12-01,2016-03-01,2026-12-01,2027-03-01,2649.0,2649.44,1930.12,71.0,North Central Railway,705772,N22000544,0.4400000000000545,0.0166100415251058,72.85011172172233,719.3200000000002,1.850111721722328,129.0,3.0,121.0,3.0,1,1,Large,0,0,0,0,25,25,40,0,25.0,LOW,1252
781,SER Upgradation of maintenance infrastructure at Shalimar into Vande Bharat Chair Car maintenance cum workshop depot.,South Eastern Railway - JH,West Bengal,2024-03-01,2024-12-01,2026-10-01,,226.87,226.87,86.69,50.0,South Eastern Railway - JH,617345,-,0.0,0.0,38.21131044210341,140.18,-11.78868955789659,22.0,9.0,16.0,,0,0,Small,0,0,0,0,0,50,40,0,25.0,LOW,1252
794,Sangameswaram - Atmakuru section from Km 96 to Km 124 & Velegodu- Nandyal section including Nandyal Bypass from Km 143/6 to 185/9 NH-167K,MoRTH,Andhra Pradesh,2024-10-01,2025-07-01,2027-07-01,2027-07-01,776.17,644.14,0.0,20.94,MoRTH,617988,-,-132.02999999999997,-17.010448741899324,0.0,644.14,-20.94,24.0,9.0,9.0,0.0,0,0,Medium,1,0,0,0,0,0,100,0,25.0,LOW,1252
983,"4L Elevated Corridor and at-grade improvements from Design Ch0000 to Design Ch 19870 of Danapur Bihta Section, Design Ch0000 to Design Ch0231 connecting the existing RoB near Danapur station ,1.35 Km ramps and at-grade improvements to 4- lane section on Danapur side and Upgradation of existing Two lane carriageway to Four Lane carriageway from Design Ch19870 to Design Ch23500 of Bihta - Koilwar section",National Highways Authority of India [NHAI],Bihar,2022-10-01,2024-03-01,2026-09-01,2027-08-01,4432.97,2625.4,1371.21,54.99,National Highways Authority of India [NHAI],618914,-,-1807.57,-40.7755973985838,52.22861278281405,1254.19,-2.7613872171859555,30.0,17.0,25.0,11.0,1,0,Large,0,0,0,0,0,50,40,0,25.0,LOW,1252
982,Widening with additional 3L abetting Chhapra Bypass Section of NH-19 from Km. 143.200 to Km. 159.255 Pkg-1,National Highways Authority of India [NHAI],Bihar,2024-02-01,2024-08-01,2026-08-01,2026-08-01,470.5,528.48,243.02,68.87,National Highways Authority of India [NHAI],618905,-,57.98000000000002,12.323060573857603,45.98471086890705,285.46000000000004,-22.885289131092954,24.0,6.0,20.0,0.0,0,1,Small,0,0,0,0,50,0,40,0,25.0,LOW,1252
973,4L PS under NH configuration of Manikpur-Sahebganj of NH-139W,National Highways Authority of India [NHAI],Bihar,2024-10-01,2026-01-01,2027-12-01,2027-12-01,1538.76,1538.76,95.18,17.16,National Highways Authority of India [NHAI],618791,-,0.0,0.0,6.185500012997479,1443.58,-10.97449998700252,23.0,15.0,3.0,0.0,0,0,Large,1,0,0,0,0,0,100,0,25.0,LOW,1252
799,Gorantla - Hindupur section from Km 120/300 to 165/000 of NH716G in the State of Andhra Pradesh,MoRTH,Andhra Pradesh,2024-10-01,2025-08-01,2027-08-01,2027-08-01,808.7,808.7,0.0,18.72,MoRTH,618052,-,0.0,0.0,0.0,808.7,-18.72,24.0,10.0,8.0,0.0,0,0,Medium,1,0,0,0,0,0,100,0,25.0,LOW,1252
800,Muddanur to B. Kothapalli section of NH-716G from Km. 0/000 to Km. 56/500 56.500 Km in the State of Andhra Pradesh on EPC mode Job no. 741,MoRTH,Andhra Pradesh,2024-10-01,2025-08-01,2027-08-01,2027-08-01,1019.97,1019.97,0.0,20.63,MoRTH,618053,-,0.0,0.0,0.0,1019.97,-20.63,24.0,10.0,8.0,0.0,0,0,Large,1,0,0,0,0,0,100,0,25.0,LOW,1252
970,Ara Bypass,National Highways Authority of India [NHAI],Bihar,2025-03-01,2025-10-01,2027-04-01,2027-04-01,226.32,226.32,1.94,15.93,National Highways Authority of India [NHAI],618775,-,0.0,0.0,0.8571933545422411,224.38,-15.072806645457758,18.0,7.0,6.0,0.0,0,0,Small,1,0,0,0,0,0,100,0,25.0,LOW,1252
968,"Construction of 6-lane Greenfield corridor from Ramnagar to Kacchi Dargah NH-119D from Km 109700 to Km 122300, including widening of the existing NH-31 from Km 196700 to Km 198600, as part of the Amas-Darbhanga.",National Highways Authority of India [NHAI],Bihar,2025-01-01,2026-04-01,2028-04-01,2028-04-01,1113.46,1113.46,1.31,0.0,National Highways Authority of India [NHAI],618742,-,0.0,0.0,0.1176512851831228,1112.15,0.1176512851831228,24.0,15.0,0.0,0.0,0,0,Large,1,0,0,0,0,0,100,0,25.0,LOW,1252
809,Widening of Existing Road to Two Lane with Paved Shoulder Configuration from Km 0.00 to 26.000 & Km 45.200 To 59.622 Of NH 365BB in the State of Andhra Pradesh Under Annual Plan 2023-24 through EPC Mode,MoRTH,Andhra Pradesh,2024-01-01,2025-04-01,2026-12-01,2026-12-01,368.63,368.63,37.37,22.55,MoRTH,618193,-,0.0,0.0,10.137536282993787,331.26,-12.412463717006212,20.0,15.0,12.0,0.0,0,0,Small,1,0,0,0,0,0,100,0,25.0,LOW,1252
955,"Improvement and Up gradation to four lane with Paved shoulder configuration from Existing Km 0000 to Km 39500 design km 0500 to Km 40342, Design length km of NH 227A near Mehrauna GhatUP Bihar Border to Siwan on the state of Bihar on Hybrid Annuity Model HAM basis",MoRTH,Bihar,2023-03-01,2025-09-01,2028-03-01,2028-03-01,1661.25,1661.25,0.0,5.52,MoRTH,618251,-,0.0,0.0,0.0,1661.25,-5.52,30.0,30.0,7.0,0.0,0,0,Large,1,0,0,0,0,0,100,0,25.0,LOW,1252
947,construction of Four-Lane of chausa-Buxar Bypass from Km 45.000 to Km 65.915 Package - 2 in the State of Bihar on EPC Mode.,MoRTH,Bihar,2022-09-01,2026-01-01,2028-01-01,2028-01-01,1060.16,1060.16,0.0,0.0,MoRTH,618120,-,0.0,0.0,0.0,1060.16,0.0,24.0,40.0,3.0,0.0,0,0,Large,1,0,0,0,0,0,100,0,25.0,LOW,1252
825,Construction of flyover at Gammon Junction at Km.903.265 on NH16 including vent at Diwancheruvu junction at Km.902.308 Blackspot ID No.AP03299 in Andhra Pradesh on EPC mode under NHO,National Highways Authority of India [NHAI],Andhra Pradesh,2025-03-01,2025-10-01,2027-10-01,2027-10-01,326.61,223.29,13.18,8.8,National Highways Authority of India [NHAI],618525,-,-103.32000000000002,-31.634058969413065,5.902637825249676,210.11,-2.8973621747503246,24.0,7.0,6.0,0.0,0,0,Small,1,0,0,0,0,0,100,0,25.0,LOW,1252
830,4L of Kadapa China Orampadu section of NH-716 Package I of Kadapa-Renigunta section,National Highways Authority of India [NHAI],Andhra Pradesh,2022-12-01,2026-03-01,2028-03-01,2028-03-01,1732.66,1732.66,0.03,0.0,National Highways Authority of India [NHAI],618633,-,0.0,0.0,0.001731441829326,1732.63,0.001731441829326,24.0,39.0,1.0,0.0,0,0,Large,1,0,0,0,0,0,100,0,25.0,LOW,1252
835,6L Access Controlled Greenfield Highway from Nallacheruvu palli Ch. 96300 to Yerragudipadu Ch. 129000 of [NH-544G] Package-5,National Highways Authority of India [NHAI],Andhra Pradesh,2022-02-01,2024-02-01,2026-02-01,2026-12-01,1253.26,1095.78,339.28,62.02,National Highways Authority of India [NHAI],618714,N24001845,-157.48000000000002,-12.56562883998532,30.96241946376097,756.5,-31.057580536239033,24.0,24.0,26.0,10.0,1,0,Large,0,0,0,0,0,50,40,0,25.0,LOW,1252
1174,Construction of Chintamani Bypass from Design Ch.0000 Existing Ch.428880 to Design Ch.15400 Existing Ch.444010 on NH-69 in the State of Karnataka in EPC Mode under NHO Annual Plan 2022-23. NH-69-KNT-2022-23-989 dated 24.03.2023,MoRTH,Karnataka,2023-03-01,2026-01-01,2027-07-01,2027-07-01,314.55,314.55,0.0,0.0,MoRTH,617951,-,0.0,0.0,0.0,314.55,0.0,18.0,34.0,3.0,0.0,0,0,Small,1,0,0,0,0,0,100,0,25.0,LOW,1252
897,Widening/lmprovement to 4-Lane with Paved Shoulder from existing road and Greenfield alignment form Design Ch. 62.800 start of proposed Nilambazar/Cheragi Bypass to Design Ch. 87.700 near Chandkhira Village of NH-8 on Silchar-Churaibari in the state of Assam on HAM Mode Package-5,NHIDCL,Assam,2024-02-01,2025-04-01,2027-10-01,2027-10-01,1258.13,1258.13,0.0,11.0,NHIDCL,618312,N24002243,0.0,0.0,0.0,1258.13,-11.0,30.0,14.0,12.0,0.0,0,0,Large,1,0,0,0,0,0,100,0,25.0,LOW,1252
411,Installation of Compression facility at GAIL Usar,Ministry of Petroleum & Natural Gas,Maharashtra,2025-04-01,2025-04-01,2027-04-01,2027-04-01,260.2,260.2,0.0,0.0,Ministry of Petroleum & Natural Gas,619225,-,0.0,0.0,0.0,260.2,0.0,24.0,0.0,12.0,0.0,0,0,Small,1,0,0,0,0,0,100,0,25.0,LOW,1252
362,Provision of four bitumen tanks with capacity of 5 TMT each at Visakh Refinery,Ministry of Petroleum and Natural Gas,Andhra Pradesh,2025-09-01,2025-09-01,2028-03-01,2028-03-01,258.34,258.34,1.65,10.5,Ministry of Petroleum and Natural Gas,619226,-,0.0,0.0,0.6386931950143222,256.69,-9.861306804985675,30.0,0.0,7.0,0.0,0,0,Small,1,0,0,0,0,0,100,0,25.0,LOW,1252
88,SAONER UG MINE -1 EXPANSION 1.,Western Coalfields Limited [WCL],Maharashtra,2022-01-01,2022-01-01,2028-03-01,,228.64,228.64,150.47,69.33,Western Coalfields Limited [WCL],615184,N06000251,0.0,0.0,65.81088173547937,78.16999999999999,-3.5191182645206283,74.0,0.0,51.0,,0,0,Small,0,0,0,0,0,50,40,0,25.0,LOW,1252
113,SIARMAL OCP,Mahanadi Coalfields Limited [MCL],Odisha,2021-02-01,2021-02-01,2029-03-01,,5194.95,5194.95,3490.38,59.5,Mahanadi Coalfields Limited [MCL],400166,N06000113,0.0,0.0,67.18794213611297,1704.5699999999997,7.687942136112966,97.0,0.0,62.0,,0,0,Mega,0,0,0,0,0,50,40,0,25.0,LOW,1252
114,BALARAM EXPANSION OCP,Mahanadi Coalfields Limited [MCL],Odisha,2020-08-01,2020-08-01,2029-03-01,,3504.21,3504.21,958.0,57.15,Mahanadi Coalfields Limited [MCL],400183,N06000230,0.0,0.0,27.33854420825236,2546.21,-29.81145579174764,103.0,0.0,68.0,,0,0,Large,0,0,0,0,0,50,40,0,25.0,LOW,1252
117,BHARATPUR RE-ORGANIZATION OCP,Mahanadi Coalfields Limited [MCL],Odisha,2018-11-01,2018-11-01,2029-03-01,,2838.86,2838.86,1711.38,52.0,Mahanadi Coalfields Limited [MCL],400392,N06000171,0.0,0.0,60.28405768512714,1127.48,8.284057685127138,124.0,0.0,89.0,,0,0,Large,0,0,0,0,0,50,40,0,25.0,LOW,1252
1295,Outer Ring Road of Jabalpur Town from Manegaon to NH-45 Pkg-2,National Highways Authority of India [NHAI],Madhya Pradesh,2022-11-01,2024-03-01,2026-03-01,2026-10-01,917.26,786.47,492.01,74.56,National Highways Authority of India [NHAI],618684,-,-130.78999999999996,-14.258770686610116,62.5592838887688,294.46000000000004,-12.0007161112312,24.0,16.0,25.0,7.0,1,0,Medium,0,0,0,0,0,50,40,0,25.0,LOW,1252
127,Godavarikhani Coal Mine - 5,Singareni Collieries Company Limited [SCCL],Telangana,2019-07-01,2019-05-01,2025-03-01,2026-03-01,607.04,607.04,200.06,71.0,Singareni Collieries Company Limited [SCCL],615860,N06000202,0.0,0.0,32.95664206642066,406.98,-38.04335793357934,70.0,-2.0,83.0,12.0,1,0,Medium,0,0,0,0,0,50,40,0,25.0,LOW,1252
342,"Construction & Development of Infrastructural Facilities in the main campus of NIT Uttarakhand at Sumari, Pauri Garhwal",National Institute of Technology Uttarakhand,Uttarakhand,2020-06-01,2024-04-01,2027-09-01,,650.85,650.85,345.85,56.0,National Institute of Technology Uttarakhand,611963,-,0.0,0.0,53.1382038872244,305.0,-2.8617961127756004,41.0,46.0,24.0,,0,0,Medium,0,0,0,0,0,50,40,0,25.0,LOW,1252
1293,4-lanning of Rahatgarh to Berkhedi section of NH-146 from Design Ch 124470 to Ch. 134.549,National Highways Authority of India [NHAI],Madhya Pradesh,2025-03-01,2025-12-01,2027-12-01,2027-12-01,618.33,342.69,5.01,5.08,National Highways Authority of India [NHAI],618671,-,-275.64000000000004,-44.57813788753578,1.4619627068195746,337.68,-3.6180372931804254,24.0,9.0,4.0,0.0,0,0,Medium,1,0,0,0,0,0,100,0,25.0,LOW,1252
1292,4L of near Satai Ghat to Chowka section of NH-34 from D. Ch. 89.875 to D. Ch. 145.000 Package-3,National Highways Authority of India [NHAI],Madhya Pradesh,2024-10-01,2025-10-01,2027-10-01,2026-10-01,1005.59,882.21,111.76,20.84,National Highways Authority of India [NHAI],618667,-,-123.38,-12.269413975874858,12.668185579397196,770.45,-8.171814420602804,24.0,12.0,6.0,-12.0,0,0,Large,1,0,0,0,0,0,100,0,25.0,LOW,1252
1264,Up-gradation of Pichhore- Dinara section of NH-346 from Km 292.750 to 334.550 to two lane with paved shoulders in the state of Madhya Pradesh on EPC mode,MoRTH,Madhya Pradesh,2024-02-01,2025-12-01,2027-06-01,2027-06-01,425.97,425.97,0.0,19.31,MoRTH,618021,-,0.0,0.0,0.0,425.97,-19.31,18.0,22.0,4.0,0.0,0,0,Small,1,0,0,0,0,0,100,0,25.0,LOW,1252
131,Kakatiyakhani OC - 2 Project,Singareni Collieries Company Limited [SCCL],Telangana,2017-08-01,2017-09-01,2025-03-01,2026-03-01,442.42,442.42,252.26,63.0,Singareni Collieries Company Limited [SCCL],615865,N06000214,0.0,0.0,57.018217982912155,190.16000000000005,-5.981782017087845,90.0,1.0,103.0,12.0,1,0,Small,0,0,0,0,0,50,40,0,25.0,LOW,1252
1265,Rehabilitation & Upgradation of existing intermediate lane to two Lane with paved shoulder from km. 0.600 Gulganj bypass on NH-34 to km. 43.00 Barna River length 42.400 km. on Gulganj-Amanganj-Pawai-Katni NH43 Extn. in the state of Madhya Pradesh on EPCmode.,MoRTH,Madhya Pradesh,2023-03-01,2024-11-01,2026-05-01,2026-12-01,275.4,275.4,0.0,53.0,MoRTH,618035,-,0.0,0.0,0.0,275.4,-53.0,18.0,20.0,17.0,7.0,1,0,Small,0,0,0,0,0,50,40,0,25.0,LOW,1252
328,"Phase III A works at IIT Indore [03 Hostels, 01 Studio Apartment, 01 Housing, Heavy & Sophisticated lab complex, Academic POD and Infrastructure for center of excellence]","Indian Institute of Technology, Indore",Madhya Pradesh,2023-12-01,2024-04-01,2027-02-01,,496.28,496.28,78.35,58.0,"Indian Institute of Technology, Indore",611957,-,0.0,0.0,15.78745869267349,417.9299999999999,-42.21254130732651,34.0,4.0,24.0,,0,0,Small,0,0,0,0,0,50,40,0,25.0,LOW,1252
1269,"Construction of Mihona bypass, Lahar bypass, Daboh bypass & Bhander Bypass total length 20.60 km to 2-lane with paved shoulder from on Mihona-Bhander-MP/UP border section of NH 552E in the State of Madhya Pradesh on EPC mode",MoRTH,Madhya Pradesh,2022-03-01,2023-06-01,2024-12-01,,179.18,179.18,71.77,67.0,MoRTH,618045,N24001962,0.0,0.0,40.05469360419689,107.41,-26.945306395803108,18.0,15.0,34.0,,0,0,Small,0,0,0,0,0,50,40,0,25.0,LOW,1252
166,Bagodara Solar Power Project,Satluj Jal Vidyut Nigam [SJVN] Thermal Limited,Gujarat,2021-03-01,2021-05-01,2025-12-01,2025-12-01,339.35,339.35,370.0,51.86,Satluj Jal Vidyut Nigam [SJVN] Thermal Limited,709747,N18000297,0.0,0.0,109.03197288934729,-30.649999999999977,57.17197288934727,55.0,2.0,59.0,0.0,0,0,Small,0,1,1,0,0,0,40,100,25.0,LOW,1252
308,"Construction of Basement + Ground Floor+ 10 Storeyed building for State of the Art Director General, GSI Building at plot No.GN-40, Sector-V, Salt Lake, Kolkata",Central Public Works Department [CPWD],West Bengal,2019-04-01,2020-02-01,2026-08-01,,255.37,255.37,98.92,64.0,Central Public Works Department [CPWD],617280,N10000015,0.0,0.0,38.73595175627521,156.45,-25.264048243724787,78.0,10.0,74.0,,0,0,Small,0,0,0,0,0,50,40,0,25.0,LOW,1252
285,Chennai Metro Rail Phase-II Development Project,Chennai Metro Rail Limited [CMRL],Tamil Nadu,2024-10-01,2020-11-01,2029-08-01,,63246.0,63246.0,33129.33,52.55,Chennai Metro Rail Limited [CMRL],702668,-,0.0,0.0,52.3817000284603,30116.67,-0.168299971539696,105.0,-47.0,65.0,,0,0,Mega,0,0,0,0,0,50,40,0,25.0,LOW,1252
258,"Integrated Command control Center [ICCC] - Construction and Development of Integrated Command Control Center with Security, Surveillance, ITMS, Connecting Port, Ship Service, Smart Solid Waste Management, Smart Public Transport System",ministry of housing and urban affairs,"Andaman &
Nicobar",2021-07-01,2021-11-01,2023-05-01,,209.88,209.88,0.0,70.0,ministry of housing and urban affairs,707229,-,0.0,0.0,0.0,209.88,-70.0,18.0,4.0,53.0,,0,0,Small,0,0,0,0,0,50,40,0,25.0,LOW,1252
252,Additional Transmission System for evacuation of Power from Bhadla-III PS as part of Rajasthan REZ Phase III Scheme [20 GW] [SPV Name POWERGRID Bhadla-III Power Transmission Limited],Power Grid Corporation of India Limited [POWERGRID],Rajasthan,2024-08-01,2024-08-01,2026-02-01,2026-09-01,369.0,369.0,210.33,63.85,Power Grid Corporation of India Limited [POWERGRID],615337,N18000396,0.0,0.0,57.00000000000001,158.67,-6.849999999999994,18.0,0.0,20.0,7.0,1,0,Small,0,0,0,0,0,50,40,0,25.0,LOW,1252
249,Transmission System for Evacuation of power from Rajasthan REZ Ph-IV [Part-1] [Bikaner Complex] Part A [Bikaner Neemrana Transmission Ltd],Power Grid Corporation of India Limited [POWERGRID],Rajasthan,2023-12-01,2023-12-01,2025-12-01,2026-12-01,4741.0,4741.0,3650.57,72.22,Power Grid Corporation of India Limited [POWERGRID],612134,N18000386,0.0,0.0,77.0,1090.4299999999998,4.780000000000001,24.0,0.0,28.0,12.0,1,0,Large,0,0,0,0,0,50,40,0,25.0,LOW,1252
192,Transmission system for Evacuation of Additional 7 GW RE power from Khavda RE park under Phase-III Part B [Vataman Transmission Limited],Power Grid Corporation of India Limited [POWERGRID],Gujarat,2023-12-01,2023-12-01,2025-12-01,2026-12-01,4231.0,4231.0,2538.6,62.0,Power Grid Corporation of India Limited [POWERGRID],612139,N18000384,0.0,0.0,60.0,1692.4,-2.0,24.0,0.0,28.0,12.0,1,0,Large,0,0,0,0,0,50,40,0,25.0,LOW,1252
1275,"Upgradation of Goras to Shyampur Road section of NH-552 Ext., from Design Chainge 48.400 to 111.800 Km Total length 63.40 km to two lane with paved shoulder configuration along with One time improvement of 8.91 km in the state of Madhya Pradesh on EPC mode",MoRTH,Madhya Pradesh,2023-03-01,2024-12-01,2026-12-01,2026-12-01,416.96,416.96,0.0,13.11,MoRTH,618158,-,0.0,0.0,0.0,416.96,-13.11,24.0,21.0,16.0,0.0,0,0,Small,1,0,0,0,0,0,100,0,25.0,LOW,1252
1287,4L Vidisha Gyaraspur section of NH-146 from Design Chainage km 59475 existing chainage km 81240 to Design Chainage km 88361 existing chainage km 110.315,National Highways Authority of India [NHAI],Madhya Pradesh,2024-10-01,2026-03-01,2028-03-01,2028-03-01,980.2,980.2,0.81,1.7,National Highways Authority of India [NHAI],618662,-,0.0,0.0,0.0826361966945521,979.39,-1.6173638033054478,24.0,17.0,1.0,0.0,0,0,Medium,1,0,0,0,0,0,100,0,25.0,LOW,1252
204,Khavda IVA Power Transmission Limited,Adani Transmission Limited,Gujarat,2024-08-01,2024-08-01,2026-08-01,,4500.0,4500.0,2263.7,58.0,Adani Transmission Limited,619049,-,0.0,0.0,50.30444444444444,2236.3,-7.695555555555558,24.0,0.0,20.0,,0,0,Large,0,0,0,0,0,50,40,0,25.0,LOW,1252
1278,Bypass on Western side of Gwalior City,National Highways Authority of India [NHAI],Madhya Pradesh,2025-03-01,2026-01-01,2028-01-01,2028-01-01,998.95,998.95,20.06,0.0,National Highways Authority of India [NHAI],618619,-,0.0,0.0,2.0081085139396366,978.89,2.0081085139396366,24.0,10.0,3.0,0.0,0,0,Medium,1,0,0,0,0,0,100,0,25.0,LOW,1252
81,GANDHIGRAM UG MINE,Western Coalfields Limited [WCL],Madhya Pradesh,2019-08-01,2019-08-01,2026-03-01,,414.15,414.15,22.11,56.88,Western Coalfields Limited [WCL],615206,N06000183,0.0,0.0,5.338645418326694,392.04,-51.54135458167331,79.0,0.0,80.0,,0,0,Small,0,0,0,0,0,50,40,0,25.0,LOW,1252
124,Talabira II & III OCP - FMC,NLC India Limited [NLCIL],Odisha,2022-10-01,2023-05-01,2026-06-01,,522.45,522.45,324.74,72.65,NLC India Limited [NLCIL],618982,-,0.0,0.0,62.15714422432769,197.71000000000004,-10.492855775672318,37.0,7.0,35.0,,0,0,Medium,0,0,0,0,0,50,40,0,25.0,LOW,1252
77,AMALGAMATED DHANKASA & JAMUNIA,Western Coalfields Limited [WCL],Madhya Pradesh,2022-09-01,2022-09-01,2027-03-01,,399.2,399.2,100.03,67.13,Western Coalfields Limited [WCL],615185,N06000257,0.0,0.0,25.05761523046092,299.16999999999996,-42.07238476953907,54.0,0.0,43.0,,0,0,Small,0,0,0,0,0,50,40,0,25.0,LOW,1252
1207,Additional works under BM1 to ensure road safety under 6L of Bengaluru Mysuru Access control with close toll from Km.17.300 to Km.136.300 of NH-275,National Highways Authority of India [NHAI],Karnataka,2024-11-01,2026-01-01,2028-01-01,2028-01-01,738.37,738.37,14.27,5.63,National Highways Authority of India [NHAI],618707,-,0.0,0.0,1.9326353995964085,724.1,-3.697364600403592,24.0,14.0,3.0,0.0,0,0,Medium,1,0,0,0,0,0,100,0,25.0,LOW,1252
1312,Six laning with both sides Service Road of Ayodhya Bypass from Design Km 0000 near Ashram Tiraha on NH-46 to Km 16439 end at Ratnagiri Tiraha on Nh-146,National Highways Authority of India [NHAI],Madhya Pradesh,2024-02-01,2025-08-01,2027-08-01,2027-08-01,1123.17,1103.22,94.69,15.72,National Highways Authority of India [NHAI],618966,-,-19.950000000000045,-1.7762226555196492,8.583056869889958,1008.53,-7.136943130110042,24.0,18.0,8.0,0.0,0,0,Large,1,0,0,0,0,0,100,0,25.0,LOW,1252
410,Augmentation of DUPL-DPPL Pipeline,Ministry of Petroleum & Natural Gas,Maharashtra,2025-06-01,2025-06-01,2028-03-01,2028-03-01,844.0,844.0,0.61,6.1,Ministry of Petroleum & Natural Gas,619224,-,0.0,0.0,0.0722748815165876,843.39,-6.027725118483412,33.0,0.0,10.0,0.0,0,0,Medium,1,0,0,0,0,0,100,0,25.0,LOW,1252
409,Petro Resid Fluidized Catalytic Cracking [PRFCC] Unit and its associated facilities at Mumbai Refinery,Ministry of Petroleum & Natural Gas,Maharashtra,2025-05-01,2025-05-01,2029-09-01,2029-09-01,13626.0,13626.0,55.4,4.4,Ministry of Petroleum & Natural Gas,619223,-,0.0,0.0,0.4065756641714369,13570.6,-3.9934243358285633,52.0,0.0,11.0,0.0,0,0,Mega,1,0,0,0,0,0,100,0,25.0,LOW,1252
408,Lube Modernization & Bottom Upgradation Project at Mumbai Refinery,Ministry of Petroleum and Natural Gas,Maharashtra,2024-12-01,2024-12-01,2028-03-01,2028-03-01,4679.0,4679.0,270.1,10.7,Ministry of Petroleum and Natural Gas,616933,N16000540,0.0,0.0,5.772600983116051,4408.9,-4.927399016883948,39.0,0.0,16.0,0.0,0,0,Large,1,0,0,0,0,0,100,0,25.0,LOW,1252
1182,"Construction of Bypass at Kuknoor, Yelburga, Gajendragada of Bhanapur Gaddanakeri section of NH-367 in the State of Karnataka under NHO on EPC mode under Annual Plan 2022-23. NH-367-KNT-2022-23-973 dated 08.02.2023",MoRTH,Karnataka,2023-02-01,2025-06-01,2027-06-01,2027-06-01,333.96,333.96,40.61,20.0,MoRTH,618028,-,0.0,0.0,12.160138938795066,293.34999999999997,-7.839861061204933,24.0,28.0,10.0,0.0,0,0,Small,1,0,0,0,0,0,100,0,25.0,LOW,1252
1311,4 Laning of Sandalpur to Nasrullaganj Pkg-1 section of NH-146B Length 43.2 Km.,National Highways Authority of India [NHAI],Madhya Pradesh,2025-03-01,2026-01-01,2028-01-01,2028-01-01,1425.98,1425.98,66.78,8.02,National Highways Authority of India [NHAI],618964,-,0.0,0.0,4.683095134574118,1359.2,-3.3369048654258817,24.0,10.0,3.0,0.0,0,0,Large,1,0,0,0,0,0,100,0,25.0,LOW,1252
1309,4L of Budhni to Shahganj Bypass End Package-III of NH-146B from Km. 73.750 to Km. 102.000,National Highways Authority of India [NHAI],Madhya Pradesh,2024-03-01,2025-08-01,2027-08-01,2027-05-01,1102.97,770.21,65.45,18.4,National Highways Authority of India [NHAI],618962,-,-332.76,-30.16945157166559,8.497682450240845,704.76,-9.902317549759154,24.0,17.0,8.0,-3.0,0,0,Large,1,0,0,0,0,0,100,0,25.0,LOW,1252
26,"Re-Construction of Rigid portions of Secondary Runway, K and A Taxiway and Strengthening of C Taxiway at NSCBI Airport Kolkata.",Airport Authority of India [AAI],West Bengal,2023-03-01,2023-12-01,2025-10-01,2026-08-01,328.3,328.3,139.77,64.5,612791,N04000109,-,0.0,0.0,42.57386536704234,188.53,-21.926134632957663,22.0,9.0,28.0,10.0,1,0,Small,0,0,0,0,0,50,40,0,25.0,LOW,1252
30,BAROUD OC EXPANSION [3.0-10.0M,South Eastern Coalfields Limited [SECL],Chhattisgarh,2020-08-01,2020-08-01,2029-03-01,,2309.8,2309.8,993.79,55.95,South Eastern Coalfields Limited [SECL],400149,N06000197,0.0,0.0,43.02493722400207,1316.0100000000002,-12.92506277599793,103.0,0.0,68.0,,0,0,Large,0,0,0,0,0,50,40,0,25.0,LOW,1252
1231,6L of MH/KN Border Nimbal Village to KN/TS Border Singnodi Village from Km. 97.000 to Km. 162.500 in Yadgir of NH-150C Pkg-III,National Highways Authority of India [NHAI],Karnataka,2022-03-01,2023-04-01,2025-10-01,2026-09-01,2104.7,2065.83,779.81,73.9,National Highways Authority of India [NHAI],619211,-,-38.86999999999989,-1.8468190240889388,37.748023796730614,1286.02,-36.15197620326939,30.0,13.0,36.0,11.0,1,0,Large,0,0,0,0,0,50,40,0,25.0,LOW,1252
43,HURA C OCP,ECL - CIL,Jharkhand,2022-08-01,2022-08-01,2029-03-01,,859.41,859.41,455.25,63.22,ECL - CIL,400018,N06000275,0.0,0.0,52.972388033650994,404.16,-10.247611966349004,79.0,0.0,44.0,,0,0,Medium,0,0,0,0,0,50,40,0,25.0,LOW,1252
1194,Widening to 2LPS from Km 0.000 to 37.850 Except Ex. Km 24.45 to 27.20 of NH-766c Byndoor-Ranebennur Section in the state of Karnataka on EPC Mode under Annual Plan 2022-23 NH-766C-KNT-2022-23-969 dated 30.12.2022,MoRTH,Karnataka,2022-12-01,2025-08-01,2027-08-01,2027-08-01,394.95,394.95,0.0,0.0,MoRTH,618185,-,0.0,0.0,0.0,394.95,0.0,24.0,32.0,8.0,0.0,0,0,Small,1,0,0,0,0,0,100,0,25.0,LOW,1252
381,"City Gas Distribution [CGD] Project in Kondagaon, Bastar, Sukma, Narayanpur, Bijapur & Dantewada GA",Ministry of Petroleum & Natural Gas,Chhattisgarh,2022-06-01,2022-06-01,2030-06-01,2030-06-01,557.04,557.04,8.76,2.2,Ministry of Petroleum & Natural Gas,617819,-,0.0,0.0,1.5725980180956487,548.28,-0.6274019819043515,96.0,0.0,46.0,0.0,0,0,Medium,1,0,0,0,0,0,100,0,25.0,LOW,1252
44,KONAR EXPANSION OCP,Ministry of Coal,Jharkhand,2022-01-01,2022-01-01,2032-03-01,,799.34,799.34,433.64,53.47,Ministry of Coal,400073,N06000245,0.0,0.0,54.2497560487402,365.7000000000001,0.7797560487402038,122.0,0.0,51.0,,0,0,Medium,0,0,0,0,0,50,40,0,25.0,LOW,1252
1284,4L Greenfield Rudhi to Deshgaon Pkg V of Betul-Khandwa/Deshgaon,National Highways Authority of India [NHAI],Madhya Pradesh,2022-11-01,2023-10-01,2025-10-01,2026-09-01,521.21,469.68,196.17,63.62,National Highways Authority of India [NHAI],618654,N24001967,-51.53000000000003,-9.88661000364537,41.76673479816045,273.51,-21.853265201839548,24.0,11.0,30.0,11.0,1,0,Medium,0,0,0,0,0,50,40,0,25.0,LOW,1252
1211,4L PS from Near Guddehosur to Start of Kushalnagara Bypass to near Hemmige Village Periyapatna - Hassan Road Jn from Km. 122.200 to Km. 144.900 of NH-275 Pkg. II,National Highways Authority of India [NHAI],Karnataka,2023-02-01,2025-12-01,2027-12-01,2027-12-01,909.86,896.42,32.64,7.18,National Highways Authority of India [NHAI],618871,-,-13.440000000000056,-1.477150330820132,3.64115035362888,863.78,-3.53884964637112,24.0,34.0,4.0,0.0,0,0,Medium,1,0,0,0,0,0,100,0,25.0,LOW,1252
51,NORTH URIMARI EXPANSION OCP,Ministry of Coal,Jharkhand,2021-07-01,2021-07-01,2029-03-01,,778.8,778.8,605.7,71.38,Ministry of Coal,400151,N06000218,0.0,0.0,77.77349768875193,173.0999999999999,6.3934976887519355,92.0,0.0,57.0,,0,0,Medium,0,0,0,0,0,50,40,0,25.0,LOW,1252
372,Pipeline Network Project Rudrasagar,Ministry of Petroleum & Natural Gas,Assam,2023-01-01,2023-01-01,2026-04-01,2027-04-01,481.03,481.03,235.37,54.1,Ministry of Petroleum & Natural Gas,709847,N16000528,0.0,0.0,48.930420140116006,245.65999999999997,-5.169579859883996,39.0,0.0,39.0,12.0,1,0,Small,0,0,0,0,0,50,40,0,25.0,LOW,1252
64,SIRKA OC,Ministry of Coal,Jharkhand,2020-05-01,2020-05-01,2028-03-01,,222.82,222.82,140.72,63.52,Ministry of Coal,615822,N06000239,0.0,0.0,63.15411542949466,82.1,-0.3658845705053437,94.0,0.0,71.0,,0,0,Small,0,0,0,0,0,50,40,0,25.0,LOW,1252
369,"Group Gathering Station, Lakwagaon",Ministry of Petroleum & Natural Gas,Assam,2025-10-01,2025-10-01,2027-10-01,2027-10-01,495.59,495.59,18.04,5.7,Ministry of Petroleum & Natural Gas,619316,-,0.0,0.0,3.64010573256119,477.5499999999999,-2.05989426743881,24.0,0.0,6.0,0.0,0,0,Small,1,0,0,0,0,0,100,0,25.0,LOW,1252
339,Establishment of Permanent Campus of NIT SIkkim at Khamdong-Gangtok District,NIT Sikkim,Sikkim,2024-02-01,2024-03-01,2028-02-01,2026-12-01,685.76,610.76,283.56,34.5,NIT Sikkim,612883,-,-75.0,-10.936770881941204,46.42740192546991,327.2,11.927401925469908,47.0,1.0,25.0,-14.0,0,0,Medium,0,0,0,0,0,0,75,40,24.75,LOW,1463
423,Gurdaspur Jammu Pipeline,Gas Authority of India Limited [GAIL],"Multi-States
(Jammu and
Kashmir, Punjab)",2023-07-01,2023-07-01,2026-07-01,2026-07-01,521.9,521.9,302.5,47.6,Gas Authority of India Limited [GAIL],612853,N16000531,0.0,0.0,57.96129526729259,219.4,10.36129526729259,36.0,0.0,33.0,0.0,0,0,Medium,0,0,0,0,0,0,75,40,24.75,LOW,1463
1836,4L Spur of Panipat - Shamli connecting NH-709AD Panipat Shamli Muzaffarnagar and NH-709A Karnal Meerut bypassing Shamli district UP,National Highways Authority of India [NHAI],Uttar Pradesh,2021-10-01,2022-10-01,2024-10-01,2025-03-01,516.16,273.42,232.93,74.23,National Highways Authority of India [NHAI],618770,N24001729,-242.73999999999995,-47.028053316800985,85.19128081340062,40.49000000000001,10.96128081340062,24.0,12.0,42.0,5.0,1,0,Medium,0,0,0,0,0,25,40,40,23.5,LOW,1465
1630,4L of existing Beas Baba Bakala - Dera Baba Nanak Section from start of Batala Bypass till intersection with Ajnala Gurdaspur Highway NH 354 near Dera Baba Nanak from Km. 31.300 to Km. 69.100 with Additional batala Bypass Pkg-II,National Highways Authority of India [NHAI],Punjab,2021-10-01,2023-06-01,2025-06-01,2027-03-01,1003.38,993.6,590.84,78.99,National Highways Authority of India [NHAI],618810,N24002100,-9.779999999999973,-0.9747054954254591,59.46457326892109,402.76,-19.525426731078905,24.0,20.0,34.0,21.0,1,0,Large,0,0,0,0,0,75,0,0,22.5,LOW,1466
1930,4G Services by BSNL,Department of Telecommunications [DoT],PAN India,2020-11-01,2020-11-01,2024-03-01,2026-03-01,28466.0,19592.0,8471.19,98.23,Department of Telecommunications [DoT],701593,-,-8874.0,-31.174032178739548,43.238005308289104,11120.81,-54.9919946917109,40.0,0.0,65.0,24.0,1,0,Mega,0,0,0,0,0,75,0,0,22.5,LOW,1466
855,4L PS from Mandlem Existing Km. 38.000/Design Km.30.600 to Atmakur Existing Km.73.000/Design Km 66.115 of NH340C Package2,National Highways Authority of India [NHAI],Andhra Pradesh,2023-03-01,2023-11-01,2025-11-01,,887.28,913.03,374.39,99.94,National Highways Authority of India [NHAI],618919,N24001984,25.75,2.902127851411054,41.00522436283583,538.64,-58.934775637164165,24.0,8.0,29.0,,0,1,Medium,0,0,0,0,25,50,0,0,22.5,LOW,1466
1576,Construction of Bypass to Khordha town from Km 294/000 to 300/300 on NH-57 including LA in the State of Odisha on EPC mode.,MoRTH,Odisha,2022-02-01,2023-05-01,2024-11-01,2026-06-01,157.49,157.49,33.61,82.0,MoRTH,617925,N24001861,0.0,0.0,21.34103752619214,123.88,-60.65896247380786,18.0,15.0,35.0,19.0,1,0,Small,0,0,0,0,0,75,0,0,22.5,LOW,1466
105,ADASA UG TO OC MINE,Western Coalfields Limited [WCL],Maharashtra,2018-11-01,2018-11-01,2024-03-01,2026-03-01,316.0,316.0,209.35,86.49,Western Coalfields Limited [WCL],616223,N06000219,0.0,0.0,66.25,106.65,-20.239999999999995,64.0,0.0,89.0,24.0,1,0,Small,0,0,0,0,0,75,0,0,22.5,LOW,1466
805,Widening to two lane with paved shoulder of Rampachodavaram - Koyyuru section of NH 516E from Km 43700 to Km 113820 in the State of Andhra Pradesh on EPC mode Job No. 737,MoRTH,Andhra Pradesh,2022-03-01,2023-01-01,2025-01-01,2026-04-01,568.12,568.12,303.13,98.63,MoRTH,618145,N24001263,0.0,0.0,53.356685207350566,264.99,-45.27331479264943,24.0,10.0,39.0,15.0,1,0,Medium,0,0,0,0,0,75,0,0,22.5,LOW,1466
1593,Rehabilitation and Up gradation from 4 to 8 laning of Chandikhole Paradip Section of NH-53 Old NH 5A from Km 18.00 to Km 39.00 in the State of Odisha on HAM mode Package-2,National Highways Authority of India [NHAI],Odisha,2023-03-01,2023-12-01,2025-12-01,2026-08-01,920.47,950.4,412.89,91.0,National Highways Authority of India [NHAI],618821,N24002080,29.92999999999995,3.2515997262268135,43.44381313131313,537.51,-47.55618686868687,24.0,9.0,28.0,8.0,1,1,Medium,0,0,0,0,25,50,0,0,22.5,LOW,1466
1592,Rehabilitation and Up gradation from 4 to 8 laning of Chandikhole Paradip Section of NH-53 Old NH 5A from Km.39.000 to Km.60.00 Package-3,National Highways Authority of India [NHAI],Odisha,2023-03-01,2023-12-01,2025-12-01,2026-09-01,861.84,938.55,383.65,91.0,National Highways Authority of India [NHAI],618820,N24002079,76.70999999999992,8.90072403230297,40.87688455596399,554.9,-50.12311544403601,24.0,9.0,28.0,9.0,1,1,Medium,0,0,0,0,25,50,0,0,22.5,LOW,1466
104,AMALGAMATED INDER-KAMPTEE DEEP,Western Coalfields Limited [WCL],Maharashtra,2018-09-01,2018-09-01,2024-03-01,2026-03-01,235.9,235.9,127.42,98.97,Western Coalfields Limited [WCL],616050,N06000226,0.0,0.0,54.01441288681645,108.48,-44.955587113183554,66.0,0.0,91.0,24.0,1,0,Small,0,0,0,0,0,75,0,0,22.5,LOW,1466
1639,Widening of Pachpadra-Bagundi Section to 4 Lane from Km 73/60 to 95/70 of NH-25 on EPC mode in the state of Rajasthan.,MoRTH,Rajasthan,2022-01-01,2022-12-01,2024-12-01,2026-03-01,194.88,194.88,48.47,98.58,MoRTH,617901,N24001528,0.0,0.0,24.871715927750408,146.41,-73.7082840722496,24.0,11.0,40.0,15.0,1,0,Small,0,0,0,0,0,75,0,0,22.5,LOW,1466
1565,Construction of 2-Lane with hard shoulders of Merangkong-Tamlu-Mon Road on EPC Basis from existing road Km. 76.640 to Km 98.065 Design chainage Km. 63.800 to Km. 86.835 Design Length-23.035 Km in the state of Nagaland under SARDP-NE PKG-IV Balance work,NHIDCL,Nagaland,2018-03-01,2023-09-01,2025-09-01,2026-12-01,323.98,323.98,70.46,75.05,NHIDCL,619059,N24000765,0.0,0.0,21.748256065189207,253.52000000000004,-53.30174393481079,24.0,66.0,31.0,15.0,1,0,Small,0,0,0,0,0,75,0,0,22.5,LOW,1466
808,Duttalur at NH-565 Junction to Kavali Joining on NH-16 Chainage Km. 36/400 to Km. 107/224 excluding the stretch from Km 101.880 to 105.300 67.404 Km of NH-167BG from in the State of Andhra Pradesh on EPC mode,MoRTH,Andhra Pradesh,2021-03-01,2022-07-01,2024-07-01,2026-04-01,423.67,423.67,0.0,94.65,MoRTH,618192,N24001942,0.0,0.0,0.0,423.67,-94.65,24.0,16.0,45.0,21.0,1,0,Small,0,0,0,0,0,75,0,0,22.5,LOW,1466
807,"Rehabilitation and upgradation of NH-167AD from Macherla to Dachepalli via Paluvai Junction, Rentachinthala, Gurazala from Km.0.000 to 43.659 to two lane with paved shoulders in the state of Andhra Pradesh job-729",MoRTH,Andhra Pradesh,2022-01-01,2023-01-01,2025-01-01,2026-03-01,403.22,403.22,227.13,99.06,MoRTH,618191,N24001951,0.0,0.0,56.32905113833638,176.09000000000003,-42.73094886166362,24.0,12.0,39.0,14.0,1,0,Small,0,0,0,0,0,75,0,0,22.5,LOW,1466
1932,MPLS-IP BASED ACCESS AND AGGREGATION NETWORK [MAAN] IN BSNL ALONG WITH TEST AND MEASURING EQUIPMENT,BSNL,PAN India,2023-05-01,2023-05-01,2024-08-01,2026-06-01,645.13,645.13,377.59,92.1,BSNL,709856,N26000116,0.0,0.0,58.52928867050051,267.54,-33.57071132949948,15.0,0.0,35.0,22.0,1,0,Medium,0,0,0,0,0,75,0,0,22.5,LOW,1466
1933,"Planning, Engineering, Supply, Installation, Testing, Commissioning, Integration & Annual Maintenance of 4G mobile network at 1 Lakh sites on PAN India basis including Mumbai & Delhi LSA on turnkey basis under Phase IX.2 Project.",BSNL,PAN India,2023-05-01,2023-06-01,2025-06-01,2026-09-01,24544.55,24544.5,8472.04,98.23,BSNL,709857,N26000117,-0.0499999999992724,-0.0002037112108361,34.51706084866263,16072.46,-63.71293915133737,24.0,1.0,34.0,15.0,1,0,Mega,0,0,0,0,0,75,0,0,22.5,LOW,1466
817,"Rehabilitation and Upgradation to 2-lane with paved should ders Sir, configuration of Chaprathipalem to Lambasingi section Km 165500 to Km 205000 of NH-516E in the State of Andhra Pradesh under Green National Highways Corridor Project GNHCP with the loan assistance of World Bank on EPC mode",MoRTH,Andhra Pradesh,2020-08-01,2022-10-01,2024-10-01,2026-05-01,311.22,311.22,195.13,91.25,MoRTH,618256,N24001958,0.0,0.0,62.69841269841269,116.09000000000005,-28.55158730158731,24.0,26.0,42.0,19.0,1,0,Small,0,0,0,0,0,75,0,0,22.5,LOW,1466
818,Rehabilitation and Upgradation to 2-lane with paved shoulders configuration of Koyyuru to Chaprathipalem section Km 120000 to Km 165500 of NH-516E in the State of Andhra Pradesh under Green National Highways Corridor Project GNHCP with the loan assistance of World Bank on EPC mode,MoRTH,Andhra Pradesh,2020-08-01,2022-07-01,2024-07-01,2026-03-01,349.29,349.29,242.02,100.0,MoRTH,618257,N24001957,0.0,0.0,69.28912937673566,107.27,-30.71087062326434,24.0,23.0,45.0,20.0,1,0,Small,0,0,0,0,0,75,0,0,22.5,LOW,1466
822,Bangalore Chennai Expressway Phase-II Pkg-II from km.96.000 to Km 127.000 Baireddypalle to Bangarupalem section,National Highways Authority of India [NHAI],Andhra Pradesh,2021-02-01,2023-06-01,2025-06-01,2026-09-01,2548.04,2548.04,1226.85,92.14,National Highways Authority of India [NHAI],618475,N24001985,0.0,0.0,48.14877317467543,1321.19,-43.99122682532457,24.0,28.0,34.0,15.0,1,0,Large,0,0,0,0,0,75,0,0,22.5,LOW,1466
1934,Interception and Diversion and STP works in Bhagalpur under Hybrid annuity based PPP mode-Namami Gange Programme,National Mission for Clean Ganga,Bihar,2017-10-01,2022-03-01,2025-02-01,2026-12-01,413.29,413.29,126.67,97.0,National Mission for Clean Ganga,616600,N30000027,0.0,0.0,30.649180962520266,286.62,-66.35081903747974,35.0,53.0,49.0,22.0,1,0,Small,0,0,0,0,0,75,0,0,22.5,LOW,1466
823,Bangalore Chennai Expressway Phase-II Pkg-III from km.127.000 to Km 156.000 Bangarupalem to Gudipala section,National Highways Authority of India [NHAI],Andhra Pradesh,2020-11-01,2022-10-01,2024-10-01,2026-05-01,1407.33,1407.33,689.49,99.46,National Highways Authority of India [NHAI],618476,N24001821,0.0,0.0,48.99277354991367,717.8399999999999,-50.46722645008632,24.0,23.0,42.0,19.0,1,0,Large,0,0,0,0,0,75,0,0,22.5,LOW,1466
875,Construction of Balance work of 2-Lane with PS of Joram-Koloriang Road NH-713 on EPC basis from Design Km 44.989 to Km 61.547 Existing Km 50.050 to Km 70.000 in the state of Arunachal Pradesh under SARDP-NE Pkg-3,NHIDCL,Arunachal Pradesh,2017-02-01,2020-10-01,2022-04-01,2023-07-01,228.72,228.72,0.0,99.52,NHIDCL,618432,N24001390,0.0,0.0,0.0,228.72,-99.52,18.0,44.0,66.0,15.0,1,0,Small,0,0,0,0,0,75,0,0,22.5,LOW,1466
845,4L PS Mydukur - Badvel from Km 585.820 to Km 630.960 of NH-67,National Highways Authority of India [NHAI],Andhra Pradesh,2022-05-01,2023-09-01,2025-09-01,2026-05-01,1063.57,1103.87,502.6,90.4,National Highways Authority of India [NHAI],618759,N24001849,40.299999999999955,3.78912530439933,45.53072372652577,601.2699999999999,-44.869276273474235,24.0,16.0,31.0,8.0,1,1,Large,0,0,0,0,25,50,0,0,22.5,LOW,1466
35,JAGANNATHPUR OC RCE PROJECT,South Eastern Coalfields Limited [SECL],Chhattisgarh,2016-07-01,2016-07-01,2025-03-01,2027-03-01,459.49,459.49,276.8,96.15,South Eastern Coalfields Limited [SECL],613800,N06000232,0.0,0.0,60.24070164747872,182.69,-35.90929835252128,104.0,0.0,117.0,24.0,1,0,Small,0,0,0,0,0,75,0,0,22.5,LOW,1466
1939,Interception & Diversion with Rehabilitation of sewerage scheme at Agra under Hybrid annuity based PPP model-Namami Gange Programme,National Mission for Clean Ganga,Uttar Pradesh,2020-05-01,2023-04-01,2025-04-01,2026-12-01,842.25,842.25,208.64,80.0,National Mission for Clean Ganga,616594,-,0.0,0.0,24.771742356782426,633.61,-55.228257643217574,24.0,35.0,36.0,20.0,1,0,Medium,0,0,0,0,0,75,0,0,22.5,LOW,1466
226,Transmission System for Kurnool Wind Energy Zone/ Solar Energy Zone Part-A and Part-B,Power Grid Corporation of India Limited [POWERGRID],"Multi-States
(Andhra Pradesh,
Telangana)",2022-11-01,2023-03-01,2024-11-01,2026-05-01,3546.94,3546.94,3532.75,99.69,Power Grid Corporation of India Limited [POWERGRID],900808,N18000352,0.0,0.0,99.59993684697233,14.190000000000056,-0.0900631530276854,20.0,4.0,37.0,18.0,1,0,Large,0,0,0,0,0,75,0,0,22.5,LOW,1466
1608,Up-gradation to two lane with paved shoulder configuration of NH-354 Section Arifkes- Ferozepur-Muktsar-Malaut from Km 201.500 to Km 212.500 & Km 229.690 to Km 269.960 and strengthening of existing pavement from Km 212.500 to Km 229.690 excluding Km 218.500 to 223.690 of NH-354 on EPC Mode in the State of Punjab. Job No. NH-354-PB-2020-21-532,MoRTH,Punjab,2021-03-01,2023-10-01,2025-04-01,2026-06-01,263.19,263.19,0.0,83.0,MoRTH,618024,N24001960,0.0,0.0,0.0,263.19,-83.0,18.0,31.0,30.0,14.0,1,0,Small,0,0,0,0,0,75,0,0,22.5,LOW,1466
1941,Pollution Abatement works for River Ganga at Hooghly Chinsurah- Municipal Town Interception & Diversion with STP,National Mission for Clean Ganga,West Bengal,2018-05-01,2021-12-01,2025-03-01,2026-08-01,154.73,154.73,96.17,93.0,National Mission for Clean Ganga,616604,N30000042,0.0,0.0,62.15342855296323,58.55999999999999,-30.846571447036773,39.0,43.0,52.0,17.0,1,0,Small,0,0,0,0,0,75,0,0,22.5,LOW,1466
149,300 MW SPP part of 510 MW CPSU scheme,NLC India Limited [NLCIL],Rajasthan,2022-07-01,2023-03-01,2024-09-01,2025-12-01,1813.0,1813.0,1753.07,100.0,NLC India Limited [NLCIL],612819,N06000269,0.0,0.0,96.69442912300056,59.930000000000064,-3.305570876999454,18.0,8.0,37.0,15.0,1,0,Large,0,0,0,0,0,75,0,0,22.5,LOW,1466
1671,Bangalore Chennai Expressway Phase-III Package II Walajahpet to Arakkonam from Km 180.000 to Km 204.500,National Highways Authority of India [NHAI],Tamil Nadu,2021-01-01,2022-07-01,2024-07-01,2026-07-01,1106.65,1106.65,590.04,93.04,National Highways Authority of India [NHAI],618478,N24001718,0.0,0.0,53.31767044684407,516.6100000000001,-39.72232955315594,24.0,18.0,45.0,24.0,1,0,Large,0,0,0,0,0,75,0,0,22.5,LOW,1466
1640,Construction of 2 lane with paved shoulder for the work of Development of remaining sections of NH-325 Balotra to sanderao via Jalore to 2 lane with paved shoulder configuration by Construction of Byasses for town portions1 Asotra- Brahmdham bypass 2Siwana Bypass 3 Mokalsar Bypass 4 Major realignment at Kathadi 5 Major realignment at Bishangarh 6 Jalore Bypass 7 Ahore Town portion 8 Dujana Bypass in the state of Rajasthan on EPC Mode,MoRTH,Rajasthan,2021-12-01,2022-05-01,2024-05-01,2026-05-01,411.44,411.44,66.63,87.6,MoRTH,618011,N24001527,0.0,0.0,16.194341823838226,344.81,-71.40565817616177,24.0,5.0,47.0,24.0,1,0,Small,0,0,0,0,0,75,0,0,22.5,LOW,1466
1861,4L of Moradabad western side spur connecting NH-734 & NH-24 from Km. 0.000 to Km. 33.200 Pkg-I,National Highways Authority of India [NHAI],Uttar Pradesh,2022-11-01,2023-09-01,2025-09-01,2026-06-01,1841.92,1843.54,982.74,76.9,National Highways Authority of India [NHAI],618929,-,1.6199999999998909,0.087951702571224,53.30722414485175,860.8,-23.592775855148258,24.0,10.0,31.0,9.0,1,1,Large,0,0,0,0,25,50,0,0,22.5,LOW,1466
1732,Widening and Improvement of existing carriage way to 2 lane with paved shoulders from Km. 86/160 to 131/730 of Jangaon-Duddeda section of NH-365B in the State of Telangana on EPC Mode,MoRTH,Telangana,2022-01-01,2022-12-01,2024-12-01,2026-05-01,423.48,423.48,160.07,76.92,MoRTH,618141,N24001450,0.0,0.0,37.79871540568622,263.41,-39.121284594313785,24.0,11.0,40.0,17.0,1,0,Small,0,0,0,0,0,75,0,0,22.5,LOW,1466
1737,"Rehabilitation and Up-gradation of Valigonda to Thorrur Section to Two Lane with Paved Shoulders from Km 39.180 to Km 108.300 of NH-930P in the State of Telangana on Engineering, Procurement and Construction EPC Basis",MoRTH,Telangana,2022-01-01,2022-12-01,2024-12-01,2026-05-01,549.28,549.28,296.89,94.01,MoRTH,618186,N24002003,0.0,0.0,54.05075735508302,252.39,-39.95924264491698,24.0,11.0,40.0,17.0,1,0,Medium,0,0,0,0,0,75,0,0,22.5,LOW,1466
1738,Widening to two lane with paved shoulders of 'Bodhan Basar Bhainsa ' section from Km 38/900 to 95/300 of NH-161BB in the state of Telangana under Annual Plan 2021- 22 on EPC Mode under NH O.,MoRTH,Telangana,2022-03-01,2023-03-01,2025-03-01,2026-05-01,644.45,644.45,349.38,98.6,MoRTH,618190,N24002005,0.0,0.0,54.21367057180541,295.07000000000005,-44.386329428194585,24.0,12.0,37.0,14.0,1,0,Medium,0,0,0,0,0,75,0,0,22.5,LOW,1466
1739,Widening to 2 lane with Paved Shoulders of Siddipet-Elkathurthy section from Km 69/978 to km 133/619 of NH-765DG in the State of Telangana under Annual plan 2021-22 on EPC mode,MoRTH,Telangana,2022-01-01,2022-12-01,2024-12-01,2026-06-01,578.85,578.85,0.0,85.0,MoRTH,618196,N24002008,0.0,0.0,0.0,578.85,-85.0,24.0,11.0,40.0,18.0,1,0,Medium,0,0,0,0,0,75,0,0,22.5,LOW,1466
536,Vijaywada-Gudur 3rd Line,RVNL - II,Andhra Pradesh,2016-08-01,2018-04-01,2024-11-01,2026-03-01,6654.0,6654.0,6170.32,96.0,RVNL - II,705648,N22000369,0.0,0.0,92.73098887886984,483.6800000000003,-3.2690111211301485,79.0,20.0,96.0,16.0,1,0,Mega,0,0,0,0,0,75,0,0,22.5,LOW,1466
1871,Treatment of landslide zone from location no. 01 to 28 km 62.860 to 152.750 on NH- 12509 in the State of Uttarakhand under EPC mode in NHO Annual Plan 2022-23,MoRTH,Uttarakhand,2022-11-01,2023-06-01,2024-06-01,2026-05-01,192.22,192.22,0.0,97.0,MoRTH,617889,-,0.0,0.0,0.0,192.22,-97.0,12.0,7.0,34.0,23.0,1,0,Small,0,0,0,0,0,75,0,0,22.5,LOW,1466
1870,Landslide treatment work on NH 58 from Kodiyala Km. 266.130 to Devprayag Km. 296.925 10 location under EPC mode in the State of Uttarakhand on EPC Mode,MoRTH,Uttarakhand,2023-01-01,2024-02-01,2025-02-01,2026-06-01,192.54,192.54,0.0,99.0,MoRTH,617888,-,0.0,0.0,0.0,192.54,-99.0,12.0,13.0,26.0,16.0,1,0,Small,0,0,0,0,0,75,0,0,22.5,LOW,1466
1868,6L access controlled Greenfield highway of Junction of EPE Vill.-Mavikalan to Vill.- Lohadda from Km. 0.000 to Km. 27.000 Pkg-1,National Highways Authority of India [NHAI],Uttar Pradesh,2021-03-01,2022-09-01,2024-09-01,2026-05-01,1602.48,1497.94,1215.04,99.11,National Highways Authority of India [NHAI],619168,N24001733,-104.53999999999996,-6.523638360541159,81.11406331361735,282.9000000000001,-17.99593668638265,24.0,18.0,43.0,20.0,1,0,Large,0,0,0,0,0,75,0,0,22.5,LOW,1466
1867,4L of Najibabad Bypass from Km. 105.423 to Km. 118.373 excluding 2.45 Km. of NH- 74 Bypass of NH-119,National Highways Authority of India [NHAI],Uttar Pradesh,2022-01-01,2022-12-01,2024-06-01,2026-05-01,578.02,566.9,438.87,100.0,National Highways Authority of India [NHAI],619162,N24001753,-11.120000000000005,-1.9238088647451657,77.41576997706827,128.02999999999997,-22.584230022931735,18.0,11.0,40.0,23.0,1,0,Medium,0,0,0,0,0,75,0,0,22.5,LOW,1466
1866,6L access control Greenfield highway of Vill-Lohadda to Vill-Karaunda Mahajan from Km. 27.000 to Km. 56.500 Pkg-2,National Highways Authority of India [NHAI],Uttar Pradesh,2021-03-01,2022-09-01,2024-09-01,2026-05-01,1335.45,1335.38,1016.38,92.89,National Highways Authority of India [NHAI],618970,N24001734,-0.0699999999999363,-0.0052416788348449,76.11166858871631,319.0000000000001,-16.778331411283688,24.0,18.0,43.0,20.0,1,0,Large,0,0,0,0,0,75,0,0,22.5,LOW,1466
511,SCREENING PLANT-III AT KIRANDUL,National Mineral Development Corporation Limited [NMDC],Chhattisgarh,2009-01-01,2021-10-01,2026-01-01,2027-07-01,2718.84,2718.84,1524.61,82.17,National Mineral Development Corporation Limited [NMDC],709826,N12000127,0.0,0.0,56.07575289461681,1194.2300000000002,-26.09424710538319,51.0,153.0,54.0,18.0,1,0,Large,0,0,0,0,0,75,0,0,22.5,LOW,1466
491,Jal Marg Vikas Project,Inland Waterways Authority of India [IWAI],"Multi-States
(Bihar, Jharkhand,
Uttar Pradesh,
West Bengal)",2018-01-01,2018-02-01,2023-12-01,2025-12-01,5369.18,5061.15,3990.06,81.2,Inland Waterways Authority of India [IWAI],701565,N25000072,-308.03000000000065,-5.737002670798905,78.83702320618832,1071.0899999999997,-2.362976793811683,70.0,1.0,98.0,24.0,1,0,Mega,0,0,0,0,0,75,0,0,22.5,LOW,1466
552,Muzaffarpur-Sugauli,East Central Railway [ECR] - I,Bihar,2018-03-01,2017-03-01,2024-06-01,2026-06-01,1586.0,1586.0,1494.93,99.0,East Central Railway [ECR] - I,705528,N22000473,0.0,0.0,94.2578814627995,91.06999999999994,-4.742118537200497,87.0,-12.0,109.0,24.0,1,0,Large,0,0,0,0,0,75,0,0,22.5,LOW,1466
477,AIIMS Bibinagar,PMSSY AND Institute of NATIONAL Importance,Telangana,2018-12-01,2022-07-01,2026-06-01,2026-06-01,1028.0,1365.95,989.98,87.21,PMSSY AND Institute of NATIONAL Importance,701171,N21000031,337.95000000000005,32.87451361867705,72.47556645558036,375.97,-14.73443354441963,47.0,43.0,45.0,0.0,0,1,Large,0,0,0,0,75,0,0,0,22.5,LOW,1466
375,Power Recovery Turbine [PRT] in PFCCU unit as an Energy Conservation Scheme,NRL,Assam,2023-04-01,2023-04-01,2024-12-01,2026-09-01,293.5,293.5,81.84,99.0,NRL,709865,N16000510,0.0,0.0,27.884156729131178,211.66,-71.11584327086882,20.0,0.0,36.0,21.0,1,0,Small,0,0,0,0,0,75,0,0,22.5,LOW,1466
1854,Construction of Four Lane Highway from Ghazipur- Ballia-UP/Bihar State Border Greenfield section of NH-31 Package IV [from Buxur Spur of length km 17.270 on EPC Mode in the state of Uttar Pradesh.,National Highways Authority of India [NHAI],Uttar Pradesh,2022-10-01,2023-06-01,2025-06-01,2026-08-01,617.88,549.02,235.64,83.88,National Highways Authority of India [NHAI],618885,N24002089,-68.86000000000001,-11.144558814009194,42.920112199919856,313.38,-40.95988780008014,24.0,8.0,34.0,14.0,1,0,Medium,0,0,0,0,0,75,0,0,22.5,LOW,1466
1847,4L from Gaju Village at Km. 32.982 to Devinagar Bypass End at Km. 208.000 of NH- 530B Pkg-1C.,National Highways Authority of India [NHAI],Uttar Pradesh,2021-12-01,2023-01-01,2025-01-01,,1384.79,1496.44,823.04,99.99,National Highways Authority of India [NHAI],618865,N24001730,111.65000000000008,8.062594328381929,54.99986634946941,673.4000000000001,-44.99013365053059,24.0,13.0,39.0,,0,1,Large,0,0,0,0,25,50,0,0,22.5,LOW,1466
1845,"Improvement and Up-Gradation of Existing Road to 4L PS from Km 229.070 to 260.800, End of Hardoi District to Lucknow Ring road of NH 731 Pkg-4",National Highways Authority of India [NHAI],Uttar Pradesh,2021-09-01,2022-10-01,2024-10-01,2026-05-01,575.66,553.61,371.82,99.33,National Highways Authority of India [NHAI],618859,N24001732,-22.049999999999955,-3.830385991731223,67.16280414009861,181.79,-32.16719585990138,24.0,13.0,42.0,19.0,1,0,Medium,0,0,0,0,0,75,0,0,22.5,LOW,1466
388,"Restoration of Gas Terminal, Phase-I [Part-A], Hazira",Oil and Natural Gas Corporation Limited [ONGC],Gujarat,2022-05-01,2022-05-01,2025-02-01,2026-07-01,249.43,249.43,210.5,97.1,Oil and Natural Gas Corporation Limited [ONGC],709840,N16000477,0.0,0.0,84.39241470552861,38.93000000000001,-12.707585294471386,33.0,0.0,47.0,17.0,1,0,Small,0,0,0,0,0,75,0,0,22.5,LOW,1466
1842,"Improvement and Up-Gradation of Existing Road to 2/4L PS from Km 40.000 to 88.750, start of Khutar bypass to start of Shahjahanpur bypass of NH 731Pkg-I",National Highways Authority of India [NHAI],Uttar Pradesh,2022-03-01,2023-02-01,2025-02-01,2026-04-01,838.68,838.68,560.48,99.2,National Highways Authority of India [NHAI],618855,N24001727,0.0,0.0,66.82882625077504,278.19999999999993,-32.371173749224965,24.0,11.0,38.0,14.0,1,0,Medium,0,0,0,0,0,75,0,0,22.5,LOW,1466
1838,4L of Sonauli - Gorakhpur,National Highways Authority of India [NHAI],Uttar Pradesh,2021-12-01,2023-03-01,2025-03-01,2026-06-01,2555.5,2275.43,1247.39,84.0,National Highways Authority of India [NHAI],618798,N24002095,-280.07000000000016,-10.959499119546082,54.81996809394269,1028.0399999999995,-29.18003190605731,24.0,15.0,37.0,15.0,1,0,Large,0,0,0,0,0,75,0,0,22.5,LOW,1466
1834,4L Spur of Meerut-Garh-Mukteshwar section connecting NH-119 and NH-58 bypassing Meerut Town of NH 709 A,National Highways Authority of India [NHAI],Uttar Pradesh,2021-10-01,2023-02-01,2025-02-01,2026-07-01,991.89,977.73,815.91,95.22,National Highways Authority of India [NHAI],618761,N24001754,-14.159999999999968,-1.4275776547802648,83.44941855113375,161.82000000000005,-11.770581448866253,24.0,16.0,38.0,17.0,1,0,Medium,0,0,0,0,0,75,0,0,22.5,LOW,1466
1812,Rehabilitation and upgradation to 2-lane with paved sholuders configuration of Miranpur Katra to radhaita section of NH-730CKm.114.000 to Km 137.250pakage-III in state of Uttar Pradesh undergreen national Highway Corridor ProjectGNHCP with the loan assistance of world Bank on EPC mode.,MoRTH,Uttar Pradesh,2020-04-01,2022-07-01,2024-07-01,2026-06-01,172.5,169.56,0.0,89.0,MoRTH,618265,N24001457,-2.9399999999999977,-1.7043478260869551,0.0,169.56,-89.0,24.0,27.0,45.0,23.0,1,0,Small,0,0,0,0,0,75,0,0,22.5,LOW,1466
1824,Construction of left out portion of Agra Inner Ring Road connecting village Deori to NH-44 village Bad from Km. 0.000 to Km. 7.772,National Highways Authority of India [NHAI],Uttar Pradesh,2022-07-01,2023-03-01,2024-09-01,2026-06-01,879.26,787.58,623.64,91.7,National Highways Authority of India [NHAI],618554,N24001853,-91.67999999999996,-10.426949935172754,79.18433682927449,163.94000000000003,-12.515663170725515,18.0,8.0,37.0,21.0,1,0,Medium,0,0,0,0,0,75,0,0,22.5,LOW,1466
353,New Mundra Panipat Crude Oil Pipeline,Ministry of Petroleum & Natural Gas,"Multi-States
(Gujarat, Haryana,
Rajasthan)",2021-12-01,2021-12-01,2024-12-01,2026-06-01,9028.0,9028.0,7160.82,91.4,Ministry of Petroleum & Natural Gas,400078,N16000435,0.0,0.0,79.31789986708019,1867.1800000000003,-12.08210013291982,36.0,0.0,52.0,18.0,1,0,Mega,0,0,0,0,0,75,0,0,22.5,LOW,1466
344,"National Sports University [NSU], Imphal [Manipur]",Department of Sports & Youth Affairs,Manipur,2022-01-01,,2024-08-01,2026-08-01,906.47,611.74,574.12,97.0,Department of Sports & Youth Affairs,400081,-,-294.73,-32.51403797147175,93.85032857096152,37.620000000000005,-3.1496714290384773,,,,24.0,1,0,Medium,0,0,0,0,0,75,0,0,22.5,LOW,1466
234,Transmission Scheme for Evacuation of power from REZ in Rajasthan [20 GW] under Phase-III Part D Phase I [Sikar Khetri Transmission Ltd],Power Grid Corporation of India Limited [POWERGRID],"Multi-States (Delhi,
Rajasthan)",2024-02-01,2024-02-01,2025-08-01,2026-09-01,2423.0,2423.0,2035.32,85.45,Power Grid Corporation of India Limited [POWERGRID],612132,N18000389,0.0,0.0,84.0,387.68000000000006,-1.4500000000000028,18.0,0.0,26.0,13.0,1,0,Large,0,0,0,0,0,75,0,0,22.5,LOW,1466
1899,Upgradation and 4L of Haridwar Bypass from Km 0.000 Km 188.100 of NH-58 to Km. 15.100 Km 5.100 of NH 74 PKg-1,National Highways Authority of India [NHAI],Uttarakhand,2021-11-01,2022-10-01,2024-10-01,2026-10-01,1602.89,1423.89,588.94,76.74,National Highways Authority of India [NHAI],619155,N24001526,-179.0,-11.167329011972123,41.36134111483331,834.95,-35.378658885166686,24.0,11.0,42.0,24.0,1,0,Large,0,0,0,0,0,75,0,0,22.5,LOW,1466
779,Dum Dum Airport-New Garia via Rajarhat-Construction of Metro Railway,RVNL - II,West Bengal,2010-03-01,2011-10-01,2025-12-01,2027-12-01,8964.0,8964.0,8621.5,86.6,RVNL - II,400277,N22000110,0.0,0.0,96.17916108879965,342.5,9.579161088799651,170.0,19.0,174.0,24.0,1,0,Mega,0,0,0,0,0,75,0,0,22.5,LOW,1466
247,Transmission system for evacuation of power from REZ in Rajasthan 20 GW under Phase-III part H,Power Grid Corporation of India Limited [POWERGRID],Rajasthan,2023-10-01,2023-10-01,2025-04-01,2026-06-01,1910.0,1910.0,1851.81,98.33,Power Grid Corporation of India Limited [POWERGRID],611948,N18000374,0.0,0.0,96.95340314136124,58.190000000000055,-1.3765968586387487,18.0,0.0,30.0,14.0,1,0,Large,0,0,0,0,0,75,0,0,22.5,LOW,1466
248,Transmission system for evacuation of power from REZ in Rajasthan 20 GW under Phase-III part C1,Power Grid Corporation of India Limited [POWERGRID],Rajasthan,2023-10-01,2023-10-01,2025-04-01,2026-05-01,1160.0,1160.0,1136.8,99.0,Power Grid Corporation of India Limited [POWERGRID],611949,N18000375,0.0,0.0,98.0,23.200000000000045,-1.0,18.0,0.0,30.0,13.0,1,0,Large,0,0,0,0,0,75,0,0,22.5,LOW,1466
1658,4L of Karwar Km. 281.980 of NH-62 Nagaur road to Dangiyavas of Jodhpur Ring Road Pkg-II,National Highways Authority of India [NHAI],Rajasthan,2021-11-01,2022-08-01,2024-08-01,2026-05-01,736.75,512.77,400.17,99.0,National Highways Authority of India [NHAI],618838,N24001558,-223.98,-30.40108585001697,78.04083702244672,112.59999999999997,-20.959162977553277,24.0,9.0,44.0,21.0,1,0,Medium,0,0,0,0,0,75,0,0,22.5,LOW,1466
1814,6L Greenfield Kanpur - Lucknow Expressway Pkg II from km. 28.500 to km. 73.744,National Highways Authority of India [NHAI],Uttar Pradesh,2021-12-01,2022-11-01,2025-05-01,2026-04-01,2471.56,2489.0,1178.84,99.8,National Highways Authority of India [NHAI],618498,N24001731,17.440000000000055,0.7056272152001187,47.36199276817999,1310.16,-52.43800723182001,30.0,11.0,41.0,11.0,1,1,Large,0,0,0,0,25,50,0,0,22.5,LOW,1466
703,Mathura-Jhansi Third Railway Line [274 Km],RVNL - II,"Multi-States
(Madhya Pradesh,
Rajasthan, Uttar
Pradesh)",2015-12-01,2018-03-01,2024-12-01,2026-12-01,5961.0,5961.0,5121.42,95.48,RVNL - II,705667,N22000501,0.0,0.0,85.91545042778057,839.5799999999999,-9.564549572219434,81.0,27.0,97.0,24.0,1,0,Mega,0,0,0,0,0,75,0,0,22.5,LOW,1466
312,SOURCING OF BAUXITE ARRANGEMENT FOR 5TH STREAM ALUMINA REFINERY FROM SOUTH BLOCK MINING LEASE OF PANCHPATMAILI MINES,National Aluminium Company Limited [NALCO],Odisha,2017-11-01,2019-11-01,2025-05-01,2026-06-01,483.0,483.0,446.16,92.35,National Aluminium Company Limited [NALCO],709831,N10000013,0.0,0.0,92.37267080745342,36.839999999999975,0.0226708074534229,66.0,24.0,77.0,13.0,1,0,Small,0,0,0,0,0,75,0,0,22.5,LOW,1466
694,KHARAGPUR-ADITYAPUR THIRD RAIL LINE- 132 KM,RVNL - I,"Multi-States
(Jharkhand, West
Bengal)",2016-09-01,2018-01-01,2025-03-01,2026-06-01,3250.0,3250.0,3287.18,97.5,RVNL - I,705668,N22000595,0.0,0.0,101.144,-37.17999999999984,3.6439999999999912,86.0,16.0,99.0,15.0,1,0,Large,0,0,1,0,0,75,0,0,22.5,LOW,1466
691,Doubling of Hatia [Ranchi]-Bondamunda Rail Line - 159 km,South Eastern Railway - JH,"Multi-States
(Jharkhand,
Odisha)",2016-03-01,2017-02-01,2025-06-01,2026-06-01,3029.0,3029.04,2629.17,92.0,South Eastern Railway - JH,705628,N22000396,0.0399999999999636,0.0013205678441717,86.79878773472784,399.8699999999999,-5.2012122652721615,100.0,11.0,110.0,12.0,1,1,Large,0,0,0,0,25,50,0,0,22.5,LOW,1466
1680,4L of left-over works including additional structures from Kerala/Tamil Nadu border to Kanyakumari Section from Km 43.0 to Km 96.174 of NH66,National Highways Authority of India [NHAI],Tamil Nadu,2022-11-01,2023-08-01,2025-08-01,2026-10-01,1564.23,1263.42,907.2,76.1,National Highways Authority of India [NHAI],618608,N24002113,-300.80999999999995,-19.23054793732379,71.80510044165835,356.22,-4.2948995583416405,24.0,9.0,32.0,14.0,1,0,Large,0,0,0,0,0,75,0,0,22.5,LOW,1466
1900,4L Medinipur to Ballupur from Km. 458.65 to Km. 487.65 of NH-07Pkg-2,NHAI,Uttarakhand,2022-03-01,2023-02-01,2025-02-01,2026-07-01,1092.9,1072.5,715.36,93.9,NHAI,619292,-,-20.40000000000009,-1.866593466922874,66.70023310023309,357.14,-27.199766899766914,24.0,11.0,38.0,17.0,1,0,Large,0,0,0,0,0,75,0,0,22.5,LOW,1466
1683,4L of Thirumangalam to Vadugapatti section from km 0.000 to km 36.000 of NH-744,National Highways Authority of India [NHAI],Tamil Nadu,2022-03-01,2023-02-01,2025-02-01,2026-06-01,1076.97,791.6,679.48,95.41,National Highways Authority of India [NHAI],618744,N24002084,-285.37,-26.49748832372304,85.83628094997474,112.12,-9.57371905002526,24.0,11.0,38.0,16.0,1,0,Large,0,0,0,0,0,75,0,0,22.5,LOW,1466
1728,Widening and Strengthening to 2/4 lane with paved shoulders of Mahabubnagar Chincholi section from Km 0/0 to Km 60/255 of NH-167N in the state of Telangana under Annual plan 2021-22 on EPC modepackage-I under NHO Job No.167N-TS- 2021-22-75,MoRTH,Telangana,2022-01-01,2023-01-01,2025-01-01,2026-05-01,703.68,703.68,279.58,90.69,MoRTH,618106,N24002009,0.0,0.0,39.73112778535698,424.1,-50.958872214643016,24.0,12.0,39.0,16.0,1,0,Medium,0,0,0,0,0,75,0,0,22.5,LOW,1466
1684,4L of Vadugapatti to Therkuvenganallur Rajapalyam section from km 36.000 to km 71.600 of NH-744,National Highways Authority of India [NHAI],Tamil Nadu,2022-02-01,2023-04-01,2025-04-01,2026-05-01,1317.6,1137.16,926.56,99.98,National Highways Authority of India [NHAI],618745,N24002114,-180.43999999999983,-13.694596235579832,81.4801786907735,210.60000000000016,-18.499821309226505,24.0,14.0,36.0,13.0,1,0,Large,0,0,0,0,0,75,0,0,22.5,LOW,1466
1686,Tuticorin - Tirunelveli from km. 0.00 to km. 47.250,National Highways Authority of India [NHAI],Tamil Nadu,2009-11-01,2010-04-01,2012-04-01,,449.85,452.48,1.17,100.0,National Highways Authority of India [NHAI],618773,-,2.6299999999999955,0.5846393242191831,0.258574964639321,451.31,-99.74142503536068,24.0,5.0,192.0,,0,1,Small,0,0,0,0,25,50,0,0,22.5,LOW,1466
673,Rajnandgaon - Nagpur [Kalumna] Third Railway Line [228.30 km],South East Central Railway [SECR] - II,"Multi-States
(Chhattisgarh,
Maharashtra)",2016-09-01,2016-12-01,2024-12-01,2026-06-01,3545.0,3545.0,3639.58,96.0,South East Central Railway [SECR] - II,705617,N22000420,0.0,0.0,102.66798307475318,-94.57999999999991,6.667983074753181,96.0,3.0,112.0,18.0,1,0,Large,0,0,1,0,0,75,0,0,22.5,LOW,1466
317,Additional Campus of NITPatna,NIT Patna,Bihar,2022-07-01,2022-08-01,2024-07-01,2026-01-01,499.21,499.21,449.96,98.5,NIT Patna,606013,-,0.0,0.0,90.13441237154704,49.25,-8.365587628452957,23.0,1.0,44.0,18.0,1,0,Small,0,0,0,0,0,75,0,0,22.5,LOW,1466
1891,Rehabilitation & upgradation of existing road to 2-lane with hard shoulder from Joshimath km 0.00 to Saraithota km 29.725 road on NH-107B under Bharatmala Pariyojna on EPC mode in the state of Uttarakhand,MoRTH,Uttarakhand,2022-10-01,2023-05-01,2025-05-01,2027-03-01,338.38,338.38,0.0,78.2,MoRTH,618218,-,0.0,0.0,0.0,338.38,-78.2,24.0,7.0,35.0,22.0,1,0,Small,0,0,0,0,0,75,0,0,22.5,LOW,1466
1712,"Rehabilitation and Upgradation of LB-Nagar to Malkapur section to 6-Lane main carriageway with service roads, drains cum footpath, including VUPs and widening of Minor bridge & road safety provisions from Km. 15/00 to Km 40/00 of NH-65 Old NH-9 under NH O for the year 2020-21 in the state of Telangana on EPC Mode.",MoRTH,Telangana,2021-03-01,2022-07-01,2024-07-01,2026-06-01,545.11,545.11,273.9,80.59,MoRTH,617940,N24002004,0.0,0.0,50.24673919025518,271.21000000000004,-30.343260809744827,24.0,16.0,45.0,23.0,1,0,Medium,0,0,0,0,0,75,0,0,22.5,LOW,1466
1716,Widening & Strengthening of Existing 2LPS to 4 lane PS from Km 150000 to Km 159000 and Km 165400 to Km 186000 of NH-163 old NH-202 under NH O for the year 2020-21 on EPC Mode in the state of Telangana.,MoRTH,Telangana,2021-03-01,2022-07-01,2024-07-01,2026-06-01,317.19,300.56,175.26,87.0,MoRTH,617983,N24001925,-16.629999999999995,-5.242914341561838,58.31115251530476,125.3,-28.68884748469524,24.0,16.0,45.0,23.0,1,0,Small,0,0,0,0,0,75,0,0,22.5,LOW,1466
335,Establishment of NIT Puducherry Permanent Campus [Phase-I and Phase-II],"National Institute of Technology, Puducherry",Puducherry,2009-09-01,2013-07-01,2024-12-01,2026-05-01,618.34,544.34,543.74,98.5,"National Institute of Technology, Puducherry",612877,-,-74.0,-11.96752595659346,99.88977477311974,0.6000000000000227,1.3897747731197398,137.0,46.0,153.0,17.0,1,0,Medium,0,0,0,0,0,75,0,0,22.5,LOW,1466
338,"Construction of Sikkim University Campus Phase-I Package-II at Yangang, South Sikkim",Sikkim University,Sikkim,2020-08-01,2022-01-01,2025-01-01,2026-03-01,314.06,314.06,292.0,95.0,Sikkim University,609736,N44000002,0.0,0.0,92.9758644844934,22.06,-2.024135515506586,36.0,17.0,51.0,14.0,1,0,Small,0,0,0,0,0,75,0,0,22.5,LOW,1466
340,Construction of Precast housing and hostels at IIT Hyderabad,"Indian Institute of Technology, Hyderabad",Telangana,2022-09-01,2022-11-01,2024-10-01,2026-01-01,262.0,262.0,213.89,87.44,"Indian Institute of Technology, Hyderabad",609996,-,0.0,0.0,81.63740458015266,48.110000000000014,-5.802595419847336,23.0,2.0,41.0,15.0,1,0,Small,0,0,0,0,0,75,0,0,22.5,LOW,1466
558,Gauge Conversion of Kendri-Dhamtari including Abhanpur - Rajim Branch line 67.20 Kms - 2nd Material Modification to Raipur Titlagarh doubling.,SECR,Chhattisgarh,2011-07-01,2021-05-01,2025-02-01,2026-06-01,1171.0,1171.0,404.58,100.0,SECR,602792,N22000572,0.0,0.0,34.54995730145175,766.4200000000001,-65.45004269854826,45.0,118.0,59.0,16.0,1,0,Large,0,0,0,0,0,75,0,0,22.5,LOW,1466
488,"Upgradation & Extension of ESIC Hospital and Construction of PG Hostel / Staff Housing for ESIC Hospital at Andheri, Mumbai",Employee's State Insurance Company [ESIC],Maharashtra,2008-12-01,2009-06-01,2025-08-01,2026-09-01,260.13,260.13,216.46,89.0,Employee's State Insurance Company [ESIC],616691,-,0.0,0.0,83.21224003382925,43.66999999999999,-5.7877599661707535,194.0,6.0,202.0,13.0,1,0,Small,0,0,0,0,0,75,0,0,22.5,LOW,1466
788,Rehabilitation and Up-gradation from Km 170700 Bhadrachalam to Km 234567 Konta on NH-30 to Two lane with Paved Shoulder in the State of Andra Pradesh on EPC mode.,MoRTH,Andhra Pradesh,2021-12-01,2022-09-01,2024-09-01,2026-04-01,436.09,436.09,221.22,100.0,MoRTH,617907,N24001953,0.0,0.0,50.72806072141071,214.87,-49.27193927858929,24.0,9.0,43.0,19.0,1,0,Small,0,0,0,0,0,75,0,0,22.5,LOW,1466
1527,6L of MH/KN Border Nimbal Village to KN/TS Border Singnodi Village from Km. 162.5 to Km. 203.100 in Raichur of NH-150C Pkg-IV,National Highways Authority of India [NHAI],"Multi-States
(Karnataka,
Telangana)",2022-03-01,2022-11-01,2025-05-01,2026-06-01,1499.73,1457.48,829.47,99.51,National Highways Authority of India [NHAI],618631,-,-42.25,-2.817173757943096,56.911244065098664,628.01,-42.59875593490134,30.0,8.0,41.0,13.0,1,0,Large,0,0,0,0,0,75,0,0,22.5,LOW,1466
945,Pre construction activity of NH 122B from km 0 to 72.348 and Improvement to two lane with paved shoulders of NH 122B from km 29.730 to km 72.348 in state of Bihar under EPC mode,MoRTH,Bihar,2022-02-01,2023-05-01,2024-11-01,2026-06-01,624.43,624.43,153.21,91.0,MoRTH,618074,N24001870,0.0,0.0,24.5359768108515,471.2199999999999,-66.46402318914849,18.0,15.0,35.0,19.0,1,0,Medium,0,0,0,0,0,75,0,0,22.5,LOW,1466
1515,4L from Km 219.600 Khajuri to Km 260.483 Wyndhamganj on NH-75 Sec-V,National Highways Authority of India [NHAI],"Multi-States
(Jharkhand, Uttar
Pradesh)",2022-03-01,2023-09-01,2025-09-01,2026-05-01,1436.49,1465.55,830.18,92.02,National Highways Authority of India [NHAI],618828,N24002053,29.059999999999945,2.0229865853573603,56.64631025894715,635.37,-35.37368974105284,24.0,18.0,31.0,8.0,1,1,Large,0,0,0,0,25,50,0,0,22.5,LOW,1466
1149,Widening and Strengthening of existing paveemnt to two lane with paved shoulders from km 116.00 to km 176.355 of NH-75E in the State of Jharkhand on EPC mode.,MoRTH,Jharkhand,2022-01-01,2023-01-01,2024-07-01,2026-04-01,315.21,315.21,129.54,87.0,MoRTH,618060,N24001923,0.0,0.0,41.096411915865616,185.67,-45.903588084134384,18.0,12.0,39.0,21.0,1,0,Small,0,0,0,0,0,75,0,0,22.5,LOW,1466
935,Widening & Strenthening from km132.895 to km 190.15 NH-80,MoRTH,Bihar,2021-03-01,2022-11-01,2024-11-01,2026-07-01,566.1,566.1,251.12,95.0,MoRTH,617958,N24001876,0.0,0.0,44.35965377141848,314.98,-50.64034622858152,24.0,20.0,41.0,20.0,1,0,Medium,0,0,0,0,0,75,0,0,22.5,LOW,1466
1159,4L of Gola-BokaroJaina More section from Km 53.600 to Km 21.110 of NH-320PKG-1,National Highways Authority of India [NHAI],Jharkhand,2022-02-01,2023-06-01,2025-06-01,2026-05-01,1007.97,1030.64,437.79,78.1,National Highways Authority of India [NHAI],618645,N24002056,22.670000000000073,2.249074873260124,42.47748971512846,592.8500000000001,-35.62251028487153,24.0,16.0,34.0,11.0,1,1,Large,0,0,0,0,25,50,0,0,22.5,LOW,1466
1262,Upgradation & widening of Jharkheda- Berasia - Dholkhedi from design km 0000 to km 87900 Design length 87.90km of NH-346 including 3 nos. bypasses of 13.10 Km in the State of Madhya Pradesh under EPC mode.,MoRTH,Madhya Pradesh,2022-03-01,2023-05-01,2025-05-01,2026-06-01,365.21,365.21,0.0,88.0,MoRTH,618019,N24001964,0.0,0.0,0.0,365.21,-88.0,24.0,14.0,35.0,13.0,1,0,Small,0,0,0,0,0,75,0,0,22.5,LOW,1466
1298,Outer Ring Road of Jabalpur Town from Barela to Manegaon Pkg-1,National Highways Authority of India [NHAI],Madhya Pradesh,2022-09-01,2023-03-01,2025-03-01,2026-05-01,652.33,651.88,468.6,88.0,National Highways Authority of India [NHAI],618687,N24002068,-0.4500000000000455,-0.0689834899514119,71.8843959010861,183.27999999999997,-16.115604098913906,24.0,6.0,37.0,14.0,1,0,Medium,0,0,0,0,0,75,0,0,22.5,LOW,1466
1520,4L/2L PS of Govindpur Raiganj - Chas - WB border section of from km. 0.00 to km. 56.889 of Old NH-32,National Highways Authority of India [NHAI],"Multi-States
(Jharkhand, West
Bengal)",2016-03-01,2017-12-01,2019-12-01,,1139.65,1154.8,6.64,99.84,National Highways Authority of India [NHAI],619104,-,15.149999999999864,1.329355503882759,0.5749913404918601,1148.16,-99.26500865950814,24.0,21.0,100.0,,0,1,Large,0,0,0,0,25,50,0,0,22.5,LOW,1466
1522,6L from Belgaum to Sankeshwar Bypass from Km. 515.000 to Km. 555.017 of NH-48 Pkg-I,National Highways Authority of India [NHAI],"Multi-States
(Karnataka,
Maharashtra)",2021-11-01,2022-10-01,2025-04-01,2026-05-01,1479.3,1237.04,1178.11,100.0,National Highways Authority of India [NHAI],618515,N24001679,-242.26,-16.376664638680456,95.2362090150682,58.930000000000064,-4.763790984931788,30.0,11.0,42.0,13.0,1,0,Large,0,0,0,0,0,75,0,0,22.5,LOW,1466
1095,Rehabilitation and Upgradation to 2-lane configuration of Hamirpur-Karnohal Section km 141.00 to 181.00 of NH-70 in the State of Himachal Pradesh under Green National Highways Corridor Project GNHCP with the loan assistance of World Bank on EPC mode.Package-1,MoRTH,Himachal Pradesh,2020-08-01,2022-06-01,2024-12-01,2026-05-01,371.93,371.93,198.34,91.49,MoRTH,618231,N24001447,0.0,0.0,53.32723899658538,173.59,-38.162761003414616,30.0,22.0,46.0,17.0,1,0,Small,0,0,0,0,0,75,0,0,22.5,LOW,1466
1344,"Upgradation of exhisting 2 lane flexible pavement to 2 lane paved shoulders rigid pavement from design chainage Km 66.00 to Design Km 82.440 Start of Kolhapur Municipal corporation near Phulewadi to kale, design length 16.440 Km section on Talere Gaganbawada-Kolhapur road NH 166G in the state of Maharashtra on EPC mode",MoRTH,Maharashtra,2021-03-01,2022-11-01,2024-05-01,2026-03-01,167.97,167.97,0.0,93.75,MoRTH,618098,N24001908,0.0,0.0,0.0,167.97,-93.75,18.0,20.0,41.0,22.0,1,0,Small,0,0,0,0,0,75,0,0,22.5,LOW,1466
1241,6L of Ramanatukkara Junction to start of Valanchery bypass section of NH-66,National Highways Authority of India [NHAI],Kerala,2021-01-01,2022-01-01,2024-07-01,2026-05-01,4924.11,4919.46,1815.81,99.75,National Highways Authority of India [NHAI],618599,N24001658,-4.649999999999636,-0.0944333087603574,36.91075849788391,3103.65,-62.83924150211609,30.0,12.0,51.0,22.0,1,0,Large,0,0,0,0,0,75,0,0,22.5,LOW,1466
1525,Bangalore Ring Road STRR-NH-948A- Package-I of Phase-III from Belagondapalli TN to TN/KNT border from km 144.480 to 179.969,National Highways Authority of India [NHAI],"Multi-States
(Karnataka, Tamil
Nadu)",2022-03-01,2023-05-01,2025-05-01,2026-09-01,1260.74,1218.47,611.1,75.76,National Highways Authority of India [NHAI],618519,N24001968,-42.26999999999998,-3.352792804226088,50.1530608057646,607.37,-25.6069391942354,24.0,14.0,35.0,16.0,1,0,Large,0,0,0,0,0,75,0,0,22.5,LOW,1466
1391,Bodhre - Dhule,National Highways Authority of India [NHAI],Maharashtra,2021-02-01,2022-01-01,2024-07-01,2026-07-01,1344.78,1292.7,791.69,97.69,National Highways Authority of India [NHAI],618693,N24000656,-52.07999999999993,-3.8727524204702575,61.24313452463836,501.01,-36.44686547536164,30.0,11.0,51.0,24.0,1,0,Large,0,0,0,0,0,75,0,0,22.5,LOW,1466
1163,4L from Km 147.450 Bhogu to Km 196.870 Sankha on NH-75 Sec-III,National Highways Authority of India [NHAI],Jharkhand,2022-10-01,2023-11-01,2025-11-01,2026-06-01,1517.87,1652.09,991.9,76.95,National Highways Authority of India [NHAI],618830,N24002054,134.22000000000003,8.842654509279454,60.03910198596929,660.1899999999999,-16.910898014030714,24.0,13.0,29.0,7.0,1,1,Large,0,0,0,0,25,50,0,0,22.5,LOW,1466
1107,2L PS of Hamirpur Bypass from Km 121.175 to Km.138.295 of NH-103&3,National Highways Authority of India [NHAI],Himachal Pradesh,2022-08-01,2023-10-01,2025-10-01,2026-06-01,739.39,754.82,233.43,92.57,National Highways Authority of India [NHAI],618890,N24002051,15.430000000000064,2.0868553807868735,30.92525370286956,521.3900000000001,-61.64474629713043,24.0,14.0,30.0,8.0,1,1,Medium,0,0,0,0,25,50,0,0,22.5,LOW,1466
1080,Delhi-Amritsar-Katra Expressway Phase-I Pkg-IV from Junction with Jind-Karnal road NH-709A near Alewa village to Junction with Ambala-Kaithal-Hissar road NH-152 near Kharak Pandwa village Km 91400 to Km 120250,National Highways Authority of India [NHAI],Haryana,2021-01-01,2021-12-01,2023-12-01,2024-03-01,1306.95,1578.66,563.2,76.13,National Highways Authority of India [NHAI],618485,N24001634,271.71000000000004,20.789624698726044,35.67582633372607,1015.46,-40.45417366627392,24.0,11.0,52.0,3.0,1,1,Large,0,0,0,0,50,25,0,0,22.5,LOW,1466
1458,Up-gradation to 2-lane with paved shoulders of Ngopa - Pawlrang section of NH 102B of Aizawl - Imphal Economic Corridor from Existing Chainage km 32.796 to km 72.030 [Design Chainage km 31.280 to km 68.170] in the State of Mizoram under Bharatmala Pariyojna on EPC mode under NHO-NE Package-2 Keifang- Tuivai Pkg-2,NHIDCL,Mizoram,2021-09-01,2023-09-01,2025-02-01,2026-06-01,523.78,523.78,394.29,95.31,NHIDCL,618341,N24001545,0.0,0.0,75.27778838443622,129.48999999999995,-20.03221161556378,17.0,24.0,31.0,16.0,1,0,Medium,0,0,0,0,0,75,0,0,22.5,LOW,1466
1242,6L of Valanchery bypass to Kappirikkad of NH 66 from km. 298500 to km 335850,National Highways Authority of India [NHAI],Kerala,2021-02-01,2022-01-01,2024-07-01,2026-05-01,4023.94,4023.94,1497.69,98.84,National Highways Authority of India [NHAI],618600,N24001659,0.0,0.0,37.21949134430434,2526.25,-61.620508655695666,30.0,11.0,51.0,22.0,1,0,Large,0,0,0,0,0,75,0,0,22.5,LOW,1466
948,Improvement to two lane with paved shoulders of NH-319A from km 0 to km 45 in state of Bihar under EPC mode,MoRTH,Bihar,2022-02-01,2023-06-01,2024-12-01,2026-07-01,427.29,427.29,178.43,93.0,MoRTH,618121,N24001878,0.0,0.0,41.75852465538627,248.86,-51.24147534461373,18.0,16.0,34.0,19.0,1,0,Small,0,0,0,0,0,75,0,0,22.5,LOW,1466
1079,Delhi-Amritsar-Katra Expressway Phase-I Pkg-III from Junction with Jind-Panipat road NH-352A near Gangana village to Junction with Jind-Karnal road NH-709A near Alewa village Km 60800 to Km 91400,National Highways Authority of India [NHAI],Haryana,2020-12-01,2021-12-01,2023-12-01,2024-05-01,1606.27,1813.91,631.62,79.08,National Highways Authority of India [NHAI],618484,N24001633,207.6400000000001,12.92684293425141,34.8209117321146,1182.29,-44.25908826788539,24.0,12.0,52.0,5.0,1,1,Large,0,0,0,0,50,25,0,0,22.5,LOW,1466
1243,6L of Kappirikkad to Thalikulam section from km 335.85 to km 369.015 of NH - 66 old NH-17,National Highways Authority of India [NHAI],Kerala,2021-06-01,2022-09-01,2025-01-01,2026-06-01,4225.59,4225.59,708.02,88.2,National Highways Authority of India [NHAI],618601,N24001655,0.0,0.0,16.7555299969945,3517.57,-71.4444700030055,28.0,15.0,43.0,17.0,1,0,Large,0,0,0,0,0,75,0,0,22.5,LOW,1466
1360,Rehabilitation and Upgradation of Satana to Mangrul Chandwad Section of NH752 G Design Ch Km 64.000 to Ch Km 101.140 two lane with paved shoulder/four lane configuration in the state of Maharashtra on EPC mode.,MoRTH,Maharashtra,2022-03-01,2023-05-01,2025-05-01,2026-06-01,428.8,428.8,0.0,93.46,MoRTH,618175,N24001884,0.0,0.0,0.0,428.8,-93.46,24.0,14.0,35.0,13.0,1,0,Small,0,0,0,0,0,75,0,0,22.5,LOW,1466
976,4L Elevated Section and at-grade improvements at Begusarai town Simaria - Khagaria section from Km. 221.047 to Km. 225.302 of NH-31,National Highways Authority of India [NHAI],Bihar,2021-10-01,2022-06-01,2024-12-01,2026-06-01,491.04,348.38,342.96,93.88,National Highways Authority of India [NHAI],618841,N24001699,-142.66000000000005,-29.05262300423591,98.4442275675986,5.420000000000016,4.564227567598607,30.0,8.0,46.0,18.0,1,0,Small,0,0,0,0,0,75,0,0,22.5,LOW,1466
1120,Reconstruction and widening to 2 lane with paved shoulder from existing chainage km 102000 to km 134950 Design chainage km 90150 to km 116980 including construction of Naushera Tunnel Total length of tunnel 0.700 km under 31 TF on Akhnoor-Poonch road NH-144A in the UT of Jammu & Kashmir under Project Sampark BRO on EPC mode Package-V Job no NH-144A-J&K-2020-21-104,MoRTH,"Jammu and
Kashmir",2021-03-01,2022-07-01,2024-07-01,2026-03-01,642.24,572.51,0.0,100.0,MoRTH,618220,N24001897,-69.73000000000002,-10.85731190832088,0.0,572.51,-100.0,24.0,16.0,45.0,20.0,1,0,Medium,0,0,0,0,0,75,0,0,22.5,LOW,1466
1124,Rehabilitation and up-gradation to 2 lane with paved shoulder from existing chainage km 49150 to km 64535 Design chainage km 46.450 to km 55.800 including construction of Sungal Tunnel Total length of Tunnel 2.79 km under 13 TF on Akhnoor-Poonch road NH-144A under Project Sampark BRO in the UT of Jammu & Kashmir on EPC mode Package-II Job no NH-144A-J&K-2019-20-78,MoRTH,"Jammu and
Kashmir",2020-03-01,2021-08-01,2024-08-01,2026-05-01,796.97,796.97,432.45,92.01,MoRTH,618224,N24001901,0.0,0.0,54.26176644039299,364.52,-37.748233559607016,36.0,17.0,56.0,21.0,1,0,Medium,0,0,0,0,0,75,0,0,22.5,LOW,1466
1499,Akshardham - DL/UP Border Pkg-01,National Highways Authority of India [NHAI],"Multi-States (Delhi,
Uttar Pradesh)",2020-09-01,2022-06-01,2024-12-01,2026-05-01,1479.22,1476.75,1343.18,100.0,National Highways Authority of India [NHAI],619122,N24001771,-2.4700000000000273,-0.1669798948094284,90.95513797189774,133.56999999999994,-9.044862028102258,30.0,21.0,46.0,17.0,1,0,Large,0,0,0,0,0,75,0,0,22.5,LOW,1466
971,4L of Aurangabad-Paithan,NHAI,Bihar,2022-09-01,2023-01-01,2024-07-01,2026-05-01,1505.0,349.96,305.59,96.5,NHAI,618779,N24001795,-1155.04,-76.74684385382061,87.32140816093268,44.370000000000005,-9.178591839067323,18.0,4.0,39.0,22.0,1,0,Large,0,0,0,0,0,75,0,0,22.5,LOW,1466
1328,Kopargaon to Savali Vihir section,MoRTH,Maharashtra,2022-06-01,2023-01-01,2024-07-01,2026-06-01,195.38,195.38,0.0,80.0,MoRTH,617965,N24001904,0.0,0.0,0.0,195.38,-80.0,18.0,7.0,39.0,23.0,1,0,Small,0,0,0,0,0,75,0,0,22.5,LOW,1466
1125,Rehabilitation and up-gradation to 2 lane with paved shoulder from existing chainage km 134950 to km 166100 Design chainage km 116980 to km 146700 under 31 TF on Akhnoor-Poonch road NH-144A in the UT of Jammu & Kashmir under Project Sampark BRO on EPC mode Package-VI Job no NH-144A-J&K-2021-22-106,MoRTH,"Jammu and
Kashmir",2021-07-01,2022-07-01,2024-07-01,2026-06-01,395.25,395.25,144.04,89.05,MoRTH,618225,N24001899,0.0,0.0,36.44275774826059,251.21,-52.60724225173941,24.0,12.0,45.0,23.0,1,0,Small,0,0,0,0,0,75,0,0,22.5,LOW,1466
1126,Rehabilitation and upgradation to 2 lane with paved shoulder from existing chainage Km 30.053 to Km 49.150 design chainage Km 30.000 to Km 46.450 including Kandi Tunnel under 31 BRTF on Akhnoor-Poonch Road NH-144A Under Project Sampark in the UT of Jammu & Kashmir EPC modePackage-I Job no NH-144A-J&K-2020-21-83.,MoRTH,"Jammu and
Kashmir",2020-07-01,2022-11-01,2024-11-01,2026-06-01,272.49,272.49,157.74,94.0,MoRTH,618226,N24001898,0.0,0.0,57.88836287570186,114.75,-36.11163712429814,24.0,28.0,41.0,19.0,1,0,Small,0,0,0,0,0,75,0,0,22.5,LOW,1466
1503,4L Greenfield a Malout bypass from ch. Km 44.500 to ch. Km 35.500 on NH-07 and Ch. Km 0.000 to Km 6.984 on NH-09 bMandi Dabwali Bypass from Ch. 38.450 Km to Km 27.910 Pkg-02,National Highways Authority of India [NHAI],"Multi-States
(Haryana, Punjab)",2021-11-01,2022-12-01,2024-07-01,2026-04-01,646.42,556.09,549.2,98.0,National Highways Authority of India [NHAI],618760,N24001638,-90.32999999999991,-13.973886946567236,98.7609919257674,6.889999999999986,0.7609919257674136,19.0,13.0,40.0,21.0,1,0,Medium,0,0,0,0,0,75,0,0,22.5,LOW,1466
1504,4L Ambala - Kalaamb from Km. -0.800 to Km. 33.015 of old NH-72,National Highways Authority of India [NHAI],"Multi-States
(Haryana, Punjab)",2022-10-01,2023-06-01,2025-06-01,2026-05-01,1183.7,1190.34,452.48,100.0,National Highways Authority of India [NHAI],618935,N24002044,6.639999999999873,0.5609529441581375,38.01266864929349,737.8599999999999,-61.98733135070651,24.0,8.0,34.0,11.0,1,1,Large,0,0,0,0,25,50,0,0,22.5,LOW,1466
1434,Construction of 2-laning with Hard shoulder road of Ukhrul - Tolloi - Tadubi section of NH-102A from Design Chainage 50.850 km to 81.870 km in the State of Manipur on EPC mode under NHO-TSP Package -3,NHIDCL,Manipur,2021-09-01,2023-07-01,2025-01-01,2026-07-01,315.56,315.56,227.98,90.91,NHIDCL,618388,N24001974,0.0,0.0,72.24616554696412,87.58000000000001,-18.663834453035875,18.0,22.0,33.0,18.0,1,0,Small,0,0,0,0,0,75,0,0,22.5,LOW,1466
1300,Indore - Harda Pkg-I [Indore to Raghav Garh from km. 0.25 to km. 26.903],National Highways Authority of India [NHAI],Madhya Pradesh,2022-01-01,2022-11-01,2024-10-01,2026-06-01,1011.29,813.03,416.8,91.73,National Highways Authority of India [NHAI],618694,N24001766,-198.26,-19.60466335076981,51.26502097093588,396.23,-40.464979029064125,23.0,10.0,41.0,20.0,1,0,Large,0,0,0,0,0,75,0,0,22.5,LOW,1466
1384,Balance work of 4L Panvel to Indapur section of NH-66 Old NH- 17 from km 0.000 Panvel to km 42.300 Kasu,National Highways Authority of India [NHAI],Maharashtra,2022-12-01,2023-03-01,2024-10-01,2026-05-01,329.82,196.87,185.0,96.89,National Highways Authority of India [NHAI],618594,N24001609,-132.95,-40.30986598750834,93.9706405242038,11.870000000000005,-2.919359475796213,19.0,3.0,37.0,19.0,1,0,Small,0,0,0,0,0,75,0,0,22.5,LOW,1466
957,4L Elevated Highway and at grade improvements at Gopalganj Town from Km. 384.000 to Km. 386.750 on NH-27,National Highways Authority of India [NHAI],Bihar,2021-10-01,2022-03-01,2024-08-01,2026-04-01,325.57,248.92,225.44,99.78,National Highways Authority of India [NHAI],618570,N24001702,-76.65,-23.543324016340573,90.56725052225616,23.47999999999999,-9.212749477743856,29.0,5.0,49.0,20.0,1,0,Small,0,0,0,0,0,75,0,0,22.5,LOW,1466
1289,Berkhedi to Godpehra on NH-44 Sagar link road,National Highways Authority of India [NHAI],Madhya Pradesh,2022-02-01,2022-11-01,2024-11-01,2026-06-01,524.84,471.31,368.56,88.0,National Highways Authority of India [NHAI],618664,N24001614,-53.53000000000003,-10.199298833930346,78.19906218836859,102.75,-9.800937811631414,24.0,9.0,41.0,19.0,1,0,Medium,0,0,0,0,0,75,0,0,22.5,LOW,1466
1549,Widening to Existing single lane /intermediate lane to 2 lane from Km185.00 to Km 220.00 of NH-61 New NH-02 in the state of Nagaland.,MoRTH,Nagaland,2021-03-01,2022-07-01,2024-07-01,2026-03-01,297.25,297.25,149.19,100.0,MoRTH,618072,N24001466,0.0,0.0,50.19007569386038,148.06,-49.80992430613962,24.0,16.0,45.0,20.0,1,0,Small,0,0,0,0,0,75,0,0,22.5,LOW,1466
918,"4-Laning of NH-37 Section between Demow to End of Moran Bypass From Km. 534.800 to Km. 561.700 including Emergency Landing Facility ELF under SARDP-NE, Phase 'A' in the State of Assam on EPC mode",NHIDCL,Assam,2016-01-01,2023-01-01,2024-07-01,2025-08-01,385.57,385.57,145.89,100.0,NHIDCL,618438,N24000582,0.0,0.0,37.83748735638146,239.68,-62.16251264361854,18.0,84.0,39.0,13.0,1,0,Small,0,0,0,0,0,75,0,0,22.5,LOW,1466
1446,Rehabilitation and up gradation of Nongstoin-Rambrai-Kyrshai road up to Meghalaya- Assam border from Km 0.335 to km 34.039 to 2-Lane under NHO - NE in the State of Meghalaya Package-1,NHIDCL,Meghalaya,2021-09-01,2022-05-01,2024-05-01,2026-05-01,359.86,359.86,214.12,80.49,NHIDCL,618418,N24001474,0.0,0.0,59.50091702328684,145.74,-20.989082976713156,24.0,8.0,47.0,24.0,1,0,Small,0,0,0,0,0,75,0,0,22.5,LOW,1466
1167,4L of Mehgama - Hansdiha from km. 41.900 to km. 93.000 of NH -133A Pkg-II,National Highways Authority of India [NHAI],Jharkhand,2022-03-01,2023-05-01,2025-05-01,2026-05-01,1479.72,1568.18,878.2,99.5,National Highways Authority of India [NHAI],618946,N24002057,88.46000000000004,5.978158029897551,56.001224349245625,689.98,-43.498775650754375,24.0,14.0,35.0,12.0,1,1,Large,0,0,0,0,25,50,0,0,22.5,LOW,1466
1367,Rehabilitation and Up-gradation to 2 lane with paved shoulder configuration of Mahud Sangola road NH 965 G 159400 to 161900and 162400 to 183960 Design Chainage from km. 32/300 to km. 34/800 and km. 35/800 to km. 56/860 Rigid Pavement on EPC mode in the State of Maharashtra.,MoRTH,Maharashtra,2023-02-01,2023-11-01,2025-05-01,2026-06-01,253.78,253.78,0.0,99.75,MoRTH,618188,N24002173,0.0,0.0,0.0,253.78,-99.75,18.0,9.0,29.0,13.0,1,0,Small,0,0,0,0,0,75,0,0,22.5,LOW,1466
907,Widening/Improvement to 4-Lane with Paved Shoulder from km 626030 Nalani hulla Gaon to km 650450 Chotahapjan on existing Tinsukhia -Makum Bypass of NH-15 OLD NH-37 and Strengthening of existing NH-315 OLD NH-38 from Km 0000 Chotahapjan to Km 16900 Bogapani section 2-Lane PS in Assam on EPCMode under NHO-NE Package-3,NHIDCL,Assam,2023-01-01,2023-05-01,2025-05-01,2026-07-01,458.59,458.59,217.2,83.39,NHIDCL,618340,N24001419,0.0,0.0,47.3625678710831,241.39,-36.0274321289169,24.0,4.0,35.0,14.0,1,0,Small,0,0,0,0,0,75,0,0,22.5,LOW,1466
1244,6L of Thalikulam to Kodugallur section from km 369.015 to km 397.850 of NH - 66 old NH-17,National Highways Authority of India [NHAI],Kerala,2021-06-01,2022-09-01,2025-02-01,2026-06-01,4302.06,4302.06,772.89,84.18,National Highways Authority of India [NHAI],618602,N24001656,0.0,0.0,17.9655792806237,3529.1700000000005,-66.2144207193763,29.0,15.0,43.0,16.0,1,0,Large,0,0,0,0,0,75,0,0,22.5,LOW,1466
1467,Widening and up-gradation to 2-lane with paved shoulder configuration and geometric improvements from km 339.00 to km 380.00 Siaha on Aizawl-Tuipang section under JICA ODA Loan assistance Phase-I Package-8,NHIDCL,Mizoram,2019-09-01,2020-03-01,2023-09-01,2025-06-01,637.06,637.06,101.89,99.82,NHIDCL,618383,N24000865,0.0,0.0,15.993783944997334,535.17,-83.82621605500266,42.0,6.0,73.0,21.0,1,0,Medium,0,0,0,0,0,75,0,0,22.5,LOW,1466
1178,Widening to existing 2 lane with paved Shoulder to 4 Lane with paved shoulder from design Km 153.00 to 168.27 Mala Gate to Karkala of NH -169 on Shimoga - Mangalore section in the state of Karnataka on EPC mode under Annula Plan 2021-22 Job No. NH-169-KNT-2021-22-949,MoRTH,Karnataka,2022-03-01,2023-02-01,2025-02-01,2026-03-01,177.94,177.94,108.93,75.0,MoRTH,617998,N24000979,0.0,0.0,61.217264246375194,69.00999999999999,-13.782735753624806,24.0,11.0,38.0,13.0,1,0,Small,0,0,0,0,0,75,0,0,22.5,LOW,1466
1183,Widening to 4 lane from Km. 133.00 to 158.04 design Chainage Km. 130.88 to 155.145 Shirur Cross to Gaddankeri of NH-367 in the State of Karnataka on EPC mode. Job No. NH-367-KNT-2021-22-930,MoRTH,Karnataka,2022-01-01,2023-01-01,2025-01-01,2027-01-01,350.69,312.06,191.38,78.08,MoRTH,618029,N24001941,-38.629999999999995,-11.01542673016054,61.327949753252575,120.68,-16.752050246747423,24.0,12.0,39.0,24.0,1,0,Small,0,0,0,0,0,75,0,0,22.5,LOW,1466
1037,"Widening 2 lane to 4-lane from KM 92/320 to Km 115/320 Vav Chokdi-Satlasana to to Vrundavan Chokdi, Kheralu on NH-58 in the State of Gujarat.",MoRTH,Gujarat,2022-03-01,2024-03-01,2026-03-01,2026-06-01,151.13,171.27,0.0,98.0,MoRTH,617928,N24002183,20.140000000000015,13.326275392046592,0.0,171.27,-98.0,24.0,24.0,25.0,3.0,1,1,Small,0,0,0,0,50,25,0,0,22.5,LOW,1466
1540,6L with access control provision Saharanpur bypass to Ganeshpur section from 13.89 Km to 41.820 Km of Delhi- Dehradun Economic Corridor package-2,National Highways Authority of India [NHAI],"Multi-States (Uttar
Pradesh,
Uttarakhand)",2022-04-01,2022-11-01,2024-11-01,2026-05-01,796.65,560.03,499.88,99.29,National Highways Authority of India [NHAI],618711,N24001629,-236.62,-29.701876608297244,89.25950395514526,60.14999999999998,-10.030496044854743,24.0,7.0,41.0,18.0,1,0,Medium,0,0,0,0,0,75,0,0,22.5,LOW,1466
1176,Widening to two lane with paved Shoulders from Km 40.00 to Km 75.00 Existing chainages of Mangalore - Tumkur section of NH-73 in the State of Karnataka on EPC Mode under Annual Plan 2021-22 Job No NH-73-KNT-2021-22-945,MoRTH,Karnataka,2022-03-01,2023-03-01,2025-03-01,2026-12-01,718.52,718.52,308.84,82.0,MoRTH,617955,N24002012,0.0,0.0,42.98279797361243,409.68,-39.01720202638757,24.0,12.0,37.0,21.0,1,0,Medium,0,0,0,0,0,75,0,0,22.5,LOW,1466
1065,4L of Bal Works of Talaja - Mahuva from 54.990 km. to 100.450 km. of Old NH-8E Package-II,National Highways Authority of India [NHAI],Gujarat,2020-08-01,2021-03-01,2022-09-01,,698.4,735.51,418.41,100.0,National Highways Authority of India [NHAI],618835,N24001792,37.110000000000014,5.313573883161514,56.887057959783014,317.09999999999997,-43.112942040216986,18.0,7.0,61.0,,0,1,Medium,0,0,0,0,25,50,0,0,22.5,LOW,1466
1175,Balance work of Rehabilitation and upgrading to 2lane/2lane with paved shoulder configuration and strengthening from from Km 343.80 to 400.33 of Gowribidanur-Chik Ballapur section in the state of Karnataka Under Annual Plan 2021-22 under EPC Mode.-952,MoRTH,Karnataka,2022-03-01,2023-02-01,2025-02-01,2026-04-01,398.48,398.48,211.59,93.25,MoRTH,617954,N24001937,0.0,0.0,53.099277253563535,186.89,-40.150722746436465,24.0,11.0,38.0,14.0,1,0,Small,0,0,0,0,0,75,0,0,22.5,LOW,1466
1418,Widening to 2 Lane with Paved shoulder of lmphal to Jiribam section of NH-37 from Design Ch. from km 131.280 to km 169.570 on EPC mode in Manipur under NHO- TSP PKG-6,NHIDCL,Manipur,2021-12-01,2023-02-01,2025-02-01,2026-05-01,504.76,504.76,308.06,95.0,NHIDCL,618334,N24002132,0.0,0.0,61.03098502258499,196.7,-33.96901497741501,24.0,14.0,38.0,15.0,1,0,Medium,0,0,0,0,0,75,0,0,22.5,LOW,1466
1394,4L of Ratnagiri - Kolhapur section from km 67.140 to km 112.340 of NH-166 Pkg II,National Highways Authority of India [NHAI],Maharashtra,2022-02-01,2023-05-01,2025-05-01,2027-03-01,1985.38,1798.0,389.68,79.18,National Highways Authority of India [NHAI],618836,N24001834,-187.3800000000001,-9.437991719469323,21.672969966629587,1408.32,-57.50703003337042,24.0,15.0,35.0,22.0,1,0,Large,0,0,0,0,0,75,0,0,22.5,LOW,1466
1468,Widening and Up-gradation to 2- Lane with Paved Shoulder Configuration and geometric improvement from Km. 166. 000 to Km 208.000 Package-4 on Aizawl Tuipang Section of NH-54 in the State of Mizoram Package-4,NHIDCL,Mizoram,2019-09-01,2019-10-01,2023-04-01,2025-04-01,899.45,899.45,191.59,99.88,NHIDCL,618384,N24000862,0.0,0.0,21.300794930235146,707.86,-78.57920506976485,42.0,1.0,78.0,24.0,1,0,Medium,0,0,0,0,0,75,0,0,22.5,LOW,1466
1465,Widening and up-gradation to 2-lane with paved shoulder configuration and geometric improvements from km 250.00 Lunglei to km 298.00 on Aizawl-Tuipang section under JICA ODA Loan assistance Phase-I Package-6,NHIDCL,Mizoram,2019-09-01,2019-12-01,2023-06-01,2025-05-01,768.76,768.76,168.78,98.73,NHIDCL,618381,N24000863,0.0,0.0,21.95483635985223,599.98,-76.77516364014778,42.0,3.0,76.0,23.0,1,0,Medium,0,0,0,0,0,75,0,0,22.5,LOW,1466
1271,Upgradation of Nasrullagani-Rehti-Budhni Scction to 2-lane with paved shoulder from Km 0150 to Km 50500 of NH-146B in the state of Madhya Pradesh on EPC mode.,MoRTH,Madhya Pradesh,2021-12-01,2023-04-01,2024-10-01,2026-06-01,305.12,293.74,0.0,78.0,MoRTH,618085,N24001963,-11.379999999999995,-3.729680125852122,0.0,293.74,-78.0,18.0,16.0,36.0,20.0,1,0,Small,0,0,0,0,0,75,0,0,22.5,LOW,1466
1199,6L of MH/KN Border Nimbal Village to KN/TS Border Singnodi Village from Km. 26.000 to Km. 97.000 in Gulbarga of NH-150C Pkg-II,National Highways Authority of India [NHAI],Karnataka,2022-02-01,2022-12-01,2025-06-01,2026-11-01,2355.56,1923.3,868.81,76.12,National Highways Authority of India [NHAI],618630,N24001676,-432.26,-18.350625753536313,45.17287994592627,1054.49,-30.947120054073736,30.0,10.0,40.0,17.0,1,0,Large,0,0,0,0,0,75,0,0,22.5,LOW,1466
1187,Widening to intermediate/two lane to 2 lane with paved shoulder from Existing chanages Km 112.750 to 142.00 Liingasur to Mudabal cross & from Km. 147.070 to Km. 149.070 Maski city limit of Jewargi Chamrajnagar setion of NH-150A in the state of Karnataka on EPC mode. Job No. NH-150A-KNT-2021-22-951,MoRTH,Karnataka,2022-03-01,2023-01-01,2024-07-01,2026-05-01,255.88,255.88,179.66,93.0,MoRTH,618087,N24001944,0.0,0.0,70.2125996560888,76.22,-22.7874003439112,18.0,10.0,39.0,22.0,1,0,Small,0,0,0,0,0,75,0,0,22.5,LOW,1466
1169,4L of Basukinath- Deoghar Section of NH-114A,National Highways Authority of India [NHAI],Jharkhand,2022-09-01,2023-12-01,2025-12-01,2026-07-01,1444.94,1553.76,648.92,86.44,National Highways Authority of India [NHAI],618949,N24002055,108.81999999999994,7.531108558140817,41.7644938729276,904.84,-44.6755061270724,24.0,15.0,28.0,7.0,1,1,Large,0,0,0,0,25,50,0,0,22.5,LOW,1466
1019,Development of 6L Sargi Basanwahi Section from km 42.800 to km 99.500 of NH- 130CD Pkg-CG-2,National Highways Authority of India [NHAI],Chhattisgarh,2021-12-01,2023-01-01,2025-01-01,2026-05-01,1470.73,1461.81,756.05,99.0,National Highways Authority of India [NHAI],618674,N24001588,-8.920000000000073,-0.6065015332521995,51.72012778678487,705.76,-47.27987221321513,24.0,13.0,39.0,16.0,1,0,Large,0,0,0,0,0,75,0,0,22.5,LOW,1466
1476,6L of Varadharajula to Kumarajapet from km 0.000 to km 43.800 of NH-716B Pkg-I,National Highways Authority of India [NHAI],"Multi-States
(Andhra Pradesh,
Tamil Nadu)",2021-02-01,2022-12-01,2024-12-01,2026-04-01,1924.75,1887.38,947.66,99.19,National Highways Authority of India [NHAI],618771,N24001820,-37.36999999999989,-1.9415508507598336,50.21034449872309,939.72,-48.97965550127691,24.0,22.0,40.0,16.0,1,0,Large,0,0,0,0,0,75,0,0,22.5,LOW,1466
1464,Widening and Up-gradation to 2- Lane with Paved Shoulder Configuration and geometric improvement from Km. 125. 000 to Km 166 Package-3 on Aizawl Tuipang Section of NH-54 in the State of Mizoram Package-3,NHIDCL,Mizoram,2019-09-01,2019-10-01,2023-04-01,2025-04-01,867.09,867.09,159.47,97.51,NHIDCL,618380,N24000857,0.0,0.0,18.391401123297467,707.62,-79.11859887670253,42.0,1.0,78.0,24.0,1,0,Medium,0,0,0,0,0,75,0,0,22.5,LOW,1466
1189,Widening to 4 lane from Km 51.60 to 76.20 Hebri to Parkala and from Km 85.20 to 88.90 Karavali junction to Malpe of Thirthahalli-Udupi-Malpe Section of NH-169A in the State of Karnataka on EPC Mode under Annual plan 2021-22 Job No. NH-169A- KNT-2021-22-927,MoRTH,Karnataka,2022-01-01,2022-12-01,2024-12-01,2026-05-01,355.72,355.72,184.79,76.86,MoRTH,618109,N24001948,0.0,0.0,51.948161475317654,170.93000000000004,-24.911838524682345,24.0,11.0,40.0,17.0,1,0,Small,0,0,0,0,0,75,0,0,22.5,LOW,1466
1066,4L PS Divided Carriageway from Patan Near Rajpur to Gojariya From Km 52.000 to Km 128.940 of NH-68,National Highways Authority of India [NHAI],Gujarat,2021-12-01,2023-03-01,2025-03-01,2026-08-01,1181.34,1098.23,876.25,84.7,National Highways Authority of India [NHAI],618901,-,-83.1099999999999,-7.035231178153614,79.78747621172249,221.98,-4.912523788277511,24.0,15.0,37.0,17.0,1,0,Large,0,0,0,0,0,75,0,0,22.5,LOW,1466
1474,6L of Veera Kaveri Raja Puram to Pondavakkam from km 61.380 to km 96.040 of NH 716B Pkg-III,National Highways Authority of India [NHAI],"Multi-States
(Andhra Pradesh,
Tamil Nadu)",2021-03-01,2023-01-01,2025-01-01,2026-05-01,1439.77,1439.77,734.85,98.89,National Highways Authority of India [NHAI],618634,N24001819,0.0,0.0,51.039402126728575,704.92,-47.850597873271425,24.0,22.0,39.0,16.0,1,0,Large,0,0,0,0,0,75,0,0,22.5,LOW,1466
715,Brundamal-Jharsuguda- flyover connection for joining downline,East Coast Railway [ECoR] - II,Odisha,2014-01-01,2014-01-01,2026-12-01,2026-12-01,297.0,297.0,232.73,56.0,East Coast Railway [ECoR] - II,400232,N22000521,0.0,0.0,78.36026936026936,64.27000000000001,22.360269360269356,155.0,0.0,147.0,0.0,0,0,Small,0,1,0,0,0,0,40,75,21.25,LOW,1619
597,Gomoh - Flyover for DN trains,East Central Railway [ECR] - I,Jharkhand,2018-01-01,2018-01-01,2026-03-01,2026-03-01,686.0,686.0,631.52,66.5,East Central Railway [ECR] - I,705765,N22000611,0.0,0.0,92.05830903790088,54.48000000000002,25.55830903790087,98.0,0.0,99.0,0.0,0,0,Medium,0,1,0,0,0,0,40,75,21.25,LOW,1619
617,Satna-Rewa Railway Line Doubling Project,West Central Railway [WCR] - II,Madhya Pradesh,2015-11-01,2017-08-01,2026-03-01,2026-03-01,500.0,584.0,566.56,86.0,West Central Railway [WCR] - II,705659,N22000554,84.0,16.8,97.013698630137,17.440000000000055,11.013698630136986,103.0,21.0,104.0,0.0,0,1,Small,0,0,0,0,50,0,0,40,21.0,LOW,1621
495,Rewas Port Project,Reliance Industries Ltd,Maharashtra,2019-12-01,2020-01-01,2023-03-01,,6000.0,6000.0,5999.89,88.0,Reliance Industries Ltd,400382,-,0.0,0.0,99.99816666666668,0.1099999999996725,11.998166666666677,38.0,1.0,75.0,,0,0,Mega,0,0,0,0,0,50,0,40,21.0,LOW,1621
119,Naini Coal Mine,Singareni Collieries Company Limited [SCCL],Odisha,2020-03-01,2020-03-01,2026-03-01,,494.3,494.3,491.33,80.0,Singareni Collieries Company Limited [SCCL],615857,N06000203,0.0,0.0,99.39915031357476,2.9700000000000273,19.39915031357475,72.0,0.0,73.0,,0,0,Small,0,0,0,0,0,50,0,40,21.0,LOW,1621
679,Hospet - Tinaighat - Vasco Rail Doubling Project,RVNL - II,"Multi-States (Goa,
Karnataka)",2010-03-01,2012-07-01,2027-03-01,2027-12-01,5060.0,5060.0,5304.19,86.13,RVNL - II,705650,N22000297,0.0,0.0,104.82588932806324,-244.1899999999996,18.69588932806323,176.0,28.0,165.0,9.0,1,0,Mega,0,0,1,0,0,50,0,40,21.0,LOW,1621
749,Dedicated Test Track for RDSO /Phase-II Project,North Western Railway [NWR],Rajasthan,2021-11-01,2022-01-01,2026-03-01,,466.42,466.42,533.9,98.0,North Western Railway [NWR],706836,-,0.0,0.0,114.4676471849406,-67.47999999999996,16.467647184940603,50.0,2.0,51.0,,0,0,Small,0,0,1,0,0,50,0,40,21.0,LOW,1621
460,Establishment of new GMC Mahasamund,"Medical Education, Ministry of Health and Family Welfare",Chhattisgarh,2023-10-01,2023-10-01,2026-05-01,,325.0,325.0,321.5,82.0,"Medical Education, Ministry of Health and Family Welfare",707045,-,0.0,0.0,98.92307692307692,3.5,16.92307692307692,31.0,0.0,30.0,,0,0,Small,0,0,0,0,0,50,0,40,21.0,LOW,1621
1937,"Sewer Network, SPS and STP at Begusarai",National Mission for Clean Ganga,Bihar,2010-03-01,2018-03-01,2025-04-01,2025-12-01,230.06,230.06,261.82,97.0,National Mission for Clean Ganga,616615,N30000026,0.0,0.0,113.80509432322005,-31.75999999999999,16.805094323220032,85.0,96.0,97.0,8.0,1,0,Small,0,0,1,0,0,50,0,40,21.0,LOW,1621
128,Indaram Opencast Project,Singareni Collieries Company Limited [SCCL],Telangana,2017-08-01,2022-12-01,2025-03-01,2026-03-01,424.81,424.81,406.81,81.0,Singareni Collieries Company Limited [SCCL],615861,N06000211,0.0,0.0,95.7628116098962,18.0,14.76281160989619,27.0,64.0,40.0,12.0,1,0,Small,0,0,0,0,0,50,0,40,21.0,LOW,1621
852,"4L Greenfield Road connecting North and South industrial cluster of Khandaleru Creek near Krishnapatnam port at Thamminapatnam to Mollur from Km 0.0 to Km 16.046, Part I & 6L extension of dedicated port road of NH-67 Km 18.0 to Km 19.3, Part II",National Highways Authority of India [NHAI],Andhra Pradesh,2022-08-01,2023-09-01,2025-09-01,2026-06-01,609.43,559.98,505.16,78.62,National Highways Authority of India [NHAI],618807,N24001979,-49.44999999999993,-8.114139441773451,90.21036465588055,54.81999999999999,11.590364655880563,24.0,13.0,31.0,9.0,1,0,Medium,0,0,0,0,0,50,0,40,21.0,LOW,1621
1104,4L PS bijni to mandi section from Km 202.815 to Km 208.000 of NH-20 New NH-154 of Pathankot-Mandi Package-VB,National Highways Authority of India [NHAI],Himachal Pradesh,2023-02-01,2025-03-01,2027-09-01,2027-09-01,1113.02,1112.39,335.79,27.8,National Highways Authority of India [NHAI],618881,-,-0.6299999999998818,-0.0566027564643835,30.18635550481396,776.6000000000001,2.3863555048139595,30.0,25.0,13.0,0.0,0,0,Large,0,0,0,0,0,0,75,0,18.75,LOW,1630
578,Samni Jambusar 24 km,PCE/WR,Gujarat,2022-05-01,2022-05-01,2030-03-01,2030-03-01,350.0,349.93,71.06,31.0,PCE/WR,611971,N22000541,-0.0699999999999931,-0.019999999999998,20.306918526562455,278.87,-10.693081473437545,94.0,0.0,47.0,0.0,0,0,Small,0,0,0,0,0,0,75,0,18.75,LOW,1630
1060,4L of Dhrol bypass section of NH-151A Approx. length 5.7 Km & widening upto 4 laning of missing link of Amran section of NH-151A Approx. length 6.55 Km from existing Ch. 42000 to 48500 of ongoing Dhrol-Bhadra-Pipaliya section of NH-151A,National Highways Authority of India [NHAI],Gujarat,2024-03-01,2025-02-01,2027-02-01,2027-02-01,625.58,455.54,113.54,26.0,National Highways Authority of India [NHAI],618616,-,-170.04000000000002,-27.18117586879376,24.92426570663389,342.0,-1.0757342933661145,24.0,11.0,14.0,0.0,0,0,Medium,0,0,0,0,0,0,75,0,18.75,LOW,1630
1448,"Construction of 2 lane with paved shoulder of Shillong Western Bypass starting from NH-06 near Ladumsaw existing km 60.900 of old NH-40 to NH-106 old NH-44E, Package-II km 12800 to km 24700 under SARDP-NE Phase A in the State of Meghalaya on EPC Mode",NHIDCL,Meghalaya,2023-03-01,2024-09-01,2026-09-01,2026-09-01,686.03,686.03,228.79,46.51,NHIDCL,618420,N24002157,0.0,0.0,33.34985350494876,457.24,-13.160146495051237,24.0,18.0,19.0,0.0,0,0,Medium,0,0,0,0,0,0,75,0,18.75,LOW,1630
1694,Balance Works for Four laning of Vikravandi to Sethiyathope section from Km 0.0 to Km 65.96 of NH-45C in Tamil Nadu under NHDP Phase-IV on EPC mode,National Highways Authority of India [NHAI],Tamil Nadu,2025-01-01,2025-06-01,2027-06-01,2027-06-01,1163.17,834.46,166.37,26.7,National Highways Authority of India [NHAI],618898,-,-328.71000000000004,-28.259841639657147,19.937444574934688,668.09,-6.762555425065312,24.0,5.0,10.0,0.0,0,0,Large,0,0,0,0,0,0,75,0,18.75,LOW,1630
568,4TH LINE RAJNANDGAON-DONGARHGARH [31.2 KM] [PB-72/NR/2022-23],SECR,Chhattisgarh,2022-09-01,2024-05-01,2027-01-01,2027-01-01,328.34,328.34,78.66,33.0,SECR,709818,N22000577,0.0,0.0,23.95687397210209,249.68,-9.043126027897909,32.0,20.0,23.0,0.0,0,0,Small,0,0,0,0,0,0,75,0,18.75,LOW,1630
272,Kochi Metro Rail Phase 2 Development Project,CSPCC Projects,Kerala,2022-11-01,2022-11-01,2026-11-01,2026-11-01,1957.05,1957.05,746.33,36.17,CSPCC Projects,702664,N28000158,0.0,0.0,38.135458981630514,1210.7199999999998,1.965458981630512,48.0,0.0,41.0,0.0,0,0,Large,0,0,0,0,0,0,75,0,18.75,LOW,1630
1081,"Construction of Additional Structures, Improvement of Service Road & Maintenance of Six Lane Gurgaon-Jaipur Section of NH-48 old NH-8 between km 42700 to km 107100 in the State of Haryana",National Highways Authority of India [NHAI],Haryana,2024-05-01,2025-05-01,2027-05-01,2027-05-01,401.74,240.02,93.89,45.02,National Highways Authority of India [NHAI],618506,-,-161.72,-40.254891223179165,39.1175735355387,146.13,-5.9024264644613,24.0,12.0,11.0,0.0,0,0,Small,0,0,0,0,0,0,75,0,18.75,LOW,1630
1294,4-lanning of Gyaraspur to Rahatgarh section of NH-146 from Design Ch. 88361 to Ch 124470 in the state of MP on HAM mode,National Highways Authority of India [NHAI],Madhya Pradesh,2024-10-01,2025-11-01,2027-11-01,2027-11-01,903.44,592.44,104.59,25.02,National Highways Authority of India [NHAI],618672,-,-311.0,-34.423979456300366,17.654108432921475,487.85,-7.365891567078524,24.0,13.0,5.0,0.0,0,0,Medium,0,0,0,0,0,0,75,0,18.75,LOW,1630
1711,6-Laning of Pune-Hyderabad Section of NH-65 from Km 493/0 to Km 524/0 from Sangareddy X Roads to Madinaguda in the State of Telangana,MoRTH,Telangana,2023-03-01,2024-07-01,2026-07-01,2026-07-01,1297.75,1297.75,0.0,37.5,MoRTH,617939,-,0.0,0.0,0.0,1297.75,-37.5,24.0,16.0,21.0,0.0,0,0,Large,0,0,0,0,0,0,75,0,18.75,LOW,1630
620,Indore - Budni New Railway Line [198 kms],RVNL - II,Madhya Pradesh,2019-08-01,2020-10-01,2030-09-01,2030-09-01,7474.0,7474.0,2529.21,36.0,RVNL - II,705763,N22000601,0.0,0.0,33.84011238961734,4944.79,-2.159887610382661,119.0,14.0,66.0,0.0,0,0,Mega,0,0,0,0,0,0,75,0,18.75,LOW,1630
350,LPG Bottling Plant at Mualkhang,Ministry of Petroleum & Natural Gas,Mizoram,2024-07-01,2024-07-01,2028-10-01,2027-11-01,225.71,225.71,22.78,32.0,Ministry of Petroleum & Natural Gas,617829,-,0.0,0.0,10.092596694873954,202.93,-21.90740330512605,51.0,0.0,21.0,-11.0,0,0,Small,0,0,0,0,0,0,75,0,18.75,LOW,1630
614,Kumbalam-Turavur doubling project [15.59 Km],Ministry of Railways,Kerala,2023-04-01,2023-04-01,2027-03-01,2027-03-01,813.0,802.8,126.48,30.5,Ministry of Railways,705638,N22000620,-10.200000000000044,-1.254612546125467,15.754857997010468,676.3199999999999,-14.745142002989532,47.0,0.0,36.0,0.0,0,0,Medium,0,0,0,0,0,0,75,0,18.75,LOW,1630
1770,"Widening to Four Lane rigid pavement configuration from Km 90.00 to Km 100.800 on NH-96 Km 42.0 to Km 53.300 as per new NH-330,design length of 11.300 km under EPC mode in the state of Uttar Pradesh.",MoRTH,Uttar Pradesh,2022-12-01,2024-11-01,2026-11-01,2026-11-01,309.63,309.63,32.4,25.0,MoRTH,617964,N24002199,0.0,0.0,10.464102315667086,277.23,-14.535897684332914,24.0,23.0,17.0,0.0,0,0,Small,0,0,0,0,0,0,75,0,18.75,LOW,1630
1442,Improvement/Widening to 2-L with Paved Shoulder/ 4-Laning of NH-40 section from Km 151330 to Km 163400 design Km 63.530 to Km 71.520 including Dawki Bridge of length 368 m between Shillong-Dawki under JICA ODA Loan assistance Phase-II Pkg- 5 -Balance work,NHIDCL,Meghalaya,2020-07-01,2024-05-01,2026-11-01,2026-11-01,284.21,284.21,0.0,38.77,NHIDCL,618374,N24001335,0.0,0.0,0.0,284.21,-38.77,30.0,46.0,23.0,0.0,0,0,Small,0,0,0,0,0,0,75,0,18.75,LOW,1630
1808,"Construction of Salempur bypass to 4LPS from km 64.000 of NH-727A Km 171.00 of Sonauli Balia Marg, old SH-01, near Mahadahan Chauraha to km 61.500 of NH-727B Km 178.500 of Sonauli Balia Marg, old SH-01, near near Ahirauli Village under Hybrid Annuity Mode HAM in the State of Uttar Pradesh",MoRTH,Uttar Pradesh,2022-03-01,2025-11-01,2027-11-01,2027-11-01,1348.06,1348.06,0.0,25.0,MoRTH,618260,-,0.0,0.0,0.0,1348.06,-25.0,24.0,44.0,5.0,0.0,0,0,Large,0,0,0,0,0,0,75,0,18.75,LOW,1630
1811,"Widening and Strengthening to two Lane with Paved Shoulder/Four Lane with paved shoulder configuration from km. 61.500 of NH-727B near Nawalpur km 178.500 of Sonauli Balia Marg, Old SH-01 i.e. end point of Salempur Bypass to km. 106.495 of NH-727B near Sikanderpur under EPC mode",MoRTH,Uttar Pradesh,2023-05-01,2025-12-01,2028-05-01,2028-05-01,2061.86,2061.86,0.0,25.0,MoRTH,618264,-,0.0,0.0,0.0,2061.86,-25.0,29.0,31.0,4.0,0.0,0,0,Large,0,0,0,0,0,0,75,0,18.75,LOW,1630
417,Visakh Raipur Pipeline Project,Ministry of Petroleum and Natural Gas,"Multi-States
(Andhra Pradesh,
Chhattisgarh,
Odisha)",2024-09-01,2024-09-01,2027-09-01,2027-09-01,2212.0,2212.0,498.11,34.0,Ministry of Petroleum and Natural Gas,616254,N16000539,0.0,0.0,22.51853526220615,1713.89,-11.48146473779385,36.0,0.0,19.0,0.0,0,0,Large,0,0,0,0,0,0,75,0,18.75,LOW,1630
1392,Upgradation of 2L/4L with Paved Shoulder of Shirwal-Lonand Section from KM 159900 To KM 188025 of NH-965DD Section I and 2L With Paved Shoulder of Lonand-Satara Section from KM 51500 To KM 96246 Of NH-965D Section II in Satara District in the State of Maharashtra on EPC Mode under NHO-,National Highways Authority of India [NHAI],Maharashtra,2025-03-01,2025-06-01,2027-06-01,2027-06-01,538.11,307.24,96.11,33.37,National Highways Authority of India [NHAI],618754,-,-230.87,-42.903867239040345,31.28173414919932,211.13,-2.0882658508006777,24.0,3.0,10.0,0.0,0,0,Medium,0,0,0,0,0,0,75,0,18.75,LOW,1630
1818,Construction of Ring Road around Kanpur from Ch.68.650 to Ch.93.209 Jarkala to Pakari Package-IV in State of Uttar Pradesh.,National Highways Authority of India [NHAI],Uttar Pradesh,2023-02-01,2024-12-01,2027-06-01,2027-06-01,1603.53,1192.16,196.64,32.83,National Highways Authority of India [NHAI],618536,-,-411.3699999999999,-25.654025805566462,16.494430277815056,995.52,-16.335569722184943,30.0,22.0,16.0,0.0,0,0,Large,0,0,0,0,0,0,75,0,18.75,LOW,1630
1411,Widening/Improvement of existing 2-lane to 4-Lane Divided Highway from Kuraopokpi to Sekmai section of Imphal-Kohima Road Design Ch. km 287.00 to 297.700 of NH-39 New NH-02 in state of Manipur on EPC mode Pkg-5A,NHIDCL,Manipur,2020-09-01,2025-02-01,2026-08-01,2026-08-01,228.97,228.97,33.76,48.16,NHIDCL,618301,-,0.0,0.0,14.74428964493165,195.21,-33.41571035506835,18.0,53.0,14.0,0.0,0,0,Small,0,0,0,0,0,0,75,0,18.75,LOW,1630
1393,Up-gradation to Four Lane with Paved Shoulder configuration of the highway starting from existing km 88.400 Savali Vihir to km 163.400 start of Ahmednagar bypass Design Length 75.000 km section of NH-160 in the State of Maharashtra under Bharatmala Pariyojana on EPC Mode,NHAI,Maharashtra,2024-10-01,2025-04-01,2027-04-01,2027-04-01,862.0,617.93,210.27,36.32,NHAI,618766,-,-244.07000000000005,-28.314385150812072,34.028126163157644,407.66,-2.291873836842356,24.0,6.0,12.0,0.0,0,0,Medium,0,0,0,0,0,0,75,0,18.75,LOW,1630
1827,4/6L of Northern Ayodhya Bypass starting Km. 112.540 and ending Km. 139.928 north of existing NH-27 part-1 and part-2 south of NH-27 from km 0.000 to km 5.000.,NHAI,Uttar Pradesh,2024-08-01,2025-07-01,2028-01-01,2028-01-01,2289.34,1834.25,198.35,26.13,NHAI,618567,-,-455.09000000000015,-19.878654983532375,10.81368406705738,1635.9,-15.31631593294262,30.0,11.0,9.0,0.0,0,0,Large,0,0,0,0,0,0,75,0,18.75,LOW,1630
1828,4/6L Southern Ayodhya Bypass from Km 5.000 to Km 37.172 starting near Km. 112.540 and ending at Km. 153.281 of NH-27,NHAI,Uttar Pradesh,2024-08-01,2025-03-01,2027-09-01,2027-09-01,2541.13,1983.05,265.58,35.14,NHAI,618568,-,-558.0800000000002,-21.961883099251125,13.392501449786945,1717.47,-21.747498550213056,30.0,7.0,13.0,0.0,0,0,Large,0,0,0,0,0,0,75,0,18.75,LOW,1630
406,Ethylene Cracker Project at Bina Refinery including downstream Petrochemical Plants and expansion of Refinery,MinistryofPetroleumNaturalGas,Madhya Pradesh,2023-05-01,2023-05-01,2028-05-01,2028-05-01,43367.0,43367.0,4802.7,25.5,MinistryofPetroleumNaturalGas,709798,N16000518,0.0,0.0,11.074549772868773,38564.3,-14.425450227131227,60.0,0.0,35.0,0.0,0,0,Mega,0,0,0,0,0,0,75,0,18.75,LOW,1630
403,Augmentation of CCKPL and IDPL Pipelines capacity along with setting up of Palakkad TOP,Ministry of Petroleum & Natural Gas,Kerala,2024-09-01,2024-09-01,2028-08-01,2028-08-01,1130.0,1130.0,268.98,36.2,Ministry of Petroleum & Natural Gas,617838,-,0.0,0.0,23.80353982300885,861.02,-12.396460176991152,47.0,0.0,19.0,0.0,0,0,Large,0,0,0,0,0,0,75,0,18.75,LOW,1630
401,Demo Bio-ATF Project,Ministry of Petroleum & Natural Gas,Karnataka,2024-03-01,2024-03-01,2027-01-01,2027-01-01,364.0,364.0,71.1,47.4,Ministry of Petroleum & Natural Gas,616879,N16000536,0.0,0.0,19.53296703296703,292.9,-27.86703296703297,34.0,0.0,25.0,0.0,0,0,Small,0,0,0,0,0,0,75,0,18.75,LOW,1630
1186,"Widening to Two Lane with Paved Shoulders from KB Cross to Chunchanahalli ie., Design Ch. 485240 Km Existing Km 494.000 to Design Ch. 523393 Km Existing km 533.152 & From Design Ch. 530393 Existing Km 540.175 to Design Ch. 534476 Existing Km 544.200 at Nelligere of NH-150A on EPC mode under Annual Plan 2022-23 NH-150A-KNT-2022-23-977 dated 08.03.2023",MoRTH,Karnataka,2023-03-01,2025-07-01,2027-01-01,2027-01-01,617.28,617.28,4.47,40.0,MoRTH,618086,-,0.0,0.0,0.7241446345256609,612.81,-39.27585536547434,18.0,28.0,9.0,0.0,0,0,Medium,0,0,0,0,0,0,75,0,18.75,LOW,1630
379,"City Gas Distribution Projects at Darbhanga, Madhubani, Supaul, Sitamarhi and Sheohar districts",Bharat Petroleum Corporation Limited [BPCL],Bihar,2022-12-01,2022-12-01,2030-03-01,2030-03-01,3638.0,3638.0,472.43,33.3,Bharat Petroleum Corporation Limited [BPCL],709792,N16000524,0.0,0.0,12.985981308411215,3165.57,-20.31401869158878,87.0,0.0,40.0,0.0,0,0,Large,0,0,0,0,0,0,75,0,18.75,LOW,1630
1188,Widening to Two Lane with Paved Shoulders from Km 0.00 Design Chainage 0.00 to Km 23.338 Design Chainage 23310 of NH-166E MH/KNT Border- Kanamadi- Bijjargi- Tikota section in the state of Karnataka in EPC Mode under Annual plan 2022-23 NH- 166E-KNT-2022-23-974,MoRTH,Karnataka,2023-02-01,2024-09-01,2026-03-01,2026-03-01,196.05,196.05,0.0,30.0,MoRTH,618095,-,0.0,0.0,0.0,196.05,-30.0,18.0,19.0,19.0,0.0,0,0,Small,0,0,0,0,0,0,75,0,18.75,LOW,1630
1921,"Slope protection and landslide mitigation at 4 vulnerable locations km 1.950 to Km 2.100, km 11.100 to 11.450, km 22.435 to km 22.485 and km 22.610 to km 22.680 within Sevoke-Rangpo section of NH-10 old NH-31A in Darjeeling & Kalimpong district in the State of West Bengal on EPC mode",NHIDCL,West Bengal,2024-02-01,2025-06-01,2027-06-01,2027-06-01,152.27,152.27,0.0,27.3,NHIDCL,619187,-,0.0,0.0,0.0,152.27,-27.3,24.0,16.0,10.0,0.0,0,0,Small,0,0,0,0,0,0,75,0,18.75,LOW,1630
1397,Construction of Standalone Flyover cum ROB from Design Ch.66.600 to Design Ch.68.800 in Gadchandur Town on NH-353B,National Highways Authority of India [NHAI],Maharashtra,2025-02-01,2025-07-01,2027-07-01,2027-07-01,191.31,107.76,25.19,29.96,National Highways Authority of India [NHAI],618939,-,-83.55,-43.67257331033401,23.37602078693393,82.57000000000001,-6.583979213066073,24.0,5.0,9.0,0.0,0,0,Small,0,0,0,0,0,0,75,0,18.75,LOW,1630
1849,4L Kasganj-Badaun Section from Km. 123.100 to Km. 179.500 Pkg-III of NH530B,National Highways Authority of India [NHAI],Uttar Pradesh,2023-03-01,2025-05-01,2027-05-01,2027-04-01,2009.11,1936.61,191.05,28.21,National Highways Authority of India [NHAI],618867,-,-72.5,-3.608562995555246,9.865176777978014,1745.56,-18.344823222021983,24.0,26.0,11.0,-1.0,0,0,Large,0,0,0,0,0,0,75,0,18.75,LOW,1630
420,"CGD Project in Banka, Dumka, Godda, Jamtara, Pakur, Sahibganj GA ID 11A.02",Hindustan Petroleum Corporation Limited,"Multi-States
(Bihar, Jharkhand)",2022-06-01,2022-06-01,2030-06-01,2030-06-01,1377.0,1377.0,375.17,37.0,Hindustan Petroleum Corporation Limited,709757,N16000497,0.0,0.0,27.245461147421935,1001.83,-9.754538852578063,96.0,0.0,46.0,0.0,0,0,Large,0,0,0,0,0,0,75,0,18.75,LOW,1630
1806,Widening to 4 lane from km. 108.50 to km 139.00 of NH-135A Pkg-II Jaunpur Akbarpur section on Hybrid Annuity Mode in the state of Uttar Pradesh,MoRTH,Uttar Pradesh,2023-03-01,2025-03-01,2027-03-01,2027-03-01,1511.57,1511.57,0.0,32.0,MoRTH,618249,N24002234,0.0,0.0,0.0,1511.57,-32.0,24.0,24.0,13.0,0.0,0,0,Large,0,0,0,0,0,0,75,0,18.75,LOW,1630
1441,Improvement/Widening of New NH-217 Dainadubi-Darugiri section to Two lane with paved shoulder in Meghalaya from design Km 0000 to Km 40840 existing Km 8600 to Km 53000 of Old NH-62 under BMP Lot-1 Pkg-1B Meghalaya portion,NHIDCL,Meghalaya,2023-03-01,2025-03-01,2027-03-01,2027-03-01,705.83,705.83,0.0,38.75,NHIDCL,618295,N24002233,0.0,0.0,0.0,705.83,-38.75,24.0,24.0,13.0,0.0,0,0,Medium,0,0,0,0,0,0,75,0,18.75,LOW,1630
427,"City Gas Distribution Projects at Fazilka [except area already authorized], Ganganagar and Hanumangarh districts",Bharat Petroleum Corporation Limited [BPCL],"Multi-States
(Punjab,
Rajasthan)",2022-12-01,2022-12-01,2030-06-01,2030-06-01,3207.0,3207.0,414.52,30.8,Bharat Petroleum Corporation Limited [BPCL],709794,N16000520,0.0,0.0,12.92547552229498,2792.48,-17.874524477705023,90.0,0.0,40.0,0.0,0,0,Large,0,0,0,0,0,0,75,0,18.75,LOW,1630
1386,Construction of 7 Nos of Standalone safety structures/works at different locations on various NHs,National Highways Authority of India [NHAI],Maharashtra,2025-01-01,2025-07-01,2027-01-01,2027-01-01,168.52,112.03,10.11,26.37,National Highways Authority of India [NHAI],618627,-,-56.49000000000001,-33.52124376928555,9.02436847273052,101.92,-17.345631527269482,18.0,6.0,9.0,0.0,0,0,Small,0,0,0,0,0,0,75,0,18.75,LOW,1630
1764,Rehabilitation and up-gradation of road from design km 25.250 to km 36.460 Total lengh 11.210 km of Kailashahar-Kurti Bridge section on NH-208A to 2-lane with paved shoulder on EPC basis under NHO Package-III- Balance Work,NHIDCL,Tripura,2020-02-01,2024-09-01,2026-03-01,2026-03-01,174.43,174.43,0.0,41.9,NHIDCL,618385,N24002159,0.0,0.0,0.0,174.43,-41.9,18.0,55.0,19.0,0.0,0,0,Small,0,0,0,0,0,0,75,0,18.75,LOW,1630
1349,Rehabilitation and Up-gradation of Jarud - Sirsala section of NH-361F km 59500 to km11500 to Two lane with paved shoulder/ Four Lane in the state of Maharashtra on EPC mode Length 55.5 Km.,MoRTH,Maharashtra,2024-03-01,2025-05-01,2027-05-01,2027-05-01,540.35,540.35,95.57,49.89,MoRTH,618137,-,0.0,0.0,17.686684556306094,444.78,-32.20331544369391,24.0,14.0,11.0,0.0,0,0,Medium,0,0,0,0,0,0,75,0,18.75,LOW,1630
456,City Gas Distribution Projects at Alipurduar and Cooch Behar,Bharat Petroleum Corporation Limited [BPCL],West Bengal,2022-12-01,2022-12-01,2030-03-01,2030-03-01,1017.0,1017.0,227.8,43.6,Bharat Petroleum Corporation Limited [BPCL],709791,N16000522,0.0,0.0,22.3992133726647,789.2,-21.2007866273353,87.0,0.0,40.0,0.0,0,0,Large,0,0,0,0,0,0,75,0,18.75,LOW,1630
1160,4L Elevated corridor of Kalimandir-Dimna Chowk-Baliguma Jamshedpur Section of NH-33 New NH-18 from km 241940 to km 251961 Length 10.021 km,National Highways Authority of India [NHAI],Jharkhand,2024-03-01,2024-09-01,2027-03-01,2027-03-01,936.26,832.2,281.39,43.21,National Highways Authority of India [NHAI],618736,-,-104.05999999999996,-11.114434024736711,33.81278538812785,550.8100000000001,-9.397214611872151,30.0,6.0,19.0,0.0,0,0,Medium,0,0,0,0,0,0,75,0,18.75,LOW,1630
454,"CGD Project in Malda, Birbhum, Murshidabad, Dakshin Dinajpur GA ID 11A.03",Hindustan Petroleum Corporation Limited,West Bengal,2022-06-01,2022-06-01,2030-06-01,2030-06-01,2628.0,2628.0,388.06,36.3,Hindustan Petroleum Corporation Limited,709758,N16000498,0.0,0.0,14.766362252663622,2239.94,-21.533637747336375,96.0,0.0,46.0,0.0,0,0,Large,0,0,0,0,0,0,75,0,18.75,LOW,1630
1778,Construction of Amethi bypass Part-II at km.30.050 of NH-931 under EPC mode in the state of Uttar Pradesh,MoRTH,Uttar Pradesh,2022-12-01,2025-02-01,2027-02-01,2027-02-01,283.86,283.86,24.5,43.0,MoRTH,618066,N24002214,0.0,0.0,8.631015289227083,259.36,-34.36898471077292,24.0,26.0,14.0,0.0,0,0,Small,0,0,0,0,0,0,75,0,18.75,LOW,1630
1786,"Improvement and up-gradation of NH-227B 84 Kosi Parikrama Marg Package III, from Km.47.800 Gosaiganj to Km.73.300 Bikapur in the State of Uttar Pradesh on EPC basis.",MoRTH,Uttar Pradesh,2022-03-01,2025-05-01,2026-11-01,2026-11-01,587.97,587.97,37.42,28.0,MoRTH,618113,N24002241,0.0,0.0,6.36427028589894,550.5500000000001,-21.63572971410106,18.0,38.0,11.0,0.0,0,0,Medium,0,0,0,0,0,0,75,0,18.75,LOW,1630
1788,lmprovement and Up-gradation from Km. 73.300 Bikapur to Km.140.960 Patranga of NH-227B 84 Kosi Parikrama Marg to 2LPS along with Parikrama Path,MoRTH,Uttar Pradesh,2022-11-01,2026-01-01,2028-01-01,2028-01-01,1679.75,1679.75,66.99,25.4,MoRTH,618116,-,0.0,0.0,3.9880934662896257,1612.76,-21.411906533710372,24.0,38.0,3.0,0.0,0,0,Large,0,0,0,0,0,0,75,0,18.75,LOW,1630
443,City Gas Distribution Projects at the Nilgiris and Erode districts,Bharat Petroleum Corporation Limited [BPCL],Tamil Nadu,2022-12-01,2022-12-01,2030-03-01,2030-03-01,3685.0,3685.0,288.66,25.4,Bharat Petroleum Corporation Limited [BPCL],709796,N16000521,0.0,0.0,7.8333785617367715,3396.34,-17.566621438263226,87.0,0.0,40.0,0.0,0,0,Large,0,0,0,0,0,0,75,0,18.75,LOW,1630
155,Tubed Coal Mine,Damodar Valley Corporation,Jharkhand,2016-07-01,2016-10-01,2026-05-01,2026-05-01,1581.0,1581.0,601.03,36.0,Damodar Valley Corporation,400192,-,0.0,0.0,38.01581277672359,979.97,2.0158127767235925,115.0,3.0,114.0,0.0,0,0,Large,0,0,0,0,0,0,75,0,18.75,LOW,1630
1350,"Widening, Reconstruction & Up-gradation to 2 lane with Paved Shoulder/Four Lane configuration for the work of Sautada to Shirapur Section of NH-561 from Design km 86300 to km 125589 in the state of Maharashtra on EPC mode. Design length 39.289 km",MoRTH,Maharashtra,2024-03-01,2025-05-01,2026-11-01,2026-11-01,349.57,349.57,0.0,41.13,MoRTH,618138,-,0.0,0.0,0.0,349.57,-41.13,18.0,14.0,11.0,0.0,0,0,Small,0,0,0,0,0,0,75,0,18.75,LOW,1630
1351,Rehabilitation and Up-gradation of Gangakhed Loha section of NH-361F from Km 169/00 to 210/00 to two lane with paved shoulder/ four lane configuration in the state of Maharashtra on EPC mode Length - 41.00 Km.,MoRTH,Maharashtra,2024-03-01,2025-04-01,2026-09-01,2026-09-01,355.12,355.12,0.0,43.46,MoRTH,618139,-,0.0,0.0,0.0,355.12,-43.46,17.0,13.0,12.0,0.0,0,0,Small,0,0,0,0,0,0,75,0,18.75,LOW,1630
438,Integrated Development of 4 Contract Areas under DSF-II,Ministry of Petroleum & Natural Gas,Offshore,2023-05-01,2023-05-01,2027-04-01,2027-04-01,6183.79,6183.79,1555.0,40.4,Ministry of Petroleum & Natural Gas,709851,N16000537,0.0,0.0,25.146390805638617,4628.79,-15.253609194361385,47.0,0.0,35.0,0.0,0,0,Mega,0,0,0,0,0,0,75,0,18.75,LOW,1630
1802,Construction of Basti Ring Road Phase-I with 4L configuration for Basti City in the state of Uttar Pradesh on HAM mode,MoRTH,Uttar Pradesh,2022-12-01,2025-06-01,2027-06-01,2027-06-01,1138.72,1138.72,0.0,27.0,MoRTH,618243,N24002245,0.0,0.0,0.0,1138.72,-27.0,24.0,30.0,10.0,0.0,0,0,Large,0,0,0,0,0,0,75,0,18.75,LOW,1630
1803,Construction of Raebareli Ring Road Phase-2 with four Lane configuration for Raebareli City in the state of Uttar Pradesh on Hybrid Annuity Model HAM basis,MoRTH,Uttar Pradesh,2022-03-01,2025-05-01,2027-05-01,2027-05-01,1273.72,1273.72,0.0,44.37,MoRTH,618244,N24002235,0.0,0.0,0.0,1273.72,-44.37,24.0,38.0,11.0,0.0,0,0,Large,0,0,0,0,0,0,75,0,18.75,LOW,1630
428,"Augmentation/ Revamping of Dimapur Depot, Dimapur",MinistryofPetroleumNaturalGas,Nagaland,2023-08-01,2023-08-01,2027-11-01,2027-11-01,227.62,227.62,25.94,41.0,MinistryofPetroleumNaturalGas,709786,N16000529,0.0,0.0,11.3961866268342,201.68,-29.6038133731658,51.0,0.0,32.0,0.0,0,0,Small,0,0,0,0,0,0,75,0,18.75,LOW,1630
1338,Nandurshingote to Kolhar,MoRTH,Maharashtra,2024-09-01,2025-06-01,2026-12-01,2026-12-01,325.79,325.79,9.87,27.0,MoRTH,618088,-,0.0,0.0,3.029558918321618,315.92,-23.97044108167838,18.0,9.0,10.0,0.0,0,0,Small,0,0,0,0,0,0,75,0,18.75,LOW,1630
380,"City Gas Distribution Projects at Gopalganj, Siwan, West Champaran, East Champaran and Deoria districts",Bharat Petroleum Corporation Limited [BPCL],Bihar,2022-12-01,2022-12-01,2030-06-01,2030-06-01,3919.0,3919.0,510.08,30.1,Bharat Petroleum Corporation Limited [BPCL],709793,N16000523,0.0,0.0,13.015565195202855,3408.92,-17.084434804797144,90.0,0.0,40.0,0.0,0,0,Large,0,0,0,0,0,0,75,0,18.75,LOW,1630
1606,Development to 4-lane with paved shoulder for the road section Talwandi Sabo- Raman road to refinery Road junction with Bathinda Dabwali Road of NH-254 from existing Km 131.600 to Km 155.650 Design Km 131600 to km 155600 in the State of Punjab. Job No NH-254-PB-2022-23-565,MoRTH,Punjab,2023-03-01,2025-05-01,2026-11-01,2026-11-01,546.67,546.67,0.0,45.0,MoRTH,618010,-,0.0,0.0,0.0,546.67,-45.0,18.0,26.0,11.0,0.0,0,0,Medium,0,0,0,0,0,0,75,0,18.75,LOW,1630
1901,Construction of 4 Lane Access Controlled Bypass for Dehradun on NH307 from Design Chainage km 0050 Jhajra on NH-07 to Design Chainage km 12220 Asharori on EPC Mode in the State of Uttarakhand under NHO,NHAI,Uttarakhand,2023-12-01,2025-04-01,2027-04-01,2027-04-01,715.97,337.11,140.53,47.84,NHAI,619293,-,-378.86,-52.91562495635292,41.68668980451485,196.58,-6.153310195485155,24.0,16.0,12.0,0.0,0,0,Medium,0,0,0,0,0,0,75,0,18.75,LOW,1630
1266,Upgradation and reconstruction of existing intermediate lane to two Lane with paved shoulder configuration from km. 43.00 Barna River to km. 77.00 ken river length 34.00 km. on Gulganj-Amanganj-Pawai-Katni NH43 Extn. along with One time improvement in 01 no. of bypassed built-up area in a total length of 1.585 km in the state of Madhya Pradesh on EPCmode.,MoRTH,Madhya Pradesh,2023-03-01,2024-11-01,2026-11-01,2026-11-01,315.55,315.55,0.0,25.3,MoRTH,618036,-,0.0,0.0,0.0,315.55,-25.3,24.0,20.0,17.0,0.0,0,0,Small,0,0,0,0,0,0,75,0,18.75,LOW,1630
872,Construction of Intermediate Lane Road with hard shoulder from design Km 0.000 to Km 17.387 Total length 17.387 km of Hunli to Ithun Bridge section on NH-913 Frontier Highway in State of Arunachal Pradesh on EPC mode under NHO-NE,NHIDCL,Arunachal Pradesh,2024-02-01,2025-01-01,2027-01-01,2027-01-01,275.5,275.5,0.0,49.23,NHIDCL,618403,N24002223,0.0,0.0,0.0,275.5,-49.23,24.0,11.0,15.0,0.0,0,0,Small,0,0,0,0,0,0,75,0,18.75,LOW,1630
1369,"Rehabilitation, Upgradation & Widening of existing Highway to Rigid Pavement 2 Lane with Paved Shoulder of NH 965DD from Lonand Shirval-Bhor Mandangad-Pchral Section ShindewadiPhata to Varandah Ghat Dist Border from Km 33/550 to 92/550 in the state of Maharashtra on EPC mode.",MoRTH,Maharashtra,2023-02-01,2024-07-01,2026-07-01,2026-07-01,723.13,723.13,0.0,48.5,MoRTH,618199,N24002178,0.0,0.0,0.0,723.13,-48.5,24.0,17.0,21.0,0.0,0,0,Medium,0,0,0,0,0,0,75,0,18.75,LOW,1630
793,Nandyala-Kurnool/Kadapa Border section of NH-167K i.e. Km 186/000 to Km 250/000Design Ch.186000 to 248010 to 2LPS,MoRTH,Andhra Pradesh,2024-10-01,2025-09-01,2027-09-01,2027-09-01,691.81,691.81,0.0,40.49,MoRTH,617987,-,0.0,0.0,0.0,691.81,-40.49,24.0,11.0,7.0,0.0,0,0,Medium,0,0,0,0,0,0,75,0,18.75,LOW,1630
259,Redevelopment of Seven General Pool Residential Accommodation [GPRA] Colonies in Delhi,National Buildings Construction Corporation [NBCC],Delhi,2016-07-01,2018-05-01,2025-12-01,2025-12-01,32850.0,32841.0,13885.72,46.8,National Buildings Construction Corporation [NBCC],400188,-,-9.0,-0.0273972602739726,42.28166011997199,18955.28,-4.518339880028009,91.0,22.0,95.0,0.0,0,0,Mega,0,0,0,0,0,0,75,0,18.75,LOW,1630
905,lmprovement to 4-Lane with Paved Shoulder from existing km 260000 Design Ch.4560 km to existing km Ch.233000 D. Ch.24560 of Silchar near Nutan Dayapur village - Budha Nagar Section Length-20.00 Km of NH-37 under Package Silchar- Jiribam Pkg-1 in the state of Assam on HAM Mode,NHIDCL,Assam,2024-01-01,2025-01-01,2028-01-01,2028-01-01,957.95,957.95,149.51,36.56,NHIDCL,618331,N24002226,0.0,0.0,15.607286392817995,808.44,-20.952713607182005,36.0,12.0,15.0,0.0,0,0,Medium,0,0,0,0,0,0,75,0,18.75,LOW,1630
1647,Balance work of Rehabilitation and Up-gradation to 4-Lane configuration of Ras- Beawar Section Km 00.000 to km 30.050 of NH-158 in the State of Rajasthan under Green National Highway Corridor Project GNHCP.,MoRTH,Rajasthan,2025-01-01,2025-06-01,2026-12-01,2026-12-01,278.1,278.1,28.57,37.16,MoRTH,618235,-,0.0,0.0,10.273282991729593,249.53000000000003,-26.8867170082704,18.0,5.0,10.0,0.0,0,0,Small,0,0,0,0,0,0,75,0,18.75,LOW,1630
1655,6L accesscontrolled highway from km 0000 to km 40080 Paniyala to Mator Section of Paniyala-Barodameo ICR,National Highways Authority of India [NHAI],Rajasthan,2022-09-01,2024-09-01,2026-09-01,2026-09-01,1764.86,1239.24,310.12,36.82,National Highways Authority of India [NHAI],618758,-,-525.6199999999999,-29.782532325510235,25.025015331977663,929.12,-11.794984668022336,24.0,24.0,19.0,0.0,0,0,Large,0,0,0,0,0,0,75,0,18.75,LOW,1630
874,"Construction of Intermediate Lane of Pango to Jorging Road from 0000 to Design Km Design Km 40000 Design Length 40.00 Km, Pkg-l, Greenfield Alignment in the State of Arunachal Pradesh on EPC mode Pkg-1",NHIDCL,Arunachal Pradesh,2024-01-01,2025-01-01,2027-07-01,2027-07-01,898.19,898.19,0.0,39.1,NHIDCL,618405,N24002224,0.0,0.0,0.0,898.19,-39.1,30.0,12.0,15.0,0.0,0,0,Medium,0,0,0,0,0,0,75,0,18.75,LOW,1630
25,Development of New Civil Enclave at Bagdogra Airport,Airport Authority of India [AAI],West Bengal,2024-08-01,2024-09-01,2027-03-01,2027-01-01,1549.0,1549.0,441.41,34.6,611495,N04000115,9920,0.0,0.0,28.49644932214332,1107.59,-6.103550677856681,30.0,1.0,19.0,-2.0,0,0,Large,0,0,0,0,0,0,75,0,18.75,LOW,1630
1002,Bemetara Bypass NH 30,MoRTH,Chhattisgarh,2024-01-01,2025-04-01,2027-04-01,2027-04-01,161.96,161.96,0.0,32.0,MoRTH,617908,-,0.0,0.0,0.0,161.96,-32.0,24.0,15.0,12.0,0.0,0,0,Small,0,0,0,0,0,0,75,0,18.75,LOW,1630
1887,Improvement/construction of 2-lane with paved shoulder of Askote Llipulekh road from Tawaghat village to Budhi village design km. 56935 to km 95748 and from end of Tunnel portal to Kali Mandir design km 113828 to km. 133078 [total design length 58.063 km] under project Hirak of BRO in the state of Uttarakhand under Bharatmala Pariyojna on EPC Mode,MoRTH,Uttarakhand,2022-05-01,2024-11-01,2026-11-01,2026-11-01,649.6,649.6,0.0,29.72,MoRTH,618211,-,0.0,0.0,0.0,649.6,-29.72,24.0,30.0,17.0,0.0,0,0,Medium,0,0,0,0,0,0,75,0,18.75,LOW,1630
1007,"Upgradation of Ambikapur-Ramanujganj-Garwa road of NH-343, Package-III, Badki mahri village to Ramanujganj section from existing km 80.600 to km 110.330 Design Ch. 85.370 to Ch. 114.800 of total length 29.430 km to two lane with paved shoulders udner corridor scheme under EPC Mode in the of Chhattisgarh",MoRTH,Chhattisgarh,2022-03-01,2025-05-01,2026-10-01,2026-10-01,199.05,199.05,28.95,31.0,MoRTH,618014,-,0.0,0.0,14.544084400904294,170.10000000000002,-16.455915599095704,17.0,38.0,11.0,0.0,0,0,Small,0,0,0,0,0,0,75,0,18.75,LOW,1630
23,"Development of Lal Bahadur Shastri International airport, Varanasi including C/o New Terminal Building, Apron Extension, Runway Extension, PTT and allied works.",Airport Authority of India [AAI],Uttar Pradesh,2024-07-01,2024-07-01,2027-07-01,2027-07-01,2869.65,2869.65,572.04,27.0,701113,N04000114,9932,0.0,0.0,19.934138309549944,2297.61,-7.065861690450056,36.0,0.0,21.0,0.0,0,0,Large,0,0,0,0,0,0,75,0,18.75,LOW,1630
1532,4L of Chowka to Kaimaha near MP/UP Border section NH-34 from D. Ch. 145.000 to D. Ch. 197.266 excluding existing Chhatarpur bypass from D. Ch. 160.307 to D. Ch. 168.630 Package-4,National Highways Authority of India [NHAI],"Multi-States
(Madhya Pradesh,
Uttar Pradesh)",2024-10-01,2025-09-01,2027-09-01,2027-09-01,996.5,846.68,162.84,30.89,National Highways Authority of India [NHAI],618668,-,-149.82000000000005,-15.03462117410939,19.232767987905707,683.8399999999999,-11.657232012094294,24.0,11.0,7.0,0.0,0,0,Medium,0,0,0,0,0,0,75,0,18.75,LOW,1630
1034,Work of 6 laning/Construction of elevated corridor from km 0/0 to 10/170 Narol Junction to Sarkhej junction including 4 lane Shastri Bridge on Sabarmati river on NH 47 in the State of Gujarat on HAM mode,MoRTH,Gujarat,2024-03-01,2025-08-01,2028-02-01,2028-02-01,1295.39,1295.39,0.0,26.0,MoRTH,617916,-,0.0,0.0,0.0,1295.39,-26.0,30.0,17.0,8.0,0.0,0,0,Large,0,0,0,0,0,0,75,0,18.75,LOW,1630
895,Widening/lmprovement to 4-L of Karimgani - sutarkandi section of NH 37 from design Ch 0020 Start of proposed Karimganj Bypass from NH -8 to design Chainage Km 14380 near Sutarkandi Spur Connectivity to Indo/Bangladesh Border on Silchar- Churaibari in the State of Assam on HAM Mode Package-7,NHIDCL,Assam,2024-02-01,2025-02-01,2027-02-01,2027-02-01,791.79,791.79,0.06,40.4,NHIDCL,618310,N24002231,0.0,0.0,0.0075777668321145,791.73,-40.392422233167885,24.0,12.0,14.0,0.0,0,0,Medium,0,0,0,0,0,0,75,0,18.75,LOW,1630
896,Widening/lmprovement to 4-Lane with Paved shoulder for existing as well as Greenfield alignment of Badarpur Churaibari section of NH-8 from Design chainage 87.700 Chandkhira to Km. 106.500 Churaibari section Assam-Tripura border in the state of Assam on HAM Mode Package-6,NHIDCL,Assam,2024-03-01,2025-03-01,2027-03-01,2027-03-01,870.0,870.0,0.0,31.83,NHIDCL,618311,N24002230,0.0,0.0,0.0,870.0,-31.83,24.0,12.0,13.0,0.0,0,0,Medium,0,0,0,0,0,0,75,0,18.75,LOW,1630
891,"Widening/lmprovement to 4-Lane with Paved Shoulder from Ch.5.580 Km to Ch.25.633 Km Design Ch.0.000 Km to Ch.17.737km Km 901.100 to Km 921.145 of old NH-31 of Bilasipara- Guwahati road NH-17 Section Near Chirakuta to near Mowatari, before Chapar Bypass in the state ol Assam on HAM mode Package-1",NHIDCL,Assam,2024-02-01,2025-02-01,2027-08-01,2027-08-01,1081.15,1081.15,0.0,28.74,NHIDCL,618288,N24002225,0.0,0.0,0.0,1081.15,-28.74,30.0,12.0,14.0,0.0,0,0,Large,0,0,0,0,0,0,75,0,18.75,LOW,1630
802,Kondamodu to Perecherla Section Design Ch. Km 000 to Km 49917 of NH-167AG to to 4LPS,MoRTH,Andhra Pradesh,2024-10-01,2025-04-01,2027-04-01,2027-04-01,881.61,881.61,0.0,36.82,MoRTH,618101,-,0.0,0.0,0.0,881.61,-36.82,24.0,6.0,12.0,0.0,0,0,Medium,0,0,0,0,0,0,75,0,18.75,LOW,1630
1677,Improving the Alignment of Thoppur Ghat Section from Km 158.500 to Km 165.100 in Dharmapuri - Salem Section of NH-44,National Highways Authority of India [NHAI],Tamil Nadu,2024-03-01,2025-03-01,2028-03-01,2028-03-01,904.99,731.09,165.29,35.62,National Highways Authority of India [NHAI],618561,-,-173.89999999999998,-19.215681941236916,22.608707546266533,565.8000000000001,-13.011292453733464,36.0,12.0,13.0,0.0,0,0,Medium,0,0,0,0,0,0,75,0,18.75,LOW,1630
1056,Construction of Additional Structures including Approaches in Vadodara Surat Section of NH48 between existing Km. 108.000 to Km. 250.000,National Highways Authority of India [NHAI],Gujarat,2024-03-01,2025-01-01,2027-01-01,2027-01-01,907.39,907.39,345.87,46.39,National Highways Authority of India [NHAI],618508,-,0.0,0.0,38.117016938692295,561.52,-8.272983061307706,24.0,10.0,15.0,0.0,0,0,Medium,0,0,0,0,0,0,75,0,18.75,LOW,1630
1299,Outer Ring Road of Jabalpur Town from Amjhar Road including Airport Connectivity to barela Pkg-V,National Highways Authority of India [NHAI],Madhya Pradesh,2024-10-01,2025-10-01,2027-10-01,2027-10-01,794.7,539.9,69.33,25.12,National Highways Authority of India [NHAI],618688,-,-254.80000000000007,-32.06241348936707,12.841266901278017,470.57,-12.278733098721986,24.0,12.0,6.0,0.0,0,0,Medium,0,0,0,0,0,0,75,0,18.75,LOW,1630
1035,Construction of new 4 lane major bridge with approaches on Sabarmati River near Dharoi at Km. 82/00 to 86/00 Design length 3.300 km on NH-58 in the State of Gujarat on Hybrid Annuity Mode HAM,MoRTH,Gujarat,2024-03-01,2025-08-01,2027-08-01,2027-08-01,398.4,398.4,0.0,33.0,MoRTH,617926,-,0.0,0.0,0.0,398.4,-33.0,24.0,17.0,8.0,0.0,0,0,Small,0,0,0,0,0,0,75,0,18.75,LOW,1630
953,Construction of New 4-Lane Bridge Parallel to existing Vikramashila Setufrom km 8920 to Km 13375including approach road 35m Naugachhia side &53 m Bhagalpur sideacross River Ganga on newly declared NH-131B at Bhagalpur in the State of Bihar,MoRTH,Bihar,2020-07-01,2023-05-01,2027-05-01,2027-05-01,1110.23,1110.23,0.0,49.78,MoRTH,618246,N24001877,0.0,0.0,0.0,1110.23,-49.78,48.0,34.0,35.0,0.0,0,0,Large,0,0,0,0,0,0,75,0,18.75,LOW,1630
824,Construction of 6 lane elevated corridor including its approaches from Km. 629880 to Km. 634470 Design Chainage of NH-16 in Ranasthalam Town portion in the state of Andhra Pradesh on EPC Mode under NHO.,National Highways Authority of India [NHAI],Andhra Pradesh,2024-07-01,2025-03-01,2027-03-01,2027-03-01,257.98,192.85,46.41,34.5,National Highways Authority of India [NHAI],618524,-,-65.13000000000002,-25.246143111869145,24.065335753176043,146.44,-10.434664246823957,24.0,8.0,13.0,0.0,0,0,Small,0,0,0,0,0,0,75,0,18.75,LOW,1630
1781,Construction of Mariahu Bypass with four lane paved shoulder configuration Km. 53.540 to Km.59.200 of NH-135A on EPC mode in the state of Uttar Pradesh,MoRTH,Uttar Pradesh,2023-03-01,2024-02-01,2026-02-01,2026-06-01,438.24,362.39,0.0,52.0,MoRTH,618081,N24002115,-75.85000000000002,-17.307867834976275,0.0,362.39,-52.0,24.0,11.0,26.0,4.0,1,0,Small,0,0,0,0,0,25,40,0,17.5,LOW,1714
215,Transmission System for Evacuation of Power from Rajasthan REZ Ph-IV [Part-2 5.5 GW] [Jaisalmer/Barmer Complex] Part C [SPV Name POWERGRID Mandsaur Transmission Limited],Power Grid Corporation of India Limited [POWERGRID],Madhya Pradesh,2024-08-01,2024-08-01,2026-08-01,2027-02-01,2708.0,2708.0,1489.4,57.8,Power Grid Corporation of India Limited [POWERGRID],615346,N18000392,0.0,0.0,55.00000000000001,1218.6,-2.79999999999999,24.0,0.0,20.0,6.0,1,0,Large,0,0,0,0,0,25,40,0,17.5,LOW,1714
1780,Construction of two lane with paved shoulder from existing Km.0.000 to Km.55.610 design km. 0.000 to km. 54.048 of NH-124D,MoRTH,Uttar Pradesh,2021-12-01,2024-02-01,2026-02-01,2026-06-01,840.93,773.58,167.6,64.0,MoRTH,618075,N24002031,-67.34999999999991,-8.008990046733963,21.66550324465472,605.98,-42.33449675534528,24.0,26.0,26.0,4.0,1,0,Medium,0,0,0,0,0,25,40,0,17.5,LOW,1714
1750,4L Access Controlled Greenfield Highway section on NH-163G Warangal-Khammam from Venkatpur village in Warangal District at Design Ch. 150.240 Km to Thallasenkesa village in Mahabubabed District at Design Ch. 189.650 kmPackage-II,National Highways Authority of India [NHAI],Telangana,2023-03-01,2024-04-01,2026-04-01,2026-10-01,1092.88,1083.11,304.89,65.68,National Highways Authority of India [NHAI],618815,-,-9.77000000000021,-0.8939682307298339,28.149495434443413,778.2199999999999,-37.5305045655566,24.0,13.0,24.0,6.0,1,0,Large,0,0,0,0,0,25,40,0,17.5,LOW,1714
1274,Construction of Ater realignment & Bhind bypass Total length. 21.50 km Section of NH-552Extn. to Two lane with paved shoulder configuration in the State of Madhya Pradesh on EPC mode.,MoRTH,Madhya Pradesh,2023-03-01,2024-12-01,2026-06-01,2026-12-01,348.06,348.06,0.0,68.41,MoRTH,618157,-,0.0,0.0,0.0,348.06,-68.41,18.0,21.0,16.0,6.0,1,0,Small,0,0,0,0,0,25,40,0,17.5,LOW,1714
1763,Improvement and Widening to 2-lane with paved shoulder of road from Km 101.300 to km 127.319 Total Length 26.019 Km i.e. the Khowai Teliamura-Amarpur-Harina- Sabroom section of NH 208 in the state of Tripura on EPC under JICA ODA Loan Phase VI Package-1,NHIDCL,Tripura,2024-01-01,2024-07-01,2026-07-01,2026-12-01,431.78,431.78,0.0,58.12,NHIDCL,618370,N24002160,0.0,0.0,0.0,431.78,-58.12,24.0,6.0,21.0,5.0,1,0,Small,0,0,0,0,0,25,40,0,17.5,LOW,1714
492,"Development of Container Terminal at Tuna-Tekra, Deendayal Port on BOT Basis Under PPP Mode",Deendayal Port Trust,Gujarat,2022-10-01,2024-03-01,2027-03-01,2027-09-01,4243.64,4243.64,2244.0,60.0,Deendayal Port Trust,609424,-,0.0,0.0,52.87913206586797,1999.6400000000003,-7.120867934132029,36.0,17.0,25.0,6.0,1,0,Large,0,0,0,0,0,25,40,0,17.5,LOW,1714
193,Transmission System for Evacuation of Power from Potential Energy Renewable Zone in Khavda Area of Gujarat under Ph-IV [7GW] Part E2,Power Grid Corporation of India Limited [POWERGRID],Gujarat,2024-05-01,2024-05-01,2026-05-01,2026-06-01,697.0,697.0,369.41,56.0,Power Grid Corporation of India Limited [POWERGRID],612855,N18000390,0.0,0.0,53.0,327.59,-3.0,24.0,0.0,23.0,1.0,1,0,Medium,0,0,0,0,0,25,40,0,17.5,LOW,1714
1385,Four laning from Dive Ghat Km. 220.900 to Hadapsar Km. 234.150 of Mohol Alandi section Pkg VI of NH-965,National Highways Authority of India [NHAI],Maharashtra,2023-12-01,2024-10-01,2026-10-01,2027-04-01,819.52,400.0,121.02,62.03,National Highways Authority of India [NHAI],618626,-,-419.52,-51.19094103865678,30.255,278.98,-31.775,24.0,10.0,18.0,6.0,1,0,Medium,0,0,0,0,0,25,40,0,17.5,LOW,1714
20,Construction of New Integrated Passenger Terminal Building at Udaipur Airport,Airport Authority of India [AAI],Rajasthan,2023-06-01,2023-11-01,2026-03-01,2026-09-01,887.0,887.0,523.61,68.71,701128,N04000104,4363,0.0,0.0,59.0315670800451,363.39,-9.678432919954894,28.0,5.0,29.0,6.0,1,0,Medium,0,0,0,0,0,25,40,0,17.5,LOW,1714
1,"Construction of New Domestic Terminal Building Building and miscellaneous works including maintenance, operations and AICMC at Kadapa Airport",Airport Authority of India [AAI],Andhra Pradesh,2023-03-01,2024-01-01,2026-01-01,2026-07-01,265.91,265.91,129.07,65.0,612786,N04000106,-,0.0,0.0,48.53897935391673,136.84000000000003,-16.46102064608327,24.0,10.0,27.0,6.0,1,0,Small,0,0,0,0,0,25,40,0,17.5,LOW,1714
1579,"Widening & strengthenlng to 2LPS from km 0,000 to 40.000 Dhaugaon- Podamari section of NH 326 in the State of Odisha under Annual Plan 2021.22.",MoRTH,Odisha,2022-03-01,2024-02-01,2026-02-01,2026-06-01,186.52,186.52,42.83,60.0,MoRTH,618012,N24002135,0.0,0.0,22.962684966759596,143.69,-37.0373150332404,24.0,23.0,26.0,4.0,1,0,Small,0,0,0,0,0,25,40,0,17.5,LOW,1714
11,"Construction of NTB complex including apron, taxi track and other associated civil works and electrical & mechanical installations towards Tawi River side at CA Jammu.",Airport Authority of India [AAI],"Jammu and
Kashmir",2023-10-01,2023-12-01,2026-06-01,2026-11-01,861.37,861.37,319.5,51.35,611047,N04000107,9921,0.0,0.0,37.09207425380499,541.87,-14.257925746195014,30.0,2.0,28.0,5.0,1,0,Medium,0,0,0,0,0,25,40,0,17.5,LOW,1714
727,Koraput - Singapur Railway Doubling,East Coast Railway [ECoR] - II,Odisha,2015-12-01,2015-12-01,2027-12-01,2028-03-01,2362.0,2362.0,1962.43,74.6,East Coast Railway [ECoR] - II,705513,N22000379,0.0,0.0,83.08340389500424,399.56999999999994,8.483403895004244,144.0,0.0,124.0,3.0,1,0,Large,0,0,0,0,0,25,40,0,17.5,LOW,1714
1179,Widening to 2LPS from Km 67 to Km 115 on Kadur-Hosadurga section NH 173 in the state of Karnataka NH-173-KNT-2022-23-980 dated 13.03.2023,MoRTH,Karnataka,2023-03-01,2024-09-01,2026-04-01,2026-10-01,471.62,471.62,80.08,64.33,MoRTH,617999,-,0.0,0.0,16.979771850218395,391.54,-47.3502281497816,19.0,18.0,19.0,6.0,1,0,Small,0,0,0,0,0,25,40,0,17.5,LOW,1714
373,Borholla GGS Life Extension Project [BLEP],Ministry of Petroleum & Natural Gas,Assam,2023-09-01,2023-09-01,2026-05-01,2026-09-01,198.7,198.7,96.22,55.7,Ministry of Petroleum & Natural Gas,709850,N16000532,0.0,0.0,48.42476094614997,102.48,-7.275239053850029,32.0,0.0,31.0,4.0,1,0,Small,0,0,0,0,0,25,40,0,17.5,LOW,1714
671,Katihar Kumedpur & Katihar Mukuria BG Doubling Project,Northeast Frontier Railway [NFR],"Multi-States
(Bihar, West
Bengal)",2022-08-01,2022-08-01,2026-08-01,2027-02-01,942.64,942.64,611.19,65.0,Northeast Frontier Railway [NFR],617245,-,0.0,0.0,64.83811423236867,331.44999999999993,-0.1618857676313325,48.0,0.0,44.0,6.0,1,0,Medium,0,0,0,0,0,25,40,0,17.5,LOW,1714
1042,Up-gradation and strengthening to 2lanePS from Km 95/500 to km 129/775 of Nh 168G Idar-Bhiloda-Samlaji in the state of Gujarat Length 34.275 km,MoRTH,Gujarat,2022-09-01,2023-12-01,2025-12-01,2026-05-01,237.28,237.28,0.0,63.0,MoRTH,618108,N24002014,0.0,0.0,0.0,237.28,-63.0,24.0,15.0,28.0,5.0,1,0,Small,0,0,0,0,0,25,40,0,17.5,LOW,1714
594,Doubling between Pradhankunta-Patherih-Bhojudih of East Central Railway,East Central Railway [ECR] - I,Jharkhand,2022-11-01,2022-11-01,2025-12-01,2026-03-01,349.22,349.22,125.71,71.5,East Central Railway [ECR] - I,617372,-,0.0,0.0,35.9973655575282,223.51000000000005,-35.5026344424718,37.0,0.0,41.0,3.0,1,0,Small,0,0,0,0,0,25,40,0,17.5,LOW,1714
893,Construction of 4-Lane Panchgram Bypass from Design Chainage km 15500 on NH- 37 Old NH-53 at Kalinagar Pt.-I Village to Design Chainage km 27300 at crossing with NH-6 Old NH-44 Near Siddeswar Pt.-I Village on Silchar - Churaibari stretch in the State of Assam on EPC Mode under Bharatmala Pariyojana in Economic Corridors Silchar- Churaibari Package-2,NHIDCL,Assam,2023-03-01,2024-08-01,2027-02-01,2027-02-01,676.18,728.97,0.0,57.17,NHIDCL,618308,N24002154,52.79000000000008,7.807092785944583,0.0,728.97,-57.17,30.0,17.0,20.0,0.0,0,1,Medium,0,0,0,0,25,0,40,0,17.5,LOW,1714
6,Development of New Civil Enclave and associated works at Darbhanga Airport,Airport Authority of India [AAI],Bihar,2024-07-01,2024-07-01,2026-07-01,2026-11-01,911.66,911.66,374.49,65.0,612194,N04000112,9917,0.0,0.0,41.07781409736086,537.17,-23.922185902639143,24.0,0.0,21.0,4.0,1,0,Medium,0,0,0,0,0,25,40,0,17.5,LOW,1714
688,Rewari - Kathuwas Doubling Project [27.72 Km],North Western Railway [NWR],"Multi-States
(Haryana,
Rajasthan)",2023-02-01,2022-12-01,2027-06-01,2027-06-01,352.0,352.0,315.28,73.0,North Western Railway [NWR],611861,N22000606,0.0,0.0,89.56818181818181,36.72000000000003,16.568181818181813,54.0,-2.0,40.0,0.0,0,0,Small,0,0,0,0,0,0,40,40,16.0,LOW,1735
1794,Construction of 4-lane green field highway from Km. 35.000 to Km. 49.155 of NH- 731A with paved shoulders on Hybrid Annuity Mode in the state of Uttar Pradesh,MoRTH,Uttar Pradesh,2022-01-01,2023-10-01,2025-10-01,2026-06-01,697.66,697.66,0.04,99.0,MoRTH,618166,N24001647,0.0,0.0,0.005733451824671,697.62,-98.99426654817532,24.0,21.0,30.0,8.0,1,0,Medium,0,0,0,0,0,50,0,0,15.0,LOW,1736
1594,Rehabilitation and Up gradation from 4 to 8 laning of Chandikhole Paradip Section of NH-53 Old NH 5A from Km.0.00 to Km.18.00Package-1,National Highways Authority of India [NHAI],Odisha,2023-03-01,2023-12-01,2025-12-01,2026-08-01,929.91,869.45,365.01,92.3,National Highways Authority of India [NHAI],618822,-,-60.45999999999992,-6.501704466023586,41.98171257691643,504.44000000000005,-50.31828742308356,24.0,9.0,28.0,8.0,1,0,Medium,0,0,0,0,0,50,0,0,15.0,LOW,1736
389,Old Pipe Line Replacement [OPRP] Group-A,Oil and Natural Gas Corporation Limited [ONGC],Gujarat,2021-07-01,2021-07-01,2025-07-01,2026-07-01,173.03,169.84,164.86,93.5,Oil and Natural Gas Corporation Limited [ONGC],709841,N16000483,-3.1899999999999977,-1.843610934520024,97.0678285445125,4.97999999999999,3.567828544512494,48.0,0.0,57.0,12.0,1,0,Small,0,0,0,0,0,50,0,0,15.0,LOW,1736
919,"Construction of Balance Work of 4-Laning of the Section from Jorhat to Jhanji of NH- 37 Old from Km 453000 to Km 463000 10.000 Km, under SARDP- NE under EPC Mode in the state of Assam Pkg-I Road Works",NHIDCL,Assam,2024-01-01,2024-02-01,2024-08-01,,478.3,478.3,0.0,96.79,NHIDCL,618439,N24000319,0.0,0.0,0.0,478.3,-96.79,6.0,1.0,26.0,,0,0,Small,0,0,0,0,0,50,0,0,15.0,LOW,1736
383,Redevelopment of Santhal Field [Onshore-Mehsana Asset],Oil and Natural Gas Corporation Limited [ONGC],Gujarat,2017-02-01,2017-02-01,2026-03-01,2026-12-01,1162.56,1162.56,1152.51,95.9,Oil and Natural Gas Corporation Limited [ONGC],400167,N16000279,0.0,0.0,99.1355284888522,10.049999999999956,3.2355284888521822,109.0,0.0,110.0,9.0,1,0,Large,0,0,0,0,0,50,0,0,15.0,LOW,1736
3,Construction of New Domestic Terminal Building at Rajahmundry Airport.,Airport Authority of India [AAI],Andhra Pradesh,2022-12-01,2023-08-01,2025-08-01,2026-06-01,347.15,347.15,170.79,90.0,701121,N04000103,-,0.0,0.0,49.19775313265159,176.36,-40.80224686734841,24.0,8.0,32.0,10.0,1,0,Small,0,0,0,0,0,50,0,0,15.0,LOW,1736
853,4 Laning of NH-544D from Km 0.000 to km 37.000 of Anantapur- Muchukota section Pkg-1,National Highways Authority of India [NHAI],Andhra Pradesh,2022-10-01,2023-07-01,2025-07-01,2026-05-01,907.76,905.98,448.53,91.4,National Highways Authority of India [NHAI],618826,N24001980,-1.7799999999999727,-0.1960870714726329,49.507715402106,457.4500000000001,-41.892284597894005,24.0,9.0,33.0,10.0,1,0,Medium,0,0,0,0,0,50,0,0,15.0,LOW,1736
922,"Construction of Balance Work of the 4-Laning of the Section from Jorhat to Jhanji of NH-37 Old from Km 477.000 to Km 490800 13.800 Km, under SARDP- NE under EPC Mode in the state of Assam Pkg-III Road Works",NHIDCL,Assam,2024-01-01,2024-02-01,2024-08-01,,358.72,358.72,0.07,99.05,NHIDCL,618442,N24000319,0.0,0.0,0.0195138269402319,358.65000000000003,-99.03048617305976,6.0,1.0,26.0,,0,0,Small,0,0,0,0,0,50,0,0,15.0,LOW,1736
923,"Construction of Balance Work of the 4-Laning of the Section from Jorhat to Jhanji of NH-37 Old from Km 463.00 to Km 477.000 14.000 Km, under SARDP- NE under EPC Mode in the state of Assam Pkg-II Road Works",NHIDCL,Assam,2024-01-01,2024-02-01,2024-08-01,,438.44,438.44,0.0,95.86,NHIDCL,618443,N24000319,0.0,0.0,0.0,438.44,-95.86,6.0,1.0,26.0,,0,0,Small,0,0,0,0,0,50,0,0,15.0,LOW,1736
1797,Construction of Two Lane with paved shoulder highway from Design Ch.0.000 to Ch.49.2OO of NH-731B on EPC Mode,MoRTH,Uttar Pradesh,2022-03-01,2023-11-01,2025-11-01,2026-07-01,640.18,602.76,239.2,95.98,MoRTH,618169,N24001730,-37.41999999999996,-5.845231028773152,39.68411971597319,363.56,-56.295880284026815,24.0,20.0,29.0,8.0,1,0,Medium,0,0,0,0,0,50,0,0,15.0,LOW,1736
846,4L of Pileru to Kalur Section from Km 55.900 to Km 92.800 & Km 94.500 to Km 95.717 of NH-71Package-II,National Highways Authority of India [NHAI],Andhra Pradesh,2022-03-01,2023-10-01,2025-11-01,2026-06-01,1877.47,592.85,246.22,98.84,National Highways Authority of India [NHAI],618777,N24001986,-1284.62,-68.42293085908163,41.531584717888165,346.63,-57.30841528211184,25.0,19.0,30.0,7.0,1,0,Large,0,0,0,0,0,50,0,0,15.0,LOW,1736
924,"Construction of Balance Work of the 4-Laning of the Section from Jorhat to Jhanji of NH-37 Old from Km 453.000 to Km 490.800, under SARDP- NE , under EPC Mode in the state of Assam Pkg-IV Structures & Toll Plaza",NHIDCL,Assam,2024-01-01,2024-02-01,2024-08-01,,279.01,279.01,0.0,94.73,NHIDCL,618444,N24000319,0.0,0.0,0.0,279.01,-94.73,6.0,1.0,26.0,,0,0,Small,0,0,0,0,0,50,0,0,15.0,LOW,1736
927,"6L Standalone Flyovers at Raha, Demow, Borghat, Kathiatali junctions and ROB at Jagiroad on stretches of NH 36 and NH 27",National Highways Authority of India [NHAI],Assam,2022-03-01,2022-12-01,2024-06-01,,280.75,255.53,211.79,99.04,National Highways Authority of India [NHAI],618576,N24001545,-25.22,-8.983081032947462,82.88263608969592,43.74000000000001,-16.157363910304085,18.0,9.0,40.0,,0,0,Small,0,0,0,0,0,50,0,0,15.0,LOW,1736
1784,Improvement and upgradation to two lane with paved shoulder configuration from existing km 90.00 to 130.00 Design length 39.15 of NH-227A near Sikriganj to Barhalganj in the State of UP on EPC Mode.,MoRTH,Uttar Pradesh,2021-08-01,2023-12-01,2025-06-01,2026-05-01,403.36,345.34,0.0,94.0,MoRTH,618111,N24002015,-58.02000000000004,-14.384172947243169,0.0,345.34,-94.0,18.0,28.0,28.0,11.0,1,0,Small,0,0,0,0,0,50,0,0,15.0,LOW,1736
1162,4L from km 196.87 Sankha to km 219.6 Khajuri on NH-75 [Rehla / Garhwa Bypass],National Highways Authority of India [NHAI],Jharkhand,2020-09-01,2021-10-01,2023-10-01,,1129.48,1129.48,527.11,93.45,National Highways Authority of India [NHAI],618829,N24001590,0.0,0.0,46.66837836880688,602.37,-46.78162163119312,24.0,13.0,54.0,,0,0,Large,0,0,0,0,0,50,0,0,15.0,LOW,1736
452,Siliguri Marketing Terminal [SMT] Capacity Augmentation Project,Ministry of Petroleum & Natural Gas,West Bengal,2021-11-01,2021-11-01,2025-12-01,2026-09-01,484.0,484.0,310.0,87.9,Ministry of Petroleum & Natural Gas,617837,-,0.0,0.0,64.0495867768595,174.0,-23.850413223140507,49.0,0.0,53.0,9.0,1,0,Small,0,0,0,0,0,50,0,0,15.0,LOW,1736
1853,Construction of Four Lane Highway from Ghazipur- Ballia-UP/Bihar State Border Greenfield section of NH-31 Package II [from Shahapur km 42.500 to Pindari km 78.150] on EPC Mode in the state of Uttar Pradesh.,National Highways Authority of India [NHAI],Uttar Pradesh,2022-10-01,2023-10-01,2025-10-01,2026-08-01,1493.65,1311.44,705.07,95.5,National Highways Authority of India [NHAI],618884,N24002087,-182.21000000000004,-12.198975663642756,53.76303910205576,606.37,-41.73696089794424,24.0,12.0,30.0,10.0,1,0,Large,0,0,0,0,0,50,0,0,15.0,LOW,1736
34,AMGAON OC RCE [1.0 MTY],South Eastern Coalfields Limited [SECL],Chhattisgarh,2015-07-01,2015-07-01,2026-03-01,,316.11,316.11,191.5,78.86,South Eastern Coalfields Limited [SECL],613799,N06000135,0.0,0.0,60.58017778621366,124.61,-18.27982221378634,128.0,0.0,129.0,,0,0,Small,0,0,0,0,0,50,0,0,15.0,LOW,1736
415,ATF Pipeline from Jawaharlal Nehru Port Trust to Navi Mumbai International Airport,Indian Oil Corporation Limited [IOCL],Maharashtra,2022-08-01,2022-08-01,2025-08-01,2026-06-01,165.0,165.0,101.62,97.8,Indian Oil Corporation Limited [IOCL],709782,N16000456,0.0,0.0,61.58787878787879,63.379999999999995,-36.2121212121212,36.0,0.0,44.0,10.0,1,0,Small,0,0,0,0,0,50,0,0,15.0,LOW,1736
188,Transmission Scheme for Solar Energy Zone in Ananthpuram 2500MW and Kurnool 1000MW,Power Grid Corporation of India Limited [POWERGRID],Andhra Pradesh,2023-09-01,2023-09-01,2025-09-01,2026-05-01,823.0,823.0,798.31,98.34,Power Grid Corporation of India Limited [POWERGRID],611967,N18000380,0.0,0.0,97.0,24.690000000000055,-1.3400000000000034,24.0,0.0,31.0,8.0,1,0,Medium,0,0,0,0,0,50,0,0,15.0,LOW,1736
1799,Rehabilitation and upgradation to 2-lane with paved sholuders configuration of Near Karri village-Etawah section Km30.000 to Km 57.346 Pakage-II of NH-92 in state of Uttar Pradesh undergreen national Highway Corridor ProjectGNHCP with the loan assistance of world Bank on EPC mode.,MoRTH,Uttar Pradesh,2020-04-01,2022-08-01,2024-02-01,2025-02-01,211.09,206.56,0.0,100.0,MoRTH,618229,N24001462,-4.530000000000001,-2.1460040740916204,0.0,206.56,-100.0,18.0,28.0,44.0,12.0,1,0,Small,0,0,0,0,0,50,0,0,15.0,LOW,1736
1575,Construction of bypass to Nayagarh town from km 235.469 to 252.482 of NH-57 including land acquisition in the state of Odisha.,MoRTH,Odisha,2022-01-01,2023-05-01,2025-04-01,2026-03-01,300.33,300.33,82.33,100.0,MoRTH,617924,N24001860,0.0,0.0,27.41317883661306,218.0,-72.58682116338694,23.0,16.0,35.0,11.0,1,0,Small,0,0,0,0,0,50,0,0,15.0,LOW,1736
207,Transmission Scheme for Integration of Renewable Energy Zone [Phase II] in Koppal II [Phase A&B] and gadag II[Phase A] in Karnataka [POWERGRID KOPPAL GADAG TRANSMISSION LIMITED],Power Grid Corporation of India Limited [POWERGRID],Karnataka,2023-12-01,2023-12-01,2025-12-01,2026-09-01,4445.0,4445.0,3733.8,86.0,Power Grid Corporation of India Limited [POWERGRID],612140,N18000385,0.0,0.0,84.00000000000001,711.1999999999998,-1.9999999999999856,24.0,0.0,28.0,9.0,1,0,Large,0,0,0,0,0,50,0,0,15.0,LOW,1736
910,Widening & Upgradation to 2-lanes with paved shoulders road from Tamenglong to Mahur NH-137 in the State of Assam starting from km 116.480 near Hangrum to km 136.500 near Hejaichak Package-8 on EPC mode under NHO-NE Package 8,NHIDCL,Assam,2023-03-01,2023-08-01,2025-08-01,2026-06-01,904.04,904.04,520.05,85.2,NHIDCL,618353,N24001969,0.0,0.0,57.52510950842883,383.99,-27.674890491571176,24.0,5.0,32.0,10.0,1,0,Medium,0,0,0,0,0,50,0,0,15.0,LOW,1736
1815,6L Elevated Kanpur - Lucknow Exeressway Pkg-1 from Km. 10980 to Km. 28500,National Highways Authority of India [NHAI],Uttar Pradesh,2021-12-01,2023-02-01,2025-07-01,2026-05-01,1972.94,1943.27,766.29,94.14,National Highways Authority of India [NHAI],618499,N24001745,-29.670000000000073,-1.5038470505945478,39.43301754259573,1176.98,-54.70698245740427,29.0,14.0,38.0,10.0,1,0,Large,0,0,0,0,0,50,0,0,15.0,LOW,1736
909,Widening & Upgradation to 2 lanes with paved shoulders road from Tamenglong to Mahur NH-137 in the State of Assam starting from km 136.500 near Hejaichak to km 156.489 near P. Leikul Package-9 on EPC mode under NHO-NE Package-9,NHIDCL,Assam,2023-03-01,2023-08-01,2025-08-01,2026-06-01,860.37,614.43,528.46,87.5,NHIDCL,618352,N24001970,-245.94000000000003,-28.585376059137353,86.0081701739824,85.96999999999991,-1.491829826017593,24.0,5.0,32.0,10.0,1,0,Medium,0,0,0,0,0,50,0,0,15.0,LOW,1736
1543,Construction of Rudrapur Bypass Section from Km. 0.000 to 20.640 in the state of Uttar Pradesh & Uttarakhand,National Highways Authority of India [NHAI],"Multi-States (Uttar
Pradesh,
Uttarakhand)",2023-03-01,2024-01-01,2026-01-01,2026-05-01,1051.73,1117.17,665.1,99.1,National Highways Authority of India [NHAI],618912,-,65.44000000000005,6.222129253705804,59.534359139611695,452.0700000000001,-39.5656408603883,24.0,10.0,27.0,4.0,1,1,Large,0,0,0,0,25,25,0,0,15.0,LOW,1736
908,Widening & Upgradation to 2 lanes with paved shoulders road from Tamenglong to Mahur NH-137 in the State of Assam starting from km 156.489 near P. Leikul to km 176.410 near Borowapu on EPC mode under NHO-NE Assam portion Package-10,NHIDCL,Assam,2023-03-01,2023-08-01,2025-08-01,2026-06-01,890.33,693.15,569.61,81.9,NHIDCL,618351,N24001971,-197.1800000000001,-22.14684442847035,82.1770179614802,123.53999999999996,0.2770179614801975,24.0,5.0,32.0,10.0,1,0,Medium,0,0,0,0,0,50,0,0,15.0,LOW,1736
1924,Mobile connectivity in Left Wing Extremism [LWE] affected areas-Phase 1 Upgradation,Department of Telecommunications [DoT],"Multi-States
(Andhra Pradesh,
Bihar,
Chhattisgarh,
Jharkhand,
Madhya Pradesh,
Maharashtra,
Odisha,
Telangana, Uttar
Pradesh, West
Bengal)",2022-04-01,2024-05-01,2025-05-01,2026-03-01,1884.6,1884.6,376.8,98.0,Department of Telecommunications [DoT],617413,-,0.0,0.0,19.99363260108246,1507.8,-78.00636739891755,12.0,25.0,23.0,10.0,1,0,Large,0,0,0,0,0,50,0,0,15.0,LOW,1736
17,"SITC of ATM Automation System and ASMGCS [Including SMR & MLAT] for Mumbai, Navi Mumbai, Jewar [earlier MOPA, without ASMGCS], HIAL & BIAL",Airport Authority of India [AAI],"Multi-States
(Karnataka,
Maharashtra,
Telangana, Uttar
Pradesh)",2020-12-01,2022-10-01,2025-09-01,2026-08-01,500.48,500.48,381.2,78.0,611570,-,-,0.0,0.0,76.16687979539641,119.28000000000004,-1.8331202046035884,35.0,22.0,42.0,11.0,1,0,Medium,0,0,0,0,0,50,0,0,15.0,LOW,1736
1564,Construction of 2-Lane with hard shoulders of Merangkong-Tamlu-Mon MTM Road from existing Km 20.456 to Km 41.065 Design Km. 20 to Km. 40.0 Design Length- 20.000 Km in the State of Nagaland under SARDP-NE Phase-A Pkg-2 Balance work,NHIDCL,Nagaland,2018-03-01,2023-08-01,2025-08-01,2026-03-01,215.79,215.79,28.64,100.0,NHIDCL,618423,N24000763,0.0,0.0,13.27216275082256,187.15,-86.72783724917744,24.0,65.0,32.0,7.0,1,0,Small,0,0,0,0,0,50,0,0,15.0,LOW,1736
1185,Balance work of Construction of Two/Four lane with paved shoulder from Km 422.000 to 523.600 Chitradurga to Shivamogga of NH-13 in the state of Kanataka on EPC mode.,MoRTH,Karnataka,2021-01-01,2021-12-01,2025-12-01,2026-08-01,516.96,516.96,105.08,75.0,MoRTH,618031,N24002011,0.0,0.0,20.326524295883623,411.88000000000005,-54.67347570411637,48.0,11.0,52.0,8.0,1,0,Medium,0,0,0,0,0,50,0,0,15.0,LOW,1736
1563,"Construction of 2-lane with hard shoulders of Merangkong-Tamlu-Mon road Wakching Twon portion on EPC basis from existing Chainage Km 59000 to Km 73640 [Design Km. 59000 to Km, 72450] Design length - 13.450 Km under SARDP-NE package-V Balance work",NHIDCL,Nagaland,2021-03-01,2023-09-01,2025-09-01,2026-04-01,161.73,161.73,14.12,99.5,NHIDCL,618422,N24001438,0.0,0.0,8.730600383354975,147.61,-90.76939961664502,24.0,30.0,31.0,7.0,1,0,Small,0,0,0,0,0,50,0,0,15.0,LOW,1736
319,"Phase 1B - Construction of Academic Block, Hostel, Residential Tower, Directors Residence and External Development works at National Institute of Technology, Delhi Campus on Engineering, Procurement and Construction basis",National Institute of Technology Delhi,Delhi,2009-09-01,2022-11-01,2025-09-01,2026-01-01,333.49,336.42,321.76,99.72,National Institute of Technology Delhi,612851,-,2.930000000000007,0.8785870640798844,95.6423518221271,14.660000000000023,-4.077648177872902,34.0,158.0,41.0,4.0,1,1,Small,0,0,0,0,25,25,0,0,15.0,LOW,1736
867,Balance works in AP Portion and punch list items in TN & AP portion of NH-205,National Highways Authority of India [NHAI],Andhra Pradesh,2022-10-01,2023-07-01,2025-01-01,2026-01-01,166.52,113.46,98.26,100.0,National Highways Authority of India [NHAI],619160,-,-53.06000000000002,-31.864040355512856,86.60320817909395,15.199999999999989,-13.396791820906046,18.0,9.0,33.0,12.0,1,0,Small,0,0,0,0,0,50,0,0,15.0,LOW,1736
27,TIKAK EXTENSION OCP,MIS MoCoal Integration Logins,Assam,2022-07-01,2022-07-01,2031-07-01,,159.77,159.77,111.47,88.18,MIS MoCoal Integration Logins,615820,N06000290,0.0,0.0,69.76904299931151,48.30000000000001,-18.410957000688494,108.0,0.0,45.0,,0,0,Small,0,0,0,0,0,50,0,0,15.0,LOW,1736
1533,Mangloor to Telangana Maharashtra Border,National Highways Authority of India [NHAI],"Multi-States
(Maharashtra,
Telangana)",2018-03-01,2019-04-01,2021-04-01,2021-03-01,1082.65,1323.12,180.13,96.02,National Highways Authority of India [NHAI],618624,-,240.4699999999998,22.21124093659075,13.614033496583833,1142.9899999999998,-82.40596650341617,24.0,13.0,84.0,-1.0,0,1,Large,0,0,0,0,50,0,0,0,15.0,LOW,1736
1896,"Construction for Mitigation Measures of 10 Nos. Landslides, 01 No. Sinking Zones and 1 No. of Minor Bridge in between at Ch. Km 368.00 to Km 433.00 on NH-07 on EPC Mode in Uttarakhand Package-1",NHIDCL,Uttarakhand,2023-12-01,2024-06-01,2025-12-01,,216.68,216.68,107.69,96.0,NHIDCL,618393,N24002163,0.0,0.0,49.70001846040243,108.99,-46.29998153959757,18.0,6.0,22.0,,0,0,Small,0,0,0,0,0,50,0,0,15.0,LOW,1736
1862,4L Prayagraj Greenfield By-pass from design Km 50860 near Nibi Kala Uperhar to design Km 64763 on NH-19 near Khodaypur Kasgaon including Interchange loop at NH-19,National Highways Authority of India [NHAI],Uttar Pradesh,2023-08-01,2023-12-01,2025-03-01,,1017.99,427.54,406.6,100.0,National Highways Authority of India [NHAI],618959,N24002106,-590.45,-58.00155207811471,95.10221265846472,20.94,-4.897787341535292,15.0,4.0,28.0,,0,0,Large,0,0,0,0,0,50,0,0,15.0,LOW,1736
400,Power System Upgradation Project,Mangalore Refinary and Petrochemicals Limited,Karnataka,2023-10-01,2023-10-01,2025-11-01,2026-09-01,385.0,385.0,260.92,82.5,Mangalore Refinary and Petrochemicals Limited,612790,N16000509,0.0,0.0,67.77142857142857,124.07999999999998,-14.728571428571428,25.0,0.0,30.0,10.0,1,0,Small,0,0,0,0,0,50,0,0,15.0,LOW,1736
1591,Balance work of Panikoili Rimoli Section of new NH-20 from Km 0.00 to Km. 163.000,National Highways Authority of India [NHAI],Odisha,2020-09-01,2021-03-01,2022-03-01,2022-07-01,183.03,200.79,89.36,99.0,National Highways Authority of India [NHAI],618819,N24001647,17.75999999999999,9.703327323389605,44.5042083769112,111.43,-54.4957916230888,12.0,6.0,61.0,4.0,1,1,Small,0,0,0,0,25,25,0,0,15.0,LOW,1736
370,Augmentation/Revamping of Facilities at existing Guwahati Terminal at Betkuchi,MinistryofPetroleumNaturalGas,Assam,2022-04-01,2022-04-01,2026-09-01,2026-09-01,277.0,323.09,226.36,81.2,MinistryofPetroleumNaturalGas,709776,N16000441,46.089999999999975,16.63898916967508,70.0609737224922,96.72999999999996,-11.13902627750781,53.0,0.0,48.0,0.0,0,1,Small,0,0,0,0,50,0,0,0,15.0,LOW,1736
10,"Development of Dholera International Greenfield Airport , Gujarat",Airport Authority of India [AAI],Gujarat,2022-06-01,2022-07-01,2026-06-01,2026-06-01,1305.0,1551.0,896.82,82.0,701126,N04000099,3366,246.0,18.850574712643677,57.822050290135394,654.18,-24.17794970986461,47.0,1.0,45.0,0.0,0,1,Large,0,0,0,0,50,0,0,0,15.0,LOW,1736
246,Transmission System for Evacuation of Power from REZ in Rajasthan 20GW under Phase III- Part E2,Power Grid Corporation of India Limited [POWERGRID],Rajasthan,2023-11-01,2023-11-01,2025-06-01,2026-06-01,428.3,428.3,415.45,98.4,Power Grid Corporation of India Limited [POWERGRID],611947,N18000379,0.0,0.0,96.99976651879524,12.850000000000025,-1.4002334812047792,19.0,0.0,29.0,12.0,1,0,Small,0,0,0,0,0,50,0,0,15.0,LOW,1736
453,Haldia Panagarh Pipeline Project,Hindustan Petroleum Corporation Limited,West Bengal,2022-11-01,2022-11-01,2025-11-01,2026-05-01,1010.0,1107.0,846.32,95.0,Hindustan Petroleum Corporation Limited,709753,N16000478,97.0,9.603960396039604,76.4516711833785,260.67999999999995,-18.548328816621503,36.0,0.0,41.0,6.0,1,1,Large,0,0,0,0,25,25,0,0,15.0,LOW,1736
1463,Widening and Up-gradation to 2- Lane with Paved Shoulder Configuration and geometric improvement from Km. 208. 000 to Km 250.000 Package-5 on Aizawl Tuipang Section of NH-54 in the State of Mizoram Package-5,NHIDCL,Mizoram,2019-09-01,2019-10-01,2023-04-01,,752.89,752.89,125.62,95.35,NHIDCL,618379,N24000861,0.0,0.0,16.685040311333662,627.27,-78.66495968866633,42.0,1.0,78.0,,0,0,Medium,0,0,0,0,0,50,0,0,15.0,LOW,1736
220,Transmission System for Evacuation of power from Potential RE Zone in Khavda Area of Gujarat under phase IV 7GW-Part E4,Power Grid Corporation of India Limited [POWERGRID],Maharashtra,2023-11-01,2023-11-01,2025-07-01,2026-04-01,224.41,224.41,206.45,94.8,Power Grid Corporation of India Limited [POWERGRID],611966,N18000377,0.0,0.0,91.99679158682768,17.960000000000008,-2.803208413172328,20.0,0.0,29.0,9.0,1,0,Small,0,0,0,0,0,50,0,0,15.0,LOW,1736
151,50 MW Solar PP Minedout Area,NLC India Limited [NLCIL],Tamil Nadu,2023-08-01,2024-02-01,2025-03-01,2025-12-01,218.03,218.03,169.95,100.0,NLC India Limited [NLCIL],615327,N06000279,0.0,0.0,77.94798880887951,48.08000000000001,-22.052011191120485,13.0,6.0,26.0,9.0,1,0,Small,0,0,0,0,0,50,0,0,15.0,LOW,1736
1730,Widening & strengthening of existing carriageway in 2 lane with paved shoulders from km 25/0 to 59/2 design Ch km 25.467 to 59.200 of NH - 353C on EPC mode in the state of Telangana,MoRTH,Telangana,2018-02-01,2018-06-01,2020-06-01,,206.13,206.13,152.77,98.57,MoRTH,618132,N24000989,0.0,0.0,74.1134235676515,53.359999999999985,-24.4565764323485,24.0,4.0,94.0,,0,0,Small,0,0,0,0,0,50,0,0,15.0,LOW,1736
1607,Work of Widening/upgradation of 2-Lane with paved shoulder of Sri Muktsar Sahib to Malout road from Km 279.400 to Km 307.060 section of NH-354 in the State of Punjab on EPC mode. Job No. NH-354-PB-2021-22-555,MoRTH,Punjab,2022-03-01,2023-10-01,2025-04-01,2026-03-01,152.58,152.58,0.0,100.0,MoRTH,618023,N24001961,0.0,0.0,0.0,152.58,-100.0,18.0,19.0,30.0,11.0,1,0,Small,0,0,0,0,0,50,0,0,15.0,LOW,1736
553,Rampur Dumra-Tal-Rajendrapul Additional Bridge and Railway Line Doubling,Indian Railway Construction International Limited [IRCON],Bihar,2016-03-01,2017-05-01,2024-12-01,2025-12-01,2373.64,1700.24,1610.45,98.5,Indian Railway Construction International Limited [IRCON],706759,N22000350,-673.3999999999999,-28.369929728181187,94.7189808497624,89.78999999999996,-3.7810191502376114,91.0,14.0,107.0,12.0,1,0,Large,0,0,0,0,0,50,0,0,15.0,LOW,1736
1726,Widening to two lane with paved shoulders from Km 0/000 to Km 79/300 of Kalwakurthy - Kollapur section of NH-167K in the state of Telangana under annual plan 2021-22 on EPC mode under NHO.,MoRTH,Telangana,2022-03-01,2023-07-01,2025-07-01,2026-06-01,886.69,886.69,573.13,85.66,MoRTH,618104,N24002007,0.0,0.0,64.6370208302789,313.56000000000006,-21.022979169721097,24.0,16.0,33.0,11.0,1,0,Medium,0,0,0,0,0,50,0,0,15.0,LOW,1736
130,Venkatesh Khani Coal Mine,Singareni Collieries Company Limited [SCCL],Telangana,2020-10-01,2020-06-01,2026-03-01,,484.5,484.5,477.14,97.0,Singareni Collieries Company Limited [SCCL],615863,N06000204,0.0,0.0,98.48090815273478,7.360000000000014,1.4809081527347845,69.0,-4.0,70.0,,0,0,Small,0,0,0,0,0,50,0,0,15.0,LOW,1736
1332,Rehabilitation & Up-gradation of Sabalkhed to Ashti Section from Km 37900 to Km 55100 & Chinchpur to Jamkhed Section from km 70000 to km 72922 of NH-561 to Two lane with Paved shoulder/ Four lane configuration in the State of Maharashtra on EPC Mode Length20.122km.,MoRTH,Maharashtra,2022-03-01,2023-04-01,2024-09-01,,213.33,213.33,0.0,95.88,MoRTH,618046,N24001902,0.0,0.0,0.0,213.33,-95.88,17.0,13.0,36.0,,0,0,Small,0,0,0,0,0,50,0,0,15.0,LOW,1736
751,Phase II extension of MRTS from Velachery to St Thomas Mount,Ministry of Railways,Tamil Nadu,2007-11-01,2008-11-01,2025-07-01,2025-09-01,734.0,734.01,486.53,99.9,Ministry of Railways,400280,N22000028,0.0099999999999909,0.0013623978201622,66.28383809484885,247.48,-33.61616190515116,200.0,12.0,209.0,2.0,1,1,Medium,0,0,0,0,25,25,0,0,15.0,LOW,1736
1012,Up-gradation of NH-930 Sherpar to Kohka from Km.67880 to Km.114860 to 2LPS in Chhattisgarh under EPC mode,MoRTH,Chhattisgarh,2020-03-01,2022-05-01,2024-05-01,,278.97,278.97,201.05,90.0,MoRTH,618064,N24001917,0.0,0.0,72.06868122020289,77.92000000000002,-17.93131877979711,24.0,26.0,47.0,,0,0,Small,0,0,0,0,0,50,0,0,15.0,LOW,1736
1261,Upgradation of Dindori-Sagartola-kabichabutra MP-CG border section of NH -45 from km 000Design to km 77.00 Design to Two lane with paved shoulder configration along with one time improvement in 04 nos. of bypaased built-up areas in a total length of 9.1 km in the state of Madhya Pradesh on EPC mode.,MoRTH,Madhya Pradesh,2022-01-01,2023-09-01,2025-09-01,2026-05-01,329.14,319.09,0.0,93.68,MoRTH,617915,N24002019,-10.050000000000011,-3.0534119219784928,0.0,319.09,-93.68,24.0,20.0,31.0,8.0,1,0,Small,0,0,0,0,0,50,0,0,15.0,LOW,1736
746,Gudha-Thatha Mithri Construction of Railway Track Project,North Western Railway [NWR],Rajasthan,2019-04-01,2019-04-01,2026-11-01,2026-11-01,819.48,967.06,400.92,94.0,North Western Railway [NWR],705752,N22000593,147.57999999999993,18.008981305217933,41.45761379852336,566.1399999999999,-52.54238620147664,91.0,0.0,84.0,0.0,0,1,Medium,0,0,0,0,50,0,0,0,15.0,LOW,1736
742,SADULPUR - CHURU DOUBLING PROJECT,North Western Railway [NWR],Rajasthan,2024-01-01,2024-01-01,2026-06-01,,468.64,468.64,188.7,90.0,North Western Railway [NWR],617403,-,0.0,0.0,40.26544895868897,279.94,-49.73455104131103,29.0,0.0,27.0,,0,0,Small,0,0,0,0,0,50,0,0,15.0,LOW,1736
1645,Upgradation of two lane paved shoulder from Shahpura existing km. 0.00 Design Ch. 000 to Thanagazi existing Km.37352 Design Ch. 36810 of NH-248A on EPC mode in the State of Rajasthan.,MoRTH,Rajasthan,2022-03-01,2023-02-01,2024-07-01,2025-07-01,174.34,174.34,63.55,100.0,MoRTH,618118,N24001867,0.0,0.0,36.4517609269244,110.79,-63.5482390730756,17.0,11.0,38.0,12.0,1,0,Small,0,0,0,0,0,50,0,0,15.0,LOW,1736
582,Sabarmati Setting up of Maintenance Facilities for Train Sets Phase ii,Western Railway [WR] - II,Gujarat,2023-01-01,2023-04-01,2025-06-01,2026-05-01,250.0,250.0,181.53,88.0,Western Railway [WR] - II,611979,-,0.0,0.0,72.612,68.47,-15.388000000000003,26.0,3.0,36.0,11.0,1,0,Small,0,0,0,0,0,50,0,0,15.0,LOW,1736
1884,Construction and upgradation of existing road to 2-lane with paved shoulder from existing chainage Km 509.725 to Km 528.000 design chainage Km 490.550 to Km 507.850 of NH-58 new NH-07 Benakuli bend to Mana Village in EPC mode under Chardham Programme in the State of Uttarakhand.,MoRTH,Uttarakhand,2019-02-01,2019-11-01,2021-10-01,,180.1,180.1,0.0,95.0,MoRTH,618208,-,0.0,0.0,0.0,180.1,-95.0,23.0,9.0,77.0,,0,0,Small,0,0,0,0,0,50,0,0,15.0,LOW,1736
1246,Aroor-Thuravoor Thekku,National Highways Authority of India [NHAI],Kerala,2022-08-01,2023-02-01,2026-01-01,2026-12-01,2429.52,2382.83,1760.92,83.93,National Highways Authority of India [NHAI],618604,N24001648,-46.690000000000055,-1.921778787579442,73.90036217438927,621.9099999999999,-10.029637825610736,35.0,6.0,38.0,11.0,1,0,Large,0,0,0,0,0,50,0,0,15.0,LOW,1736
1710,Widening to two/four lane with paved shoulder from Km.180.600 to Km.223.000 of NH-63 on Nizamabad-Jagadalpur road on EPC mode under NHO in the state of Telangana.,MoRTH,Telangana,2016-10-01,2017-03-01,2019-03-01,,253.99,183.26,0.0,100.0,MoRTH,617936,N24000981,-70.73000000000002,-27.84755305326982,0.0,183.26,-100.0,24.0,5.0,109.0,,0,0,Small,0,0,0,0,0,50,0,0,15.0,LOW,1736
716,3rd & 4th line between Sarla - Sason [8 km] [PB 73/2023-24/NR],East Coast Railway [ECoR] - II,Odisha,2023-04-01,2023-04-01,2025-12-01,,252.0,252.0,117.3,86.0,East Coast Railway [ECoR] - II,612834,-,0.0,0.0,46.54761904761905,134.7,-39.45238095238095,32.0,0.0,36.0,,0,0,Small,0,0,0,0,0,50,0,0,15.0,LOW,1736
1874,Construction of Rudraprayag tunnel of length 900.30 MTR including approaches and one major bridge on river Alaknanda connecting NH-107/old-109 to NH-07old-58 on EPC mode in the state of Uttarakhand.,MoRTH,Uttarakhand,2021-02-01,2023-01-01,2025-07-01,2026-05-01,251.88,251.88,0.0,99.0,MoRTH,617967,-,0.0,0.0,0.0,251.88,-99.0,30.0,23.0,39.0,10.0,1,0,Small,0,0,0,0,0,50,0,0,15.0,LOW,1736
116,INTEGRATED LAKHANPUR-BELPAHAR-,Mahanadi Coalfields Limited [MCL],Odisha,2018-05-01,2018-05-01,2027-03-01,,2434.75,2434.75,2002.75,79.05,Mahanadi Coalfields Limited [MCL],400187,N06000167,0.0,0.0,82.25690522640929,432.0,3.2069052264092903,106.0,0.0,95.0,,0,0,Large,0,0,0,0,0,50,0,0,15.0,LOW,1736
126,Kalyanikhani Opencast Project,Singareni Collieries Company Limited [SCCL],Telangana,2016-03-01,2017-05-01,2026-03-01,,384.32,384.32,291.01,75.0,Singareni Collieries Company Limited [SCCL],615858,N06000213,0.0,0.0,75.72075353871773,93.31,0.7207535387177302,106.0,14.0,107.0,,0,0,Small,0,0,0,0,0,50,0,0,15.0,LOW,1736
1852,Construction of Four Lane Highway form Ghazipur- Ballia-UP/Bihar State Border Greenfield section of NH-31 Package I [from Hridaipur km 0.000 to Shahapur km 42.500] on EPC Mode in the state of Uttar Pradesh.,National Highways Authority of India [NHAI],Uttar Pradesh,2022-10-01,2023-07-01,2025-07-01,2026-06-01,1706.47,1579.59,844.84,99.11,National Highways Authority of India [NHAI],618883,N24002086,-126.88000000000012,-7.435231794288802,53.48476503396451,734.7499999999999,-45.62523496603549,24.0,9.0,33.0,11.0,1,0,Large,0,0,0,0,0,50,0,0,15.0,LOW,1736
700,Gwalior - Seopurkala with extension to Kota [Gauge Conversion],North Central Railway,"Multi-States
(Madhya Pradesh,
Rajasthan)",2011-03-01,2018-07-01,2025-03-01,2026-02-01,2913.0,2913.0,2213.55,92.0,North Central Railway,705419,N22000148,0.0,0.0,75.98867147270856,699.4499999999998,-16.01132852729144,80.0,88.0,93.0,11.0,1,0,Large,0,0,0,0,0,50,0,0,15.0,LOW,1736
1678,Dindigul Bypass - Samyanallore from km. 373.275 to km. 426.00,National Highways Authority of India [NHAI],Tamil Nadu,2005-06-01,2006-07-01,2009-01-01,,579.0,295.5,1.4,100.0,National Highways Authority of India [NHAI],618562,-,-283.5,-48.96373056994819,0.4737732656514382,294.1,-99.52622673434855,30.0,13.0,237.0,,0,0,Medium,0,0,0,0,0,50,0,0,15.0,LOW,1736
1682,Trichy 135.800 to Karur 218.000 section of NH-67 - Trichy Bypass,National Highways Authority of India [NHAI],Tamil Nadu,2006-12-01,2007-07-01,2024-10-01,,876.88,360.88,66.59,100.0,National Highways Authority of India [NHAI],618743,-,-516.0,-58.84499589453517,18.45211704721791,294.28999999999996,-81.54788295278209,207.0,7.0,225.0,,0,0,Medium,0,0,0,0,0,50,0,0,15.0,LOW,1736
331,Establishment of NIT Nagaland,NIT Nagaland,Nagaland,2009-09-01,2014-12-01,2025-12-01,,275.63,275.63,263.25,98.0,NIT Nagaland,613013,-,0.0,0.0,95.50847150165076,12.379999999999995,-2.49152849834924,132.0,63.0,136.0,,0,0,Small,0,0,0,0,0,50,0,0,15.0,LOW,1736
85,AMALGAMATED YEKONA I & YEKONA,Western Coalfields Limited [WCL],Maharashtra,2015-08-01,2015-08-01,2025-03-01,2026-03-01,727.28,727.28,563.25,80.77,Western Coalfields Limited [WCL],400177,N06000132,0.0,0.0,77.44610053899461,164.02999999999997,-3.3238994610053822,115.0,0.0,128.0,12.0,1,0,Medium,0,0,0,0,0,50,0,0,15.0,LOW,1736
550,Samastipur-Darbhanga Doubling Railway Project,East Central Railway [ECR] - I,Bihar,2015-11-01,2015-12-01,2025-03-01,2025-10-01,519.0,519.0,401.84,97.0,East Central Railway [ECR] - I,705526,N22000329,0.0,0.0,77.42581888246627,117.16000000000004,-19.57418111753373,111.0,1.0,124.0,7.0,1,0,Medium,0,0,0,0,0,50,0,0,15.0,LOW,1736
1637,"Construction of Two lane with Paved Shoulder for Fatehpur Bypass Design Km 0.000 to Km 7.400 , Mandawa Bypass Design Km 20.925 to Km 27.300 & Jhunjhunu Bypass Design Km 41.625 to Km 54.689 of NH-11 on EPC Mode in the state of Rajasthan .",MoRTH,Rajasthan,2022-03-01,2023-02-01,2024-08-01,2025-08-01,186.29,186.29,66.7,100.0,MoRTH,617891,N24001866,0.0,0.0,35.80439100327447,119.59,-64.19560899672553,18.0,11.0,38.0,12.0,1,0,Small,0,0,0,0,0,50,0,0,15.0,LOW,1736
1894,"Construction for Mitigation Measures of 5 Nos. Landslides, 05 No. Sinking Zones and 01 No. Bridge from Ch. 450.00 to Ch. 468.00 18 Km. Length on NH-07 Package-III",NHIDCL,Uttarakhand,2023-12-01,2024-06-01,2025-12-01,2026-12-01,250.33,250.33,0.0,82.25,NHIDCL,618391,N24002164,0.0,0.0,0.0,250.33,-82.25,18.0,6.0,22.0,12.0,1,0,Small,0,0,0,0,0,50,0,0,15.0,LOW,1736
838,6L Access Controlled Greenfield Highway from Vanavolu Ch. 24300 to Vankarakunta Ch. 45700 of [NH-544G] Package-2,National Highways Authority of India [NHAI],Andhra Pradesh,2023-01-01,2024-03-01,2026-03-01,2026-11-01,750.81,626.91,226.46,82.18,National Highways Authority of India [NHAI],618717,N24001842,-123.89999999999998,-16.502177648140005,36.12320747794739,400.44999999999993,-46.05679252205261,24.0,14.0,25.0,8.0,1,0,Medium,0,0,0,0,0,50,0,0,15.0,LOW,1736
934,Construction of proposed 4Lane Revelgunj bypass NH-19 in the State of Bihar on EPC mode connecting NH 19 to 85 origin,MoRTH,Bihar,2022-03-01,2023-07-01,2025-07-01,2026-06-01,295.24,295.24,33.07,81.7,MoRTH,617897,N24001879,0.0,0.0,11.201056767375697,262.17,-70.49894323262431,24.0,16.0,33.0,11.0,1,0,Small,0,0,0,0,0,50,0,0,15.0,LOW,1736
936,Rehabilitation & Widening work for 2 Lane with Paved Shoulder of Existing NH-80 from km 70.15 to Km 121.025 of Munger-Suttanganj -BhagatpurMirzachowki section on EPC Mode in the State of Bihar.,MoRTH,Bihar,2021-03-01,2023-02-01,2025-01-01,,477.54,477.54,311.39,95.66,MoRTH,617959,N24001875,0.0,0.0,65.2071030698999,166.15000000000003,-30.452896930100096,23.0,23.0,38.0,,0,0,Small,0,0,0,0,0,50,0,0,15.0,LOW,1736
833,6L Access Controlled Greenfield Highway from Kodur Ch. 0000 to Vanavolu Ch. 24300 of [NH-544G] Package-1,National Highways Authority of India [NHAI],Andhra Pradesh,2023-01-01,2024-02-01,2026-02-01,2026-12-01,912.94,798.25,333.15,85.01,National Highways Authority of India [NHAI],618712,N24001841,-114.69000000000004,-12.562709488027696,41.73504541183839,465.1,-43.27495458816161,24.0,13.0,26.0,10.0,1,0,Medium,0,0,0,0,0,50,0,0,15.0,LOW,1736
321,"Construction of permanent campus of Central University of Gujarat at Village kundhela, Dist. Vadodara, Gujarat.",Central University of Gujarat,Gujarat,2020-12-01,2021-02-01,2025-03-01,2026-03-01,490.63,490.63,335.08,85.0,Central University of Gujarat,612916,-,0.0,0.0,68.29586450074395,155.55,-16.704135499256054,49.0,2.0,62.0,12.0,1,0,Small,0,0,0,0,0,50,0,0,15.0,LOW,1736
684,MUMBAI CENTRAL VIRAR VADODARA AHMEDABAAD TRAIN PROTECTION SYSTEM 500 RKM,Western Railway,"Multi-States
(Gujarat,
Maharashtra)",2019-09-01,2023-03-01,2025-12-01,2026-12-01,311.0,311.0,263.42,93.0,Western Railway,611452,N22000434,0.0,0.0,84.70096463022509,47.579999999999984,-8.299035369774913,33.0,42.0,37.0,12.0,1,0,Small,0,0,0,0,0,50,0,0,15.0,LOW,1736
1768,Construction of Jasra Bypass with four lane paved shoulder configurationfrom Km 379.670 on NH-76New NH-35 to Km 18.00 on NH-27New NH-30 on EPC in the State of Uttar Pradesh.,MoRTH,Uttar Pradesh,2023-02-01,2024-03-01,2025-09-01,,274.06,274.06,0.0,91.85,MoRTH,617957,N24002120,0.0,0.0,0.0,274.06,-91.85,18.0,13.0,25.0,,0,0,Small,0,0,0,0,0,50,0,0,15.0,LOW,1736
471,Establishment of new GMC Rajgarh,"Medical Education, Ministry of Health and Family Welfare",Madhya Pradesh,2021-12-01,2022-11-01,2024-04-01,,325.0,325.0,178.0,84.0,"Medical Education, Ministry of Health and Family Welfare",707058,-,0.0,0.0,54.769230769230774,147.0,-29.230769230769223,17.0,11.0,41.0,,0,0,Small,0,0,0,0,0,50,0,0,15.0,LOW,1736
819,Two laning with paved shoulders of Gondiguda to Araku uptoBhallaguda section of NH 516E,MoRTH,Andhra Pradesh,2020-08-01,2021-09-01,2023-09-01,2024-04-01,296.66,289.11,237.52,91.5,MoRTH,618258,N24001956,-7.550000000000011,-2.5450010112586834,82.1555809207568,51.59,-9.344419079243195,24.0,13.0,55.0,7.0,1,0,Small,0,0,0,0,0,50,0,0,15.0,LOW,1736
538,Doubling of New Bonggigaon to Kamakhya via Goalpara - 176 km,Northeast Frontier Railway [NFR],Assam,2016-09-01,2016-09-01,2026-03-01,2026-03-01,4060.0,4961.0,3797.35,95.13,Northeast Frontier Railway [NFR],705572,N22000388,901.0,22.192118226600986,76.54404353960895,1163.65,-18.58595646039105,114.0,0.0,115.0,0.0,0,1,Large,0,0,0,0,50,0,0,0,15.0,LOW,1736
486,"Construction of 200 Bedded [Upgradable to 500 Bedded including 50 beds of SST] ESIC Hospital at Bibewadi, Pune",Employee's State Insurance Company [ESIC],Maharashtra,2018-05-01,2023-03-01,2025-09-01,2026-08-01,429.25,429.25,341.9,78.0,Employee's State Insurance Company [ESIC],612188,-,0.0,0.0,79.65055329062317,87.35000000000002,1.650553290623165,30.0,58.0,37.0,11.0,1,0,Small,0,0,0,0,0,50,0,0,15.0,LOW,1736
49,Pachwara South Coal Block,NLC India Limited [NLCIL],Jharkhand,2016-03-01,2019-11-01,2028-09-01,,2242.9,2242.9,1365.83,87.0,NLC India Limited [NLCIL],400142,N06000193,0.0,0.0,60.89571536849614,877.0700000000002,-26.10428463150386,106.0,44.0,77.0,,0,0,Large,0,0,0,0,0,50,0,0,15.0,LOW,1736
797,4-laning of Puttaparthi-Koduru Section of NH-342,MoRTH,Andhra Pradesh,2022-10-01,2023-11-01,2025-11-01,2026-06-01,1318.59,909.19,341.52,79.5,MoRTH,618013,-,-409.39999999999986,-31.048316762602468,37.56310562148725,567.6700000000001,-41.93689437851275,24.0,13.0,29.0,7.0,1,0,Large,0,0,0,0,0,50,0,0,15.0,LOW,1736
959,4L of Galgalia - Bahadurganj section from Km 0.000 to Km 49.000 Package-I of NH327E,National Highways Authority of India [NHAI],Bihar,2021-01-01,2022-01-01,2024-01-01,,1282.97,1282.97,599.36,100.0,National Highways Authority of India [NHAI],618582,-,0.0,0.0,46.71660288237449,683.61,-53.28339711762551,24.0,12.0,51.0,,0,0,Large,0,0,0,0,0,50,0,0,15.0,LOW,1736
820,Two laning with paved shoulders of Paderu to GundigudaSection of NH 516E,MoRTH,Andhra Pradesh,2020-08-01,2021-03-01,2023-03-01,2024-03-01,222.61,222.61,122.52,100.0,MoRTH,618259,N24001386,0.0,0.0,55.03795876196037,100.09000000000002,-44.96204123803963,24.0,7.0,61.0,12.0,1,0,Small,0,0,0,0,0,50,0,0,15.0,LOW,1736
515,Revamping of old sub-systems of Blast Furnace 3 at Bokaro Steel Plant,Steel Authority of India Limited [SAIL],Jharkhand,2023-08-01,2023-10-01,2025-07-01,2026-05-01,513.82,513.82,408.4,97.3,Steel Authority of India Limited [SAIL],617253,N12000129,0.0,0.0,79.48308746253551,105.42000000000009,-17.81691253746449,21.0,2.0,30.0,10.0,1,0,Medium,0,0,0,0,0,50,0,0,15.0,LOW,1736
530,3rd & 4th line between Vadlapudi -Gate Jn. cabin and Tie line between Gate Junction to Gangavaram port,East Coast Railway [ECoR] - II,Andhra Pradesh,2023-04-01,2024-03-01,2026-06-01,,154.28,154.28,58.16,75.0,East Coast Railway [ECoR] - II,616697,-,0.0,0.0,37.697692507129894,96.12,-37.302307492870106,27.0,11.0,25.0,,0,0,Small,0,0,0,0,0,50,0,0,15.0,LOW,1736
993,Rehabilitation and Upgradation of Chorma - Bairgania Section of National Highway No 227F to 2 lane with paved shoulders from Design Ch.0.000 to Ch. 34.566,National Highways Authority of India [NHAI],Bihar,2022-06-01,2024-02-01,2026-01-01,2026-05-01,610.78,628.65,328.56,99.5,National Highways Authority of India [NHAI],619136,-,17.870000000000005,2.9257670519663392,52.2643760439036,300.09,-47.2356239560964,23.0,20.0,26.0,4.0,1,1,Medium,0,0,0,0,25,25,0,0,15.0,LOW,1736
1445,Improvement/Widening to 2-L with Paved Shoulder/4-L from Km 81740 to Km 93490 design Km 0000 to Km 10670 of NH-40 New NH-106 & 206 section & 4-L from design Km 0.00 to Km 0.930 of NH-44 section between Shillong-Dawki under JICA ODA Loan assistance Phase-II -Balance Work Pkg-1,NHIDCL,Meghalaya,2020-07-01,2023-10-01,2025-10-01,2026-05-01,351.12,351.12,0.0,93.06,NHIDCL,618377,N24001313,0.0,0.0,0.0,351.12,-93.06,24.0,39.0,30.0,7.0,1,0,Small,0,0,0,0,0,50,0,0,15.0,LOW,1736
795,Construction of bypass road to Adoni town connecting NH-167 Hagari - Jadcharla road from km.62/700 to 71/400 in Kurnool District in the State of Andhra Pradesh.,MoRTH,Andhra Pradesh,2023-03-01,2024-02-01,2025-11-01,,242.0,242.0,78.49,95.94,MoRTH,617990,N24002025,0.0,0.0,32.43388429752066,163.51,-63.506115702479335,21.0,11.0,26.0,,0,0,Small,0,0,0,0,0,50,0,0,15.0,LOW,1736
986,4L Greenfield starting from NH-30 near Saristabad Patna to Nathupur Project end point of Patna-Gaya-Dobhi Section of NH-83,National Highways Authority of India [NHAI],Bihar,2023-07-01,2024-03-01,2025-08-01,2026-06-01,488.24,419.66,82.7,80.83,National Highways Authority of India [NHAI],618917,-,-68.57999999999998,-14.046370637391442,19.70642901396368,336.96000000000004,-61.12357098603631,17.0,8.0,25.0,10.0,1,0,Small,0,0,0,0,0,50,0,0,15.0,LOW,1736
359,"Grass Root Rail-fed Depot at Sekerkote, Agartala as resitement of existing Dharmanagar Depot",Indian Oil Corporation Limited [IOCL],Tripura,2022-06-01,2022-06-01,2025-09-01,2026-06-01,656.0,656.0,537.17,97.0,Indian Oil Corporation Limited [IOCL],400035,N16000495,0.0,0.0,81.88567073170732,118.83000000000004,-15.114329268292678,39.0,0.0,46.0,9.0,1,0,Medium,0,0,0,0,0,50,0,0,15.0,LOW,1736
1118,"Construction of 4 lane with paved shoulder from Existing Ch. 14200 to 24320 Design Ch. 14200 to 24400, Ch. 33760 to 42780 Design Ch. 35300 to 44294 & Ch. 43440 to 47020 Design Ch. 44958 to 48500 Delina Flyover including construction of flyover length 1.704 km of total length 22.736 kms in AOR of 760 BRTF on road SRINAGAR BARAMULA URI NH-01 in the UT of Jammu & Kashmir under project BEACON, Border Roads Organization BRO Package-IJob No NH-1-J&K-2022-23-110",MoRTH,"Jammu and
Kashmir",2022-06-01,2023-08-01,2025-08-01,2026-08-01,823.46,823.46,262.57,83.0,MoRTH,618205,N24001998,0.0,0.0,31.886187550093503,560.8900000000001,-51.1138124499065,24.0,14.0,32.0,12.0,1,0,Medium,0,0,0,0,0,50,0,0,15.0,LOW,1736
1638,Upgradation to Two Lane Paved Shoulder in km 33/0 to 126/520 of NH-23 Old NH- 11B Kothun-Lalsot-Karoli-Dholpur road in the state of Rajasthan under EPC mode Length-93.52 Km.,MoRTH,Rajasthan,2021-12-01,2022-09-01,2024-09-01,2025-09-01,150.11,150.11,12.2,97.0,MoRTH,617900,N24001530,0.0,0.0,8.12737325960962,137.91000000000005,-88.87262674039039,24.0,9.0,43.0,12.0,1,0,Small,0,0,0,0,0,50,0,0,15.0,LOW,1736
507,Replacement of Hot Leveller No.1 of Plate Mill at Bhilai Steel Plant,Steel Authority of India Limited [SAIL],Chhattisgarh,2024-07-01,2024-08-01,2026-07-01,,198.62,198.62,75.16,79.73,Steel Authority of India Limited [SAIL],617243,N12000137,0.0,0.0,37.84110361494311,123.46,-41.888896385056896,23.0,1.0,20.0,,0,0,Small,0,0,0,0,0,50,0,0,15.0,LOW,1736
1825,Strengthening of existing 4L Ayodhya Bypass Section from design Km. 121 600 to Km. 144020 of NH 28 New NH 27Pkg-3,NHAI,Uttar Pradesh,2023-03-01,2023-09-01,2025-03-01,2025-08-01,526.45,281.13,259.66,81.85,NHAI,618565,N24002097,-245.32000000000005,-46.5989172760946,92.36296375342368,21.46999999999997,10.51296375342369,18.0,6.0,31.0,5.0,1,0,Medium,0,0,0,0,0,25,0,40,13.5,LOW,1838
1938,"Sewer Networks, SPS and STP at Hajipur",National Mission for Clean Ganga,Bihar,2010-03-01,2018-03-01,2025-06-01,2025-12-01,305.19,305.19,346.46,95.0,National Mission for Clean Ganga,616616,N30000035,0.0,0.0,113.52272354926438,-41.26999999999998,18.522723549264384,87.0,96.0,97.0,6.0,1,0,Small,0,0,1,0,0,25,0,40,13.5,LOW,1838
642,Nagpur- Nagbhir Railway Line Gauge Conversion Project,MRIDC,Maharashtra,2019-10-01,2020-04-01,2025-12-01,2025-12-01,1400.0,1400.0,1472.0,80.0,MRIDC,705799,N22000629,0.0,0.0,105.14285714285714,-72.0,25.14285714285714,68.0,6.0,72.0,0.0,0,0,Large,0,1,1,0,0,0,0,75,11.25,LOW,1840
683,Chhota Udaipur - Dhar New Line Project [157 km],Western Railway [WR] - II,"Multi-States
(Gujarat, Madhya
Pradesh)",2008-11-01,2014-01-01,2025-12-01,2025-12-01,1794.0,1794.0,1819.63,80.3,Western Railway [WR] - II,705454,N22000138,0.0,0.0,101.42865105908584,-25.63000000000011,21.128651059085858,143.0,62.0,147.0,0.0,0,0,Large,0,1,1,0,0,0,0,75,11.25,LOW,1840
621,Nimach-Ratlam Doubling [133 Km],Western Railway [WR] - II,Madhya Pradesh,2021-10-01,2021-10-01,2027-10-01,2027-10-01,1095.88,1095.88,1284.91,94.0,Western Railway [WR] - II,705933,N22000536,0.0,0.0,117.24915136693798,-189.02999999999997,23.24915136693798,72.0,0.0,54.0,0.0,0,0,Large,0,1,1,0,0,0,0,75,11.25,LOW,1840
347,Capacity Augmentation of Kandla LPG Import Terminal [KLIT] from 0.6 MMTPA to 2.5 MMTPA,Ministry of Petroleum & Natural Gas,Gujarat,2023-05-01,2023-05-01,2026-07-01,2026-07-01,356.86,304.4,72.32,66.0,Ministry of Petroleum & Natural Gas,617839,-,-52.46000000000003,-14.700442750658532,23.758212877792374,232.08,-42.241787122207626,38.0,0.0,35.0,0.0,0,0,Small,0,0,0,0,0,0,40,0,10.0,LOW,1843
349,Setting up of 50 MW [plus/minus 5 percent] Wind Power Plant for Captive Consumption at MR,MinistryofPetroleumNaturalGas,Maharashtra,2023-05-01,2023-05-01,2027-04-01,2027-04-01,483.14,483.14,287.79,57.9,MinistryofPetroleumNaturalGas,619313,-,0.0,0.0,59.56658525479158,195.34999999999997,1.6665852547915847,47.0,0.0,35.0,0.0,0,0,Small,0,0,0,0,0,0,40,0,10.0,LOW,1843
1258,Construction of Rewa Bypass to 4-lane with paved shoulder along with service road from Ratahara Chowk to Chorhata Chowk Road section of NH-30 from km 00.000 to 19.200 in the State of Madhya Pradesh on Hybrid Annuity Mode HAM.,MoRTH,Madhya Pradesh,2024-03-01,2025-02-01,2027-02-01,2027-02-01,648.05,648.05,0.0,50.0,MoRTH,617909,-,0.0,0.0,0.0,648.05,-50.0,24.0,11.0,14.0,0.0,0,0,Medium,0,0,0,0,0,0,40,0,10.0,LOW,1843
271,Construction Bangalore Metro Rail Project Phase-2A & 2B,Bengaluru Metro Rail,Karnataka,2021-06-01,2019-01-01,2026-06-01,2026-06-01,14788.1,14788.1,10276.44,65.0,Bengaluru Metro Rail,702665,N28000151,0.0,0.0,69.49128015093217,4511.66,4.49128015093217,89.0,-29.0,87.0,0.0,0,0,Mega,0,0,0,0,0,0,40,0,10.0,LOW,1843
1363,Widening and strengthening of Gangakhed to Kingaon section of NH-752K in Km 38/750 to 72/304 Flexible Pavement Length33.554 km to 2-lane configuration on EPC mode in the State of Maharashtra.,MoRTH,Maharashtra,2024-02-01,2024-12-01,2026-06-01,2026-05-01,162.67,162.67,0.0,72.0,MoRTH,618178,-,0.0,0.0,0.0,162.67,-72.0,18.0,10.0,16.0,-1.0,0,0,Small,0,0,0,0,0,0,40,0,10.0,LOW,1843
1895,"Construction for Mitigation Measures of 5 Nos. Landslides, 5 Nos. Sinking Zones in between Ch. 433.00 to 450.00 BANERPANI VILLAGE on NH-07 on EPC mode in the state of Uttarakhand Package-2",NHIDCL,Uttarakhand,2023-12-01,2024-12-01,2026-06-01,2026-06-01,259.64,259.64,0.0,59.75,NHIDCL,618392,N24002206,0.0,0.0,0.0,259.64,-59.75,18.0,12.0,16.0,0.0,0,0,Small,0,0,0,0,0,0,40,0,10.0,LOW,1843
376,"Setting up of LPG Plant with Rail Unloading Facility at Hathua, Dist. Gopalganj, Bihar",MinistryofPetroleumNaturalGas,Bihar,2023-10-01,2023-10-01,2027-03-01,2027-03-01,340.15,340.15,167.24,51.0,MinistryofPetroleumNaturalGas,617304,-,0.0,0.0,49.16654417168896,172.90999999999997,-1.8334558283110385,41.0,0.0,30.0,0.0,0,0,Small,0,0,0,0,0,0,40,0,10.0,LOW,1843
1356,Development/Widening of Talegaon Chakan Shikrapur Nhavara Section of NH-548D from existing chainage km. 54/000 to 82/300 and Design chainage Km. 54/000 to 82/120 Shikrapur to Nhavara Section to 2LPS/4L Configuration on EPC Mode in the State of Maharashtra.,MoRTH,Maharashtra,2024-03-01,2025-01-01,2026-07-01,2026-07-01,396.17,396.17,85.57,70.8,MoRTH,618155,-,0.0,0.0,21.59931342605447,310.6,-49.20068657394553,18.0,10.0,15.0,0.0,0,0,Small,0,0,0,0,0,0,40,0,10.0,LOW,1843
1914,Balance Works of 4L of NH-31D from Km. 113.200 to Km. 154.854 Package-II A Ghoshpukur-Salsalabari Section,National Highways Authority of India [NHAI],West Bengal,2023-11-01,2024-12-01,2027-06-01,2027-06-01,1818.46,962.31,426.06,55.2,National Highways Authority of India [NHAI],618574,-,-856.1500000000001,-47.08104659987023,44.27471396951086,536.25,-10.92528603048914,30.0,13.0,16.0,0.0,0,0,Large,0,0,0,0,0,0,40,0,10.0,LOW,1843
1273,"Construction of Morena bypass, Ambah bypass & Porsa bypass Totat length 27.16 km Section of NH-552 Ext. to TWo lane with paved shoulder configuration in the state of Madhya Pradesh on EPC mode",MoRTH,Madhya Pradesh,2023-02-01,2024-10-01,2026-10-01,2026-10-01,492.66,492.66,0.0,69.25,MoRTH,618156,-,0.0,0.0,0.0,492.66,-69.25,24.0,20.0,18.0,0.0,0,0,Small,0,0,0,0,0,0,40,0,10.0,LOW,1843
1850,4L from Devinagar Bypass End Existing Km. 208.000 of NH 530B/Design Km. 66.000 to Kasganj Bypass End Existing Km.150.100 of NH 530B/ Design Km. 123.100 of NH 530B,National Highways Authority of India [NHAI],Uttar Pradesh,2023-03-01,2024-06-01,2026-06-01,2026-06-01,2289.52,2223.71,486.52,62.48,National Highways Authority of India [NHAI],618868,-,-65.80999999999995,-2.874401621300532,21.878752175418555,1737.19,-40.60124782458144,24.0,15.0,22.0,0.0,0,0,Large,0,0,0,0,0,0,40,0,10.0,LOW,1843
593,Bhiwani - Dobh Bahali Doubling Project [42.30 Km],North Western Railway [NWR],Haryana,2023-02-01,2023-02-01,2028-02-01,2028-02-01,471.0,471.0,263.12,72.0,North Western Railway [NWR],611884,N22000604,0.0,0.0,55.86411889596603,207.88,-16.13588110403397,60.0,0.0,38.0,0.0,0,0,Small,0,0,0,0,0,0,40,0,10.0,LOW,1843
599,Pradhan Kuntha Jn Line Doubling Project,East Central Railway [ECR] - I,Jharkhand,2022-11-01,2022-11-01,2027-11-01,2027-11-01,349.22,349.22,125.71,71.5,East Central Railway [ECR] - I,706837,N22000529,0.0,0.0,35.9973655575282,223.51000000000005,-35.5026344424718,60.0,0.0,41.0,0.0,0,0,Small,0,0,0,0,0,0,40,0,10.0,LOW,1843
633,Wadsa-Gadchiroli,South East Central Railway,Maharashtra,2017-05-01,2012-03-01,2027-03-01,2027-03-01,1886.0,1886.0,809.55,66.0,South East Central Railway,705479,N22000480,0.0,0.0,42.92417815482503,1076.45,-23.07582184517497,180.0,-62.0,169.0,0.0,0,0,Large,0,0,0,0,0,0,40,0,10.0,LOW,1843
667,Pirpainti - Jasidih [100.52 Km] New BG line,Eastern Railway [ER] - I,"Multi-States
(Bihar, Jharkhand)",2014-03-01,2022-03-01,2028-03-01,2028-03-01,2555.0,2555.0,1113.67,61.8,Eastern Railway [ER] - I,705385,N22000219,0.0,0.0,43.587866927592955,1441.33,-18.21213307240704,72.0,96.0,49.0,0.0,0,0,Large,0,0,0,0,0,0,40,0,10.0,LOW,1843
390,"Kalol Redevelopment Project, Ahmedabad Asset",Oil and Natural Gas Corporation Limited [ONGC],Gujarat,2022-08-01,2022-08-01,2027-03-01,2027-03-01,1487.41,1487.41,940.5,64.0,Oil and Natural Gas Corporation Limited [ONGC],709842,N16000481,0.0,0.0,63.23071648032486,546.9100000000001,-0.7692835196751417,55.0,0.0,44.0,0.0,0,0,Large,0,0,0,0,0,0,40,0,10.0,LOW,1843
705,Jhansi-Khairar-Manikpur & Khirar-Bhimsen,North Central Railway,"Multi-States
(Madhya Pradesh,
Uttar Pradesh)",2018-03-01,2019-04-01,2026-03-01,2026-03-01,4330.0,4330.0,2895.52,68.0,North Central Railway,705608,N22000495,0.0,0.0,66.87113163972286,1434.48,-1.1288683602771383,83.0,13.0,84.0,0.0,0,0,Large,0,0,0,0,0,0,40,0,10.0,LOW,1843
1336,"Strengthening, Widening & Up-gradation of newly declared NH-761 from NH- 61Junction-BelheAlkutiDevibhoyareNighojShirur, from Design chainage Km 0.000 to Km 37.970 from Single/Intermediate/2L to 2LPS in the State of Maharashtra on EPC Mode Length 37.970 Km",MoRTH,Maharashtra,2024-03-01,2025-03-01,2026-09-01,2026-09-01,386.16,386.16,30.86,56.86,MoRTH,618061,-,0.0,0.0,7.991506111456391,355.3,-48.86849388854361,18.0,12.0,13.0,0.0,0,0,Small,0,0,0,0,0,0,40,0,10.0,LOW,1843
748,Agra Fort-Bandikui Doubling Line Project,CAO/C/NCR,Rajasthan,2022-06-01,2021-02-01,2027-06-01,2027-06-01,1390.0,1390.0,477.04,54.0,CAO/C/NCR,705919,N22000553,0.0,0.0,34.319424460431655,912.96,-19.680575539568345,76.0,-16.0,62.0,0.0,0,0,Large,0,0,0,0,0,0,40,0,10.0,LOW,1843
1333,"Widening, Reconstruction & Up-gradation to 2 lane with Paved Shoulder/Four Lane configuration for the work of Ahmednagar to Sabalkhed & Ashti to Chinchpur Section of NH-561 from Design km 2915 to km 37728 & Design km 55100 to km 70000 in the State of Maharashtra on EPC mode. Length 49.713 km",MoRTH,Maharashtra,2024-03-01,2025-05-01,2027-05-01,2027-05-01,657.16,657.16,0.0,72.2,MoRTH,618047,-,0.0,0.0,0.0,657.16,-72.2,24.0,14.0,11.0,0.0,0,0,Medium,0,0,0,0,0,0,40,0,10.0,LOW,1843
1004,Up-gradation to Two/Four lane with paved shoulder Configuration of Kondagaon- Narayanpur from design ch. 0.00 - 48.693 Design Length 47.493 Km. 1.20 Km. retained on NH-130D under EPC mode in the State Chhattisgarh.,MoRTH,Chhattisgarh,2022-12-01,2025-03-01,2027-03-01,2027-03-01,322.4,322.4,1.1,62.0,MoRTH,617971,-,0.0,0.0,0.3411910669975186,321.29999999999995,-61.65880893300248,24.0,27.0,13.0,0.0,0,0,Small,0,0,0,0,0,0,40,0,10.0,LOW,1843
1330,"Rehabilitation, upgradation & widening of existing highway to 2L/4LPS Rigid Pavement of NH 160 section- Phaltan to Mhaisal near Karnataka Border including Tasgaon Bypass, from existing chainage Km 301/430 to Km 458/415 in the State of Maharashtra. Package-I starting from existing chainage Km 301/430 at Phaltan Village Junction of Phaltan Baramati Road Design Chainage -301/430km & ending at existing chainage Km 341/300 Dahiwadi Village Bus Stop Design chainage Km 340466km in the S",MoRTH,Maharashtra,2024-03-01,2025-05-01,2027-05-01,2026-11-01,533.76,533.76,0.0,68.95,MoRTH,617979,-,0.0,0.0,0.0,533.76,-68.95,24.0,14.0,11.0,-6.0,0,0,Medium,0,0,0,0,0,0,40,0,10.0,LOW,1843
1329,"Rehabilitation, upgradation & widening of existing highway to 2L/4LPS Rigid Pavement of NH 160 section- Phaltan to Mhaishal near Karnataka Border including Tasgaon Bypass, from existing chainage Km 301/430 to Km 458/415 in the State of Maharashtra- Package-II & Package III combined- starting from existing chainage Km 341/300 to Km 394/130 and design chainage Km 340/250 at Dahiwadi Village to Km 392/950 ending at Vita Village in the State of Maharashtra on EPC Mode.",MoRTH,Maharashtra,2024-03-01,2025-05-01,2027-05-01,2027-05-01,631.76,631.76,187.58,74.54,MoRTH,617978,-,0.0,0.0,29.69165505888312,444.1799999999999,-44.848344941116885,24.0,14.0,11.0,0.0,0,0,Medium,0,0,0,0,0,0,40,0,10.0,LOW,1843
1642,Up-gradation to 2 lane with paved shoulder from Neechli Oden Nathdwara at Design Km 88.800 existing km 55.95 to Bhatewar at Design Km 142.028 existing km 0.00 of NH-162E in the State of Rajasthan on EPC mode.,MoRTH,Rajasthan,2023-02-01,2024-10-01,2026-10-01,2026-10-01,606.61,606.61,0.0,52.5,MoRTH,618092,N24002168,0.0,0.0,0.0,606.61,-52.5,24.0,20.0,18.0,0.0,0,0,Medium,0,0,0,0,0,0,40,0,10.0,LOW,1843
1641,Upgradation to Two-lane with paved shoulder of Hanumangarh to Kenchiyan section from Km 0.000existing chainage-Km 23.200 to Km 49.605existing chainage-Km 74.645 of NH-54 in the State of Rajasthan on EPC mode.,MoRTH,Rajasthan,2022-03-01,2024-10-01,2026-10-01,2026-10-01,334.64,334.64,0.0,68.0,MoRTH,618069,N24002167,0.0,0.0,0.0,334.64,-68.0,24.0,31.0,18.0,0.0,0,0,Small,0,0,0,0,0,0,40,0,10.0,LOW,1843
949,"Pre-Construction activities from Km 134.000 to Km 190.233 of NH-333A and Construction of 4 no. of Bypasses at Katoria, Lakhpura, Banka & Panjwara total length-14.359 Km to two lane with paved shoulders standard in State of Bihar.",MoRTH,Bihar,2022-11-01,2024-12-01,2026-12-01,2026-12-01,479.37,479.37,0.0,58.0,MoRTH,618126,-,0.0,0.0,0.0,479.37,-58.0,24.0,25.0,16.0,0.0,0,0,Small,0,0,0,0,0,0,40,0,10.0,LOW,1843
939,Construction of 4 Lane ROB and its approaches at the level crossing LC No 29 B of Km 29 Ekangarsarai at NH 110 New NH 33 & Railway Km 32.63 at Fatwa FUT Islampur IPR section in the state of Bihar on EPC mode.,MoRTH,Bihar,2023-03-01,2024-07-01,2026-07-01,2026-07-01,201.08,201.08,0.01,58.0,MoRTH,617969,N24002193,0.0,0.0,0.0049731450169086,201.07,-57.99502685498309,24.0,16.0,21.0,0.0,0,0,Small,0,0,0,0,0,0,40,0,10.0,LOW,1843
931,Construction of 4-Lane Badarpur Bypass from Design Chainage km 27300 at crossing with NH-6 Old NH-44 Near Siddeswar Pt.-I Village to Design Chainage km 38600 on NH-37 Old NH-44 at Kandigram Chaita Village on Silchar - Churaibari stretch in the State of Assam on EPC Mode under Bharatmala Pariyojana in Economic Corridors Silchar- Churaibari Pkg-3,NHIDCL,Assam,2023-02-01,2024-02-01,2026-08-01,2026-08-01,574.26,574.26,316.32,71.09,NHIDCL,619057,N24002129,0.0,0.0,55.08306342075018,257.94,-16.006936579249825,30.0,12.0,26.0,0.0,0,0,Medium,0,0,0,0,0,0,40,0,10.0,LOW,1843
1583,"Construction of 6-lane flyover at Ainthapali junction and a 2-lane ROB LHS on NH-53 Earlier NH-6 in Sambalpur, on EPC mode in Odisha under NHO",National Highways Authority of India [NHAI],Odisha,2024-03-01,2024-06-01,2026-12-01,2026-12-01,374.17,211.74,97.05,50.0,National Highways Authority of India [NHAI],618591,-,-162.43,-43.410749124729406,45.834514026636434,114.69,-4.165485973363566,30.0,3.0,22.0,0.0,0,0,Small,0,0,0,0,0,0,40,0,10.0,LOW,1843
914,"Construction of 4-Lane Bridge including approaches over River Brahmaputra between Dhubri on North Bank,Assam and Phulbari on south Bank,Meghalaya on NH-127B under JICA ODA Loan assistance Phase-III",NHIDCL,Assam,2019-05-01,2020-12-01,2028-09-01,2028-09-01,4997.04,4997.04,2808.4,74.36,NHIDCL,618373,N24001326,0.0,0.0,56.201271152522295,2188.64,-18.158728847477704,93.0,19.0,64.0,0.0,0,0,Large,0,0,0,0,0,0,40,0,10.0,LOW,1843
1324,Balance work of NH-66 from design Km 84/00 to Km 87/100 Indapur Bypass and Km 91/600 to Km 99/100 Mangaon Bypass to four lane with paved shoulder in State of Maharashtra under NHO on EPC Mode.,MoRTH,Maharashtra,2025-03-01,2025-10-01,2027-04-01,2027-04-01,354.21,354.21,0.0,52.09,MoRTH,617945,-,0.0,0.0,0.0,354.21,-52.09,18.0,7.0,6.0,0.0,0,0,Small,0,0,0,0,0,0,40,0,10.0,LOW,1843
567,4TH LINE - DADHAPARA-BELHA [9.2 KM] [PB-72/NR/2022-23],SECR,Chhattisgarh,2022-09-01,2024-05-01,2026-11-01,2026-11-01,169.06,169.06,22.52,65.0,SECR,709817,N22000576,0.0,0.0,13.320714539216846,146.54,-51.67928546078315,30.0,20.0,23.0,0.0,0,0,Small,0,0,0,0,0,0,40,0,10.0,LOW,1843
447,Bulk Loading Hub- Kanpur,MinistryofPetroleumNaturalGas,Uttar Pradesh,2025-09-01,2025-09-01,2027-09-01,2027-09-01,186.0,186.0,92.47,54.0,MinistryofPetroleumNaturalGas,619312,-,0.0,0.0,49.71505376344086,93.53,-4.2849462365591435,24.0,0.0,7.0,0.0,0,0,Small,0,0,0,0,0,0,40,0,10.0,LOW,1843
391,"Revamping of SV Stations, Gas Terminal & Kribhco Terminal",Oil and Natural Gas Corporation Limited [ONGC],Gujarat,2022-11-01,2022-11-01,2026-08-01,2026-08-01,837.34,837.34,445.89,67.7,Oil and Natural Gas Corporation Limited [ONGC],709845,N16000514,0.0,0.0,53.25077029641483,391.4500000000001,-14.449229703585177,45.0,0.0,41.0,0.0,0,0,Medium,0,0,0,0,0,0,40,0,10.0,LOW,1843
405,C2/C3 Vijaipur Pata Pipeline,Ministry of Petroleum & Natural Gas,Madhya Pradesh,2024-05-01,2024-05-01,2027-01-01,2027-01-01,1792.0,1792.0,488.0,65.2,Ministry of Petroleum & Natural Gas,617830,-,0.0,0.0,27.232142857142858,1304.0,-37.96785714285715,32.0,0.0,23.0,0.0,0,0,Large,0,0,0,0,0,0,40,0,10.0,LOW,1843
1181,Widening to 2LPS from Km 71.00 to 104.00 Existing chainages Sarjapur to Pattadkallu on Bhanapur to Gaddanakeri section NH-367 in the State of Karnataka under NHO on EPC mode under Annual Plan 2022-23 NH-367-KNT-2022-23-972 dated 08.02.2023,MoRTH,Karnataka,2023-02-01,2024-03-01,2026-03-01,2026-03-01,445.62,445.62,0.0,65.0,MoRTH,618027,-,0.0,0.0,0.0,445.62,-65.0,24.0,13.0,25.0,0.0,0,0,Small,0,0,0,0,0,0,40,0,10.0,LOW,1843
1829,4 -Laning of MP/UP Border to Kabarai section of NH-34&35 from km 197.000 to km 242.991 Length 45.991 Km Sagar-Kabrai Package-5 under Bharat Mala Pariyojana EC in MP & UP on HAM,National Highways Authority of India [NHAI],Uttar Pradesh,2022-10-01,2025-02-01,2027-02-01,2027-01-01,1632.93,1425.43,322.5,50.25,National Highways Authority of India [NHAI],618669,-,-207.5,-12.707219537885884,22.62475182927257,1102.93,-27.62524817072743,24.0,28.0,14.0,-1.0,0,0,Large,0,0,0,0,0,0,40,0,10.0,LOW,1843
1409,Improvement/Up-gradation of existing 2-Lane Road to 4-Lane Divided Highway from Daili to Kuraopokpi section of Imphal-Kohima road NH-02 Design Chainage from Km 274610 to Km 287000 in the state of Manipur on EPC mode Pkg-4B,NHIDCL,Manipur,2020-09-01,2024-12-01,2026-06-01,2026-06-01,268.98,268.98,0.0,55.15,NHIDCL,618299,-,0.0,0.0,0.0,268.98,-55.15,18.0,51.0,16.0,0.0,0,0,Small,0,0,0,0,0,0,40,0,10.0,LOW,1843
1819,Construction of Ring Road around Kanpur from Km.000 to Km. 23.325 Chachendi Sachendi I to Maharajpur Package-I,National Highways Authority of India [NHAI],Uttar Pradesh,2023-01-01,2023-12-01,2026-06-01,2026-06-01,1753.75,1311.7,392.07,55.72,National Highways Authority of India [NHAI],618537,N24002104,-442.0499999999999,-25.20598717034925,29.890218800030492,919.63,-25.829781199969503,30.0,11.0,28.0,0.0,0,0,Large,0,0,0,0,0,0,40,0,10.0,LOW,1843
900,4-Laning of Silchar - Dhanehari section from Existing Chainage km 263800 of NH 37 to km 12920 of NH 306 Design Chainage km 0000 to km 20000 on Silchar - Vairengte - Sairang road in the State of Assam under Bharatmala Pariyojna on EPC mode Package-1,NHIDCL,Assam,2023-02-01,2024-01-01,2026-07-01,2026-07-01,1256.9,1256.9,550.91,55.46,NHIDCL,618315,N24002127,0.0,0.0,43.8308536876442,705.9900000000001,-11.6291463123558,30.0,11.0,27.0,0.0,0,0,Large,0,0,0,0,0,0,40,0,10.0,LOW,1843
1560,Widening to 2 Lane with Hard shoulder of Akegwo-Avangkhu section of NH-202K for Package-II Design Chainage 34795 Km to 69875 Km in the State of Nagaland on EPC mode under NHO-NE,NHIDCL,Nagaland,2022-12-01,2023-08-01,2026-02-01,2026-02-01,442.54,442.54,0.0,54.66,NHIDCL,618366,N24001977,0.0,0.0,0.0,442.54,-54.66,30.0,8.0,32.0,0.0,0,0,Small,0,0,0,0,0,0,40,0,10.0,LOW,1843
446,Kanpur LPG Bottling Plant,MinistryofPetroleumNaturalGas,Uttar Pradesh,2025-09-01,2025-09-01,2027-09-01,2027-09-01,202.0,202.0,125.69,54.0,MinistryofPetroleumNaturalGas,619191,-,0.0,0.0,62.22277227722772,76.31,8.222772277227719,24.0,0.0,7.0,0.0,0,0,Small,0,0,0,0,0,0,40,0,10.0,LOW,1843
448,Revamping / Augmentation of Facilities at Mathura Bitumen Plant,MinistryofPetroleumNaturalGas,Uttar Pradesh,2022-04-01,2022-04-01,2027-06-01,2026-12-01,260.12,260.12,20.15,52.3,MinistryofPetroleumNaturalGas,709781,N16000505,0.0,0.0,7.746424727049053,239.97,-44.553575272950944,62.0,0.0,48.0,-6.0,0,0,Small,0,0,0,0,0,0,40,0,10.0,LOW,1843
1735,Widening to Two lane with paved shoulders from 106/830 to 158/496 of Yellareddy- Rudrur Section of NH-765D in the state of Telangana on EPC mode under NHO under Annual plan 2022-23,MoRTH,Telangana,2022-10-01,2024-07-01,2026-07-01,2026-07-01,499.88,499.88,187.35,63.44,MoRTH,618182,-,0.0,0.0,37.47899495879011,312.53,-25.961005041209887,24.0,21.0,21.0,0.0,0,0,Small,0,0,0,0,0,0,40,0,10.0,LOW,1843
1147,Upgradation and Strengthening of Chenani to Nashri Section via Patnitop of NH244 from Km 0.000 to Km 39.100,National Highways Authority of India [NHAI],"Jammu and
Kashmir",2024-03-01,2024-08-01,2026-08-01,2026-08-01,295.06,295.06,175.81,63.8,National Highways Authority of India [NHAI],618967,-,0.0,0.0,59.584491289907135,119.25,-4.2155087100928625,24.0,5.0,20.0,0.0,0,0,Small,0,0,0,0,0,0,40,0,10.0,LOW,1843
1762,Improvement and Widening to 2-lane with paved shoulder of road from existing Km 438.170 Khowai Chowmuhani to existing Km 439.410 South Pulinpur of NH-08 and from design Km 0.000 South Pulinpur to design Km 36.00 near Rangamati of NH 208 on Khowai Teliamura- Harina section Total length 37.24 in the state of Tripura on EPC mode under JICA ODA Loan Phase VI Package-2,NHIDCL,Tripura,2024-01-01,2024-09-01,2026-09-01,2026-09-01,657.21,657.21,0.0,57.95,NHIDCL,618369,N24002161,0.0,0.0,0.0,657.21,-57.95,24.0,8.0,19.0,0.0,0,0,Medium,0,0,0,0,0,0,40,0,10.0,LOW,1843
1347,Rehabilitation /Upgradation from Lagam to Alapalli section Desing Km. 199/400 to km 227/400 Length 28.0 Km to 2 lane with Paved Shoulders/ 4 lane configuration section of NH-353 C Sakoli-Wadsa-Armori-Gadchiroli-Ashti-Alapalli Sironcha in Gadchiroli District on EPC mode in the state of Maharashtra.,MoRTH,Maharashtra,2023-02-01,2024-09-01,2026-09-01,2026-09-01,459.39,459.39,0.0,69.15,MoRTH,618134,-,0.0,0.0,0.0,459.39,-69.15,24.0,19.0,19.0,0.0,0,0,Small,0,0,0,0,0,0,40,0,10.0,LOW,1843
1447,"Construction of 2-Lane with paved shoulders of Shillong Western Bypass starting from NH-06 near Ladumsaw existing Km 60.900 of old NH40 to NH106 old NH 44E Package-III, from km 24700 to km 38256 under SARDP-NE PHASE A in the state of Meghalaya on EPC Mode Greenfield alignment",NHIDCL,Meghalaya,2023-03-01,2024-09-01,2026-09-01,2026-09-01,562.48,562.48,85.88,50.91,NHIDCL,618419,N24002158,0.0,0.0,15.268098421277198,476.6,-35.641901578722795,24.0,18.0,19.0,0.0,0,0,Medium,0,0,0,0,0,0,40,0,10.0,LOW,1843
1449,"Construction of 2-Lane with paved shoulder of Shillong Western Bypass starting from NH-06 near Ladumsaw Existing km 60.900 of old NH-40 to NH106 old NH-44E, km 0000 to km 12800 Package-I under SARDP-NE PHASE A in the State of Meghalaya on EPC Mode Greenfield alignment",NHIDCL,Meghalaya,2023-03-01,2024-09-01,2026-09-01,2026-09-01,620.3,620.3,215.93,68.85,NHIDCL,618421,N24002156,0.0,0.0,34.810575527970336,404.36999999999995,-34.03942447202966,24.0,18.0,19.0,0.0,0,0,Medium,0,0,0,0,0,0,40,0,10.0,LOW,1843
1736,Widening to 2 lane with paved shoulders from Km 62/920 to km 106/830 of Medak - Yellareddy section in the State of Telangana under Annual Plan 2022-23 on EPC mode under NHO,MoRTH,Telangana,2022-10-01,2024-08-01,2026-08-01,2026-08-01,399.01,399.01,0.0,66.04,MoRTH,618183,-,0.0,0.0,0.0,399.01,-66.04,24.0,22.0,20.0,0.0,0,0,Small,0,0,0,0,0,0,40,0,10.0,LOW,1843
1323,Kashedi ghat tunnel NH-66 [Bhogaon Khurd - Kashedi section] 4 lanes under NHDP on EPC mode,MoRTH,Maharashtra,2018-09-01,2018-10-01,2021-04-01,2021-04-01,680.43,701.46,0.0,98.37,MoRTH,617944,N24001132,21.030000000000086,3.0906926502358933,0.0,701.46,-98.37,30.0,1.0,90.0,0.0,0,1,Medium,0,0,0,0,25,0,0,0,7.5,LOW,1893
19,Construction of New Passenger Terminal Building for Domestic Operations at Jodhpur Airport.,Airport Authority of India [AAI],Rajasthan,2022-06-01,2023-05-01,2026-03-01,2026-04-01,480.0,480.0,339.96,97.35,701127,N04000101,-,0.0,0.0,70.82499999999999,140.04000000000002,-26.52500000000001,34.0,11.0,35.0,1.0,1,0,Small,0,0,0,0,0,25,0,0,7.5,LOW,1893
13,Construction of New Domestic Terminal Building and Miscellaneous Works at Belagavi Airport.,Airport Authority of India [AAI],Karnataka,2023-06-01,2024-02-01,2026-02-01,2026-06-01,322.45,322.45,204.5,87.0,612788,N04000105,-,0.0,0.0,63.420685377577925,117.95,-23.579314622422075,24.0,8.0,26.0,4.0,1,0,Small,0,0,0,0,0,25,0,0,7.5,LOW,1893
12,Construction of New Domestic Terminal Building and Miscellaneous works at Hubli Airport,Airport Authority of India [AAI],Karnataka,2023-06-01,2024-01-01,2026-01-01,2026-06-01,320.47,320.47,148.68,77.0,612787,N04000108,-,0.0,0.0,46.39435828626704,171.79000000000002,-30.605641713732957,24.0,7.0,27.0,5.0,1,0,Small,0,0,0,0,0,25,0,0,7.5,LOW,1893
239,"Transmission Scheme for Solar Energy Zone in Bidar [2500 MW], Karnataka [Bidar Transmission Ltd]",Power Grid Corporation of India Limited [POWERGRID],"Multi-States
(Karnataka,
Telangana)",2024-02-01,2024-02-01,2026-02-01,2026-06-01,1368.0,1368.0,1190.16,89.46,Power Grid Corporation of India Limited [POWERGRID],612138,N18000388,0.0,0.0,87.00000000000001,177.83999999999992,-2.4599999999999795,24.0,0.0,26.0,4.0,1,0,Large,0,0,0,0,0,25,0,0,7.5,LOW,1893
1306,Balance works of 4 lane divided carriageway of Missing Link section of NH-39 Rewa Bypass from junction with NH 30 near Bela to Junction with MPRDC ring road near Silpara on SH 9 design length 13.100 km on EPC Mode under Bharatmala Pariyojana in the State of Madhya Pradesh,NHAI,Madhya Pradesh,2023-08-01,2024-04-01,2026-04-01,2026-10-01,355.36,355.36,208.94,84.44,NHAI,618784,-,0.0,0.0,58.79671319225574,146.42000000000002,-25.64328680774426,24.0,8.0,24.0,6.0,1,0,Small,0,0,0,0,0,25,0,0,7.5,LOW,1893
1297,Outer Ring Road of Jabalpur Town from Kushner to Amjhar Road including Airport Connectivity Pkg-IV,National Highways Authority of India [NHAI],Madhya Pradesh,2022-08-01,2024-03-01,2026-03-01,2026-06-01,612.94,509.82,327.15,76.1,National Highways Authority of India [NHAI],618686,-,-103.12000000000006,-16.82383267530265,64.16970695539602,182.67,-11.930293044603973,24.0,19.0,25.0,3.0,1,0,Medium,0,0,0,0,0,25,0,0,7.5,LOW,1893
1296,Outer Ring Road of Jabalpur Town from NH45 to Kushner Pkg-3,National Highways Authority of India [NHAI],Madhya Pradesh,2022-09-01,2024-03-01,2026-03-01,2026-05-01,911.24,773.23,495.48,77.0,National Highways Authority of India [NHAI],618685,-,-138.01,-15.145296519029014,64.0792519690131,277.75,-12.9207480309869,24.0,18.0,25.0,2.0,1,0,Medium,0,0,0,0,0,25,0,0,7.5,LOW,1893
1947,Kudali Irrigation Project,"Department of Water Resources, River Development & GR",Chhattisgarh,2009-04-01,2009-12-01,2025-12-01,2026-03-01,382.29,382.29,249.06,86.31,"Department of Water Resources, River Development & GR",701399,-,0.0,0.0,65.14949383975515,133.23000000000002,-21.16050616024485,192.0,8.0,196.0,3.0,1,0,Small,0,0,0,0,0,25,0,0,7.5,LOW,1893
1282,4L Boregaon Buzurg to Shahpur Pkg I of Boregaon Buzurg to Muktainagar of NH 753L,National Highways Authority of India [NHAI],Madhya Pradesh,2022-11-01,2024-02-01,2026-01-01,2026-07-01,1504.37,1132.34,501.44,86.2,National Highways Authority of India [NHAI],618623,-,-372.03,-24.72995340242095,44.28351908437396,630.8999999999999,-41.916480915626046,23.0,15.0,26.0,6.0,1,0,Large,0,0,0,0,0,25,0,0,7.5,LOW,1893
1288,i 4L Vidisha to Hinotiya from km 0.000 to Km 27.000 Vidisha Mehulwa-Talbehat Pkg- I Section of NH- 346 and ii 4L Vidisha to Morikori from Km 39.000 to 59.476 section of NH-146,National Highways Authority of India [NHAI],Madhya Pradesh,2022-09-01,2023-12-01,2025-12-01,2026-05-01,1003.87,941.12,384.59,83.34,National Highways Authority of India [NHAI],618663,N24002077,-62.75,-6.250809367746819,40.8651394083645,556.53,-42.474860591635505,24.0,15.0,28.0,5.0,1,0,Large,0,0,0,0,0,25,0,0,7.5,LOW,1893
206,Implementation of Transmission Systems in the State of Jharkhand consisting of 400/220/132/33 kV transmission lines and substations under Jharkhand Consultancy Project,Power Grid Corporation of India Limited [POWERGRID],Jharkhand,2012-02-01,2012-02-01,2026-03-01,2026-08-01,1842.25,1842.25,1648.05,96.0,Power Grid Corporation of India Limited [POWERGRID],617326,-,0.0,0.0,89.4585425430859,194.20000000000005,-6.541457456914102,169.0,0.0,170.0,5.0,1,0,Large,0,0,0,0,0,25,0,0,7.5,LOW,1893
1342,Rehabilitation and Up-gradation to 2 lane road with paved shoulders configuration for the balance work of 13 km length on Helwak-Patan-Karad section Km. 85000 to 133 417 of NH-166E in the state of Maharashtra on EPC mode.,MoRTH,Maharashtra,2024-02-01,2024-10-01,2026-04-01,2026-07-01,181.45,181.45,0.0,87.0,MoRTH,618096,-,0.0,0.0,0.0,181.45,-87.0,18.0,8.0,18.0,3.0,1,0,Small,0,0,0,0,0,25,0,0,7.5,LOW,1893
1433,Construction of 2-laning with Hard shoulder of Ukhrul Tolloi - Tadubi section of NH- 102A from Design Chainage km 9450 to km 50850 in the State of Manipur on EPC mode under NHO-NE Package-2,NHIDCL,Manipur,2023-03-01,2024-03-01,2026-03-01,2026-04-01,578.98,578.98,249.29,79.5,NHIDCL,618387,N24002131,0.0,0.0,43.05675498290096,329.69000000000005,-36.44324501709904,24.0,12.0,25.0,1.0,1,0,Medium,0,0,0,0,0,25,0,0,7.5,LOW,1893
605,Kadur - Chickamagalur - Sakleshpur [93km],South Western Railway [SWR] - II,Karnataka,2014-01-01,2016-11-01,2025-06-01,2025-12-01,825.0,825.0,774.11,84.2,South Western Railway [SWR] - II,705492,N22000486,0.0,0.0,93.83151515151516,50.889999999999986,9.631515151515146,103.0,34.0,113.0,6.0,1,0,Medium,0,0,0,0,0,25,0,0,7.5,LOW,1893
431,"CUF POL Depot at Sadashibpur [Meramundali], Odisha",MinistryofPetroleumNaturalGas,Odisha,2021-04-01,2021-04-01,2026-03-01,2026-06-01,393.54,393.54,218.63,80.9,MinistryofPetroleumNaturalGas,709800,-,0.0,0.0,55.554708542968946,174.91000000000005,-25.34529145703106,59.0,0.0,60.0,3.0,1,0,Small,0,0,0,0,0,25,0,0,7.5,LOW,1893
1422,Widening to 2-Lane with Paved shoulder of Imphal to Jiribam section of NH-37 from Design Chainage 15.940 km to 33.120 Km Existing Chainage Km 15.946 to Km 33.395 Total length17.180 Km in the State of Manipur on EPC mode PKG-2 - Balance Works & Rectification works,NHIDCL,Manipur,2021-03-01,2025-03-01,2026-03-01,2026-05-01,195.14,195.14,0.0,76.18,NHIDCL,618338,N24002244,0.0,0.0,0.0,195.14,-76.18,12.0,48.0,13.0,2.0,1,0,Small,0,0,0,0,0,25,0,0,7.5,LOW,1893
1792,Construction of four lane highway with paved shoulder from Km.74.700 to Km.112.950 of NH-731A i/c Yamuna Bridge on HAM in the state of Uttar Pradesh.,MoRTH,Uttar Pradesh,2022-03-01,2024-06-01,2026-06-01,2026-06-01,1141.67,1157.31,0.0,85.0,MoRTH,618164,N24001419,15.639999999999873,1.3699230075240545,0.0,1157.31,-85.0,24.0,27.0,22.0,0.0,0,1,Large,0,0,0,0,25,0,0,0,7.5,LOW,1893
917,"Construction of Balance Work of 4-Laning of NH-37 Section between End of Moran Bypass to Bogibeel junction near Lapetketa Km. 561.700-Km. 580.875 under SARDP- NE, Phase 'A' in the State of Assam on EPC mode Pkg-I Road works & Toll Plaza",NHIDCL,Assam,2016-01-01,2024-09-01,2025-03-01,2025-08-01,274.34,274.34,90.6,100.0,NHIDCL,618437,N24000583,0.0,0.0,33.024713858715465,183.74,-66.97528614128453,6.0,104.0,19.0,5.0,1,0,Small,0,0,0,0,0,25,0,0,7.5,LOW,1893
480,"Construction of 350 beds + 50 Super Specialty beds ESIC Hospital Sheelanagar, Visakhapatnam, Andhra Pradesh",Employee's State Insurance Company [ESIC],Andhra Pradesh,2021-02-01,2023-04-01,2025-10-01,2026-03-01,384.27,384.27,253.37,88.0,Employee's State Insurance Company [ESIC],612167,-,0.0,0.0,65.93540999817837,130.89999999999998,-22.064590001821628,30.0,26.0,36.0,5.0,1,0,Small,0,0,0,0,0,25,0,0,7.5,LOW,1893
509,Rebuilding of Coke Oven Battery No.7 & 8 at Bhilai Steel Plant,Steel Authority of India Limited [SAIL],Chhattisgarh,2023-11-01,2024-01-01,2025-10-01,2026-03-01,884.1,884.1,601.25,89.99,Steel Authority of India Limited [SAIL],617256,N12000133,0.0,0.0,68.00701278135958,282.85,-21.982987218640417,21.0,2.0,27.0,5.0,1,0,Medium,0,0,0,0,0,25,0,0,7.5,LOW,1893
1531,"Construction of 26 VUPs, Major Bridge, Service Road etc. on Lalitpur-Sagar- Lakhnadon section of NH-44 NS",National Highways Authority of India [NHAI],"Multi-States
(Madhya Pradesh,
Uttar Pradesh)",2023-02-01,2024-03-01,2026-03-01,2026-06-01,665.91,665.91,507.56,95.19,National Highways Authority of India [NHAI],618556,-,0.0,0.0,76.22051027916686,158.34999999999997,-18.96948972083314,24.0,13.0,25.0,3.0,1,0,Medium,0,0,0,0,0,25,0,0,7.5,LOW,1893
1733,Widening to Two lane with Paved shoulders from km.40/410 to 84/037 of Thirumanlagiri-- Suryapet Section of NH-365B earstwhile section of SH-16,MoRTH,Telangana,2017-01-01,2017-05-01,2019-05-01,2019-09-01,244.54,244.54,0.0,99.96,MoRTH,618142,N24002025,0.0,0.0,0.0,244.54,-99.96,24.0,4.0,107.0,4.0,1,0,Small,0,0,0,0,0,25,0,0,7.5,LOW,1893
851,Improvement of 4L road to 6L road and 4L dedicated Port Roads for the Port connectivity road from Convent junction to Sheelanagar Junction,National Highways Authority of India [NHAI],Andhra Pradesh,2023-01-01,2024-02-01,2026-02-01,2026-06-01,685.99,680.21,460.16,79.0,National Highways Authority of India [NHAI],618806,-,-5.779999999999973,-0.8425778801440215,67.6496964172829,220.05,-11.350303582717103,24.0,13.0,26.0,4.0,1,0,Medium,0,0,0,0,0,25,0,0,7.5,LOW,1893
960,4L of Bahadurganj Araria section from Km 49.000 to Km 94.000 Package-II of NH- 327E,National Highways Authority of India [NHAI],Bihar,2021-01-01,2022-01-01,2024-01-01,2024-05-01,1358.77,1358.77,713.95,100.0,National Highways Authority of India [NHAI],618583,-,0.0,0.0,52.5438448008125,644.8199999999999,-47.4561551991875,24.0,12.0,51.0,4.0,1,0,Large,0,0,0,0,0,25,0,0,7.5,LOW,1893
806,Widening and Reconstruction of existing road to four lane from Km.56400 to Km 120300 i.e. from B.Kothapalli Junction to Gorantla excluding Kadiri Bypass from Km 70200 to Km 77105 of NH 716G in the State of Andhra Pradesh on EPC mode Job no. 742,MoRTH,Andhra Pradesh,2022-03-01,2023-09-01,2025-12-01,2026-04-01,839.98,839.98,355.56,99.45,MoRTH,618161,N24001416,0.0,0.0,42.32957927569704,484.42,-57.12042072430297,27.0,18.0,31.0,4.0,1,0,Medium,0,0,0,0,0,25,0,0,7.5,LOW,1893
1084,4L Bhiwani-Hansi road section of NH-148B,National Highways Authority of India [NHAI],Haryana,2022-11-01,2023-12-01,2025-12-01,2026-05-01,1330.23,1144.21,440.38,99.5,National Highways Authority of India [NHAI],618792,N24002042,-186.02,-13.98404787142073,38.487690196729616,703.83,-61.012309803270384,24.0,13.0,28.0,5.0,1,0,Large,0,0,0,0,0,25,0,0,7.5,LOW,1893
562,Dallirajhra- Rowghat New Railway Line - Phase I [95 km],Rail Vikas Nigam Limited,Chhattisgarh,2009-07-01,2009-12-01,2025-09-01,2025-12-01,1628.0,1628.0,1440.85,82.0,Rail Vikas Nigam Limited,705433,-,0.0,0.0,88.50429975429975,187.1500000000001,6.504299754299751,189.0,5.0,196.0,3.0,1,0,Large,0,0,0,0,0,25,0,0,7.5,LOW,1893
803,Rehabilitation and upgradation from Km 22300 to 58635 of MudireddyPalle to Kadapa/Nellore Border via porumamilla Section of NH 167 Two Lane with paved Shoulder in,MoRTH,Andhra Pradesh,2022-03-01,2024-10-01,2026-04-01,2026-06-01,279.29,279.29,155.02,88.25,MoRTH,618103,-,0.0,0.0,55.50503061334096,124.27,-32.74496938665904,18.0,31.0,18.0,2.0,1,0,Small,0,0,0,0,0,25,0,0,7.5,LOW,1893
801,Dornala to Kunta Junction from Design Chainage Km 244000 to 267990 section of NH-765 Package-2,MoRTH,Andhra Pradesh,2022-12-01,2024-03-01,2025-09-01,2026-01-01,244.83,244.83,0.0,99.64,MoRTH,618062,N24002147,0.0,0.0,0.0,244.83,-99.64,18.0,15.0,25.0,4.0,1,0,Small,0,0,0,0,0,25,0,0,7.5,LOW,1893
1470,Up-gradation to 2 lane with paved shoutders of Pawlrang - Rulchawm section- of NH- 102B of Aizawl - Imphal Economic Corridor from Existing Chainage km 72.030 to km 104.129 including 2.459 km re-alignment section from Tuivai River to Rulchawm connecting km 48.150 of NH-6 [Design Chainage km 68.170 to km 98.579] in the State of Mizoram under Bharatmala Pariyojna on EPC mode under NHO-NE Package-3 Keifang- Tuivai Pkg-3,NHIDCL,Mizoram,2021-12-01,2023-11-01,2025-05-01,2025-07-01,500.88,500.88,305.45,75.35,NHIDCL,619010,N24002027,0.0,0.0,60.98267049992015,195.43,-14.367329500079848,18.0,23.0,29.0,2.0,1,0,Medium,0,0,0,0,0,25,0,0,7.5,LOW,1893
1670,"Construction of Bypass to Madurai Achambathu Viratipathu in between km 6/850 10/382 of NH 49 Extn New NH 85 including Land Acquisition on Engineering, Procurement & Construction EPC basis Contract under NH O Annual Plan 2021-22 in the state of Tamil Nadu job No.NH-49 Extn New NH 85 - TN-2021-22-997",MoRTH,Tamil Nadu,2022-03-01,2024-09-01,2026-08-01,2026-08-01,238.97,260.07,119.33,93.0,MoRTH,617962,N24002165,21.09999999999999,8.82956019584048,45.883800515245895,140.74,-47.116199484754105,23.0,30.0,19.0,0.0,0,1,Small,0,0,0,0,25,0,0,0,7.5,LOW,1893
1031,Construction of Six lane Elevated Corridor from Km. 508.000 to Km. 513.150 including approaches on NH-66,MoRTH,Goa,2023-04-01,2024-04-01,2026-04-01,2026-10-01,641.46,641.46,0.0,90.59,MoRTH,617942,N24002181,0.0,0.0,0.0,641.46,-90.59,24.0,12.0,24.0,6.0,1,0,Medium,0,0,0,0,0,25,0,0,7.5,LOW,1893
436,MHN TCPP PGC BGC Project [MTPBP],Ministry of Petroleum & Natural Gas,Offshore,2022-06-01,2022-06-01,2026-05-01,2026-05-01,2329.45,2354.23,1613.16,92.7,Ministry of Petroleum & Natural Gas,709848,N16000526,24.7800000000002,1.0637704179098155,68.5217672020151,741.0699999999999,-24.178232797984904,47.0,0.0,46.0,0.0,0,1,Large,0,0,0,0,25,0,0,0,7.5,LOW,1893
1793,Construction of 4-lane highway with paved shoulders from Km 49.155 to Km 74.700 of NH-731A on Hybrid Annuity Mode in the state of Uttar Pradesh,MoRTH,Uttar Pradesh,2022-01-01,2024-02-01,2026-01-01,2026-06-01,1156.72,1156.72,0.0,98.0,MoRTH,618165,N24001545,0.0,0.0,0.0,1156.72,-98.0,23.0,25.0,26.0,5.0,1,0,Large,0,0,0,0,0,25,0,0,7.5,LOW,1893
913,"Widening / Improvement to 4-Lane with Paved Shoulder configuration of existing single lane road from Kachukhana Harichara Paglagaunj to Dhubri - Phulbari Bridge approach Package-II of Srirampur - Dhubri Section of NH-127B from existing Km 28.050 to Km 55.060 Design Km 27.650 to Km 54.154, Design Length26.504 Km under JICA ODA Loan assistance Phase-V [Srirampur - Dhubri Pkg-2]",NHIDCL,Assam,2022-03-01,2023-01-01,2025-01-01,2025-06-01,909.02,909.02,638.5,100.0,NHIDCL,618372,N24001544,0.0,0.0,70.24047875734307,270.52,-29.75952124265693,24.0,10.0,39.0,5.0,1,0,Medium,0,0,0,0,0,25,0,0,7.5,LOW,1893
1554,Balance work of Construction of 2-lane with hard shoulder of Kohima - Jessami road on NH-29 old NH-150 from existing km 98.380 near Chizami vill. to km120.367 Nagaland/Manipur Border [Design km 95.700 to design km 117.200] [Design Length 21.500 km] in the state of Nagaland Under Bharatmala Pariyojna on EPC Mode Package-V under NHO,NHIDCL,Nagaland,2020-03-01,2023-11-01,2025-11-01,2026-05-01,330.8,330.8,0.0,93.04,NHIDCL,618296,N24001287,0.0,0.0,0.0,330.8,-93.04,24.0,44.0,29.0,6.0,1,0,Small,0,0,0,0,0,25,0,0,7.5,LOW,1893
1380,4L of Indora Chowk to Pachpaoli and Agrasen Chowk - Ashoka Chowk,National Highways Authority of India [NHAI],Maharashtra,2023-03-01,2023-07-01,2026-06-01,2026-07-01,1038.84,918.53,658.44,81.77,National Highways Authority of India [NHAI],618557,N24002071,-120.30999999999996,-11.581186708251506,71.68410394870065,260.0899999999999,-10.085896051299343,35.0,4.0,33.0,1.0,1,0,Large,0,0,0,0,0,25,0,0,7.5,LOW,1893
902,Widening/Improvement to 4-Lane with Paved Shoulder from KM 38500 to Km 51246 Design Chainage 38500 to 50959 with proposed Daboka Bypass of Daboka- Parokhaowa of NH 29 on EPC under NHO-NE Package-1,NHIDCL,Assam,2023-01-01,2023-11-01,2025-11-01,2026-05-01,516.88,516.88,0.0,97.96,NHIDCL,618326,N24001450,0.0,0.0,0.0,516.88,-97.96,24.0,10.0,29.0,6.0,1,0,Medium,0,0,0,0,0,25,0,0,7.5,LOW,1893
888,Widening/Improvement to 4 -Lane with Paved Shoulder from Ch. 88.000km to Ch.99.930 km Design Ch.84.100km to Ch.96.000 km of Sagunbashi forest near Nichinta to starting of Krishnai Bypass Section of Bilasipura Guwahati road NH 17 on EPC Package-7,NHIDCL,Assam,2021-03-01,2023-10-01,2025-10-01,2026-01-01,286.72,286.72,186.64,100.0,NHIDCL,618285,N24001368,0.0,0.0,65.09486607142856,100.08000000000004,-34.905133928571445,24.0,31.0,30.0,3.0,1,0,Small,0,0,0,0,0,25,0,0,7.5,LOW,1893
323,Hostel blocks & dining hall block,"Indian Institute of Technology, Mandi",Himachal Pradesh,2023-03-01,2024-03-01,2026-03-01,2026-07-01,166.66,166.66,122.26,82.0,"Indian Institute of Technology, Mandi",612128,-,0.0,0.0,73.3589343573743,44.39999999999999,-8.641065642625705,24.0,12.0,25.0,4.0,1,0,Small,0,0,0,0,0,25,0,0,7.5,LOW,1893
1539,4L of left out existing road section from Lalgopalganj Km 161.450 to Nawabganj Km 180.200 in Prayagraj,National Highways Authority of India [NHAI],"Multi-States
(Rajasthan, Uttar
Pradesh)",2024-03-01,2025-04-01,2026-03-01,2026-05-01,159.53,100.74,72.27,100.0,National Highways Authority of India [NHAI],618755,-,-58.790000000000006,-36.852002758101925,71.73913043478261,28.47,-28.26086956521739,11.0,13.0,12.0,2.0,1,0,Small,0,0,0,0,0,25,0,0,7.5,LOW,1893
1267,Upgradation and reconstruction of Dindori - Mandla Section of NH 543 from Km 77100 Design to Km 170580 Design Total length 93.48km to Two lane with paved shoulder configuration along with One time improvement in 04 nos of bypassed built-up areas in a total length of 7.23 km in the state of Madhya Pradesh on EPC mode,MoRTH,Madhya Pradesh,2022-03-01,2024-01-01,2026-07-01,2026-07-01,492.12,523.71,0.0,87.5,MoRTH,618043,-,31.590000000000032,6.41916605705926,0.0,523.71,-87.5,30.0,22.0,27.0,0.0,0,1,Small,0,0,0,0,25,0,0,0,7.5,LOW,1893
1577,Construction of Bypass on NH-59 from Km 336/350 to 349/910 13.56 km near Berhampur town including 4-lane RoB in the state of Odisha.,MoRTH,Odisha,2021-03-01,2022-03-01,2025-12-01,2026-06-01,196.94,196.94,51.16,75.0,MoRTH,617930,N24001859,0.0,0.0,25.97745506245557,145.78,-49.02254493754443,45.0,12.0,49.0,6.0,1,0,Small,0,0,0,0,0,25,0,0,7.5,LOW,1893
412,HP TDAE Unit in Mumbai Refinery,Hindustan Petroleum Corporation Limited,Maharashtra,2024-06-01,2024-06-01,2026-04-01,2026-06-01,240.0,240.0,151.04,85.0,Hindustan Petroleum Corporation Limited,709760,N16000534,0.0,0.0,62.93333333333333,88.96000000000001,-22.06666666666667,22.0,0.0,22.0,2.0,1,0,Small,0,0,0,0,0,25,0,0,7.5,LOW,1893
911,Wideinig & Upgradation to 2-lanes with paved shoulders road from Tamenglong to Mahur NH-137 in the State of Assam starting from km 96.870 near Jiri River to km 116.550 near Hangrum Package-7 on EPC mode Package7,NHIDCL,Assam,2023-12-01,2024-03-01,2026-03-01,2026-06-01,846.82,846.82,0.0,85.29,NHIDCL,618354,N24002130,0.0,0.0,0.0,846.82,-85.29,24.0,3.0,25.0,3.0,1,0,Medium,0,0,0,0,0,25,0,0,7.5,LOW,1893
1417,Widening to 2 lane with Paved shoulder of lmphal to Jiribam section of NH-37 from Design Ch. from km 169570 Near Nungkao vlllage under Tamenglong District to km 205974 near Jiribam Bridge under Jiribam district under NHO-NE PKG-7,NHIDCL,Manipur,2023-01-01,2023-12-01,2025-12-01,2026-06-01,760.16,760.16,414.38,90.52,NHIDCL,618333,N24001323,0.0,0.0,54.51220795621975,345.78,-36.00779204378025,24.0,11.0,28.0,6.0,1,0,Medium,0,0,0,0,0,25,0,0,7.5,LOW,1893
315,Construction of Permanent Campus of National Institute of Technology Arunachal Pradesh,"National Institute of Technology, Arunachal Pradesh",Arunachal Pradesh,2009-09-01,2013-03-01,2026-08-01,2024-08-01,592.61,592.61,551.3,80.0,"National Institute of Technology, Arunachal Pradesh",612898,-,0.0,0.0,93.02914226894583,41.31000000000006,13.029142268945847,161.0,42.0,157.0,-24.0,0,0,Medium,0,0,0,0,0,0,0,40,6.0,LOW,1940
1319,Up-gradation to four lane/ Two lane with paved shoulders configuration of Kalyan - Murbad - Malshej Ghat - Nirmal Road NH- 61 km 15/200 to Km 38/00 and from Km. 58/00 to Km 84/00 Design length 48.58 km of NH-61 on EPC Mode in Thane District in the state of Maharashtra,MoRTH,Maharashtra,2023-02-01,2024-03-01,2026-08-01,2026-08-01,984.07,984.07,0.0,100.0,MoRTH,617933,N24002174,0.0,0.0,0.0,984.07,-100.0,29.0,13.0,25.0,0.0,0,0,Medium,0,0,0,0,0,0,0,0,0.0,LOW,1941
789,Tadipatri Bypass Km 0000 to Km 6285 of 4-Lane on NH-67 in Anantapuramu district of AP state under NHO on EPC Mode under Annual Plan 2022-23,MoRTH,Andhra Pradesh,2023-03-01,2024-03-01,2026-03-01,2026-03-01,159.66,159.66,59.26,100.0,MoRTH,617949,N24002145,0.0,0.0,37.11637229111863,100.4,-62.88362770888137,24.0,12.0,25.0,0.0,0,0,Small,0,0,0,0,0,0,0,0,0.0,LOW,1941
769,Allahabad-Bamhrauli Flyover Construction & 4th Railway Line Project,North Central Railway,Uttar Pradesh,2019-04-01,2020-10-01,2026-03-01,2026-03-01,494.0,494.0,397.57,78.0,North Central Railway,705771,N22000563,0.0,0.0,80.47975708502024,96.43,2.479757085020239,65.0,18.0,66.0,0.0,0,0,Small,0,0,0,0,0,0,0,0,0.0,LOW,1941
792,Kurnool/Kadapa Border-Jammalamadugu section of NH-167K i.e. Design Ch. Km 248010 to km 269900 to 2,MoRTH,Andhra Pradesh,2023-03-01,2024-12-01,2026-12-01,2026-12-01,292.63,292.63,0.0,82.57,MoRTH,617986,N24001537,0.0,0.0,0.0,292.63,-82.57,24.0,21.0,16.0,0.0,0,0,Small,0,0,0,0,0,0,0,0,0.0,LOW,1941
1558,"Widening to 2 Lane with Hard shoulder of Akegwo-Avangkhu section of NH-202K for Package-I Design Chainage 0000 Km to 34795 Km, in the State of Nagaland on EPC mode under NH O-NE",NHIDCL,Nagaland,2022-12-01,2023-08-01,2026-02-01,2026-02-01,430.24,430.24,0.0,87.0,NHIDCL,618364,N24001976,0.0,0.0,0.0,430.24,-87.0,30.0,8.0,32.0,0.0,0,0,Small,0,0,0,0,0,0,0,0,0.0,LOW,1941
1559,Widening to 2 Lane with Hard shoulder of Akegwo-Avangkhu section of NH-202K for Package-III Design Chainage 69875 Km to 106816 Km in the State of Nagaland on EPC mode under NHO-NE,NHIDCL,Nagaland,2022-12-01,2023-08-01,2026-02-01,2026-02-01,497.18,497.18,0.0,85.67,NHIDCL,618365,N24001978,0.0,0.0,0.0,497.18,-85.67,30.0,8.0,32.0,0.0,0,0,Small,0,0,0,0,0,0,0,0,0.0,LOW,1941
7,"Construction of New Domestic Terminal Building [Phase-I and II] and other allied structures at JPNI Airport, Patna",Airport Authority of India [AAI],Bihar,2018-10-01,2018-10-01,2026-05-01,2026-05-01,1216.9,1216.9,1200.67,98.22,701101,N04000082,4356,0.0,0.0,98.66628317856848,16.230000000000018,0.4462831785684926,91.0,0.0,90.0,0.0,0,0,Large,0,0,0,0,0,0,0,0,0.0,LOW,1941
912,"Widening/Improvement to 4-Lane with Paved Shoulder configuration of existing single lane road from Srirampur near Bhairiguri Village to Kachukhana Harichara Paglagaunj Package-I of Srirampur - Dhubri Section of NH-127B from existing Km 0.000 to Km 28.050 Design Km 0.000 to Km 27.650, Design Length27.650 Km under JICA ODA Loan assistance Phase-V -Balance work",NHIDCL,Assam,2022-03-01,2024-11-01,2026-11-01,2026-11-01,613.89,613.89,260.02,78.09,NHIDCL,618371,N24001831,0.0,0.0,42.35612243235759,353.87,-35.733877567642416,24.0,32.0,17.0,0.0,0,0,Medium,0,0,0,0,0,0,0,0,0.0,LOW,1941
1562,Construction of Balance work for 2-lane with hard shoulder of Peren- Dimapur section on NH-129A from Design Km 126.775 to Km 146.208 Length 19.433 Km in the state of Nagaland on EPC mode under NHO-TSP Package-II,NHIDCL,Nagaland,2021-01-01,2023-09-01,2025-09-01,2025-09-01,258.52,258.52,60.72,96.53,NHIDCL,618414,N24001406,0.0,0.0,23.48754448398577,197.8,-73.04245551601423,24.0,32.0,31.0,0.0,0,0,Small,0,0,0,0,0,0,0,0,0.0,LOW,1941
887,Widening/Improvement to 4-Lane with paved shoulder from Km 99930 to Km 143680 Design Chainage 96000 to 139750 of Paikan to Dhupdhara Sahar of Bilasipura- Guwahati Road on NH-17 in the state of Assam on EPC mode under Bharatmala Pariyojana in Economic Corridors Project Length 43.750km under NHO-NE Package- 8,NHIDCL,Assam,2023-03-01,2023-12-01,2026-12-01,2026-12-01,1457.59,1457.59,793.68,79.46,NHIDCL,618284,N24002021,0.0,0.0,54.451526149328686,663.91,-25.008473850671308,36.0,9.0,28.0,0.0,0,0,Large,0,0,0,0,0,0,0,0,0.0,LOW,1941
1589,6L Flyover including RE Wall approaches with Flexible Pavement in the Elephant Corridor of Angul Sambalpur Section of NH-42 New NH-55 Km.202.533,National Highways Authority of India [NHAI],Odisha,2023-09-01,2024-06-01,2027-01-01,2026-06-01,150.86,106.32,102.13,99.98,National Highways Authority of India [NHAI],618704,-,-44.54000000000002,-29.524062044279475,96.05906696764484,4.189999999999998,-3.9209330323551512,31.0,9.0,22.0,-7.0,0,0,Small,0,0,0,0,0,0,0,0,0.0,LOW,1941
1659,Construction of Four lane Elevated Structure at Raniwada Circle in Sanchore City on NH-68,National Highways Authority of India [NHAI],Rajasthan,2024-01-01,2024-07-01,2026-07-01,2026-07-01,353.3,241.34,174.42,80.94,National Highways Authority of India [NHAI],618853,-,-111.96,-31.689782054910843,72.27148421314328,66.92000000000002,-8.668515786856716,24.0,6.0,21.0,0.0,0,0,Small,0,0,0,0,0,0,0,0,0.0,LOW,1941
756,Railway Manufacturing Unit,RVNL - II,Telangana,2016-07-01,2023-02-01,2026-12-01,2026-03-01,521.36,521.36,491.87,90.0,RVNL - II,617409,-,0.0,0.0,94.3436397115237,29.49000000000001,4.343639711523707,46.0,79.0,38.0,-9.0,0,0,Medium,0,0,0,0,0,0,0,0,0.0,LOW,1941
1366,Rehabilitation / Upgradation to 4 Lane with Paved shoulder of Existing Section in Sillod Town with Design Ch. Km54500 to Km 60679 [Length6.179 km] section of NH 753F Aurangabad-Jalgaon road on EPC Mode in the State of Maharashtra,MoRTH,Maharashtra,2023-03-01,2024-01-01,2025-07-01,2025-03-01,153.79,153.79,0.0,98.0,MoRTH,618181,N24002177,0.0,0.0,0.0,153.79,-98.0,18.0,10.0,27.0,-4.0,0,0,Small,0,0,0,0,0,0,0,0,0.0,LOW,1941
1334,Up-gradation to 2/4 lane with paved shoulder configuration of NH-652 from Tuljapur Naldurg-Akkalkot road Chainage from Km. 00.000 to km 30.982 in the State of Maharashtra on EPC mode.,MoRTH,Maharashtra,2024-03-01,2025-01-01,2026-07-01,2026-07-01,183.41,183.41,64.87,95.0,MoRTH,618049,-,0.0,0.0,35.36884575541138,118.54,-59.63115424458862,18.0,10.0,15.0,0.0,0,0,Small,0,0,0,0,0,0,0,0,0.0,LOW,1941
1285,2L PS of Roshni to Ashapur Section of NH-347B from Design KM Ch. 89.900 to 114.000 KM Package III of Betul Khandwa,National Highways Authority of India [NHAI],Madhya Pradesh,2024-03-01,2024-08-01,2026-08-01,2026-08-01,200.99,120.75,109.85,85.42,National Highways Authority of India [NHAI],618655,-,-80.24000000000001,-39.92238419821882,90.97308488612836,10.900000000000006,5.55308488612836,24.0,5.0,20.0,0.0,0,0,Small,0,0,0,0,0,0,0,0,0.0,LOW,1941
1364,Rehabilitation and Upgradation of Shewali phata to Kalambhir section i.e. Km 0443 to Km 4500 & Nizampur to Chadwel section i.e. Km 13485 to Km 26265 Length16.317 Km excluding 2 Major Bridges with approaches Km 13735 to Km 14095 & Km 19660 to Km 20030 of NH 753B to 2LPS Configuration in the State of Maharashtra on EPC Mode.,MoRTH,Maharashtra,2024-03-01,2024-08-01,2026-02-01,2026-02-01,181.58,181.58,0.0,93.01,MoRTH,618179,-,0.0,0.0,0.0,181.58,-93.01,18.0,5.0,20.0,0.0,0,0,Small,0,0,0,0,0,0,0,0,0.0,LOW,1941
1272,"Construction of Kasrawad bypass, Selani bypass, Khargone bypass & Bistan bypass Total length. 31.950 km Section of NH-347 C to Two lane with paved shoulder configuration in the State of Madhya Pradesh on EPC mode.",MoRTH,Madhya Pradesh,2023-03-01,2024-12-01,2026-12-01,2026-12-01,467.93,467.93,0.0,86.03,MoRTH,618129,-,0.0,0.0,0.0,467.93,-86.03,24.0,21.0,16.0,0.0,0,0,Small,0,0,0,0,0,0,0,0,0.0,LOW,1941
1359,Rehabilitation and Upgradation to two lane with paved shoulder configuration of NH- 752G from Sakri to Pimpalner Section Design Ch km 0000 to Ch km 21411 in the state of Maharashtra on EPC Mode. Length 21.411 km.,MoRTH,Maharashtra,2024-03-01,2025-04-01,2026-10-01,2026-10-01,226.58,226.58,0.0,100.0,MoRTH,618174,-,0.0,0.0,0.0,226.58,-100.0,18.0,13.0,12.0,0.0,0,0,Small,0,0,0,0,0,0,0,0,0.0,LOW,1941
345,"Construction of LPG Facilities at Kamardanga, Assam",Hindustan Petroleum Corporation Limited,Assam,2023-03-01,2023-03-01,2027-07-01,2027-07-01,156.36,156.36,102.07,75.5,Hindustan Petroleum Corporation Limited,709754,N16000484,0.0,0.0,65.2788436940394,54.29000000000002,-10.221156305960603,52.0,0.0,37.0,0.0,0,0,Small,0,0,0,0,0,0,0,0,0.0,LOW,1941
346,"Setting up of new rail fed POL facility at Kamardanga, Assam",Hindustan Petroleum Corporation Limited [HPCL],Assam,2023-03-01,2023-03-01,2027-07-01,2027-07-01,384.04,384.04,216.85,82.4,Hindustan Petroleum Corporation Limited [HPCL],709755,N16000494,0.0,0.0,56.46547234663055,167.19000000000003,-25.934527653369457,52.0,0.0,37.0,0.0,0,0,Small,0,0,0,0,0,0,0,0,0.0,LOW,1941
1382,Improvement and strengthening of existing 2 lane stretch to 2-Lane with PS 1.5m on both sides on Ghoti-Sinnar section of NH-160A using Thin White Topping 200mm thick in the State Of Maharashtra on EPC Mode,National Highways Authority of India [NHAI],Maharashtra,2025-03-01,2025-06-01,2026-06-01,2026-06-01,254.78,147.64,99.89,76.0,National Highways Authority of India [NHAI],618586,-,-107.14,-42.05196640238638,67.65781630994312,47.749999999999986,-8.342183690056885,12.0,3.0,10.0,0.0,0,0,Small,0,0,0,0,0,0,0,0,0.0,LOW,1941
357,"Petrochemical evacuation marketing terminal at Barmer, Rajasthan",Hindustan Petroleum Corporation Limited [HPCL],Rajasthan,2023-12-01,2023-12-01,2026-12-01,2026-12-01,461.05,461.05,225.25,89.8,Hindustan Petroleum Corporation Limited [HPCL],709759,N16000512,0.0,0.0,48.855872465025485,235.8,-40.94412753497451,36.0,0.0,28.0,0.0,0,0,Small,0,0,0,0,0,0,0,0,0.0,LOW,1941
358,Laying of POL Pipelines in Common Corridor for proposed grass root terminal at Vallur [Chennai],Ministry of Petroleum & Natural Gas,Tamil Nadu,2022-01-01,2022-01-01,2026-05-01,2026-05-01,829.0,829.0,350.21,76.2,Ministry of Petroleum & Natural Gas,400043,N16000455,0.0,0.0,42.24487334137515,478.79,-33.955126658624856,52.0,0.0,51.0,0.0,0,0,Medium,0,0,0,0,0,0,0,0,0.0,LOW,1941
360,"Grass-root Terminal at Mirzapur, Uttar Pradesh",Ministry of Petroleum & Natural Gas,Uttar Pradesh,2022-09-01,2022-09-01,2026-11-01,2026-11-01,980.45,980.45,293.88,75.0,Ministry of Petroleum & Natural Gas,604852,N16000506,0.0,0.0,29.97399153449946,686.57,-45.02600846550054,50.0,0.0,43.0,0.0,0,0,Medium,0,0,0,0,0,0,0,0,0.0,LOW,1941
1399,"Construction of six lane Flyover at Katraj junction at Km, 3/880 of NH 548-DD Vadgaon - Katraj - Kondhwa - Mantarwadi Chowk - Loni Kalbhor - Theur Phata - Lonikand Road in Pune Dist of the State of Maharashtra. On Engineering Procurement and construction EPC Basis mode L.1.326 Km,",MoRTH,Maharashtra,2021-02-01,2022-03-01,2026-02-01,2023-02-01,163.51,163.51,0.0,80.57,MoRTH,619042,N24001907,0.0,0.0,0.0,163.51,-80.57,47.0,13.0,49.0,-36.0,0,0,Small,0,0,0,0,0,0,0,0,0.0,LOW,1941
416,POL & LOBS Installations with Receipt Pipelines at Rasayani,Bharat Petroleum Corporation Limited [BPCL],Maharashtra,2023-05-01,2023-05-01,2026-05-01,2026-05-01,2585.0,2585.0,1288.41,80.6,Bharat Petroleum Corporation Limited [BPCL],709797,N16000519,0.0,0.0,49.84177949709865,1296.59,-30.758220502901345,36.0,0.0,35.0,0.0,0,0,Large,0,0,0,0,0,0,0,0,0.0,LOW,1941
1810,"Rehabilitation and Up-gradation to 2LPS from Km. 0.000 to Km. 7.800 and Km. 35.400 to Km. 52.345 Design length 24.745 Km., except Bihar portion of NH-727B Tamkuhiraj to Bihar Border and Bihar Border to Majhauli on EPC mode in the State of Uttar Pradesh",MoRTH,Uttar Pradesh,2023-03-01,2025-01-01,2026-07-01,2026-07-01,701.02,701.02,0.0,81.18,MoRTH,618263,N24002213,0.0,0.0,0.0,701.02,-81.18,18.0,22.0,15.0,0.0,0,0,Medium,0,0,0,0,0,0,0,0,0.0,LOW,1941
1483,Widening/Improvement to 4-Lane with Paved Shoulder from km 55000 Nagabang Gamsuk to km 82514 Oyan in the State of Assam and Arunachal Pradesh on EPC mode under Bharatmala Pariyojna of Length 27.514 Km Package-3,NHIDCL,"Multi-States
(Arunachal
Pradesh, Assam)",2023-03-01,2024-09-01,2027-03-01,2027-03-01,665.47,665.47,295.3,96.7,NHIDCL,618359,N24002155,0.0,0.0,44.37465250123972,370.17,-52.32534749876028,30.0,18.0,19.0,0.0,0,0,Medium,0,0,0,0,0,0,0,0,0.0,LOW,1941
464,AIIMS Rajkot,PMSSY AND Institute of NATIONAL Importance,Gujarat,2019-01-01,2019-01-01,2026-03-01,2026-03-01,1195.0,1195.0,775.6,93.7,PMSSY AND Institute of NATIONAL Importance,701170,-,0.0,0.0,64.90376569037657,419.4,-28.79623430962343,86.0,0.0,87.0,0.0,0,0,Large,0,0,0,0,0,0,0,0,0.0,LOW,1941
1734,widening to two lane with Paved shoulders from Km.0/970 to Km.40/410 of Jangaon - Thirumal giriof NH- 365B in the state of Telanganaon EPC mode under NHO Annual Plan 2016-17,MoRTH,Telangana,2017-03-01,2017-11-01,2019-10-01,2019-10-01,197.0,197.0,0.0,92.74,MoRTH,618143,N24000983,0.0,0.0,0.0,197.0,-92.74,23.0,8.0,101.0,0.0,0,0,Small,0,0,0,0,0,0,0,0,0.0,LOW,1941
1291,4- Laning of Mohari to Satai Ghat section NH-934 from Km 50300 to Km 89875 Total length 39.575 km Package-2 in the State of Madhya Pradesh on EPC Mode,National Highways Authority of India [NHAI],Madhya Pradesh,2022-08-01,2024-08-01,2026-08-01,2026-08-01,710.92,539.08,431.99,87.65,National Highways Authority of India [NHAI],618666,-,-171.83999999999992,-24.171496089574063,80.13467388884766,107.09000000000005,-7.515326111152348,24.0,24.0,20.0,0.0,0,0,Medium,0,0,0,0,0,0,0,0,0.0,LOW,1941
1102,Rehabilitation and Upgradation to 2L PS configuration & Strengthening of Padhar to Bijni section from Km 180.000 to Km 202.815 of NH-154 Pkg-VA,National Highways Authority of India [NHAI],Himachal Pradesh,2022-06-01,2024-11-01,2026-11-01,2026-11-01,930.86,930.86,339.37,92.01,National Highways Authority of India [NHAI],618879,-,0.0,0.0,36.45768429194508,591.49,-55.55231570805493,24.0,29.0,17.0,0.0,0,0,Medium,0,0,0,0,0,0,0,0,0.0,LOW,1941
1345,"Rehabilitation & up-gradation for Talere Gaganbawada - kolhapur Road NH 166G stretch start from km. 0/00 to Km. 06/00 and km. 13/00 to km 19/440 of NH-166G, length 12.440 km in the State of Maharashtra.",MoRTH,Maharashtra,2024-03-01,2024-10-01,2026-04-01,2026-04-01,164.13,164.13,98.68,100.0,MoRTH,618099,-,0.0,0.0,60.12307317370378,65.44999999999999,-39.87692682629622,18.0,7.0,18.0,0.0,0,0,Small,0,0,0,0,0,0,0,0,0.0,LOW,1941
1729,Widening to 2 lane with paved shoulders from 0.00 to 32.970 ofAdilabadto Bela section of NH 353B in the State of Telangana,MoRTH,Telangana,2022-10-01,2024-05-01,2026-05-01,2026-05-01,490.92,490.92,0.0,75.38,MoRTH,618130,-,0.0,0.0,0.0,490.92,-75.38,24.0,19.0,23.0,0.0,0,0,Small,0,0,0,0,0,0,0,0,0.0,LOW,1941
590,Rajkot - Kanalus Doubling Project [111.2 Kms],Western Railway WR - II,Gujarat,2021-10-01,2021-12-01,2026-10-01,2026-06-01,1080.58,1080.58,952.06,81.0,Western Railway WR - II,706763,N22000535,0.0,0.0,88.10638731051843,128.51999999999998,7.1063873105184285,58.0,2.0,52.0,-4.0,0,0,Large,0,0,0,0,0,0,0,0,0.0,LOW,1941
609,Bangalore-Whitefield-Bangalore City-Krishnarajapuram [23.08 km] - Quadrupling,South Western Railway [SWR] - II,Karnataka,2018-02-01,2022-06-01,2026-02-01,2026-02-01,493.0,493.0,318.39,85.5,South Western Railway [SWR] - II,705663,N22000621,0.0,0.0,64.58215010141987,174.61,-20.91784989858013,44.0,52.0,46.0,0.0,0,0,Small,0,0,0,0,0,0,0,0,0.0,LOW,1941
1471,Bangalore Chennai Expressway Phase-II Pkg-I from km.71.000 to Km 96.000 Bethamangala in the state of Karnataka to Byreddypalli,National Highways Authority of India [NHAI],"Multi-States
(Andhra Pradesh,
Karnataka)",2020-12-01,2022-10-01,2024-10-01,2022-10-01,1410.01,1410.01,241.41,98.47,National Highways Authority of India [NHAI],619199,-,0.0,0.0,17.121155169112274,1168.6,-81.34884483088773,24.0,22.0,42.0,-24.0,0,0,Large,0,0,0,0,0,0,0,0,0.0,LOW,1941
1038,Work of development and construction of elevated corridorfrom km 38/660 to km 42/690 Iscon junction to start point of approach of sanand flyover of NH-147 in the sate of Gujarat,MoRTH,Gujarat,2023-03-01,2024-06-01,2026-06-01,2026-06-01,530.2,530.2,58.29,80.0,MoRTH,617976,N24002182,0.0,0.0,10.993964541682384,471.91,-69.00603545831761,24.0,15.0,22.0,0.0,0,0,Medium,0,0,0,0,0,0,0,0,0.0,LOW,1941
712,Proposed 6 nos Road Over Bridge [ROB] at different locations under MCL Talcher Under Deposit Scheme.,East Coast Railway [ECoR] - II,Odisha,2022-08-01,2022-07-01,2025-03-01,2025-01-01,168.32,168.32,69.85,82.0,East Coast Railway [ECoR] - II,400045,-,0.0,0.0,41.49833650190114,98.47,-40.50166349809886,32.0,-1.0,45.0,-2.0,0,0,Small,0,0,0,0,0,0,0,0,0.0,LOW,1941
899,4-Laning of Dhanehari Lailapur / Vairengte section from Existing Chainage km 12920 to km 43000 of NH 306 Design Chainage km 20000 to km 49360 on Silchar - Vairengte Sairang road in the State of Assam under Bharatmala Pariyojna on EPC mode. Project Length 29.360 km under NHO-NE Package-2,NHIDCL,Assam,2023-03-01,2024-02-01,2026-08-01,2026-08-01,1716.21,1716.21,918.32,79.34,NHIDCL,618314,N24002128,0.0,0.0,53.50860325950787,797.89,-25.83139674049213,30.0,11.0,26.0,0.0,0,0,Large,0,0,0,0,0,0,0,0,0.0,LOW,1941
